participant,block_number,trial_number,choice,reward,Q1,Q2,Q3,E1,E2,E3
60e46e6f6bc0c2cdf5d077ce,1,1,1,1,0.5,0.5,0.5,0,0,0
60e46e6f6bc0c2cdf5d077ce,1,2,1,1,0.9200261789965525,0.5,0.5,-1.725113555725211,0,0
60e46e6f6bc0c2cdf5d077ce,1,3,2,1,0.9872083741636573,0.5,0.5,-2.9509004889044705,0,0
60e46e6f6bc0c2cdf5d077ce,1,4,2,0,0.9872083741636573,0.9200261789965525,0.5,-2.1187687553006,-1.725113555725211,0
60e46e6f6bc0c2cdf5d077ce,1,5,3,0,0.9872083741636573,0.14715601617055224,0.5,-1.5226709060409744,-2.9509004889044705,0
60e46e6f6bc0c2cdf5d077ce,1,6,2,0,0.9872083741636573,0.14715601617055224,0.07997382100344747,-1.0982806464832369,-2.1187687553006,-1.725113555725211
60e46e6f6bc0c2cdf5d077ce,1,7,1,1,0.9872083741636573,0.023537260724651447,0.07997382100344747,-0.7850483874568757,-3.254377120565553,-1.2313472035037096
60e46e6f6bc0c2cdf5d077ce,1,8,1,1,0.9979540090519661,0.023537260724651447,0.07997382100344747,-2.321236139586339,-2.33140272832064,-0.884293023992228
60e46e6f6bc0c2cdf5d077ce,1,9,3,1,0.9996727484384,0.023537260724651447,0.07997382100344747,-3.4027316456887586,-1.679211578746355,-0.6380928826798704
60e46e6f6bc0c2cdf5d077ce,1,10,3,1,0.9996727484384,0.023537260724651447,0.8528439838294477,-2.430372600784459,-1.201538436049761,-2.1965761838378057
60e46e6f6bc0c2cdf5d077ce,1,11,2,1,0.9996727484384,0.023537260724651447,0.9764627392753485,-1.745386346115069,-0.8610460966255021,-3.3009182893672944
60e46e6f6bc0c2cdf5d077ce,1,12,1,1,0.9996727484384,0.843817088327573,0.9764627392753485,-1.24766084236288,-2.389182339070809,-2.361488173979861
60e46e6f6bc0c2cdf5d077ce,1,13,2,1,0.9999476568558241,0.843817088327573,0.9764627392753485,-2.6571951723378406,-1.7019477021598077,-1.7024202433469333
60e46e6f6bc0c2cdf5d077ce,1,14,3,0,0.9999476568558241,0.9750189083063387,0.9764627392753485,-1.9009163557804198,-2.9791425530191358,-1.2177932523168649
60e46e6f6bc0c2cdf5d077ce,1,15,1,0,0.9999476568558241,0.9750189083063387,0.15618291167242704,-1.3576916769902079,-2.1283240001878383,-2.631704645713704
60e46e6f6bc0c2cdf5d077ce,1,16,1,0,0.15993926983869966,0.9750189083063387,0.15618291167242704,-2.73794389354069,-1.523127858955915,-1.881567905388416
60e46e6f6bc0c2cdf5d077ce,1,17,2,1,0.025581912563028275,0.9750189083063387,0.15618291167242704,-3.713255366245373,-1.0868987306435032,-1.347039064643957
60e46e6f6bc0c2cdf5d077ce,1,18,3,0,0.025581912563028275,0.9960043322240886,0.15618291167242704,-2.6537935238972077,-2.5490935421680616,-0.9621007933187122
60e46e6f6bc0c2cdf5d077ce,1,19,2,0,0.025581912563028275,0.9960043322240886,0.02498109169366118,-1.9000914654416081,-1.8203887144393605,-2.462959319852467
60e46e6f6bc0c2cdf5d077ce,1,20,1,0,0.025581912563028275,0.15930854411042827,0.02498109169366118,-1.3561389989577384,-3.0643179008402672,-1.7550671678114873
60e46e6f6bc0c2cdf5d077ce,1,21,3,1,0.004091767708431348,0.15930854411042827,0.02498109169366118,-2.745311648056065,-2.1868404418390393,-1.254307009804529
60e46e6f6bc0c2cdf5d077ce,1,22,3,0,0.004091767708431348,0.15930854411042827,0.8440480257690166,-1.9588312679964228,-1.5647626087272273,-2.6679377039017695
60e46e6f6bc0c2cdf5d077ce,1,23,1,0,0.004091767708431348,0.15930854411042827,0.13500348823067615,-1.3963681631128437,-1.1165004370614926,-3.6587897352153114
60e46e6f6bc0c2cdf5d077ce,1,24,2,0,6.54468864355219e-4,0.15930854411042827,0.13500348823067615,-2.7749197214857952,-0.7995157582205329,-2.6122979445977546
60e46e6f6bc0c2cdf5d077ce,1,25,3,0,6.54468864355219e-4,0.025481029416011436,0.13500348823067615,-1.9801246951749847,-2.356566879166352,-1.8720115399098218
60e46e6f6bc0c2cdf5d077ce,2,1,1,1,6.54468864355219e-4,0.025481029416011436,0.02159349203329146,0,0,0
60e46e6f6bc0c2cdf5d077ce,2,2,1,0,0.8401570388018285,0.025481029416011436,0.02159349203329146,-1.725113555725211,0,0
60e46e6f6bc0c2cdf5d077ce,2,3,2,1,0.13438113379414524,0.025481029416011436,0.02159349203329146,-2.9509004889044705,0,0
60e46e6f6bc0c2cdf5d077ce,2,4,2,1,0.13438113379414524,0.8441279896692107,0.02159349203329146,-2.1187687553006,-1.725113555725211,0
60e46e6f6bc0c2cdf5d077ce,2,5,3,0,0.13438113379414524,0.9750686362692618,0.02159349203329146,-1.5226709060409744,-2.9509004889044705,0
60e46e6f6bc0c2cdf5d077ce,2,6,2,0,0.13438113379414524,0.9750686362692618,0.003453828992830095,-1.0982806464832369,-2.1187687553006,-1.725113555725211
60e46e6f6bc0c2cdf5d077ce,2,7,1,0,0.13438113379414524,0.15595992810670722,0.003453828992830095,-0.7850483874568757,-3.254377120565553,-1.2313472035037096
60e46e6f6bc0c2cdf5d077ce,2,8,3,1,0.021493947855744627,0.15595992810670722,0.003453828992830095,-2.321236139586339,-2.33140272832064,-0.884293023992228
60e46e6f6bc0c2cdf5d077ce,2,9,1,1,0.021493947855744627,0.15595992810670722,0.8406047900092062,-1.6580147511526637,-1.679211578746355,-2.3689937088036865
60e46e6f6bc0c2cdf5d077ce,2,10,3,1,0.8434902651188234,0.15595992810670722,0.8406047900092062,-2.939690799366831,-1.201538436049761,-1.6947316307763725
60e46e6f6bc0c2cdf5d077ce,2,11,1,1,0.8434902651188234,0.15595992810670722,0.9745051085717473,-2.102300460941752,-0.8610460966255021,-2.955581599443839
60e46e6f6bc0c2cdf5d077ce,2,12,3,0,0.9749666336762661,0.15595992810670722,0.9745051085717473,-3.2572251153886755,-0.6184759374224924,-2.1168645754502196
60e46e6f6bc0c2cdf5d077ce,2,13,2,1,0.9749666336762661,0.15595992810670722,0.15586979313287042,-2.328761714488723,-0.4439553280355216,-3.2616681872904865
60e46e6f6bc0c2cdf5d077ce,2,14,1,0,0.9749666336762661,0.864997783974014,0.15586979313287042,-1.6696386359595734,-2.096628521670232,-2.339762471279136
60e46e6f6bc0c2cdf5d077ce,2,15,2,1,0.15594361302147092,0.864997783974014,0.15586979313287042,-2.959475972222766,-1.4914554272604321,-1.6793564877214124
60e46e6f6bc0c2cdf5d077ce,2,16,3,1,0.15594361302147092,0.9784067114530403,0.15586979313287042,-2.115095921008568,-2.8227244708298613,-1.1981586491583802
60e46e6f6bc0c2cdf5d077ce,2,17,2,0,0.15594361302147092,0.9784067114530403,0.8649833670879364,-1.510431148874964,-2.0122747908028096,-2.6284884590867796
60e46e6f6bc0c2cdf5d077ce,2,18,3,0,0.15594361302147092,0.15649384556125884,0.8649833670879364,-1.0775714084302919,-3.1969543134760725,-1.8772362564583611
60e46e6f6bc0c2cdf5d077ce,2,19,1,0,0.15594361302147092,0.15649384556125884,0.13835204751116004,-0.774126394801118,-2.2864453620837093,-3.099752578418468
60e46e6f6bc0c2cdf5d077ce,2,20,3,1,0.02494281641937951,0.15649384556125884,0.13835204751116004,-2.3398270716033203,-1.6379392794868963,-2.2177583693717526
60e46e6f6bc0c2cdf5d077ce,2,21,2,1,0.02494281641937951,0.15649384556125884,0.8621814443887402,-1.6632233366430862,-1.169059546987886,-3.3434238845438484
60e46e6f6bc0c2cdf5d077ce,2,22,2,1,0.02494281641937951,0.8650831828555425,0.8621814443887402,-1.186419320331498,-2.6081903574747427,-2.392826836615119
60e46e6f6bc0c2cdf5d077ce,2,23,2,1,0.02494281641937951,0.9784203708116148,0.8621814443887402,-0.8467674336450358,-3.6201714313813476,-1.7099567212768148
60e46e6f6bc0c2cdf5d077ce,2,24,1,0,0.02494281641937951,0.9965483883382718,0.8621814443887402,-0.605888195028615,-4.339587600254714,-1.2198823708229638
60e46e6f6bc0c2cdf5d077ce,2,25,3,1,0.003989545732116902,0.9965483883382718,0.8621814443887402,-2.2167662563280697,-3.1026756810346154,-0.8753682641766058
60e46e6f6bc0c2cdf5d077ce,3,1,2,0,0.003989545732116902,0.9965483883382718,0.9779562444193564,0,0,0
60e46e6f6bc0c2cdf5d077ce,3,2,3,0,0.003989545732116902,0.15939556464800297,0.9779562444193564,0,-1.725113555725211,0
60e46e6f6bc0c2cdf5d077ce,3,3,2,0,0.003989545732116902,0.15939556464800297,0.15642179438633236,0,-1.2313472035037096,-1.725113555725211
60e46e6f6bc0c2cdf5d077ce,3,4,1,0,0.003989545732116902,0.02549494815489725,0.15642179438633236,0,-2.6078972872431305,-1.2313472035037096
60e46e6f6bc0c2cdf5d077ce,3,5,3,0,6.381186892359021e-4,0.02549494815489725,0.15642179438633236,-1.725113555725211,-1.8696317642914053,-0.884293023992228
60e46e6f6bc0c2cdf5d077ce,3,6,2,0,6.381186892359021e-4,0.02549494815489725,0.02501930043972035,-1.2313472035037096,-1.3478982441603167,-2.3689937088036865
60e46e6f6bc0c2cdf5d077ce,3,7,1,0,6.381186892359021e-4,0.004077857947328416,0.02501930043972035,-0.884293023992228,-2.7120965487127613,-1.6947316307763725
60e46e6f6bc0c2cdf5d077ce,3,8,3,1,1.0206563464319578e-4,0.004077857947328416,0.02501930043972035,-2.3689937088036865,-1.94094325657688,-1.2215285914199256
60e46e6f6bc0c2cdf5d077ce,3,9,3,1,1.0206563464319578e-4,0.004077857947328416,0.8440541371717658,-1.6947316307763725,-1.3942304005995807,-2.6235763317227634
60e46e6f6bc0c2cdf5d077ce,3,10,3,1,1.0206563464319578e-4,0.004077857947328416,0.9750568237289996,-1.2215285914199256,-0.9953336989820998,-3.613348736528754
60e46e6f6bc0c2cdf5d077ce,3,11,3,0,1.0206563464319578e-4,0.004077857947328416,0.9960103967104036,-0.8745339961552283,-0.7129481111914624,-4.332211444447692
60e46e6f6bc0c2cdf5d077ce,3,12,2,0,1.0206563464319578e-4,0.004077857947328416,0.15930951411146482,-0.6256736802457926,-0.5121166059626121,-4.837472512873653
60e46e6f6bc0c2cdf5d077ce,3,13,2,1,1.0206563464319578e-4,6.522440291095563e-4,0.15930951411146482,-0.4496383683678188,-2.141016367169712,-3.4732498338412485
60e46e6f6bc0c2cdf5d077ce,3,14,3,1,1.0206563464319578e-4,0.8401566829443476,0.15930951411146482,-0.3233678871150071,-3.2748164425029893,-2.4933770618697166
60e46e6f6bc0c2cdf5d077ce,3,15,1,0,1.0206563464319578e-4,0.8401566829443476,0.8655335425586362,-0.23250074038467589,-2.3338770777424975,-3.5433918440911425
60e46e6f6bc0c2cdf5d077ce,3,16,3,1,1.632516861141143e-5,0.8401566829443476,0.8655335425586362,-1.9300987286603701,-1.6747149890637592,-2.5378163560226152
60e46e6f6bc0c2cdf5d077ce,3,17,2,0,1.632516861141143e-5,0.8401566829443476,0.978492404819246,-1.374632981798546,-1.1960069483962545,-3.578170926166389
60e46e6f6bc0c2cdf5d077ce,3,18,3,0,1.632516861141143e-5,0.1343810768755198,0.978492404819246,-0.9840055289815827,-2.6213342108593096,-2.561228863501833
60e46e6f6bc0c2cdf5d077ce,3,19,1,1,1.632516861141143e-5,0.1343810768755198,0.15650755202201183,-0.7028112619481961,-1.8736978104238327,-3.596275973197608
60e46e6f6bc0c2cdf5d077ce,3,20,1,1,0.8400549691674486,0.1343810768755198,0.15650755202201183,-2.262589148160594,-1.339473225162517,-2.573122058610708
60e46e6f6bc0c2cdf5d077ce,3,21,1,1,0.9744171659788896,0.1343810768755198,0.15650755202201183,-3.3542055931107826,-0.9564844332772322,-1.8340897630588477
60e46e6f6bc0c2cdf5d077ce,3,22,1,0,0.9959080849063892,0.1343810768755198,0.15650755202201183,-4.1385763684887635,-0.6846364453113514,-1.3108983357592696
60e46e6f6bc0c2cdf5d077ce,3,23,2,1,0.1592931495686034,0.1343810768755198,0.15650755202201183,-4.71126425652909,-0.4931928295608852,-0.9414460389677473
60e46e6f6bc0c2cdf5d077ce,3,24,2,0,0.1592931495686034,0.8615462967448388,0.15650755202201183,-3.3732805714527454,-2.135178531389528,-0.6750385776105509
60e46e6f6bc0c2cdf5d077ce,3,25,1,0,0.1592931495686034,0.13780229600376082,0.15650755202201183,-2.422472168248519,-3.2738363965710207,-0.48594216576157045
60e46e6f6bc0c2cdf5d077ce,4,1,2,1,0.025478567093361992,0.13780229600376082,0.15650755202201183,0,0,0
60e46e6f6bc0c2cdf5d077ce,4,2,3,1,0.025478567093361992,0.8620935128857632,0.15650755202201183,0,-1.725113555725211,0
60e46e6f6bc0c2cdf5d077ce,4,3,1,0,0.025478567093361992,0.8620935128857632,0.8650853751733416,0,-1.2313472035037096,-1.725113555725211
60e46e6f6bc0c2cdf5d077ce,4,4,2,1,0.004075237833032827,0.8620935128857632,0.8650853751733416,-1.725113555725211,-0.884293023992228,-1.2313472035037096
60e46e6f6bc0c2cdf5d077ce,4,5,3,1,0.004075237833032827,0.9779421799735727,0.8650853751733416,-1.2313472035037096,-2.3689937088036865,-0.884293023992228
60e46e6f6bc0c2cdf5d077ce,4,6,3,0,0.004075237833032827,0.9779421799735727,0.9784207214680005,-0.884293023992228,-1.6947316307763725,-2.3689937088036865
60e46e6f6bc0c2cdf5d077ce,4,7,1,1,0.004075237833032827,0.9779421799735727,0.15649608643188812,-0.6380928826798704,-1.2215285914199256,-3.4258584168366157
60e46e6f6bc0c2cdf5d077ce,4,8,2,0,0.8407041829407135,0.9779421799735727,0.15649608643188812,-2.1965761838378057,-0.8745339961552283,-2.452803525296195
60e46e6f6bc0c2cdf5d077ce,4,9,1,0,0.8407041829407135,0.15641954480961096,0.15649608643188812,-1.5682803662287697,-2.381372823293786,-1.7675000206240297
60e46e6f6bc0c2cdf5d077ce,4,10,3,1,0.13446864825428145,0.15641954480961096,0.15649608643188812,-2.866147521210279,-1.7008725098344395,-1.2660318410079423
60e46e6f6bc0c2cdf5d077ce,4,11,3,1,0.13446864825428145,0.15641954480961096,0.865083541277848,-2.050687214120107,-1.2206014532641891,-2.662771895200785
60e46e6f6bc0c2cdf5d077ce,4,12,3,1,0.13446864825428145,0.15641954480961096,0.9784204281404785,-1.4745509509181214,-0.8703295816521833,-3.6599349369299636
60e46e6f6bc0c2cdf5d077ce,4,13,2,0,0.13446864825428145,0.15641954480961096,0.9965483975078994,-1.0549299927526605,-0.623033689914207,-4.367557956793618
60e46e6f6bc0c2cdf5d077ce,4,14,1,0,0.13446864825428145,0.025018940624894112,0.9965483975078994,-0.7558600080887505,-2.2163172244739364,-3.12630711670831
60e46e6f6bc0c2cdf5d077ce,4,15,3,1,0.021507945596436998,0.025018940624894112,0.9965483975078994,-2.3107575626178734,-1.580926485778572,-2.240567947270143
60e46e6f6bc0c2cdf5d077ce,4,16,3,0,0.021507945596436998,0.025018940624894112,0.9994479241077703,-1.6491533073530857,-1.130540015636829,-3.3602622528063524
60e46e6f6bc0c2cdf5d077ce,4,17,2,1,0.021507945596436998,0.025018940624894112,0.15985933872369634,-1.1790856877014153,-0.8066928882160713,-4.162516052946097
60e46e6f6bc0c2cdf5d077ce,4,18,2,1,0.021507945596436998,0.8440540796201715,0.15985933872369634,-0.8411957150274254,-2.3452164769918276,-2.978117058499232
60e46e6f6bc0c2cdf5d077ce,4,19,1,0,0.021507945596436998,0.9750568145237466,0.15985933872369634,-0.6010277348305089,-3.424077857584333,-2.126360009264616
60e46e6f6bc0c2cdf5d077ce,4,20,2,1,0.0034401460331046473,0.9750568145237466,0.15985933872369634,-2.2051037073183,-2.44233717745764,-1.5188693638416781
60e46e6f6bc0c2cdf5d077ce,4,21,3,0,0.0034401460331046473,0.996010395238043,0.15985933872369634,-1.57164301185737,-3.5020575267978264,-1.091063888585831
60e46e6f6bc0c2cdf5d077ce,4,22,2,0,0.0034401460331046473,0.996010395238043,0.02556912776146804,-1.1229246600727238,-2.5033124860852483,-2.570741021360454
60e46e6f6bc0c2cdf5d077ce,4,23,1,1,0.0034401460331046473,0.15930951387596393,0.02556912776146804,-0.8008540465285249,-3.547681015389241,-1.8262970939419008
60e46e6f6bc0c2cdf5d077ce,4,24,1,0,0.8406026014503454,0.15930951387596393,0.02556912776146804,-2.3423594254311686,-2.5405967954954165,-1.3012355344133577
60e46e6f6bc0c2cdf5d077ce,4,25,2,0,0.13445240052349067,0.15930951387596393,0.02556912776146804,-3.4220878676658772,-1.8141327889670895,-0.9291669110062435
60e46e6f6bc0c2cdf5d077ce,5,1,2,1,0.13445240052349067,0.025481184527863285,0.02556912776146804,0,0,0
60e46e6f6bc0c2cdf5d077ce,5,2,1,0,0.13445240052349067,0.8441280144790116,0.02556912776146804,0,-1.725113555725211,0
60e46e6f6bc0c2cdf5d077ce,5,3,2,1,0.021505346808105605,0.8441280144790116,0.02556912776146804,-1.725113555725211,-1.2313472035037096,0
60e46e6f6bc0c2cdf5d077ce,5,4,3,1,0.021505346808105605,0.9750686402375357,0.02556912776146804,-1.2313472035037096,-2.6078972872431305,0
60e46e6f6bc0c2cdf5d077ce,5,5,2,0,0.021505346808105605,0.9750686402375357,0.844142080801084,-0.884293023992228,-1.8696317642914053,-1.725113555725211
60e46e6f6bc0c2cdf5d077ce,5,6,3,1,0.021505346808105605,0.15595992874142406,0.844142080801084,-0.6380928826798704,-3.082721079757266,-1.2313472035037096
60e46e6f6bc0c2cdf5d077ce,5,7,3,1,0.021505346808105605,0.15595992874142406,0.9750708901143655,-0.45729779575640966,-2.2064827054337757,-2.6078972872431305
60e46e6f6bc0c2cdf5d077ce,5,8,1,0,0.021505346808105605,0.15595992874142406,0.9960126465973571,-0.3273811141699313,-1.587827954713348,-3.5994114346439128
60e46e6f6bc0c2cdf5d077ce,5,9,2,1,0.0034397303626458355,0.15595992874142406,0.9960126465973571,-1.981498907702428,-1.1353977180751533,-2.5775110421092444
60e46e6f6bc0c2cdf5d077ce,5,10,3,1,0.0034397303626458355,0.8649977840755354,0.9960126465973571,-1.413755043373714,-2.575315214142852,-1.8587681040604431
60e46e6f6bc0c2cdf5d077ce,5,11,2,0,0.0034397303626458355,0.8649977840755354,0.9993622319690171,-1.0168282687641097,-1.8414918192037484,-3.07508552610427
60e46e6f6bc0c2cdf5d077ce,5,12,3,0,0.0034397303626458355,0.13835435347617336,0.9993622319690171,-0.727705924439868,-3.076302970369266,-2.209083018667571
60e46e6f6bc0c2cdf5d077ce,5,13,1,1,0.0034397303626458355,0.13835435347617336,0.1598456324592718,-0.5197111464335579,-2.197417544280829,-3.327735418102648
60e46e6f6bc0c2cdf5d077ce,5,14,1,1,0.8406025349647639,0.13835435347617336,0.1598456324592718,-2.1304952462695965,-1.5731151959657188,-2.3886110918008723
60e46e6f6bc0c2cdf5d077ce,5,15,2,0,0.9745047478823707,0.13835435347617336,0.1598456324592718,-3.259759691651582,-1.122479213291514,-1.707261620980649
60e46e6f6bc0c2cdf5d077ce,5,16,3,1,0.9745047478823707,0.022129455229646544,0.1598456324592718,-2.3289444849441017,-2.576029094369216,-1.2187897310832474
60e46e6f6bc0c2cdf5d077ce,5,17,3,0,0.9745047478823707,0.022129455229646544,0.8656192934681763,-1.673473626322541,-1.8387650010200183,-2.6493049425069493
60e46e6f6bc0c2cdf5d077ce,5,18,2,0,0.9745047478823707,0.022129455229646544,0.1384537624908257,-1.1978540501451658,-1.3121386790645113,-3.655451385910088
60e46e6f6bc0c2cdf5d077ce,5,19,1,0,0.9745047478823707,0.0035395550862353745,0.1384537624908257,-0.8557569722629355,-2.7095246954920063,-2.6087166842697327
60e46e6f6bc0c2cdf5d077ce,5,20,3,0,0.1558697354413936,0.0035395550862353745,0.1384537624908257,-2.3864226907734634,-1.9329087940627716,-1.8655701571341234
60e46e6f6bc0c2cdf5d077ce,5,21,2,0,0.1558697354413936,0.0035395550862353745,0.022145355477750442,-1.7002214043913342,-1.3810635644120994,-3.102192728699384
60e46e6f6bc0c2cdf5d077ce,5,22,2,1,0.1558697354413936,5.661437114988788e-4,0.022145355477750442,-1.2169395932360307,-2.756800542388052,-2.2149780423443204
60e46e6f6bc0c2cdf5d077ce,5,23,1,0,0.1558697354413936,0.840142911392607,0.022145355477750442,-0.867304095004471,-3.726233618240295,-1.5808171612200341
60e46e6f6bc0c2cdf5d077ce,5,24,2,0,0.024930999867204554,0.840142911392607,0.022145355477750442,-2.396785939085492,-2.6619961837554937,-1.129008094490878
60e46e6f6bc0c2cdf5d077ce,5,25,3,0,0.024930999867204554,0.13437887414655814,0.022145355477750442,-1.7079562194524907,-3.6604011931222793,-0.8111943038505263
60e46e6f6bc0c2cdf5d077ce,6,1,2,0,0.024930999867204554,0.13437887414655814,0.003542098295471776,0,0,0
60e46e6f6bc0c2cdf5d077ce,6,2,1,0,0.024930999867204554,0.021493586430104995,0.003542098295471776,0,-1.725113555725211,0
60e46e6f6bc0c2cdf5d077ce,6,3,3,1,0.003987655701011382,0.021493586430104995,0.003542098295471776,-1.725113555725211,-1.2313472035037096,0
60e46e6f6bc0c2cdf5d077ce,6,4,2,1,0.003987655701011382,0.021493586430104995,0.840618908485307,-1.2313472035037096,-0.884293023992228,-1.725113555725211
60e46e6f6bc0c2cdf5d077ce,6,5,2,1,0.003987655701011382,0.8434902073095829,0.840618908485307,-0.884293023992228,-2.3689937088036865,-1.2313472035037096
60e46e6f6bc0c2cdf5d077ce,6,6,3,0,0.003987655701011382,0.9749666244298033,0.840618908485307,-0.6380928826798704,-3.4258584168366157,-0.884293023992228
60e46e6f6bc0c2cdf5d077ce,6,7,1,0,0.003987655701011382,0.9749666244298033,0.1344550087973958,-0.45729779575640966,-2.452803525296195,-2.3689937088036865
60e46e6f6bc0c2cdf5d077ce,6,8,2,1,6.378163829443432e-4,0.9749666244298033,0.1344550087973958,-2.071583313527217,-1.7675000206240297,-1.6947316307763725
60e46e6f6bc0c2cdf5d077ce,6,9,2,0,6.378163829443432e-4,0.9959959695356241,0.1344550087973958,-1.4779338564451083,-3.0129483031236584,-1.2215285914199256
60e46e6f6bc0c2cdf5d077ce,6,10,3,1,6.378163829443432e-4,0.15930720651703384,0.1344550087973958,-1.0642907470590497,-3.905952823660103,-0.8745339961552283
60e46e6f6bc0c2cdf5d077ce,6,11,3,0,6.378163829443432e-4,0.15930720651703384,0.8615581219888667,-0.7606128293492658,-2.800539380419697,-2.381372823293786
60e46e6f6bc0c2cdf5d077ce,6,12,1,0,6.378163829443432e-4,0.15930720651703384,0.13780418742510958,-0.5438367437468099,-2.0068067254552937,-3.4424881869590243
60e46e6f6bc0c2cdf5d077ce,6,13,2,1,1.0201728141445102e-4,0.15930720651703384,0.13780418742510958,-2.1500764156205223,-1.4318508959030778,-2.4611542754295215
60e46e6f6bc0c2cdf5d077ce,6,14,1,1,1.0201728141445102e-4,0.8655331734640029,0.13780418742510958,-1.532129824985175,-2.798504193714125,-1.7678360838025946
60e46e6f6bc0c2cdf5d077ce,6,15,3,0,0.8400686754277225,0.8655331734640029,0.13780418742510958,-2.8479656649981715,-1.9987829457350683,-1.2640964742262715
60e46e6f6bc0c2cdf5d077ce,6,16,1,0,0.8400686754277225,0.8655331734640029,0.022041457421316198,-2.03430116640392,-1.4244139116197503,-2.6689631541394814
60e46e6f6bc0c2cdf5d077ce,6,17,2,0,0.13436700027151738,0.8655331734640029,0.022041457421316198,-3.210932580912481,-1.0184506680028071,-1.9086680093362052
60e46e6f6bc0c2cdf5d077ce,6,18,3,1,0.13436700027151738,0.13843998779026145,0.022041457421316198,-2.297910048145134,-2.5087405465208774,-1.3632192310817906
60e46e6f6bc0c2cdf5d077ce,6,19,2,1,0.13436700027151738,0.13843998779026145,0.8435778380281589,-1.6466938952167334,-1.7884912331209404,-2.7429862034526993
60e46e6f6bc0c2cdf5d077ce,6,20,1,1,0.13436700027151738,0.8621955102382461,0.8435778380281589,-1.1754254204510046,-3.04536226637651,-1.9606662373988781
60e46e6f6bc0c2cdf5d077ce,6,21,3,0,0.8615440452234364,0.8621955102382461,0.8435778380281589,-2.6121127584193573,-2.172663746347364,-1.399956255270778
60e46e6f6bc0c2cdf5d077ce,6,22,2,0,0.8615440452234364,0.8621955102382461,0.13492828277267632,-1.864923044161559,-1.5525537734705992,-2.7695414041865307
60e46e6f6bc0c2cdf5d077ce,6,23,1,0,0.8615440452234364,0.13790613622749515,0.13492828277267632,-1.3310013211410103,-2.880269507348721,-1.978924342791658
60e46e6f6bc0c2cdf5d077ce,6,24,3,0,0.13780193587788697,0.13790613622749515,0.13492828277267632,-2.7210677536359356,-2.0579120918562683,-1.4126491849501916
60e46e6f6bc0c2cdf5d077ce,6,25,2,1,0.13780193587788697,0.13790613622749515,0.021581463089971893,-1.9433690748249695,-1.4674078928204288,-2.7792003776072693
60e6b55696dade249aa3249b,1,1,3,0,0.5,0.5,0.5,0,0,0
60e6b55696dade249aa3249b,1,2,3,1,0.5,0.5,0.022346170858407538,0,0,0.9158923458489041
60e6b55696dade249aa3249b,1,3,3,1,0.5,0.5,0.9563063609924074,0,0,1.3189225255421968
60e6b55696dade249aa3249b,1,4,3,1,0.5,0.5,0.9980472289447702,0,0,1.5110254319151333
60e6b55696dade249aa3249b,1,5,3,0,0.5,0.5,0.9999127260878141,0,0,1.6068516571749223
60e6b55696dade249aa3249b,1,6,2,0,0.5,0.5,0.044688441241248766,0,0,1.6566860809469353
60e6b55696dade249aa3249b,1,7,2,1,0.5,0.022346170858407538,0.044688441241248766,0,0.9158923458489041,0.7377298492633708
60e6b55696dade249aa3249b,1,8,2,0,0.5,0.9563063609924074,0.044688441241248766,0,1.3189225255421968,0.33225991901176266
60e6b55696dade249aa3249b,1,9,1,1,0.5,0.04273957066158529,0.044688441241248766,0,1.5110254319151333,0.14931957070979596
60e6b55696dade249aa3249b,1,10,1,0,0.9776538291415925,0.04273957066158529,0.044688441241248766,0.9158923458489041,0.6779815749403151,0.06714784414151502
60e6b55696dade249aa3249b,1,11,3,0,0.04369363900759271,0.04273957066158529,0.044688441241248766,1.3189225255421968,0.3065989374052374,0.030158220077164708
60e6b55696dade249aa3249b,1,12,3,0,0.04369363900759271,0.04273957066158529,0.001997231097054245,0.5925214586463442,0.1381356206088035,0.9484192573864103
60e6b55696dade249aa3249b,1,13,1,1,0.04369363900759271,0.04273957066158529,8.926093559854349e-5,0.2683497183655978,0.062046501117866755,1.343051416988133
60e6b55696dade249aa3249b,1,14,1,1,0.9572604293384147,0.04273957066158529,8.926093559854349e-5,1.062901062716837,0.02795633229989297,0.6016918399629041
60e6b55696dade249aa3249b,1,15,1,0,0.9980898684937412,0.04273957066158529,8.926093559854349e-5,1.4011653047331518,0.012580489421718844,0.27038055617308904
60e6b55696dade249aa3249b,1,16,3,1,0.044606973465951494,0.04273957066158529,8.926093559854349e-5,1.5565099356126177,0.005604025085021646,0.12169009165473645
60e6b55696dade249aa3249b,1,17,3,1,0.044606973465951494,0.04273957066158529,0.9553116475634824,0.693437900154388,0.0025045981118450083,0.9987930450689421
60e6b55696dade249aa3249b,1,18,3,0,0.044606973465951494,0.04273957066158529,0.9980027728718373,0.312772109441001,0.0011140303986039524,1.3694567800507191
60e6b55696dade249aa3249b,1,19,3,0,0.044606973465951494,0.04273957066158529,0.04460308095859561,0.1405744477636855,4.982055849169878e-4,1.5415066539492754
60e6b55696dade249aa3249b,1,20,1,1,0.044606973465951494,0.04273957066158529,0.0019934161460746676,0.06314666689037621,2.2403374558633443e-4,1.6233611525837608
60e6b55696dade249aa3249b,1,21,1,0,0.957301248394532,0.04273957066158529,0.0019934161460746676,0.9717584422417079,1.0018305729412424e-4,0.7236954080936271
60e6b55696dade249aa3249b,1,22,1,0,0.04278403450978824,0.04273957066158529,0.0019934161460746676,1.3545267365312705,4.4589950357605027e-5,0.32554384580425383
60e6b55696dade249aa3249b,1,23,3,0,0.0019121186997874406,0.04273957066158529,0.0019934161460746676,1.5334269089825296,1.9871844577501794e-5,0.14637470607555988
60e6b55696dade249aa3249b,1,24,3,1,0.0019121186997874406,0.04273957066158529,8.909043650224993e-5,0.6853099044531286,8.837462268032874e-6,1.0245700222101588
60e6b55696dade249aa3249b,1,25,3,1,0.0019121186997874406,0.04273957066158529,0.9553116399434783,0.3082499961084023,3.929124314398865e-6,1.3881871272379107
60e6b55696dade249aa3249b,2,1,3,1,0.0019121186997874406,0.04273957066158529,0.9980027725312814,0,0,0
60e6b55696dade249aa3249b,2,2,3,1,0.0019121186997874406,0.04273957066158529,0.9999107392265603,0,0,0.9158923458489041
60e6b55696dade249aa3249b,2,3,3,1,0.0019121186997874406,0.04273957066158529,0.9999960107269497,0,0,1.3189225255421968
60e6b55696dade249aa3249b,2,4,3,0,0.0019121186997874406,0.04273957066158529,0.999999821710042,0,0,1.5110254319151333
60e6b55696dade249aa3249b,2,5,3,0,0.0019121186997874406,0.04273957066158529,0.04469233374861914,0,0,1.6068516571749223
60e6b55696dade249aa3249b,2,6,1,1,0.0019121186997874406,0.04273957066158529,0.0019974050623273454,0,0,1.6566860809469353
60e6b55696dade249aa3249b,2,7,1,1,0.9553931153463826,0.04273957066158529,0.0019974050623273454,0.9158923458489041,0,0.7377298492633708
60e6b55696dade249aa3249b,2,8,1,1,0.9980064138578841,0.04273957066158529,0.0019974050623273454,1.3189225255421968,0,0.33225991901176266
60e6b55696dade249aa3249b,2,9,1,0,0.9999109019659764,0.04273957066158529,0.0019974050623273454,1.5110254319151333,0,0.14931957070979596
60e6b55696dade249aa3249b,2,10,1,0,0.044688359716970605,0.04273957066158529,0.0019974050623273454,1.6068516571749223,0,0.06714784414151502
60e6b55696dade249aa3249b,2,11,1,1,0.0019972274535432592,0.04273957066158529,0.0019974050623273454,1.6566860809469353,0,0.030158220077164708
60e6b55696dade249aa3249b,2,12,1,0,0.9553969190559464,0.04273957066158529,0.0019974050623273454,1.6817489677931379,0,0.013552682226947162
60e6b55696dade249aa3249b,2,13,1,1,0.04269892557139032,0.04273957066158529,0.0019974050623273454,1.6945414630783717,0,0.006043315972951414
60e6b55696dade249aa3249b,2,14,1,1,0.9572159732651564,0.04273957066158529,0.0019974050623273454,1.7018527934649557,0,0.0026942067834951327
60e6b55696dade249aa3249b,2,15,1,0,0.998087881647693,0.04273957066158529,0.0019974050623273454,1.7062785330371262,0,0.001201332466432012
60e6b55696dade249aa3249b,2,16,2,0,0.04460688466914714,0.04273957066158529,0.0019974050623273454,1.7100425757809776,0,5.379091344088737e-4
60e6b55696dade249aa3249b,2,17,2,1,0.04460688466914714,0.0019101315062588081,0.0019974050623273454,0.7541400714527798,0.9158923458489041,2.413222893407047e-4
60e6b55696dade249aa3249b,2,18,2,0,0.04460688466914714,0.9553930265340485,0.0019974050623273454,0.33849989866424923,1.3189225255421968,1.0814392745107405e-4
60e6b55696dade249aa3249b,2,19,2,0,0.04460688466914714,0.04269875160546799,0.0019974050623273454,0.15198679118119263,1.5110254319151333,4.8088950898433735e-5
60e6b55696dade249aa3249b,2,20,3,0,0.04460688466914714,0.0019083072070268416,0.0019974050623273454,0.0683305041640232,1.6068516571749223,2.1419033027781274e-5
60e6b55696dade249aa3249b,2,21,3,1,0.04460688466914714,0.0019083072070268416,8.926871051417537e-5,0.030718304575887107,0.7181380701610649,0.9160127010566347
60e6b55696dade249aa3249b,2,22,3,0,0.04460688466914714,0.0019083072070268416,0.9553116479109616,0.013781545787916814,0.32443186650618944,1.319495630568253
60e6b55696dade249aa3249b,2,23,3,0,0.04460688466914714,0.0019083072070268416,0.042695114604182016,0.0061432745538204945,0.14592329364492848,1.5111269240725227
60e6b55696dade249aa3249b,2,24,3,1,0.04460688466914714,0.0019083072070268416,0.0019081446609192677,0.00273903387127897,0.065655970498766425,1.6074478271008825
60e6b55696dade249aa3249b,2,25,3,1,0.04460688466914714,0.0019083072070268416,0.9553929377372758,0.0012226941984379634,0.02942878804028095,1.6568957084966285
60e6b55696dade249aa3249b,3,1,3,1,0.04460688466914714,0.0019083072070268416,0.998006405920117,0,0,0
60e6b55696dade249aa3249b,3,2,3,1,0.04460688466914714,0.0019083072070268416,0.999910901611219,0,0,0.9158923458489041
60e6b55696dade249aa3249b,3,3,3,0,0.04460688466914714,0.0019083072070268416,0.9999960179843006,0,0,1.3189225255421968
60e6b55696dade249aa3249b,3,4,3,0,0.04460688466914714,0.0019083072070268416,0.04469216375120505,0,0,1.5110254319151333
60e6b55696dade249aa3249b,3,5,3,1,0.04460688466914714,0.0019083072070268416,0.001997397464744633,0,0,1.6068516571749223
60e6b55696dade249aa3249b,3,6,3,0,0.04460688466914714,0.0019083072070268416,0.9553969266541453,0,0,1.6566860809469353
60e6b55696dade249aa3249b,3,7,3,1,0.04460688466914714,0.0019083072070268416,0.042698925910971686,0,0,1.6817489677931379
60e6b55696dade249aa3249b,3,8,3,1,0.04460688466914714,0.0019083072070268416,0.9572159732803331,0,0,1.6945414630783717
60e6b55696dade249aa3249b,3,9,3,0,0.04460688466914714,0.0019083072070268416,0.9980878816483714,0,0,1.7018527934649557
60e6b55696dade249aa3249b,3,10,3,0,0.04460688466914714,0.0019083072070268416,0.04460688466917745,0,0,1.7062785330371262
60e6b55696dade249aa3249b,3,11,3,0,0.04460688466914714,0.0019083072070268416,0.0019935861428112475,0,0,1.7100425757809776
60e6b55696dade249aa3249b,3,12,3,0,0.04460688466914714,0.0019083072070268416,8.909803405468607e-5,0,0,1.7124718016815201
60e6b55696dade249aa3249b,3,13,3,0,0.04460688466914714,0.0019083072070268416,3.981999845865682e-6,0,0,1.7142365785260305
60e6b55696dade249aa3249b,3,14,3,1,0.04460688466914714,0.0019083072070268416,1.779649014994482e-7,0,0,1.715259288785214
60e6b55696dade249aa3249b,3,15,3,1,0.04460688466914714,0.0019083072070268416,0.9553076662368534,0,0,1.7155853579911695
60e6b55696dade249aa3249b,3,16,3,1,0.04460688466914714,0.0019083072070268416,0.9980025949370235,0,0,1.7157626839848805
60e6b55696dade249aa3249b,3,17,3,1,0.04460688466914714,0.0019083072070268416,0.9999107312894568,0,0,1.7160561996208836
60e6b55696dade249aa3249b,3,18,3,1,0.04460688466914714,0.0019083072070268416,0.9999960103722221,0,0,1.7161401227244006
60e6b55696dade249aa3249b,3,19,3,0,0.04460688466914714,0.0019083072070268416,0.9999998216941883,0,0,1.716163182974277
60e6b55696dade249aa3249b,3,20,3,0,0.04460688466914714,0.0019083072070268416,0.044692333747910595,0,0,1.716364124309655
60e6b55696dade249aa3249b,3,21,2,0,0.04460688466914714,0.0019083072070268416,0.0019974050622956797,0,0,1.7163703887928494
60e6b55696dade249aa3249b,3,22,3,1,0.04460688466914714,8.528671865725302e-5,0.0019974050622956797,0,0.9158923458489041,0.754470287386348
60e6b55696dade249aa3249b,3,23,1,0,0.04460688466914714,8.528671865725302e-5,0.9553969269936977,0,0.4049373892650602,1.3113014219407462
60e6b55696dade249aa3249b,3,24,3,0,0.001993586142809891,8.528671865725302e-5,0.9553969269936977,0.9158923458489041,0.18483011730267013,0.5703970586965693
60e6b55696dade249aa3249b,3,25,3,0,0.001993586142809891,8.528671865725302e-5,0.04269892592614699,0.4049373892650602,0.0835555183447747,1.2257259936981209
60e6b55696dade249aa3249b,4,2,3,1,0.001993586142809891,8.528671865725302e-5,0.0019083149978263957,0,0,0
60e6b55696dade249aa3249b,4,3,3,1,0.001993586142809891,8.528671865725302e-5,0.9553929453500313,0,0,0.9158923458489041
60e6b55696dade249aa3249b,4,4,3,0,0.001993586142809891,8.528671865725302e-5,0.998006406260349,0,0,1.3189225255421968
60e6b55696dade249aa3249b,4,5,3,1,0.001993586142809891,8.528671865725302e-5,0.04460324334323984,0,0,1.5110254319151333
60e6b55696dade249aa3249b,4,6,3,0,0.001993586142809891,8.528671865725302e-5,0.9573010816866098,0,0,1.6068516571749223
60e6b55696dade249aa3249b,4,7,3,1,0.001993586142809891,8.528671865725302e-5,0.04278402705922063,0,0,1.6566860809469353
60e6b55696dade249aa3249b,4,8,3,1,0.001993586142809891,8.528671865725302e-5,0.957219776649989,0,0,1.6817489677931379
60e6b55696dade249aa3249b,4,9,3,0,0.001993586142809891,8.528671865725302e-5,0.9980880516298711,0,0,1.6945414630783717
60e6b55696dade249aa3249b,4,10,3,0,0.001993586142809891,8.528671865725302e-5,0.04460689226604897,0,0,1.7018527934649557
60e6b55696dade249aa3249b,4,11,1,1,0.001993586142809891,8.528671865725302e-5,0.001993586482333238,0,0,1.7062785330371262
60e6b55696dade249aa3249b,4,12,1,0,0.9553967563172394,8.528671865725302e-5,0.001993586482333238,0.9158923458489041,0,0.7535206438279946
60e6b55696dade249aa3249b,4,13,2,0,0.04269891829821626,8.528671865725302e-5,0.001993586482333238,1.3189225255421968,0,0.3382682113682851
60e6b55696dade249aa3249b,4,14,2,1,0.04269891829821626,3.8116632322565645e-6,0.001993586482333238,0.5925214586463442,0.9158923458489041,0.15193066046798936
60e6b55696dade249aa3249b,4,15,2,0,0.04269891829821626,0.955307828635344,0.001993586482333238,0.2683497183655978,1.3189225255421968,0.06830545880469281
60e6b55696dade249aa3249b,4,16,3,0,0.04269891829821626,0.042694943911807504,0.001993586482333238,0.12113028164826631,1.5110254319151333,0.03070199394365272
60e6b55696dade249aa3249b,4,17,3,1,0.04269891829821626,0.042694943911807504,8.909804922871932e-5,0.05437991519508721,0.6779815749403151,0.954046792636194
60e6b55696dade249aa3249b,4,18,3,0,0.04269891829821626,0.042694943911807504,0.955311640283709,0.024481625440603026,0.3065989374052374,1.347412740251869
60e6b55696dade249aa3249b,4,19,3,0,0.04269891829821626,0.042694943911807504,0.04269511426330219,0.01103620974433214,0.1381356206088035,1.5300860363750646
60e6b55696dade249aa3249b,4,20,3,1,0.04269891829821626,0.042694943911807504,0.0019081446456845515,0.004940821666004637,0.062046501117866755,1.6184423069196026
60e6b55696dade249aa3249b,4,21,3,1,0.04269891829821626,0.042694943911807504,0.955392937736595,0.002200308875063177,0.02795633229989297,1.6639950302999562
60e6b55696dade249aa3249b,4,22,3,1,0.04269891829821626,0.042694943911807504,0.9980064059200866,9.78249316266406e-4,0.012580489421718844,1.6867590605112068
60e6b55696dade249aa3249b,4,23,3,1,0.04269891829821626,0.042694943911807504,0.9999109016112177,4.3698626112765237e-4,0.005604025085021646,1.6982301696921258
60e6b55696dade249aa3249b,4,24,3,0,0.04269891829821626,0.042694943911807504,0.9999960179843006,0.00019639610775732676,0.0025045981118450083,1.704747256005573
60e6b55696dade249aa3249b,4,25,3,1,0.04269891829821626,0.042694943911807504,0.04469216375120505,8.768550979274328e-5,0.0011140303986039524,1.7090798034277879
60e6b55696dade249aa3249b,5,1,3,1,0.04269891829821626,0.042694943911807504,0.9573050557479295,0,0,0
60e6b55696dade249aa3249b,5,2,3,0,0.04269891829821626,0.042694943911807504,0.9980918629525157,0,0,0.9158923458489041
60e6b55696dade249aa3249b,5,3,3,0,0.04269891829821626,0.042694943911807504,0.044607062602986414,0,0,1.3189225255421968
60e6b55696dade249aa3249b,5,4,3,1,0.04269891829821626,0.042694943911807504,0.001993594095090045,0,0,1.5110254319151333
60e6b55696dade249aa3249b,5,5,3,0,0.04269891829821626,0.042694943911807504,0.9553967566726456,0,0,1.6068516571749223
60e6b55696dade249aa3249b,5,6,3,1,0.04269891829821626,0.042694943911807504,0.042698918314100165,0,0,1.6566860809469353
60e6b55696dade249aa3249b,5,7,3,0,0.04269891829821626,0.042694943911807504,0.9572159729408112,0,0,1.6817489677931379
60e6b55696dade249aa3249b,5,8,3,1,0.04269891829821626,0.042694943911807504,0.04278022335001236,0,0,1.6945414630783717
60e6b55696dade249aa3249b,5,9,3,0,0.04269891829821626,0.042694943911807504,0.9572196066533138,0,0,1.7018527934649557
60e6b55696dade249aa3249b,5,10,3,0,0.04269891829821626,0.042694943911807504,0.04278038574913656,0,0,1.7062785330371262
60e6b55696dade249aa3249b,5,11,3,0,0.04269891829821626,0.042694943911807504,0.0019119556281262592,0,0,1.7100425757809776
60e6b55696dade249aa3249b,5,12,1,1,0.04269891829821626,0.042694943911807504,8.5449775143047e-5,0,0,1.7124718016815201
60e6b55696dade249aa3249b,5,13,1,1,0.9572159729401013,0.042694943911807504,8.5449775143047e-5,0.9158923458489041,0,0.7544016821324242
60e6b55696dade249aa3249b,5,14,1,0,0.9980878816331655,0.042694943911807504,8.5449775143047e-5,1.3189225255421968,0,0.3386691841306261
60e6b55696dade249aa3249b,5,15,2,0,0.04460688466849788,0.042694943911807504,8.5449775143047e-5,1.5110254319151333,0,0.1520117176226945
60e6b55696dade249aa3249b,5,16,3,1,0.04460688466849788,0.0019081370322771435,8.5449775143047e-5,0.6779815749403151,0.9158923458489041,0.06834160296073621
60e6b55696dade249aa3249b,5,17,3,0,0.04460688466849788,0.0019081370322771435,0.9553114772337935,0.3065989374052374,0.4049373892650602,0.9867046518923287
60e6b55696dade249aa3249b,5,18,3,0,0.04460688466849788,0.0019081370322771435,0.04269510697621942,0.1381356206088035,0.18483011730267013,1.36795321630664
60e6b55696dade249aa3249b,5,19,3,0,0.04460688466849788,0.0019081370322771435,0.0019081443200077465,0.062046501117866755,0.0835555183447747,1.5401952110080868
60e6b55696dade249aa3249b,5,20,3,0,0.04460688466849788,0.0019081370322771435,8.527943885474991e-5,0.02795633229989297,0.037512446377128306,1.6247413540628073
60e6b55696dade249aa3249b,5,21,1,1,0.04460688466849788,0.0019081370322771435,3.81133788082554e-6,0.012580489421718844,0.016893164899191317,1.6676504925126387
60e6b55696dade249aa3249b,5,22,3,1,0.9573012444259658,0.0019081370322771435,3.81133788082554e-6,0.9289267544717323,0.007605281723305935,0.7390635284909599
60e6b55696dade249aa3249b,5,24,3,1,0.9573012444259658,0.0019081370322771435,0.9553078286208034,0.41599329012300945,0.003405982234144833,1.2978467916778298
60e6b55696dade249aa3249b,5,25,3,1,0.9573012444259658,0.0019081370322771435,0.9980026021943426,0.18722471950079733,0.0015232562074742823,1.5230239116946327
60e6b55696dade249aa3249b,6,1,3,1,0.9573012444259658,0.0019081370322771435,0.9999107316138034,0,0,0
60e6b55696dade249aa3249b,6,2,3,1,0.9573012444259658,0.0019081370322771435,0.9999960103867178,0,0,0.9158923458489041
60e6b55696dade249aa3249b,6,3,3,1,0.9573012444259658,0.0019081370322771435,0.9999998216948363,0,0,1.3189225255421968
60e6b55696dade249aa3249b,6,4,3,1,0.9573012444259658,0.0019081370322771435,0.9999999920311244,0,0,1.5110254319151333
60e6b55696dade249aa3249b,6,5,3,1,0.9573012444259658,0.0019081370322771435,0.9999999996438522,0,0,1.6068516571749223
60e6b55696dade249aa3249b,6,6,3,0,0.9573012444259658,0.0019081370322771435,0.999999999984083,0,0,1.6566860809469353
60e6b55696dade249aa3249b,6,7,1,1,0.9573012444259658,0.0019081370322771435,0.0446923417161037,0,0,1.6817489677931379
60e6b55696dade249aa3249b,6,8,1,0,0.9980916926156087,0.0019081370322771435,0.0446923417161037,0.9158923458489041,0,0.7453098694238176
60e6b55696dade249aa3249b,6,9,2,0,0.04460705499023099,0.0019081370322771435,0.0446923417161037,1.3189225255421968,0,0.33558411851826303
60e6b55696dade249aa3249b,6,10,2,0,0.04460705499023099,8.527911314899349e-5,0.0446923417161037,0.5925214586463442,0.9158923458489041,0.15084473006773902
60e6b55696dade249aa3249b,6,11,3,0,0.04460705499023099,3.8113233242720608e-6,0.0446923417161037,0.2683497183655978,1.3189225255421968,0.06780035709068596
60e6b55696dade249aa3249b,6,12,3,1,0.04460705499023099,3.8113233242720608e-6,0.0019974054184129023,0.12113028164826631,0.5925214586463442,0.9818157403133074
60e6b55696dade249aa3249b,6,13,3,1,0.04460705499023099,3.8113233242720608e-6,0.9553969270096133,0.05437991519508721,0.2683497183655978,1.3625155783278728
60e6b55696dade249aa3249b,6,14,3,1,0.04460705499023099,3.8113233242720608e-6,0.9980065842100432,0.024481625440603026,0.12113028164826631,1.5371631424971541
60e6b55696dade249aa3249b,6,15,3,0,0.04460705499023099,3.8113233242720608e-6,0.9999109095794134,0.01103620974433214,0.05437991519508721,1.6219728418074606
60e6b55696dade249aa3249b,6,16,3,1,0.04460705499023099,3.8113233242720608e-6,0.04468836005723298,0.004940821666004637,0.024481625440603026,1.6661493728399717
60e6b55696dade249aa3249b,6,17,3,1,0.04460705499023099,3.8113233242720608e-6,0.9573048857519353,0.002200308875063177,0.01103620974433214,1.687747210669302
60e6b55696dade249aa3249b,6,18,3,1,0.04460705499023099,3.8113233242720608e-6,0.9980918553549964,9.78249316266406e-4,0.004940821666004637,1.6989011478044511
60e6b55696dade249aa3249b,6,19,3,1,0.04460705499023099,3.8113233242720608e-6,0.9999147205466203,4.3698626112765237e-4,0.002200308875063177,1.704963649869769
60e6b55696dade249aa3249b,6,21,3,1,0.04460705499023099,3.8113233242720608e-6,0.9999961886614701,0.00019639610775732676,9.78249316266406e-4,1.7094354885818777
60e6b55696dade249aa3249b,6,23,3,0,0.04460705499023099,3.8113233242720608e-6,0.9999998296623526,8.768550979274328e-5,4.3698626112765237e-4,1.7119884375864873
60e6b55696dade249aa3249b,6,25,3,0,0.04460705499023099,3.8113233242720608e-6,0.044692334104026565,3.9321422756757923e-05,0.00019639610775732676,1.713826797617168
60e9f29fe1f58945339696d0,1,1,3,0,0.5,0.5,0.5,0,0,0
60e9f29fe1f58945339696d0,1,2,2,0,0.5,0.5,0.2142457698932127,0,0,0.040218302479705904
60e9f29fe1f58945339696d0,1,3,1,1,0.5,0.2142457698932127,0.2142457698932127,0,0.040218302479705904,0.006536411441879591
60e9f29fe1f58945339696d0,1,4,1,1,0.7857542301067872,0.2142457698932127,0.2142457698932127,0.040218302479705904,0.006536411441879591,8.182312605158963e-4
60e9f29fe1f58945339696d0,1,5,1,0,0.9081975001445904,0.2142457698932127,0.2142457698932127,0.05052670509743111,8.182312605158963e-4,9.449711687959815e-5
60e9f29fe1f58945339696d0,1,6,3,1,0.38915494524902233,0.2142457698932127,0.2142457698932127,0.05443859655144682,9.449711687959815e-5,1.0318934607762338e-5
60e9f29fe1f58945339696d0,1,7,2,0,0.38915494524902233,0.2142457698932127,0.6633109600689842,0.007927389480098343,1.0318934607762338e-5,0.040857119341945275
60e9f29fe1f58945339696d0,1,8,3,1,0.38915494524902233,0.0918024998554096,0.6633109600689842,9.515371976140416e-4,0.040857119341945275,0.006566281898264121
60e9f29fe1f58945339696d0,1,9,1,1,0.38915494524902233,0.0918024998554096,0.8557315948265838,1.0724311637544959e-4,0.006566281898264121,0.044886264906065676
60e9f29fe1f58945339696d0,1,10,3,0,0.7382580619494642,0.0918024998554096,0.8557315948265838,0.04235230857928989,8.183668946114867e-4,0.006778405419979012
60e9f29fe1f58945339696d0,1,11,3,1,0.7382580619494642,0.0918024998554096,0.3666737486865489,0.0065919419683714,9.449904601425758e-5,0.04561447148381029
60e9f29fe1f58945339696d0,1,12,3,0,0.7382580619494642,0.0918024998554096,0.7286250594131773,8.279587893840672e-4,1.031957030398126e-5,0.05306677543960383
60e9f29fe1f58945339696d0,1,13,1,1,0.7382580619494642,0.0918024998554096,0.31220967361914026,9.451527087532205e-5,1.1170792544796983e-6,0.054819193630682314
60e9f29fe1f58945339696d0,1,14,2,1,0.8878457939253441,0.0918024998554096,0.31220967361914026,0.041619710105426394,1.1089678606933815e-7,0.00796985145123711
60e9f29fe1f58945339696d0,1,15,1,0,0.8878457939253441,0.6108450547509776,0.31220967361914026,0.006569756443970316,0.040595162940914684,9.517226848381292e-4
60e9f29fe1f58945339696d0,1,16,2,0,0.38043441131546507,0.6108450547509776,0.31220967361914026,0.04519861115973744,0.006565527217133602,1.0724852723892486e-4
60e9f29fe1f58945339696d0,1,17,3,0,0.38043441131546507,0.26174193805053586,0.31220967361914026,0.006783801958359432,0.04456078120077449,1.2013656089357374e-5
60e9f29fe1f58945339696d0,1,18,1,1,0.38043441131546507,0.26174193805053586,0.13377920380932218,8.516970355092913e-4,0.006778379227024404,0.041664763327317555
60e9f29fe1f58945339696d0,1,19,1,1,0.7345213869363432,0.26174193805053586,0.13377920380932218,0.04317788450323566,8.448423501585466e-4,0.006566455673356276
60e9f29fe1f58945339696d0,1,20,1,1,0.8862446602948484,0.26174193805053586,0.13377920380932218,0.052470965784437315,9.621249689289945e-5,8.276413238345435e-4
60e9f29fe1f58945339696d0,1,21,1,0,0.9512567993139573,0.26174193805053586,0.13377920380932218,0.0547313186328537,1.0604056499067308e-5,9.449931212704652e-5
60e9f29fe1f58945339696d0,1,22,2,1,0.407605490658313,0.26174193805053586,0.13377920380932218,0.05581590342191223,1.1282028245946999e-6,1.031968693946864e-5
60e9f29fe1f58945339696d0,1,23,3,0,0.407605490658313,0.6836626662882306,0.13377920380932218,0.008002678475822433,0.041008776261661,1.1170806974931886e-6
60e9f29fe1f58945339696d0,1,24,2,1,0.407605490658313,0.6836626662882306,0.057323257055158616,9.60957700788672e-4,0.006565650628901764,0.041093899719255325
60e9f29fe1f58945339696d0,1,25,1,0,0.407605490658313,0.8644521287601412,0.057323257055158616,1.07305009401939e-4,0.04499671800335295,0.006565645561230607
60e9f29fe1f58945339696d0,2,1,2,0,0.17465550435264338,0.8644521287601412,0.057323257055158616,0,0,0
60e9f29fe1f58945339696d0,2,2,2,1,0.17465550435264338,0.3704104236996698,0.057323257055158616,0,0.040218302479705904,0
60e9f29fe1f58945339696d0,2,3,2,1,0.17465550435264338,0.7302261930436731,0.057323257055158616,0,0.05052670509743111,0
60e9f29fe1f58945339696d0,2,4,2,0,0.17465550435264338,0.8844042060477972,0.057323257055158616,0,0.05443859655144682,0
60e9f29fe1f58945339696d0,2,5,2,0,0.17465550435264338,0.37895972002499023,0.057323257055158616,0,0.055485235298220026,0
60e9f29fe1f58945339696d0,2,6,2,0,0.17465550435264338,0.16238103398020903,0.057323257055158616,0,0.05606563455783403,0
60e9f29fe1f58945339696d0,2,7,1,0,0.17465550435264338,0.06957889931102569,0.057323257055158616,0,0.05638746196928386,0
60e9f29fe1f58945339696d0,2,8,3,0,0.0748384060244949,0.06957889931102569,0.057323257055158616,0.040218302479705904,0.008049827353796495,0
60e9f29fe1f58945339696d0,2,9,3,0,0.0748384060244949,0.06957889931102569,0.02456253069686343,0.006536411441879591,9.610328452220939e-4,0.040218302479705904
60e9f29fe1f58945339696d0,2,10,2,0,0.0748384060244949,0.06957889931102569,0.01052483660851205,8.182312605158963e-4,1.0731080651689931e-4,0.05052670509743111
60e9f29fe1f58945339696d0,2,11,2,1,0.0748384060244949,0.0298139697216034,0.01052483660851205,9.449711687959815e-5,0.04318898229122094,0.0077021573433630405
60e9f29fe1f58945339696d0,2,12,3,0,0.0748384060244949,0.5842834940178893,0.01052483660851205,1.0318934607762338e-5,0.052045724213383465,9.316618587390162e-4
60e9f29fe1f58945339696d0,2,13,1,0,0.0748384060244949,0.5842834940178893,0.0045098034493460185,1.1170669477076638e-6,0.007730644687633207,0.04360187418534889
60e9f29fe1f58945339696d0,2,14,2,0,0.032067623853802935,0.5842834940178893,0.0045098034493460185,0.04054836120188862,9.34059759440535e-4,0.006621196221126317
60e9f29fe1f58945339696d0,2,15,1,0,0.032067623853802935,0.2503605339872826,0.0045098034493460185,0.006565645519752378,0.044292387897600954,8.324851887912773e-4
60e9f29fe1f58945339696d0,2,16,1,0,0.01374070553465824,0.2503605339872826,0.0045098034493460185,0.04456078127206177,0.006623196268917898,9.464816057612249e-5
60e9f29fe1f58945339696d0,2,17,1,0,0.005887776078902461,0.2503605339872826,0.0045098034493460185,0.052869554244609415,8.328287288224801e-4,1.0362082023139088e-5
60e9f29fe1f58945339696d0,2,18,3,0,0.00252286224137766,0.2503605339872826,0.0045098034493460185,0.05478216793596269,9.464816477016975e-5,1.1183210008330136e-6
60e9f29fe1f58945339696d0,2,19,2,0,0.00252286224137766,0.2503605339872826,0.0019324126267164679,0.007963300354788401,1.0362091978277195e-5,0.04100872929982202
60e9f29fe1f58945339696d0,2,20,3,1,0.00252286224137766,0.10727737071913782,0.0019324126267164679,9.517196538624289e-4,0.04139785402745298,0.006565646659422171
60e9f29fe1f58945339696d0,2,21,3,0,0.00252286224137766,0.10727737071913782,0.5723364826767918,1.0724848605739317e-4,0.006566287968262455,0.04498905837635679
60e9f29fe1f58945339696d0,2,22,1,0,0.00252286224137766,0.10727737071913782,0.24434930928071377,1.2013482743062638e-5,8.231532426531997e-4,0.05291183304936202
60e9f29fe1f58945339696d0,2,23,1,1,0.0010810251281874773,0.10727737071913782,0.24434930928071377,0.04156310443799389,9.449905014152603e-5,0.007780347524360733
60e9f29fe1f58945339696d0,2,24,1,0,0.571971670336139,0.10727737071913782,0.24434930928071377,0.051705095937998075,1.0319573287364758e-5,9.398897929962345e-4
60e9f29fe1f58945339696d0,2,25,2,1,0.24398186880100575,0.10727737071913782,0.24434930928071377,0.05463849756591368,1.1170792710739383e-6,1.0632630134055673e-4
60e9f29fe1f58945339696d0,3,1,2,0,0.24398186880100575,0.6174759059917734,0.24434930928071377,0,0,0
60e9f29fe1f58945339696d0,3,2,1,0,0.24398186880100575,0.26458320170791105,0.24434930928071377,0,0.040218302479705904,0
60e9f29fe1f58945339696d0,3,3,3,1,0.10501685833078003,0.26458320170791105,0.24434930928071377,0.040218302479705904,0.006536411441879591,0
60e9f29fe1f58945339696d0,3,4,1,0,0.10501685833078003,0.26458320170791105,0.676592299914252,0.006536411441879591,8.182312605158963e-4,0.040218302479705904
60e9f29fe1f58945339696d0,3,5,3,1,0.04499883534272406,0.26458320170791105,0.676592299914252,0.043900151474350266,9.449711687959815e-5,0.006536411441879591
60e9f29fe1f58945339696d0,3,6,3,0,0.04499883534272406,0.26458320170791105,0.8614225365822846,0.006778378268010768,1.0318934607762338e-5,0.043900151474350266
60e9f29fe1f58945339696d0,3,7,2,0,0.04499883534272406,0.26458320170791105,0.3691122690806924,8.388295383050227e-4,1.1170669477076638e-6,0.05268326387719857
60e9f29fe1f58945339696d0,3,8,2,1,0.04499883534272406,0.1133716635140436,0.3691122690806924,9.62123709919122e-5,0.04054836120188862,0.00778034438137256
60e9f29fe1f58945339696d0,3,9,3,1,0.04499883534272406,0.6200872588974398,0.3691122690806924,1.0604055063385884e-5,0.05087116631783556,9.398596375250931e-4
60e9f29fe1f58945339696d0,3,10,3,0,0.04499883534272406,0.6200872588974398,0.7296699447712232,1.128202822972456e-6,0.007703761161191128,0.043968279637651195
60e9f29fe1f58945339696d0,3,11,1,0,0.04499883534272406,0.6200872588974398,0.3126573981550236,1.1193626311406673e-7,9.340321962402112e-4,0.052605936414472046
60e9f29fe1f58945339696d0,3,12,2,0,0.01928162025462498,0.6200872588974398,0.3126573981550236,0.04084153138380083,1.0618895218187827e-4,0.0077546432651356256
60e9f29fe1f58945339696d0,3,13,2,1,0.01928162025462498,0.2657021443365296,0.3126573981550236,0.0065655281701858074,0.041864286682655,9.352539425606741e-4
60e9f29fe1f58945339696d0,3,14,1,1,0.01928162025462498,0.6853595811780882,0.3126573981550236,8.214143786959708e-4,0.051748020022396035,1.0620715333529308e-4
60e9f29fe1f58945339696d0,3,15,1,1,0.5797704713722542,0.6853595811780882,0.3126573981550236,0.042395382546864,0.007728318283085017,1.179050982959081e-5
60e9f29fe1f58945339696d0,3,16,1,1,0.8199352021757671,0.6853595811780882,0.3126573981550236,0.05195553060470434,9.34059283585231e-4,1.228115728268786e-6
60e9f29fe1f58945339696d0,3,17,2,1,0.9228437574845686,0.6853595811780882,0.3126573981550236,0.05462601279600625,1.0619111835548782e-4,1.220664995317544e-7
60e9f29fe1f58945339696d0,3,18,3,0,0.9228437574845686,0.8651792424345646,0.3126573981550236,0.00795119146838965,0.042251355208414096,1.3398842843326755e-8
60e9f29fe1f58945339696d0,3,19,2,0,0.9228437574845686,0.8651792424345646,0.13397104998511028,9.515605414565473e-4,0.006570533258772129,0.04085257137152978
60e9f29fe1f58945339696d0,3,20,1,0,0.9228437574845686,0.37072198575785864,0.13397104998511028,1.0724358531752403e-4,0.04525202925004163,0.0065655060504926695
60e9f29fe1f58945339696d0,3,21,3,0,0.39543074260450295,0.37072198575785864,0.13397104998511028,0.042687703829150395,0.0067870823310390216,8.214096997611923e-4
60e9f29fe1f58945339696d0,3,22,3,0,0.39543074260450295,0.37072198575785864,0.057405461518446256,0.006591942070995549,8.517036125030702e-4,0.04257369659200343
60e9f29fe1f58945339696d0,3,23,1,1,0.39543074260450295,0.37072198575785864,0.024597754613932436,8.279588196959732e-4,9.622371948376395e-5,0.051955512575210014
60e9f29fe1f58945339696d0,3,24,1,1,0.7409471880205062,0.37072198575785864,0.024597754613932436,0.04301558760723573,1.0604373127811403e-5,0.007753097371062956
60e9f29fe1f58945339696d0,3,25,1,1,0.8889980616959579,0.37072198575785864,0.024597754613932436,0.05232365534827374,1.128204264365852e-6,9.35233653011479e-4
60e9f29fe1f58945339696d0,4,1,1,0,0.9524366085203241,0.37072198575785864,0.024597754613932436,0,0,0
60e9f29fe1f58945339696d0,4,2,1,1,0.4081110289220719,0.37072198575785864,0.024597754613932436,0.040218302479705904,0,0
60e9f29fe1f58945339696d0,4,3,2,1,0.7463805834354419,0.37072198575785864,0.024597754613932436,0.05052670509743111,0,0
60e9f29fe1f58945339696d0,4,4,3,1,0.7463805834354419,0.7303596947498568,0.024597754613932436,0.0077021573433630405,0.040218302479705904,0
60e9f29fe1f58945339696d0,4,5,3,0,0.7463805834354419,0.7303596947498568,0.5820483899725598,9.316618587390162e-4,0.006536411441879591,0.040218302479705904
60e9f29fe1f58945339696d0,4,6,1,1,0.7463805834354419,0.7303596947498568,0.24940281081224489,1.0618892258469444e-4,8.182312605158963e-4,0.05052670509743111
60e9f29fe1f58945339696d0,4,7,1,1,0.8913262256665884,0.7303596947498568,0.24940281081224489,0.041827725449705935,9.449711687959815e-5,0.0077021573433630405
60e9f29fe1f58945339696d0,4,8,2,1,0.953434207086497,0.7303596947498568,0.24940281081224489,0.051745790541025766,1.0318934607762338e-5,9.316618587390162e-4
60e9f29fe1f58945339696d0,4,9,2,0,0.953434207086497,0.8844614103995135,0.24940281081224489,0.007728311438323355,0.040857119341945275,1.0618892258469444e-4
60e9f29fe1f58945339696d0,4,10,1,0,0.953434207086497,0.3789842316057751,0.24940281081224489,9.34059283567657e-4,0.05109551291815616,1.1783583087011833e-5
60e9f29fe1f58945339696d0,4,11,2,0,0.40853849146853066,0.3789842316057751,0.24940281081224489,0.04383657669805296,0.007707021571960112,1.2277766096852874e-6
60e9f29fe1f58945339696d0,4,12,1,0,0.40853849146853066,0.16239153698521974,0.24940281081224489,0.006621196258350531,0.04645586721961348,1.2205057720699652e-7
60e9f29fe1f58945339696d0,4,13,1,1,0.17505528730696432,0.16239153698521974,0.24940281081224489,0.045560192381382765,0.0068368166590086436,1.3395998678973986e-8
60e9f29fe1f58945339696d0,4,14,3,1,0.6465181698520129,0.16239153698521974,0.24940281081224489,0.05309289188298838,8.546263231324468e-4,1.4302724444025753e-9
60e9f29fe1f58945339696d0,4,15,1,1,0.6465181698520129,0.16239153698521974,0.6783754546541977,0.007790285398892793,9.655336233389357e-5,0.040574621897015245
60e9f29fe1f58945339696d0,4,16,3,0,0.8485360262924242,0.16239153698521974,0.6783754546541977,0.04696862649162454,1.0651846081659784e-5,0.006565501114032929
60e9f29fe1f58945339696d0,4,17,1,0,0.8485360262924242,0.16239153698521974,0.2906781430900546,0.006899635463099825,1.1293393397271657e-6,0.04443607651326158
60e9f29fe1f58945339696d0,4,18,1,1,0.36359050844637825,0.16239153698521974,0.2906781430900546,0.04650467655898777,1.1203709831663724e-7,0.0067783783082439025
60e9f29fe1f58945339696d0,4,19,3,0,0.727303917055118,0.16239153698521974,0.2906781430900546,0.05362223155234783,1.2225274746502531e-8,8.448423210279674e-4
60e9f29fe1f58945339696d0,4,20,2,1,0.727303917055118,0.16239153698521974,0.1245531251315819,0.007797793569446463,1.3093628786708437e-9,0.04303059936486017
60e9f29fe1f58945339696d0,4,21,1,0,0.727303917055118,0.6410918599733983,0.1245531251315819,9.412045673032666e-4,0.040618843551163075,0.006608597113958267
60e9f29fe1f58945339696d0,4,22,1,0,0.31164357529572073,0.6410918599733983,0.1245531251315819,0.044547699359825284,0.0065655009740206854,8.32245643820136e-4
60e9f29fe1f58945339696d0,4,23,1,0,0.13353663546693478,0.6410918599733983,0.1245531251315819,0.05294824862017844,8.214085586754555e-4,9.463410119270769e-5
60e9f29fe1f58945339696d0,4,24,1,1,0.05721931857255246,0.6410918599733983,0.1245531251315819,0.05494807684370416,9.449711734960844e-5,1.0354625201000386e-5
60e9f29fe1f58945339696d0,4,25,1,1,0.5960264541499415,0.6410918599733983,0.1245531251315819,0.05619396221500474,1.031893503500041e-5,1.118215756262677e-6
60e9f29fe1f58945339696d0,5,1,1,1,0.8269007532725884,0.6410918599733983,0.1245531251315819,0,0,0
60e9f29fe1f58945339696d0,5,2,1,0,0.9258284372026228,0.6410918599733983,0.1245531251315819,0.040218302479705904,0,0
60e9f29fe1f58945339696d0,5,3,1,1,0.39670965261429103,0.6410918599733983,0.1245531251315819,0.05052670509743111,0,0
60e9f29fe1f58945339696d0,5,4,1,1,0.7414951901406731,0.6410918599733983,0.1245531251315819,0.05443859655144682,0,0
60e9f29fe1f58945339696d0,5,5,1,1,0.8892328759686419,0.6410918599733983,0.1245531251315819,0.055485235298220026,0,0
60e9f29fe1f58945339696d0,5,6,1,1,0.9525372244497881,0.6410918599733983,0.1245531251315819,0.05606563455783403,0,0
60e9f29fe1f58945339696d0,5,7,1,1,0.9796626022102842,0.6410918599733983,0.1245531251315819,0.05638746196928386,0,0
60e9f29fe1f58945339696d0,5,8,1,1,0.9912855970988295,0.6410918599733983,0.1245531251315819,0.0565805604982416,0,0
60e9f29fe1f58945339696d0,5,9,1,0,0.9962659520786963,0.6410918599733983,0.1245531251315819,0.056879730488576336,0,0
60e9f29fe1f58945339696d0,5,10,3,1,0.4268915318409664,0.6410918599733983,0.1245531251315819,0.057055823423477606,0,0
60e9f29fe1f58945339696d0,5,11,3,1,0.4268915318409664,0.6410918599733983,0.6248784206058475,0.008054415622587493,0,0.040218302479705904
60e9f29fe1f58945339696d0,5,12,3,1,0.4268915318409664,0.6410918599733983,0.8392635768095978,9.610335348473195e-4,0,0.05052670509743111
60e9f29fe1f58945339696d0,5,13,3,1,0.4268915318409664,0.6410918599733983,0.9311258024992313,1.0731085165929493e-4,0,0.05443859655144682
60e9f29fe1f58945339696d0,5,14,3,0,0.4268915318409664,0.6410918599733983,0.9704879890424832,1.2050347954387276e-5,0,0.055485235298220026
60e9f29fe1f58945339696d0,5,15,2,1,0.4268915318409664,0.6410918599733983,0.4158458927580529,1.2467235067034035e-6,0,0.05606563455783403
60e9f29fe1f58945339696d0,5,16,2,1,0.4268915318409664,0.8462108984150235,0.4158458927580529,1.23480616451893e-7,0.040218302479705904,0.008022549126780786
60e9f29fe1f58945339696d0,5,17,2,0,0.4268915318409664,0.9341026710344122,0.4158458927580529,1.3519719348198763e-8,0.05052670509743111,9.610262776332452e-4
60e9f29fe1f58945339696d0,5,18,1,1,0.4268915318409664,0.400255091812904,0.4158458927580529,1.4465258364564125e-9,0.05443859655144682,1.073103375748459e-4
60e9f29fe1f58945339696d0,5,19,1,0,0.7549570281116652,0.400255091812904,0.4158458927580529,0.040968483077131405,0.007927389480098343,1.2049136927849008e-5
60e9f29fe1f58945339696d0,5,20,3,1,0.3232659596911708,0.400255091812904,0.4158458927580529,0.05124645764496921,9.515371976140416e-4,1.2466748449257395e-6
60e9f29fe1f58945339696d0,5,21,2,0,0.3232659596911708,0.400255091812904,0.7496949071516531,0.0077022482511509074,1.0724311637544959e-4,0.04122833996987153
60e9f29fe1f58945339696d0,5,22,3,0,0.3232659596911708,0.1715059206303708,0.7496949071516531,9.340317842763688e-4,0.04235230857928989,0.0065656790049339765
60e9f29fe1f58945339696d0,5,23,1,0,0.3232659596911708,0.1715059206303708,0.3212379251263192,1.0618892265196692e-4,0.0065919419683714,0.04522234796054384
60e9f29fe1f58945339696d0,5,24,2,0,0.13851672885769362,0.1715059206303708,0.3212379251263192,0.04211096439199841,8.279587893840672e-4,0.006778384549012648
60e9f29fe1f58945339696d0,5,25,1,1,0.13851672885769362,0.07348883604407343,0.3212379251263192,0.0065705321193712946,0.04295538454351068,8.507779477234646e-4
60e9f29fe1f58945339696d0,6,1,1,0,0.630861706674117,0.07348883604407343,0.3212379251263192,0,0,0
60e9f29fe1f58945339696d0,6,2,3,0,0.27031890405986003,0.07348883604407343,0.3212379251263192,0.040218302479705904,0,0
60e9f29fe1f58945339696d0,6,3,3,1,0.27031890405986003,0.07348883604407343,0.13764773320295431,0.006536411441879591,0,0.040218302479705904
60e9f29fe1f58945339696d0,6,4,3,0,0.27031890405986003,0.07348883604407343,0.6304893493873047,8.182312605158963e-4,0,0.05052670509743111
60e9f29fe1f58945339696d0,6,5,1,1,0.27031890405986003,0.07348883604407343,0.2701593521123699,9.449711687959815e-5,0,0.05443859655144682
60e9f29fe1f58945339696d0,6,6,1,1,0.6873378236634258,0.07348883604407343,0.2701593521123699,0.04107535520666332,0,0.007927389480098343
60e9f29fe1f58945339696d0,6,7,1,0,0.8660269026045144,0.07348883604407343,0.2701593521123699,0.0514396007680736,0,9.515371976140416e-4
60e9f29fe1f58945339696d0,6,8,1,0,0.37108520096995246,0.07348883604407343,0.2701593521123699,0.05460765861645615,0,1.0724311637544959e-4
60e9f29fe1f58945339696d0,6,9,3,0,0.15900686918210333,0.07348883604407343,0.2701593521123699,0.05560530605970887,0,1.2007587992813007e-5
60e9f29fe1f58945339696d0,6,10,2,0,0.15900686918210333,0.07348883604407343,0.11576099679004517,0.008002665112286152,0,0.041515571904583534
60e9f29fe1f58945339696d0,6,11,2,1,0.15900686918210333,0.031489344534033015,0.11576099679004517,9.594035131675783e-4,0.040218302479705904,0.006566454680058053
60e9f29fe1f58945339696d0,6,12,3,1,0.15900686918210333,0.5850013779516741,0.11576099679004517,1.0730497153142634e-4,0.05052670509743111,8.276412927446944e-4
60e9f29fe1f58945339696d0,6,13,3,0,0.15900686918210333,0.5850013779516741,0.6211110679935069,1.2043272770108585e-5,0.0077021573433630405,0.042819150184899776
60e9f29fe1f58945339696d0,6,14,1,0,0.15900686918210333,0.5850013779516741,0.2661408378733246,1.246379154760393e-6,9.316618587390162e-4,0.05195595153393595
60e9f29fe1f58945339696d0,6,15,3,1,0.06813309823951597,0.5850013779516741,0.2661408378733246,0.041227908578531716,1.0618892258469444e-4,0.007753101249674389
60e9f29fe1f58945339696d0,6,16,3,1,0.06813309823951597,0.5850013779516741,0.6855475576475386,0.006565678825878564,1.1783583087011833e-5,0.04672400510680011
60e9f29fe1f58945339696d0,6,17,3,1,0.06813309823951597,0.5850013779516741,0.8652597887615823,8.246520600235052e-4,1.2277766096852874e-6,0.05367023796292675
60e9f29fe1f58945339696d0,6,18,3,1,0.06813309823951597,0.5850013779516741,0.9422649593912059,9.449738665057262e-5,1.2205057720699652e-7,0.05527532686437815
60e9f29fe1f58945339696d0,6,19,3,1,0.06813309823951597,0.5850013779516741,0.9752610235338846,1.0319053801105136e-5,1.3395998678973986e-8,0.05650575535630921
60e9f29fe1f58945339696d0,6,20,3,1,0.06813309823951597,0.5850013779516741,0.9893995578719881,1.11706840567381e-6,1.4302724444025753e-9,0.056871214131687185
60e9f29fe1f58945339696d0,6,21,3,0,0.06813309823951597,0.5850013779516741,0.9954578002251179,1.1089593974972275e-7,1.4757772002597275e-10,0.05705576896194639
60e9f29fe1f58945339696d0,6,22,1,0,0.06813309823951597,0.5850013779516741,0.4265452456082637,1.2115869991100672e-8,1.523497296995724e-11,0.057198416777349104
60e9f29fe1f58945339696d0,6,23,2,1,0.029194456193386432,0.5850013779516741,0.4265452456082637,0.040645899206163516,1.5646949779044798e-12,0.008053463557989016
60e9f29fe1f58945339696d0,6,24,2,1,0.029194456193386432,0.822176601393398,0.4265452456082637,0.006565505083746809,0.04054954974298901,9.610334759027814e-4
60e9f29fe1f58945339696d0,6,25,2,0,0.029194456193386432,0.9238041780880867,0.4265452456082637,8.214094695040301e-4,0.05064829450085573,1.0731084805210968e-4
6661b6019ab530fb44632cc2,1,1,1,0,0.5,0.5,0.5,0,0,0
6661b6019ab530fb44632cc2,1,2,3,0,0.07030846560479376,0.5,0.5,-0.18877679859110555,0,0
6661b6019ab530fb44632cc2,1,3,2,1,0.07030846560479376,0.5,0.07030846560479376,-0.065045590384754,0,-0.18877679859110555
6661b6019ab530fb44632cc2,1,4,2,0,0.07030846560479376,0.9296915343952062,0.07030846560479376,-0.022314913419365312,-0.18877679859110555,-0.065045590384754
6661b6019ab530fb44632cc2,1,5,1,0,0.07030846560479376,0.13073037025483297,0.07030846560479376,-0.007781653050023134,-0.2655980616686537,-0.022314913419365312
6661b6019ab530fb44632cc2,1,6,3,0,0.009886560954754587,0.13073037025483297,0.07030846560479376,-0.2037106435681289,-0.08794591764170445,-0.007781653050023134
6661b6019ab530fb44632cc2,1,7,1,1,0.009886560954754587,0.13073037025483297,0.009886560954754587,-0.06776929600892048,-0.02990948298022642,-0.2037106435681289
6661b6019ab530fb44632cc2,1,8,1,1,0.8607732867317752,0.13073037025483297,0.009886560954754587,-0.23146327013224205,-0.010511971944722615,-0.06776929600892048
6661b6019ab530fb44632cc2,1,9,1,0,0.9804223662879261,0.13073037025483297,0.009886560954754587,-0.2846289750903907,-0.0036192785218310142,-0.023037734744541953
6661b6019ab530fb44632cc2,1,10,2,1,0.1378639842804244,0.13073037025483297,0.009886560954754587,-0.30605523170723403,-0.0012461250471699934,-0.007973785431875383
6661b6019ab530fb44632cc2,1,11,2,0,0.1378639842804244,0.8777659727585589,0.009886560954754587,-0.10181766318408447,-0.2017889341111408,-0.0027207097067141585
6661b6019ab530fb44632cc2,1,12,3,0,0.1378639842804244,0.12342875698536859,0.009886560954754587,-0.03379318153566465,-0.2720967806415502,-9.402497742302076e-4
6661b6019ab530fb44632cc2,1,13,2,1,0.1378639842804244,0.12342875698536859,0.001390217941362762,-0.01164010071528097,-0.09021325907597616,-0.19902500005826235
6661b6019ab530fb44632cc2,1,14,3,1,0.1378639842804244,0.8767392422585043,0.001390217941362762,-0.004075334735826919,-0.245827427744019,-0.06673936603869361
6661b6019ab530fb44632cc2,1,15,1,0,0.1378639842804244,0.8767392422585043,0.8595785569878478,-0.001357976794962086,-0.08046731801352547,-0.2305483159418335
6661b6019ab530fb44632cc2,1,16,3,1,0.019386010927484605,0.8767392422585043,0.8595785569878478,-0.20579450223440554,-0.026602217701025502,-0.07600397136981207
6661b6019ab530fb44632cc2,1,17,2,0,0.019386010927484605,0.8767392422585043,0.9802543670440533,-0.06816961658799794,-0.009263016543446842,-0.23901544917642062
6661b6019ab530fb44632cc2,1,18,3,1,0.019386010927484605,0.12328438128221209,0.9802543670440533,-0.022804711078948166,-0.21422019513205137,-0.0783771218562078
6661b6019ab530fb44632cc2,1,19,3,0,0.019386010927484605,0.12328438128221209,0.9972234295301206,-0.007865944578866756,-0.06983782062793428,-0.24153826706081175
6661b6019ab530fb44632cc2,1,20,1,0,0.019386010927484605,0.12328438128221209,0.14022649835730266,-0.0026750905308107996,-0.023090638236904153,-0.2888266760369883
6661b6019ab530fb44632cc2,1,21,1,1,0.0027260015181863953,0.12328438128221209,0.14022649835730266,-0.2027713295093208,-0.008015611369192814,-0.0955356576856807
6661b6019ab530fb44632cc2,1,22,3,0,0.8597663907908968,0.12328438128221209,0.14022649835730266,-0.2729528452801845,-0.002744406366918308,-0.03188434236463644
6661b6019ab530fb44632cc2,1,23,1,1,0.8597663907908968,0.12328438128221209,0.01971822043369003,-0.09051313871788363,-9.420874693165764e-4,-0.22869683336799423
6661b6019ab530fb44632cc2,1,24,1,0,0.9802807796599824,0.12328438128221209,0.01971822043369003,-0.24654489303442667,-3.1161356834786744e-4,-0.07447061463809973
6661b6019ab530fb44632cc2,1,25,1,0,0.13784407480122884,0.12328438128221209,0.01971822043369003,-0.2915488533513735,-1.053705332810363e-4,-0.024115203788882225
6661b6019ab530fb44632cc2,2,1,1,0,0.019383211317246296,0.12328438128221209,0.01971822043369003,0,0,0
6661b6019ab530fb44632cc2,2,2,3,0,0.002725607845522532,0.12328438128221209,0.01971822043369003,-0.18877679859110555,0,0
6661b6019ab530fb44632cc2,2,3,3,1,0.002725607845522532,0.12328438128221209,0.002772715804571578,-0.065045590384754,0,-0.18877679859110555
6661b6019ab530fb44632cc2,2,4,2,0,0.002725607845522532,0.12328438128221209,0.8597729596113979,-0.022314913419365312,0,-0.2655980616686537
6661b6019ab530fb44632cc2,2,5,3,1,0.002725607845522532,0.017335871797635724,0.8597729596113979,-0.007781653050023134,-0.18877679859110555,-0.08794591764170445
6661b6019ab530fb44632cc2,2,6,3,0,0.002725607845522532,0.017335871797635724,0.9802817033475167,-0.0026421320117673034,-0.065045590384754,-0.2434539908310941
6661b6019ab530fb44632cc2,2,7,3,1,0.002725607845522532,0.017335871797635724,0.1378442046873607,-9.257188672829903e-4,-0.022314913419365312,-0.2898855027776488
6661b6019ab530fb44632cc2,2,8,3,1,0.002725607845522532,0.017335871797635724,0.8787662983718522,-3.039203984688752e-4,-0.007781653050023134,-0.30792580659899754
6661b6019ab530fb44632cc2,2,9,2,1,0.002725607845522532,0.017335871797635724,0.9829524885042689,-1.0344988571456043e-4,-0.0026421320117673034,-0.3155927517773731
6661b6019ab530fb44632cc2,2,10,3,1,0.002725607845522532,0.8618207860135659,0.9829524885042689,-3.5027946580941656e-5,-0.1991682568679291,-0.10527490953836918
6661b6019ab530fb44632cc2,2,11,1,1,0.002725607845522532,0.8618207860135659,0.9976028311218466,-1.2173871241012494e-5,-0.06685501478549932,-0.2573589803051491
6661b6019ab530fb44632cc2,2,12,1,0,0.8597663354338443,0.8618207860135659,0.9976028311218466,-0.1916775087506794,-0.022792431652810807,-0.08410853139814045
6661b6019ab530fb44632cc2,2,13,3,0,0.12089770308542935,0.8618207860135659,0.9976028311218466,-0.2676544974617175,-0.007870261128259197,-0.027321199818171327
6661b6019ab530fb44632cc2,2,14,3,1,0.12089770308542935,0.8618207860135659,0.14027984865085036,-0.08832286078674018,-0.0026637894389633784,-0.22852521491774064
6661b6019ab530fb44632cc2,2,15,2,1,0.12089770308542935,0.8618207860135659,0.8791087911797223,-0.029985436136272046,-9.296388954852625e-4,-0.2841640962277635
6661b6019ab530fb44632cc2,2,16,2,1,0.12089770308542935,0.9805696624338305,0.8791087911797223,-0.010511992484563932,-0.1981954679250524,-0.09377609837537967
6661b6019ab530fb44632cc2,2,17,2,1,0.12089770308542935,0.9972677654050573,0.8791087911797223,-0.003638364795774919,-0.27075981987562137,-0.031060736041372515
6661b6019ab530fb44632cc2,2,18,2,0,0.12089770308542935,0.9996158015232451,0.8791087911797223,-0.0012461297475714547,-0.29969761937924483,-0.01082054907033533
6661b6019ab530fb44632cc2,2,19,3,1,0.12089770308542935,0.1405629063926686,0.8791087911797223,-4.1030971748311944e-4,-0.3115509073606627,-0.0037092057049902738
6661b6019ab530fb44632cc2,2,20,3,1,0.12089770308542935,0.1405629063926686,0.9830006487972193,-1.3939682109469402e-4,-0.1037193469576069,-0.20960242361282944
6661b6019ab530fb44632cc2,2,21,3,0,0.12089770308542935,0.1405629063926686,0.9976096032753934,-4.7128104949728975e-5,-0.034485929315027114,-0.27557366886761314
6661b6019ab530fb44632cc2,2,22,2,0,0.12089770308542935,0.1405629063926686,0.14028080093046003,-1.6122991588306425e-5,-0.011956285447705897,-0.3019384721552303
6661b6019ab530fb44632cc2,2,23,1,1,0.12089770308542935,0.019765525104463444,0.14028080093046003,-5.488789425174035e-6,-0.21930436181517415,-0.10022608964061241
6661b6019ab530fb44632cc2,2,24,1,0,0.8763833331969808,0.019765525104463444,0.14028080093046003,-0.19322747259561068,-0.07086627337715162,-0.033435015434662575
6661b6019ab530fb44632cc2,2,25,2,0,0.12323433443662413,0.019765525104463444,0.14028080093046003,-0.2678009778126873,-0.023204745929176998,-0.011533681118920416
6661b6019ab530fb44632cc2,3,1,3,1,0.12323433443662413,0.0027793676431303142,0.14028080093046003,0,0,0
6661b6019ab530fb44632cc2,3,2,2,1,0.12323433443662413,0.0027793676431303142,0.879108925086385,0,0,-0.18877679859110555
6661b6019ab530fb44632cc2,3,3,2,1,0.12323433443662413,0.8597738949726794,0.879108925086385,0,-0.18877679859110555,-0.065045590384754
6661b6019ab530fb44632cc2,3,4,3,0,0.12323433443662413,0.9802818348751755,0.879108925086385,0,-0.2655980616686537,-0.022314913419365312
6661b6019ab530fb44632cc2,3,5,3,0,0.12323433443662413,0.9802818348751755,0.12361759883635504,0,-0.08794591764170445,-0.21215605962549974
6661b6019ab530fb44632cc2,3,6,1,0,0.12323433443662413,0.9802818348751755,0.017382727832656486,0,-0.02990948298022642,-0.2755571138879568
6661b6019ab530fb44632cc2,3,7,2,1,0.01732883436280793,0.9802818348751755,0.017382727832656486,-0.18877679859110555,-0.010511971944722615,-0.09179953042388012
6661b6019ab530fb44632cc2,3,8,2,1,0.01732883436280793,0.997227291972793,0.017382727832656486,-0.065045590384754,-0.21208051075531717,-0.03071576470620944
6661b6019ab530fb44632cc2,3,9,3,1,0.01732883436280793,0.999610110272644,0.017382727832656486,-0.022314913419365312,-0.27600934260111354,-0.010715363930960654
6661b6019ab530fb44632cc2,3,10,3,0,0.01732883436280793,0.999610110272644,0.8618273747663296,-0.007781653050023134,-0.09136397989367923,-0.2146280102355837
6661b6019ab530fb44632cc2,3,11,2,1,0.01732883436280793,0.999610110272644,0.12118752013376671,-0.0026421320117673034,-0.030487995519572313,-0.2779806896249575
6661b6019ab530fb44632cc2,3,12,1,1,0.01732883436280793,0.9999451748967569,0.12118752013376671,-9.257188672829903e-4,-0.22573005617874561,-0.09175983205991911
6661b6019ab530fb44632cc2,3,13,3,1,0.86181979643091,0.9999451748967569,0.12118752013376671,-0.19624878754289504,-0.07388870172371584,-0.030624878819665406
6661b6019ab530fb44632cc2,3,14,2,0,0.86181979643091,0.9999451748967569,0.8764240863852341,-0.06643689503197459,-0.023973500064704653,-0.22633152169144038
6661b6019ab530fb44632cc2,3,15,1,1,0.86181979643091,0.14060922187071334,0.8764240863852341,-0.022666600818648887,-0.22191913391418777,-0.0739879203479455
6661b6019ab530fb44632cc2,3,16,3,0,0.9805695232817268,0.14060922187071334,0.8764240863852341,-0.21413334259341027,-0.07197681281391449,-0.023977342568102487
6661b6019ab530fb44632cc2,3,17,1,1,0.9805695232817268,0.14060922187071334,0.12324006502566276,-0.07043162036931712,-0.02364067465636814,-0.22217330233618482
6661b6019ab530fb44632cc2,3,18,2,0,0.9972677458379111,0.14060922187071334,0.12324006502566276,-0.2345825792674019,-0.008262727187617058,-0.07211099279229846
6661b6019ab530fb44632cc2,3,19,3,0,0.9972677458379111,0.019772037845748873,0.12324006502566276,-0.077687063612895,-0.21127576688394445,-0.02364067509493262
6661b6019ab530fb44632cc2,3,20,1,0,0.9972677458379111,0.019772037845748873,0.01732964018078386,-0.025376315017822806,-0.06930423562457153,-0.22100209276377913
6661b6019ab530fb44632cc2,3,21,2,0,0.14023272998135988,0.019772037845748873,0.01732964018078386,-0.22214270963581895,-0.02306177281287386,-0.0718785250415575
6661b6019ab530fb44632cc2,3,22,3,1,0.14023272998135988,0.0027802834449757695,0.01732964018078386,-0.07240755453966072,-0.21866900229436026,-0.023615813742484275
6661b6019ab530fb44632cc2,3,23,1,1,0.14023272998135988,0.0027802834449757695,0.8618199097425827,-0.023681830590469074,-0.0714894388424997,-0.22074820624173974
6661b6019ab530fb44632cc2,3,24,1,0,0.879102165496099,0.0027802834449757695,0.8618199097425827,-0.2208230985260612,-0.02355694782598417,-0.07181506349875588
6661b6019ab530fb44632cc2,3,25,3,0,0.1236166483233529,0.0027802834449757695,0.8618199097425827,-0.2807704663339168,-0.008217056011224001,-0.02361302877254473
6661b6019ab530fb44632cc2,4,1,3,1,0.1236166483233529,0.0027802834449757695,0.12118647042485753,0,0,0
6661b6019ab530fb44632cc2,4,2,2,0,0.1236166483233529,0.0027802834449757695,0.8764239387783592,0,0,-0.18877679859110555
6661b6019ab530fb44632cc2,4,3,2,1,0.1236166483233529,3.9095495953712055e-4,0.8764239387783592,0,-0.18877679859110555,-0.065045590384754
6661b6019ab530fb44632cc2,4,4,3,0,0.1236166483233529,0.8594380436833657,0.8764239387783592,0,-0.2655980616686537,-0.022314913419365312
6661b6019ab530fb44632cc2,4,5,1,0,0.1236166483233529,0.8594380436833657,0.12324004426963225,0,-0.08794591764170445,-0.21215605962549974
6661b6019ab530fb44632cc2,4,6,3,1,0.017382594174408746,0.8594380436833657,0.12324004426963225,-0.18877679859110555,-0.02990948298022642,-0.0699298085737077
6661b6019ab530fb44632cc2,4,7,1,0,0.017382594174408746,0.8594380436833657,0.8767127060525464,-0.065045590384754,-0.010511971944722615,-0.23384919506799887
6661b6019ab530fb44632cc2,4,8,3,1,0.0024442871813003583,0.8594380436833657,0.8767127060525464,-0.22791082039932373,-0.0036192785218310142,-0.07745251602457588
6661b6019ab530fb44632cc2,4,9,1,0,0.0024442871813003583,0.8594380436833657,0.9826637186322493,-0.07487885882755255,-0.0012461250471699934,-0.24011782358064226
6661b6019ab530fb44632cc2,4,10,3,1,3.437081908463564e-4,0.8594380436833657,0.9826637186322493,-0.23760974985756778,-4.1030894145186445e-4,-0.07857484140146509
6661b6019ab530fb44632cc2,4,11,3,1,3.437081908463564e-4,0.8594380436833657,0.9975622251843428,-0.07829578104753643,-1.393964262032776e-4,-0.2416153818939274
6661b6019ab530fb44632cc2,4,12,2,1,3.437081908463564e-4,0.8594380436833657,0.9996572075581773,-0.0257361127660972,-4.7127886109167404e-5,-0.2890014477372219
6661b6019ab530fb44632cc2,4,13,2,1,3.437081908463564e-4,0.9802346084923392,0.9996572075581773,-0.00896862484040917,-0.19430991863155422,-0.09577594984594284
6661b6019ab530fb44632cc2,4,14,3,0,3.437081908463564e-4,0.9972206511428463,0.9996572075581773,-0.0030981113359579105,-0.2694086638380818,-0.03192013147715163
6661b6019ab530fb44632cc2,4,15,1,0,3.437081908463564e-4,0.9972206511428463,0.14056872878302057,-0.00105014258661736,-0.08906363223488911,-0.2286968333681071
6661b6019ab530fb44632cc2,4,16,3,1,4.833119640951599e-5,0.9972206511428463,0.14056872878302057,-0.20181535127796005,-0.02998562082449068,-0.07456581901682016
6661b6019ab530fb44632cc2,4,17,2,0,4.833119640951599e-5,0.9972206511428463,0.8791494126216735,-0.0671287968139416,-0.010512057081744911,-0.24057047618411861
6661b6019ab530fb44632cc2,4,18,3,1,4.833119640951599e-5,0.1402261076689476,0.8791494126216735,-0.022736853016678108,-0.21284651555766038,-0.07833061411933043
6661b6019ab530fb44632cc2,4,19,3,1,4.833119640951599e-5,0.1402261076689476,0.9830063608604931,-0.007855020857516317,-0.06984274345155411,-0.2422174873592053
6661b6019ab530fb44632cc2,4,20,1,0,4.833119640951599e-5,0.1402261076689476,0.9976104064883324,-0.002671599561954268,-0.02313490411298716,-0.29019938289467295
6661b6019ab530fb44632cc2,4,21,3,0,6.796185472249986e-6,0.1402261076689476,0.9976104064883324,-0.20247967908656628,-0.008008633045410406,-0.09591272133139594
6661b6019ab530fb44632cc2,4,22,2,0,6.796185472249986e-6,0.1402261076689476,0.14028091387582026,-0.06714075131808414,-0.0027517773678534625,-0.25186287238814287
6661b6019ab530fb44632cc2,4,23,1,1,6.796185472249986e-6,0.01971816549628208,0.14028091387582026,-0.02281608648383713,-0.20347043592414038,-0.0822876967437686
6661b6019ab530fb44632cc2,4,24,3,0,0.8593840244493187,0.01971816549628208,0.14028091387582026,-0.21574410019120915,-0.0673976592375294,-0.026990716831419348
6661b6019ab530fb44632cc2,4,25,1,1,0.8593840244493187,0.01971816549628208,0.019725872178005997,-0.07109037787680023,-0.02281776554128584,-0.22700489855697584
6661b6019ab530fb44632cc2,5,1,1,0,0.98022701247234,0.01971816549628208,0.019725872178005997,0,0,0
6661b6019ab530fb44632cc2,5,2,3,0,0.1378365142232295,0.01971816549628208,0.019725872178005997,-0.18877679859110555,0,0
6661b6019ab530fb44632cc2,5,3,2,0,0.1378365142232295,0.01971816549628208,0.0027737917695600574,-0.065045590384754,0,-0.18877679859110555
6661b6019ab530fb44632cc2,5,4,2,0,0.1378365142232295,0.002772708079440179,0.0027737917695600574,-0.022314913419365312,-0.18877679859110555,-0.065045590384754
6661b6019ab530fb44632cc2,5,5,3,0,0.1378365142232295,3.8988973470080826e-4,0.0027737917695600574,-0.007781653050023134,-0.2655980616686537,-0.022314913419365312
6661b6019ab530fb44632cc2,5,6,3,0,0.1378365142232295,3.8988973470080826e-4,3.9004211991037715e-4,-0.0026421320117673034,-0.08794591764170445,-0.21215605962549974
6661b6019ab530fb44632cc2,5,7,1,1,0.1378365142232295,3.8988973470080826e-4,5.484653222131034e-5,-9.257188672829903e-4,-0.02990948298022642,-0.2755571138879568
6661b6019ab530fb44632cc2,5,8,1,0,0.8787652169622009,3.8988973470080826e-4,5.484653222131034e-5,-0.19624878754289504,-0.010511971944722615,-0.09179953042388012
6661b6019ab530fb44632cc2,5,9,2,1,0.12356926764931936,3.8988973470080826e-4,5.484653222131034e-5,-0.26983220100991206,-0.0036192785218310142,-0.03071576470620944
6661b6019ab530fb44632cc2,5,10,2,1,0.12356926764931936,0.8594378938946884,5.484653222131034e-5,-0.088999003127682,-0.20561354584258704,-0.010715363930960654
6661b6019ab530fb44632cc2,5,11,3,0,0.12356926764931936,0.9802345874295102,5.484653222131034e-5,-0.030020705259658047,-0.2731655788136196,-0.003701799289138311
6661b6019ab530fb44632cc2,5,12,2,0,0.12356926764931936,0.9802345874295102,7.712352152145e-6,-0.010516371800858293,-0.09071714124661856,-0.20727186837999306
6661b6019ab530fb44632cc2,5,13,3,0,0.12356926764931936,0.13783757939064267,7.712352152145e-6,-0.003645367512910237,-0.24626985199680254,-0.06868854396615331
6661b6019ab530fb44632cc2,5,14,3,1,0.12356926764931936,0.13783757939064267,1.0844874783226438e-6,-0.001246521243402817,-0.08056873913380677,-0.23347864624936104
6661b6019ab530fb44632cc2,5,15,3,0,0.12356926764931936,0.13783757939064267,0.8593832212877441,-4.104118595375789e-4,-0.026722601534015893,-0.2858354612409695
6661b6019ab530fb44632cc2,5,16,2,1,0.12356926764931936,0.13783757939064267,0.12084383074379007,-1.3943212991847966e-4,-0.009264252306328543,-0.30666005274755265
6661b6019ab530fb44632cc2,5,17,3,0,0.12356926764931936,0.8787653667428037,0.12084383074379007,-4.7144802474878304e-5,-0.21422110584552412,-0.10183463260804866
6661b6019ab530fb44632cc2,5,18,2,0,0.12356926764931936,0.8787653667428037,0.01699268904213337,-1.6127875543326896e-5,-0.06991812327829336,-0.2550023376163816
6661b6019ab530fb44632cc2,5,19,3,0,0.12356926764931936,0.12356928871101291,0.01699268904213337,-5.490307093409402e-6,-0.23540346881955423,-0.08344603194656162
6661b6019ab530fb44632cc2,5,20,2,1,0.12356926764931936,0.12356928871101291,0.002389459911864269,-1.8728058673593752e-6,-0.07759587045947651,-0.24734339205274425
6661b6019ab530fb44632cc2,5,21,1,0,0.12356926764931936,0.8767590034005464,0.002389459911864269,-6.285903958828539e-7,-0.2413341144136818,-0.08034222185438045
6661b6019ab530fb44632cc2,5,22,1,1,0.01737593164850236,0.8767590034005464,0.002389459911864269,-0.1929962202190128,-0.0787282025645677,-0.02636550971098053
6661b6019ab530fb44632cc2,5,23,1,0,0.8618264191076088,0.8767590034005464,0.002389459911864269,-0.26776739531684746,-0.025794934059024846,-0.009144393622723963
6661b6019ab530fb44632cc2,5,24,2,1,0.1211873857519436,0.8767590034005464,0.002389459911864269,-0.29733621656704734,-0.009094532170507909,-0.003119796608451657
6661b6019ab530fb44632cc2,5,25,3,0,0.1211873857519436,0.9826702288241429,0.002389459911864269,-0.09898309894742743,-0.21365085071366963,-0.0010608229751526343
6661b6019ab530fb44632cc2,6,1,3,0,0.1211873857519436,0.9826702288241429,3.3599854736864813e-4,0,0,0
6661b6019ab530fb44632cc2,6,2,3,0,0.1211873857519436,0.9826702288241429,4.7247089816788626e-5,0,0,-0.18877679859110555
6661b6019ab530fb44632cc2,6,3,1,0,0.1211873857519436,0.9826702288241429,6.643741699528527e-6,0,0,-0.2655980616686537
6661b6019ab530fb44632cc2,6,4,1,1,0.01704099869845776,0.9826702288241429,6.643741699528527e-6,-0.18877679859110555,0,-0.08794591764170445
6661b6019ab530fb44632cc2,6,5,3,1,0.8617793218588475,0.9826702288241429,6.643741699528527e-6,-0.2655980616686537,0,-0.02990948298022642
6661b6019ab530fb44632cc2,6,6,2,0,0.8617793218588475,0.9826702288241429,0.8593840030131383,-0.08794591764170445,0,-0.22283995318721345
6661b6019ab530fb44632cc2,6,7,1,1,0.8617793218588475,0.13818007183728798,0.8593840030131383,-0.02990948298022642,-0.18877679859110555,-0.07325865839505208
6661b6019ab530fb44632cc2,6,8,3,0,0.9805638318708507,0.13818007183728798,0.8593840030131383,-0.22283995318721345,-0.065045590384754,-0.023902907460324925
6661b6019ab530fb44632cc2,6,9,3,1,0.9805638318708507,0.13818007183728798,0.12084394066763682,-0.07325865839505208,-0.022314913419365312,-0.22108076120243797
6661b6019ab530fb44632cc2,6,10,1,0,0.9805638318708507,0.13818007183728798,0.8763757732897033,-0.023902907460324925,-0.007781653050023134,-0.2807071192282389
6661b6019ab530fb44632cc2,6,11,1,0,0.1378838767386371,0.13818007183728798,0.8763757732897033,-0.22108076120243797,-0.0026421320117673034,-0.0926267643447308
6661b6019ab530fb44632cc2,6,12,3,1,0.019388808144283946,0.13818007183728798,0.8763757732897033,-0.2807071192282389,-9.257188672829903e-4,-0.03085018766952765
6661b6019ab530fb44632cc2,6,13,2,1,0.019388808144283946,0.13818007183728798,0.9826163401758936,-0.0926267643447308,-3.039203984688752e-4,-0.22694200760061348
6661b6019ab530fb44632cc2,6,14,2,1,0.019388808144283946,0.8788135269849597,0.9826163401758936,-0.03085018766952765,-0.19450854131781603,-0.07413581592352561
6661b6019ab530fb44632cc2,6,15,3,1,0.019388808144283946,0.9829591296478295,0.9826163401758936,-0.010717840455264745,-0.269333881695929,-0.023999048178750863
6661b6019ab530fb44632cc2,6,16,3,0,0.019388808144283946,0.9829591296478295,0.9975555629702795,-0.0037025886109617713,-0.08871987985251051,-0.2222845708395484
6661b6019ab530fb44632cc2,6,17,3,0,0.019388808144283946,0.9829591296478295,0.14027320194751136,-0.001257700394693534,-0.02998728196601933,-0.28111059001745264
6661b6019ab530fb44632cc2,6,18,1,1,0.019388808144283946,0.9829591296478295,0.019724787750127225,-4.170239797061052e-4,-0.010512618463955068,-0.3034312110056005
6661b6019ab530fb44632cc2,6,19,3,0,0.8621094636447046,0.9829591296478295,0.019724787750127225,-0.2003456407548658,-0.003641213778820326,-0.10099712726284815
6661b6019ab530fb44632cc2,6,20,3,0,0.8621094636447046,0.9829591296478295,0.002773639280609065,-0.06707698128687073,-0.0012462557592995622,-0.25448391573614887
6661b6019ab530fb44632cc2,6,21,2,1,0.8621094636447046,0.9829591296478295,3.9002067737713337e-4,-0.022722495929239403,-4.1033516907971004e-4,-0.2955660405471943
6661b6019ab530fb44632cc2,6,22,2,0,0.8621094636447046,0.99760376497923,3.9002067737713337e-4,-0.007818263651664326,-0.19897592484508808,-0.09801610677982285
6661b6019ab530fb44632cc2,6,23,2,0,0.8621094636447046,0.1402799799670355,3.9002067737713337e-4,-0.002670151522755027,-0.2714164165963643,-0.03232957893515984
6661b6019ab530fb44632cc2,6,24,3,1,0.8621094636447046,0.01972574085459293,3.9002067737713337e-4,-9.26053069315382e-4,-0.2999052765423232,-0.011133132169521793
6661b6019ab530fb44632cc2,6,25,3,0,0.8621094636447046,0.01972574085459293,0.8594379123074498,-3.0403032027701655e-4,-0.09929147980627492,-0.2186228098643711
66912a96b8dba143ceba8276,1,1,2,0,0.5,0.5,0.5,0,0,0
66912a96b8dba143ceba8276,1,2,3,0,0.5,0.1450526982049906,0.5,0,-0.13592686953542907,0
66912a96b8dba143ceba8276,1,3,1,0,0.5,0.1450526982049906,0.1450526982049906,0,-0.02962628867710416,-0.13592686953542907
66912a96b8dba143ceba8276,1,4,2,0,0.1450526982049906,0.1450526982049906,0.1450526982049906,-0.13592686953542907,-0.006516716684582105,-0.02962628867710416
66912a96b8dba143ceba8276,1,5,2,0,0.1450526982049906,0.042080570539955287,0.1450526982049906,-0.02962628867710416,-0.14388729904909947,-0.006516716684582105
66912a96b8dba143ceba8276,1,6,1,0,0.1450526982049906,0.012207800613235861,0.1450526982049906,-0.006516716684582105,-0.17652272361328536,-0.0015078402139088619
66912a96b8dba143ceba8276,1,7,3,0,0.042080570539955287,0.012207800613235861,0.1450526982049906,-0.14388729904909947,-0.03759178881559761,-3.197770935422211e-4
66912a96b8dba143ceba8276,1,8,1,1,0.042080570539955287,0.012207800613235861,0.042080570539955287,-0.03134225127399471,-0.008134438885987565,-0.13880817839456672
66912a96b8dba143ceba8276,1,9,1,1,0.7221024042032547,0.012207800613235861,0.042080570539955287,-0.15400815382407304,-0.00185140922609807,-0.030164689299023342
66912a96b8dba143ceba8276,1,10,1,1,0.9193804077630676,0.012207800613235861,0.042080570539955287,-0.17965944647529708,-3.885296576987926e-4,-0.00652189557504022
66912a96b8dba143ceba8276,1,11,1,0,0.9766118212071488,0.012207800613235861,0.042080570539955287,-0.18961096460797702,-8.277532723786099e-5,-0.001516650116501895
66912a96b8dba143ceba8276,1,12,3,1,0.28332035951736184,0.012207800613235861,0.042080570539955287,-0.1927411419783766,-1.8593380551470876e-5,-3.1985701250991953e-4
66912a96b8dba143ceba8276,1,13,3,1,0.28332035951736184,0.012207800613235861,0.7221024042032547,-0.04104654648124062,-4.043098398737817e-6,-0.139854841745149
66912a96b8dba143ceba8276,1,14,3,1,0.28332035951736184,0.012207800613235861,0.9193804077630676,-0.0087318205061163,-8.543219105838036e-7,-0.17436128246235627
66912a96b8dba143ceba8276,1,15,3,0,0.28332035951736184,0.012207800613235861,0.9766118212071488,-0.0019266807888018316,-1.8330094559552636e-7,-0.18591843849388373
66912a96b8dba143ceba8276,1,16,1,0,0.28332035951736184,0.012207800613235861,0.28332035951736184,-4.131154028359454e-4,-3.7297700259474016e-8,-0.19156615313970932
66912a96b8dba143ceba8276,1,17,3,0,0.08219276525760578,0.012207800613235861,0.28332035951736184,-0.14431818374664196,-7.984577185484672e-9,-0.04094769708857572
66912a96b8dba143ceba8276,1,18,2,0,0.08219276525760578,0.012207800613235861,0.08219276525760578,-0.030930738862919388,-1.7948658147864324e-9,-0.16346786749620412
66912a96b8dba143ceba8276,1,19,1,1,0.08219276525760578,0.0035415488429782855,0.08219276525760578,-0.006634441245805974,-0.13682005509635947,-0.034368863782944
66912a96b8dba143ceba8276,1,20,1,0,0.7337391683664867,0.0035415488429782855,0.08219276525760578,-0.1451395890562182,-0.02974936638962091,-0.007259529348512897
66912a96b8dba143ceba8276,1,21,1,1,0.21286169225970908,0.0035415488429782855,0.08219276525760578,-0.17718156282070033,-0.0065167167227440405,-0.001616969327494158
66912a96b8dba143ceba8276,1,22,1,1,0.7716469292311057,0.0035415488429782855,0.08219276525760578,-0.18796077848813997,-0.001507840214026454,-3.392744847196792e-4
66912a96b8dba143ceba8276,1,23,1,0,0.9337535418488723,0.0035415488429782855,0.08219276525760578,-0.19261583239157692,-3.1977709371643884e-4,-7.218497309243241e-5
66912a96b8dba143ceba8276,1,24,2,1,0.2708869413850791,0.0035415488429782855,0.08219276525760578,-0.19426762786155669,-6.771914531933645e-5,-1.6140415246394932e-5
66912a96b8dba143ceba8276,1,25,2,1,0.2708869413850791,0.7109220260236395,0.08219276525760578,-0.04113682802115175,-0.13841644646977264,-3.529530139711418e-6
66912a96b8dba143ceba8276,2,1,2,1,0.2708869413850791,0.9161369197134267,0.08219276525760578,0,0,0
66912a96b8dba143ceba8276,2,2,2,0,0.2708869413850791,0.9756708678184649,0.08219276525760578,0,-0.13592686953542907,0
66912a96b8dba143ceba8276,2,3,1,0,0.2708869413850791,0.2830473838606952,0.08219276525760578,0,-0.1720808083138083,0
66912a96b8dba143ceba8276,2,4,2,0,0.07858576355652154,0.2830473838606952,0.08219276525760578,-0.13592686953542907,-0.03718773127910236,0
66912a96b8dba143ceba8276,2,5,3,0,0.07858576355652154,0.08211357354622427,0.08219276525760578,-0.02962628867710416,-0.15778817670045195,0
66912a96b8dba143ceba8276,2,6,1,0,0.07858576355652154,0.08211357354622427,0.023844564776467788,-0.006516716684582105,-0.0333069967996984,-0.13592686953542907
66912a96b8dba143ceba8276,2,7,3,0,0.0227981541159795,0.08211357354622427,0.023844564776467788,-0.14388729904909947,-0.007084848507991821,-0.02962628867710416
66912a96b8dba143ceba8276,2,8,2,0,0.0227981541159795,0.08211357354622427,0.006917436929638495,-0.03134225127399471,-0.0016053927273196817,-0.15088310996354298
66912a96b8dba143ceba8276,2,9,2,0,0.0227981541159795,0.02382159083354512,0.006917436929638495,-0.006671884932937685,-0.14422907862278697,-0.03253535924672592
66912a96b8dba143ceba8276,2,10,2,1,0.0227981541159795,0.006910772064786564,0.006917436929638495,-0.001541423736122854,-0.175448538461083,-0.00695600155198298
66912a96b8dba143ceba8276,2,11,2,1,0.0227981541159795,0.7118994558643961,0.006917436929638495,-3.219751214894068e-4,-0.18718940975239742,-0.0015871366385732456
66912a96b8dba143ceba8276,2,12,2,1,0.0227981541159795,0.9164204773857196,0.006917436929638495,-6.84886521815994e-5,-0.19240885210436698,-3.335400022612579e-4
66912a96b8dba143ceba8276,2,13,2,1,0.0227981541159795,0.9757531294296975,0.006917436929638495,-1.5237984014126858e-5,-0.19400768774045568,-7.130118401310064e-5
66912a96b8dba143ceba8276,2,14,2,0,0.0227981541159795,0.9929658519881543,0.006917436929638495,-3.375202058249851e-6,-0.19528852103264294,-1.5923955664267604e-5
66912a96b8dba143ceba8276,2,15,2,1,0.0227981541159795,0.28806475210742377,0.006917436929638495,-7.113332845466923e-7,-0.19614579591744152,-3.493669732071439e-6
66912a96b8dba143ceba8276,2,16,2,0,0.0227981541159795,0.7934637427437252,0.006917436929638495,-1.535393932766984e-7,-0.1963131612649205,-7.34773739575996e-7
66912a96b8dba143ceba8276,2,17,2,0,0.0227981541159795,0.23018811360241065,0.006917436929638495,-3.110145757414955e-8,-0.19665338483891887,-1.5854125693454934e-7
66912a96b8dba143ceba8276,2,18,1,0,0.0227981541159795,0.06677881398138469,0.006917436929638495,-6.680754101397525e-9,-0.19677518928580223,-3.21489960167763e-8
66912a96b8dba143ceba8276,2,19,1,0,0.006613867549354231,0.06677881398138469,0.006917436929638495,-0.13634568124661228,-0.041393867464623424,-6.8995271928519986e-9
66912a96b8dba143ceba8276,2,20,2,0,0.0019187186719498992,0.06677881398138469,0.006917436929638495,-0.17284386560161133,-0.008858690826475335,-1.5370464243857492e-9
66912a96b8dba143ceba8276,2,21,2,0,0.0019187186719498992,0.019372894324635643,0.006917436929638495,-0.03718773127964606,-0.15317651215359765,-3.3539261858313645e-10
66912a96b8dba143ceba8276,2,22,1,1,0.0019187186719498992,0.005620181197852256,0.006917436929638495,-0.008032522933330488,-0.1818582306665527,-7.052554876595927e-11
66912a96b8dba143ceba8276,2,23,1,0,0.7104512342326749,0.005620181197852256,0.006917436929638495,-0.14760929038543152,-0.03879645074848784,-1.5000634684345466e-11
66912a96b8dba143ceba8276,2,24,1,0,0.20610573688391742,0.005620181197852256,0.006917436929638495,-0.17747478633829455,-0.008187963648134906,-3.2600835579141975e-12
66912a96b8dba143ceba8276,2,25,2,1,0.05979238652383595,0.005620181197852256,0.006917436929638495,-0.18847214463947096,-0.0018558719281793821,-6.914525610959767e-13
66912a96b8dba143ceba8276,3,1,2,1,0.05979238652383595,0.711525048488316,0.006917436929638495,0,0,0
66912a96b8dba143ceba8276,3,2,2,1,0.05979238652383595,0.9163118597850963,0.006917436929638495,0,-0.13592686953542907,0
66912a96b8dba143ceba8276,3,3,2,1,0.05979238652383595,0.9757216188774851,0.006917436929638495,0,-0.1720808083138083,0
66912a96b8dba143ceba8276,3,4,2,1,0.05979238652383595,0.9929567106068711,0.006917436929638495,0,-0.1854009218378797,0
66912a96b8dba143ceba8276,3,5,2,0,0.05979238652383595,0.9979567037333876,0.006917436929638495,0,-0.19076784502311117,0
66912a96b8dba143ceba8276,3,6,1,1,0.05979238652383595,0.289512625134689,0.006917436929638495,0,-0.19361288317231223,0
66912a96b8dba143ceba8276,3,7,1,1,0.7272406976024883,0.289512625134689,0.006917436929638495,-0.13592686953542907,-0.04110539174664336,0
66912a96b8dba143ceba8276,3,8,1,1,0.9208710544080807,0.289512625134689,0.006917436929638495,-0.1720808083138083,-0.008759627618996062,0
66912a96b8dba143ceba8276,3,9,1,0,0.9770442658437355,0.289512625134689,0.006917436929638495,-0.1854009218378797,-0.0019275832389190582,0
66912a96b8dba143ceba8276,3,10,2,0,0.2834458140403754,0.289512625134689,0.006917436929638495,-0.19076784502311117,-4.1403005264697534e-4,0
66912a96b8dba143ceba8276,3,11,1,0,0.2834458140403754,0.0839891749334553,0.006917436929638495,-0.0408572024210041,-0.1443185399933811,0
66912a96b8dba143ceba8276,3,12,2,0,0.08222916029184378,0.0839891749334553,0.006917436929638495,-0.1630324239995039,-0.030931780387116713,0
66912a96b8dba143ceba8276,3,13,2,0,0.08222916029184378,0.02436571291916301,0.006917436929638495,-0.03436734097661144,-0.15427577393187092,0
66912a96b8dba143ceba8276,3,14,1,1,0.08222916029184378,0.007068624818714854,0.006917436929638495,-0.007259527488764787,-0.18084483873715276,0
66912a96b8dba143ceba8276,3,15,1,0,0.7337497267623596,0.007068624818714854,0.006917436929638495,-0.14878678334199408,-0.03887715575081522,0
66912a96b8dba143ceba8276,3,16,2,0,0.21286475530734228,0.007068624818714854,0.006917436929638495,-0.17927281573771897,-0.00821291321377475,0
66912a96b8dba143ceba8276,3,17,1,1,0.21286475530734228,0.002050646210328897,0.006917436929638495,-0.0384628164383924,-0.14973942016871625,0
66912a96b8dba143ceba8276,3,18,1,1,0.7716478178377579,0.002050646210328897,0.006917436929638495,-0.16033244587474915,-0.032127127837104696,0
66912a96b8dba143ceba8276,3,19,1,1,0.9337537996384586,0.002050646210328897,0.006917436929638495,-0.1827463523434868,-0.006782433857703392,0
66912a96b8dba143ceba8276,3,20,1,1,0.9807816197612486,0.002050646210328897,0.006917436929638495,-0.19112734421894786,-0.0015422711715132114,0
66912a96b8dba143ceba8276,3,21,1,1,0.994424644172477,0.002050646210328897,0.006917436929638495,-0.19358977412560902,-3.248271470806934e-4,0
66912a96b8dba143ceba8276,3,22,1,1,0.9983825591835956,0.002050646210328897,0.006917436929638495,-0.19511156636119786,-6.867053245227443e-5,0
66912a96b8dba143ceba8276,3,23,1,0,0.9995307716893465,0.002050646210328897,0.006917436929638495,-0.19611128466231964,-1.5357950225658828e-5,0
66912a96b8dba143ceba8276,3,24,2,1,0.2899692707444074,0.002050646210328897,0.006917436929638495,-0.19664962116475046,-3.382761776138513e-6,0
66912a96b8dba143ceba8276,3,25,2,1,0.2899692707444074,0.7104895071236577,0.006917436929638495,-0.04135318306524165,-0.1382193568138762,0
66912a96b8dba143ceba8276,4,1,1,1,0.2899692707444074,0.9160114436462012,0.006917436929638495,0,0,0
66912a96b8dba143ceba8276,4,2,1,1,0.794016253879585,0.9160114436462012,0.006917436929638495,-0.13592686953542907,0,0
66912a96b8dba143ceba8276,4,3,1,1,0.9402430036551166,0.9160114436462012,0.006917436929638495,-0.1720808083138083,0,0
66912a96b8dba143ceba8276,4,4,1,0,0.9826641728694742,0.9160114436462012,0.006917436929638495,-0.1854009218378797,0,0
66912a96b8dba143ceba8276,4,5,2,1,0.2850761793998623,0.9160114436462012,0.006917436929638495,-0.19076784502311117,0,0
66912a96b8dba143ceba8276,4,6,2,0,0.2850761793998623,0.9756344665341345,0.006917436929638495,-0.0408572024210041,-0.13592686953542907,0
66912a96b8dba143ceba8276,4,7,1,1,0.2850761793998623,0.28303682365163674,0.006917436929638495,-0.008645372628258263,-0.1720808083138083,0
66912a96b8dba143ceba8276,4,8,1,1,0.7925967416722313,0.28303682365163674,0.006917436929638495,-0.15085050686331436,-0.03718773127910236,0
66912a96b8dba143ceba8276,4,9,1,1,0.9398311955023098,0.28303682365163674,0.006917436929638495,-0.18042955973379143,-0.008032522930663805,0
66912a96b8dba143ceba8276,4,10,1,0,0.9825447051016396,0.28303682365163674,0.006917436929638495,-0.1896458835660883,-0.001842333892024959,0
66912a96b8dba143ceba8276,4,11,2,0,0.2850415211555726,0.28303682365163674,0.006917436929638495,-0.19269128270441346,-3.858109537073386e-4,0
66912a96b8dba143ceba8276,4,12,2,1,0.2850415211555726,0.08211050997257618,0.006917436929638495,-0.04103385894692105,-0.14167334747845678,0
66912a96b8dba143ceba8276,4,13,2,1,0.2850415211555726,0.733715305664312,0.006917436929638495,-0.008724106916858498,-0.1750478114468194,0
66912a96b8dba143ceba8276,4,14,2,1,0.2850415211555726,0.9227493731510195,0.006917436929638495,-0.0019265402232513953,-0.18641801177093612,0
66912a96b8dba143ceba8276,4,15,2,1,0.2850415211555726,0.977589176248912,0.006917436929638495,-4.1297433383747327e-4,-0.1918330536603538,0
66912a96b8dba143ceba8276,4,16,2,0,0.2850415211555726,0.9934984990800818,0.006917436929638495,-8.652511582978042e-5,-0.19390736408469125,0
66912a96b8dba143ceba8276,4,17,1,0,0.2850415211555726,0.2882192759037403,0.006917436929638495,-1.9529124384150334e-5,-0.1952507878519912,0
66912a96b8dba143ceba8276,4,18,1,1,0.08269208353846579,0.2882192759037403,0.006917436929638495,-0.14040906804542147,-0.041215871465776995,0
66912a96b8dba143ceba8276,4,19,1,0,0.733884023294824,0.2882192759037403,0.006917436929638495,-0.17453772823447608,-0.008787121514816167,0
66912a96b8dba143ceba8276,4,20,2,1,0.21290371545629805,0.2882192759037403,0.006917436929638495,-0.18649028206871004,-0.0019298659860951114,0
66912a96b8dba143ceba8276,4,21,2,0,0.21290371545629805,0.7935085709311033,0.006917436929638495,-0.04012526789467734,-0.14721000441162282,0
66912a96b8dba143ceba8276,4,22,2,1,0.21290371545629805,0.23020111850154457,0.006917436929638495,-0.008503687709962444,-0.1781835139411323,0
66912a96b8dba143ceba8276,4,23,2,1,0.21290371545629805,0.7766771903628431,0.006917436929638495,-0.0019178971646949179,-0.1888408039831596,0
66912a96b8dba143ceba8276,4,24,2,1,0.21290371545629805,0.9352128477518881,0.006917436929638495,-4.0570738255062534e-4,-0.1928372665562632,0
66912a96b8dba143ceba8276,4,25,2,0,0.21290371545629805,0.9812048974938171,0.006917436929638495,-8.585005717698277e-5,-0.1945105192715581,0
66912a96b8dba143ceba8276,5,1,1,1,0.21290371545629805,0.28465283573729483,0.006917436929638495,0,0,0
66912a96b8dba143ceba8276,5,2,1,1,0.7716591203872711,0.28465283573729483,0.006917436929638495,-0.13592686953542907,0,0
66912a96b8dba143ceba8276,5,3,1,0,0.9337570785690841,0.28465283573729483,0.006917436929638495,-0.1720808083138083,0,0
66912a96b8dba143ceba8276,5,4,2,1,0.27088796740670457,0.28465283573729483,0.006917436929638495,-0.1854009218378797,0,0
66912a96b8dba143ceba8276,5,5,2,1,0.27088796740670457,0.7924739273907461,0.006917436929638495,-0.03955276809508413,-0.13592686953542907,0
66912a96b8dba143ceba8276,5,6,1,0,0.27088796740670457,0.9397955664163448,0.006917436929638495,-0.008495924041940554,-0.1720808083138083,0
66912a96b8dba143ceba8276,5,7,1,1,0.07858606121093395,0.9397955664163448,0.006917436929638495,-0.14977009813394443,-0.03718773127910236,0
66912a96b8dba143ceba8276,5,8,1,0,0.7326928440571503,0.9397955664163448,0.006917436929638495,-0.1793304918695407,-0.008032522930663805,0
66912a96b8dba143ceba8276,5,9,2,0,0.21255814793036015,0.9397955664163448,0.006917436929638495,-0.18889685640226395,-0.001842333892024959,0
66912a96b8dba143ceba8276,5,10,2,0,0.21255814793036015,0.27263976532146317,0.006917436929638495,-0.040445290490827755,-0.1439908230846439,0
66912a96b8dba143ceba8276,5,11,1,0,0.21255814793036015,0.07909426724094251,0.006917436929638495,-0.00856600014137375,-0.17553225766028685,0
66912a96b8dba143ceba8276,5,12,1,0,0.06166426579280035,0.07909426724094251,0.006917436929638495,-0.15077585029964902,-0.037754632812788395,0
66912a96b8dba143ceba8276,5,13,2,0,0.017889136291486536,0.07909426724094251,0.006917436929638495,-0.18048493291735007,-0.0080896855994037,0
66912a96b8dba143ceba8276,5,14,2,0,0.017889136291486536,0.022945673779459323,0.006917436929638495,-0.03868798465685219,-0.14881584973673645,0
66912a96b8dba143ceba8276,5,15,1,0,0.017889136291486536,0.006656663799988815,0.006917436929638495,-0.008187824906899902,-0.1790865805457454,0
66912a96b8dba143ceba8276,5,16,1,1,0.0051897349841957844,0.006656663799988815,0.006917436929638495,-0.14965293042173883,-0.03843447150156262,0
66912a96b8dba143ceba8276,5,17,1,1,0.711400173718421,0.006656663799988815,0.006917436929638495,-0.18007181162651287,-0.008178556450633773,0
66912a96b8dba143ceba8276,5,18,1,1,0.916275632940321,0.006656663799988815,0.006917436929638495,-0.18953429661002824,-0.0018517505516529083,0
66912a96b8dba143ceba8276,5,19,1,0,0.9757111092742696,0.006656663799988815,0.006917436929638495,-0.1928500868051483,-3.894502948148625e-4,0
66912a96b8dba143ceba8276,5,20,2,0,0.2830590581242285,0.006656663799988815,0.006917436929638495,-0.19473754896073486,-8.280086610712148e-5,0
66912a96b8dba143ceba8276,5,21,1,1,0.2830590581242285,0.0019311340952659758,0.006917436929638495,-0.0411484999097164,-0.14135061776354457,0
66912a96b8dba143ceba8276,5,22,1,1,0.7920115639031085,0.0019311340952659758,0.006917436929638495,-0.1644967608296003,-0.030219567274375615,0
66912a96b8dba143ceba8276,5,23,1,1,0.9396614322729836,0.0019311340952659758,0.006917436929638495,-0.18488452623110813,-0.006517538281494017,0
66912a96b8dba143ceba8276,5,24,1,1,0.9824954558724817,0.0019311340952659758,0.006917436929638495,-0.19183114934104745,-0.00151653354884446,0
66912a96b8dba143ceba8276,5,25,1,0,0.9949218372783712,0.0019311340952659758,0.006917436929638495,-0.19433735641053412,-3.1979530188016225e-4,0
66912a96b8dba143ceba8276,6,1,2,0,0.2886321939971711,0.0019311340952659758,0.006917436929638495,0,0,0
66912a96b8dba143ceba8276,6,2,1,1,0.2886321939971711,5.60232423978709e-4,0.006917436929638495,0,-0.13592686953542907,0
66912a96b8dba143ceba8276,6,3,1,0,0.7936283606987047,5.60232423978709e-4,0.006917436929638495,-0.13592686953542907,-0.02962628867710416,0
66912a96b8dba143ceba8276,6,4,2,1,0.23023587015970498,5.60232423978709e-4,0.006917436929638495,-0.1720808083138083,-0.006516716684582105,0
66912a96b8dba143ceba8276,6,5,2,0,0.23023587015970498,0.7100571300400705,0.006917436929638495,-0.03718773127910236,-0.14388729904909947,0
66912a96b8dba143ceba8276,6,6,1,0,0.23023587015970498,0.20599140513049752,0.006917436929638495,-0.008032522930663805,-0.17652272361328536,0
66912a96b8dba143ceba8276,6,7,1,1,0.06679266841643917,0.20599140513049752,0.006917436929638495,-0.14760923129780884,-0.03759178881559761,0
66912a96b8dba143ceba8276,6,8,1,1,0.7292715171610507,0.20599140513049752,0.006917436929638495,-0.1774701106016025,-0.008134438885987565,0
66912a96b8dba143ceba8276,6,9,1,0,0.921460206123018,0.20599140513049752,0.006917436929638495,-0.18826426057316537,-0.00185140922609807,0
66912a96b8dba143ceba8276,6,10,2,1,0.2673205783461739,0.20599140513049752,0.006917436929638495,-0.1925471001724613,-3.885296576987926e-4,0
66912a96b8dba143ceba8276,6,11,1,1,0.2673205783461739,0.7696538218550701,0.006917436929638495,-0.04102836832109183,-0.1423873778724004,0
66912a96b8dba143ceba8276,6,12,2,0,0.7874457459812989,0.7696538218550701,0.006917436929638495,-0.16381005368398582,-0.03033155114863846,0
66912a96b8dba143ceba8276,6,13,1,0,0.7874457459812989,0.22328072705163138,0.006917436929638495,-0.034380400133642394,-0.15343836295635244,0
66912a96b8dba143ceba8276,6,14,2,1,0.22844226026197334,0.22328072705163138,0.006917436929638495,-0.15920031034947305,-0.032807888427863856,0
66912a96b8dba143ceba8276,6,15,2,1,0.22844226026197334,0.7746695474529155,0.006917436929638495,-0.03354486199311012,-0.15573276941775904,0
66912a96b8dba143ceba8276,6,16,2,0,0.22844226026197334,0.9346304197078203,0.006917436929638495,-0.0070552019155259915,-0.1813584976950049,0
66912a96b8dba143ceba8276,6,17,2,1,0.22844226026197334,0.271141328384554,0.006917436929638495,-0.0015969962168538808,-0.1898915339099363,0
66912a96b8dba143ceba8276,6,18,2,1,0.22844226026197334,0.7885541661880862,0.006917436929638495,-3.3466540107167223e-4,-0.19290045000286749,0
66912a96b8dba143ceba8276,6,19,2,1,0.22844226026197334,0.9386584225363492,0.006917436929638495,-7.149610661600344e-5,-0.19494829087457793,0
66912a96b8dba143ceba8276,6,20,2,0,0.22844226026197334,0.9822044773344749,0.006917436929638495,-1.5973296694569945e-5,-0.1957413279475269,0
66912a96b8dba143ceba8276,6,21,1,0,0.22844226026197334,0.2849428192439635,0.006917436929638495,-3.5012026475557557e-6,-0.19630800270106766,0
66912a96b8dba143ceba8276,6,22,2,1,0.06627233250447664,0.2849428192439635,0.006917436929638495,-0.13882676793086976,-0.04135318017492356,0
66912a96b8dba143ceba8276,6,23,2,1,0.06627233250447664,0.7925580531711722,0.006917436929638495,-0.030090518277248013,-0.16476041496753124,0
66912a96b8dba143ceba8276,6,24,2,0,0.06627233250447664,0.939819971759318,0.006917436929638495,-0.006516756842310924,-0.18526928391086556,0
66912a96b8dba143ceba8276,6,25,1,1,0.06627233250447664,0.2726468454431928,0.006917436929638495,-0.0015165078570083621,-0.19206105711276567,0
66ab330c867b56b7333c7f26,1,1,2,0,0.5,0.5,0.5,0,0,0
66ab330c867b56b7333c7f26,1,2,3,0,0.5,0.3834976012366642,0.5,0,0.29224861524977547,0
66ab330c867b56b7333c7f26,1,3,1,0,0.5,0.3834976012366642,0.3834976012366642,0,0.2645325799829733,0.29224861524977547
66ab330c867b56b7333c7f26,1,4,2,1,0.3834976012366642,0.3834976012366642,0.3834976012366642,0.29224861524977547,0.2379956179560524,0.2645325799829733
66ab330c867b56b7333c7f26,1,5,2,0,0.3834976012366642,0.5271456244516426,0.3834976012366642,0.2645325799829733,0.5164891381490406,0.2379956179560524
66ab330c867b56b7333c7f26,1,6,3,1,0.3834976012366642,0.4043181618759015,0.3834976012366642,0.2379956179560524,0.7632071023163309,0.21456897066402886
66ab330c867b56b7333c7f26,1,7,3,1,0.3834976012366642,0.4043181618759015,0.5271456244516426,0.21456897066402886,0.6814331451061004,0.4976701146079376
66ab330c867b56b7333c7f26,1,8,3,0,0.3834976012366642,0.4043181618759015,0.6373229594025731,0.19553808586657973,0.6136682528668649,0.7462365228789545
66ab330c867b56b7333c7f26,1,9,3,0,0.3834976012366642,0.4043181618759015,0.48882364366578324,0.1795071910541925,0.562624986734491,0.9697024155968128
66ab330c867b56b7333c7f26,1,10,2,1,0.3834976012366642,0.4043181618759015,0.37492539136767533,0.16522678972123703,0.5154894936003203,1.1711499838839288
66ab330c867b56b7333c7f26,1,11,3,1,0.3834976012366642,0.5431148925690684,0.37492539136767533,0.15318932875028063,0.7658122776654577,1.050021915813895
66ab330c867b56b7333c7f26,1,12,3,0,0.3834976012366642,0.5431148925690684,0.5205707818559442,0.14151121193115807,0.6970429166439565,1.2518814103761648
66ab330c867b56b7333c7f26,1,13,1,1,0.3834976012366642,0.5431148925690684,0.3992752899920737,0.13122349833054597,0.638527285973624,1.4313072087664545
66ab330c867b56b7333c7f26,1,14,1,0,0.5271456244516426,0.5431148925690684,0.3992752899920737,0.42278344038180327,0.5907941426315704,1.2994074202674997
66ab330c867b56b7333c7f26,1,15,2,0,0.4043181618759015,0.5431148925690684,0.3992752899920737,0.6818758313810802,0.5453443598148344,1.1922499941870628
66ab330c867b56b7333c7f26,1,16,3,0,0.4043181618759015,0.4165665126461501,0.3992752899920737,0.6073731963053963,0.7913363239429412,1.0966287786376816
66ab330c867b56b7333c7f26,1,17,2,0,0.4043181618759015,0.4165665126461501,0.30624223706122244,0.5486101986794827,0.7223828004816193,1.2955751975059926
66ab330c867b56b7333c7f26,1,18,3,1,0.4043181618759015,0.3195045205641241,0.30624223706122244,0.5023081931943241,0.9612384737124389,1.191672720510031
66ab330c867b56b7333c7f26,1,19,3,0,0.4043181618759015,0.3195045205641241,0.4938786387287269,0.46070136336757583,0.8760209946512159,1.3836821387729357
66ab330c867b56b7333c7f26,1,20,1,0,0.4043181618759015,0.3195045205641241,0.35887025250956833,0.42528205731063606,0.8025650651070042,1.5639985948735684
66ab330c867b56b7333c7f26,1,21,3,1,0.3101100950423967,0.3195045205641241,0.35887025250956833,0.6865716811227396,0.7414944939108401,1.432006537472364
66ab330c867b56b7333c7f26,1,22,3,1,0.3101100950423967,0.3195045205641241,0.5082565641036052,0.6234434086750966,0.6819760483450819,1.6074600403181143
66ab330c867b56b7333c7f26,1,23,3,1,0.3101100950423967,0.3195045205641241,0.622835138857561,0.5707887833837164,0.6297736418779262,1.7671744079823877
66ab330c867b56b7333c7f26,1,24,3,1,0.3101100950423967,0.3195045205641241,0.7107163506491202,0.5259389853417626,0.5768590732663132,1.9146018078654652
66ab330c867b56b7333c7f26,1,25,3,0,0.3101100950423967,0.3195045205641241,0.7781208158928304,0.48650789949990614,0.5340989098704072,2.0482814686375352
66ab330c867b56b7333c7f26,2,1,3,1,0.3101100950423967,0.3195045205641241,0.5150270831698428,0,0,0
66ab330c867b56b7333c7f26,2,2,3,1,0.3101100950423967,0.3195045205641241,0.69075897694406585,0,0,0.29224861524977547
66ab330c867b56b7333c7f26,2,3,2,1,0.3101100950423967,0.3195045205641241,0.7628136133973787,0,0,0.5586058705800675
66ab330c867b56b7333c7f26,2,4,2,1,0.3101100950423967,0.4955097905615655,0.7628136133973787,0,0.29224861524977547,0.502786806405949
66ab330c867b56b7333c7f26,2,5,3,1,0.3101100950423967,0.5996770069098234,0.7628136133973787,0,0.5586058705800675,0.4528519138798812
66ab330c867b56b7333c7f26,2,6,1,0,0.3101100950423967,0.5996770069098234,0.8180791710649298,0,0.502786806405949,0.7117703363100014
66ab330c867b56b7333c7f26,2,7,3,1,0.23785296402276357,0.5996770069098234,0.8180791710649298,0.29224861524977547,0.4528519138798812,0.6371542292953516
66ab330c867b56b7333c7f26,2,8,3,0,0.23785296402276357,0.5996770069098234,0.8604675874576428,0.2645325799829733,0.4086993848054532,0.8785757240390912
66ab330c867b56b7333c7f26,2,9,2,0,0.23785296402276357,0.5996770069098234,0.5451609378469537,0.2379956179560524,0.3752327205107673,1.0937838413241918
66ab330c867b56b7333c7f26,2,10,1,0,0.23785296402276357,0.45994937850153367,0.5451609378469537,0.21456897066402886,0.6415394034274324,0.9854865764006173
66ab330c867b56b7333c7f26,2,11,3,0,0.18243209321921233,0.45994937850153367,0.5451609378469537,0.4976701146079376,0.5767670397942011,0.9011357274078409
66ab330c867b56b7333c7f26,2,12,1,1,0.18243209321921233,0.45994937850153367,0.5010649518900805,0.44318008075066273,0.5275418045846645,1.1145741868329728
66ab330c867b56b7333c7f26,2,13,1,0,0.46630603185865055,0.45994937850153367,0.5010649518900805,0.7046911245482554,0.4844194210895306,1.0199272687455354
66ab330c867b56b7333c7f26,2,14,3,0,0.2860350198135886,0.45994937850153367,0.5010649518900805,0.9354696193652342,0.4483615629561792,0.937502792276537
66ab330c867b56b7333c7f26,2,15,1,0,0.2860350198135886,0.45994937850153367,0.3882508974354152,0.8363608061967475,0.4141827530761018,1.150887483954661
66ab330c867b56b7333c7f26,2,16,1,1,0.2193874913520387,0.45994937850153367,0.3882508974354152,1.0573270790530838,0.38312993262924067,1.0554732346293898
66ab330c867b56b7333c7f26,2,17,3,0,0.4716412095172788,0.45994937850153367,0.3882508974354152,1.257037967863266,0.3541987537578955,0.9721266694765981
66ab330c867b56b7333c7f26,2,18,1,0,0.4716412095172788,0.45994937850153367,0.29778659140364594,1.1346473876503707,0.32631993589028646,1.1833192589188313
66ab330c867b56b7333c7f26,2,19,3,1,0.3077751946949243,0.45994937850153367,0.29778659140364594,1.3313044967616148,0.30013618264841246,1.0851940498564443
66ab330c867b56b7333c7f26,2,20,3,0,0.3077751946949243,0.45994937850153367,0.5220928303528114,1.2140695796392271,0.27853235639672164,1.2914302460873612
66ab330c867b56b7333c7f26,2,21,3,1,0.3077751946949243,0.45994937850153367,0.35389596347914487,1.1134963941731746,0.25569579172830903,1.480915178443111
66ab330c867b56b7333c7f26,2,22,1,0,0.3077751946949243,0.45994937850153367,0.5254201052514266,1.030265837789353,0.2351051228466737,1.6525265087349328
66ab330c867b56b7333c7f26,2,23,3,0,0.2360620989263023,0.45994937850153367,0.5254201052514266,1.2329355101151065,0.21592075241937086,1.5067723096861187
66ab330c867b56b7333c7f26,2,24,3,0,0.2360620989263023,0.45994937850153367,0.3869040652561329,1.1338064059658723,0.199460643601012,1.6788965487763892
66ab330c867b56b7333c7f26,2,25,1,0,0.2360620989263023,0.45994937850153367,0.29675356733484104,1.0504460255889105,0.18287454197483144,1.8333195849110042
66ab330c867b56b7333c7f26,3,1,3,0,0.18105850232087806,0.45994937850153367,0.29675356733484104,0,0,0
66ab330c867b56b7333c7f26,3,2,1,1,0.18105850232087806,0.45994937850153367,0.22760857177487315,0,0,0.29224861524977547
66ab330c867b56b7333c7f26,3,3,2,0,0.4523101998197723,0.45994937850153367,0.22760857177487315,0.29224861524977547,0,0.2645325799829733
66ab330c867b56b7333c7f26,3,4,3,1,0.4523101998197723,0.35277896785269647,0.22760857177487315,0.2645325799829733,0.29224861524977547,0.2379956179560524
66ab330c867b56b7333c7f26,3,5,3,0,0.4523101998197723,0.35277896785269647,0.49345448272027403,0.2379956179560524,0.2645325799829733,0.5164891381490406
66ab330c867b56b7333c7f26,3,6,3,0,0.4523101998197723,0.35277896785269647,0.312611512637745,0.21456897066402886,0.2379956179560524,0.7632071023163309
66ab330c867b56b7333c7f26,3,7,1,1,0.4523101998197723,0.35277896785269647,0.2397715344969799,0.19553808586657973,0.21456897066402886,0.9830445390310646
66ab330c867b56b7333c7f26,3,8,1,1,0.5182317519649442,0.35277896785269647,0.2397715344969799,0.48061796063427575,0.19553808586657973,0.88113731939500894
66ab330c867b56b7333c7f26,3,9,2,1,0.6304860525044303,0.35277896785269647,0.2397715344969799,0.7325808666169786,0.1795071910541925,0.7965291878857668
66ab330c867b56b7333c7f26,3,10,1,0,0.6304860525044303,0.5035845803804311,0.2397715344969799,0.653414231142371,0.46665910795119714,0.7304480009789802
66ab330c867b56b7333c7f26,3,11,3,1,0.4358812519445492,0.5035845803804311,0.2397715344969799,0.8915656270374454,0.4157192667550902,0.6697882538223154
66ab330c867b56b7333c7f26,3,12,1,1,0.4358812519445492,0.5035845803804311,0.48846986493054567,0.8004773379825616,0.37590161967228863,0.9053214499581613
66ab330c867b56b7333c7f26,3,13,3,0,0.6039081506795205,0.5035845803804311,0.48846986493054567,1.0290838140117289,0.3445005606713252,0.8276924425986079
66ab330c867b56b7333c7f26,3,14,1,0,0.6039081506795205,0.5035845803804311,0.3197667546129125,0.92993701545883,0.3170896739421808,1.0543510179940312
66ab330c867b56b7333c7f26,3,15,1,0,0.4364046686199742,0.5035845803804311,0.3197667546129125,1.1460838125540291,0.292738005740766,0.9625163572086737
66ab330c867b56b7333c7f26,3,16,1,0,0.3552680705499237,0.5035845803804311,0.3197667546129125,1.33995325873338,0.27091636875737385,0.884610941237915
66ab330c867b56b7333c7f26,3,17,2,1,0.2724889121696684,0.5035845803804311,0.3197667546129125,1.5153092925368865,0.2503921934287312,0.8159740231749419
66ab330c867b56b7333c7f26,3,18,1,0,0.2724889121696684,0.6192517515049503,0.3197667546129125,1.3779567217551865,0.5301071867660287,0.7545000943903286
66ab330c867b56b7333c7f26,3,19,1,0,0.20899769802184764,0.6192517515049503,0.3197667546129125,1.555549284985735,0.47635268711261053,0.6963150835445722
66ab330c867b56b7333c7f26,3,20,1,0,0.16030024272611337,0.6192517515049503,0.3197667546129125,1.7179222454182064,0.43477336703185143,0.640406909487985
66ab330c867b56b7333c7f26,3,21,1,1,0.12294952834062095,0.6192517515049503,0.3197667546129125,1.8629983020048029,0.3990867662253727,0.5898122267157273
66ab330c867b56b7333c7f26,3,22,1,0,0.42449869514851896,0.6192517515049503,0.3197667546129125,2.000029763035405,0.36945950041324255,0.5460825122498507
66ab330c867b56b7333c7f26,3,23,3,1,0.2534480550524053,0.6192517515049503,0.3197667546129125,2.1223102914744336,0.3395907941243296,0.5021019572292607
66ab330c867b56b7333c7f26,3,24,3,1,0.2534480550524053,0.6192517515049503,0.4977210550174775,1.9360984514633484,0.31257576023778316,0.7583550938089043
66ab330c867b56b7333c7f26,3,25,1,0,0.2534480550524053,0.6192517515049503,0.5998312645738935,1.7799984078850213,0.2872462721085371,1.0055259780689672
66ab330c867b56b7333c7f26,4,1,1,1,0.19254840785037602,0.6192517515049503,0.5998312645738935,0,0,0
66ab330c867b56b7333c7f26,4,2,1,0,0.4458547881999537,0.6192517515049503,0.5998312645738935,0.29224861524977547,0,0
66ab330c867b56b7333c7f26,4,3,1,1,0.29381265087774255,0.6192517515049503,0.5998312645738935,0.5586058705800675,0,0
66ab330c867b56b7333c7f26,4,4,1,1,0.4809964219550663,0.6192517515049503,0.5998312645738935,0.8007072566799079,0,0
66ab330c867b56b7333c7f26,4,5,2,1,0.583488500487551,0.6192517515049503,0.5998312645738935,1.0183819205040585,0,0
66ab330c867b56b7333c7f26,4,6,1,1,0.583488500487551,0.7079679110207898,0.5998312645738935,0.912476037723498,0.29224861524977547,0
66ab330c867b56b7333c7f26,4,7,2,0,0.6805376634802324,0.7079679110207898,0.5998312645738935,1.1225409121521528,0.2645325799829733,0
66ab330c867b56b7333c7f26,4,8,2,1,0.6805376634802324,0.5018253348670496,0.5998312645738935,1.0134106752708343,0.5363476617136921,0
66ab330c867b56b7333c7f26,4,9,1,0,0.6805376634802324,0.6494893127374946,0.5998312645738935,0.928373366366297,0.7803009659748139,0
66ab330c867b56b7333c7f26,4,10,1,1,0.43676523063207207,0.6494893127374946,0.5998312645738935,1.139504164905441,0.698577984666416,0
66ab330c867b56b7333c7f26,4,11,2,1,0.6333525940513292,0.6494893127374946,0.5998312645738935,1.3346816023448884,0.6294079904506473,0
66ab330c867b56b7333c7f26,4,12,1,0,0.6333525940513292,0.7311599785523317,0.5998312645738935,1.2171342558545373,0.8709043848916606,0
66ab330c867b56b7333c7f26,4,13,1,1,0.4326031787131785,0.7311599785523317,0.5998312645738935,1.4086224491033912,0.7869500497721673,0
66ab330c867b56b7333c7f26,4,14,1,0,0.6055944948250721,0.7311599785523317,0.5998312645738935,1.5822778229617513,0.7211243635251132,0
66ab330c867b56b7333c7f26,4,15,1,0,0.4340819634990233,0.7311599785523317,0.5998312645738935,1.7408429443102822,0.6604368594088026,0
66ab330c867b56b7333c7f26,4,16,1,1,0.3562601220469874,0.7311599785523317,0.5998312645738935,1.8852559428592752,0.6118733315668435,0
66ab330c867b56b7333c7f26,4,17,2,1,0.5062546108372006,0.7311599785523317,0.5998312645738935,2.0180865097160474,0.5650395461267681,0
66ab330c867b56b7333c7f26,4,18,2,0,0.5062546108372006,0.7938009841519863,0.5998312645738935,1.8402003219456913,0.8060488008185044,0
66ab330c867b56b7333c7f26,4,19,3,1,0.5062546108372006,0.523740740889812,0.5998312645738935,1.6942423762110503,1.0394636362528156,0
66ab330c867b56b7333c7f26,4,20,1,1,0.5062546108372006,0.523740740889812,0.6930724871574612,1.5666267924218045,0.9434557185195611,0.29224861524977547
66ab330c867b56b7333c7f26,4,21,1,0,0.6212996535519572,0.523740740889812,0.6930724871574612,1.7225370759449223,0.8635602666182087,0.2645325799829733
66ab330c867b56b7333c7f26,4,22,1,1,0.44622735730984797,0.523740740889812,0.6930724871574612,1.8745165397874348,0.7971015496664404,0.2379956179560524
66ab330c867b56b7333c7f26,4,23,1,1,0.5985039732120692,0.523740740889812,0.6930724871574612,2.0176835052554973,0.7361464135852093,0.21456897066402886
66ab330c867b56b7333c7f26,4,24,1,1,0.6920544684022198,0.523740740889812,0.6930724871574612,2.1460375327369725,0.6785975730208459,0.19553808586657973
66ab330c867b56b7333c7f26,4,25,1,1,0.7638072453099269,0.523740740889812,0.6930724871574612,2.2674120010106944,0.6231089842023239,0.1795071910541925
66ab330c867b56b7333c7f26,5,1,1,1,0.8188412790615622,0.523740740889812,0.6930724871574612,0,0,0
66ab330c867b56b7333c7f26,5,2,2,0,0.8610521184134754,0.523740740889812,0.6930724871574612,0.29224861524977547,0,0
66ab330c867b56b7333c7f26,5,3,2,1,0.8610521184134754,0.46697853954444807,0.6930724871574612,0.2645325799829733,0.29224861524977547,0
66ab330c867b56b7333c7f26,5,4,2,0,0.8610521184134754,0.5901930875384932,0.6930724871574612,0.2379956179560524,0.5586058705800675,0
66ab330c867b56b7333c7f26,5,5,2,0,0.8610521184134754,0.4534284713430261,0.6930724871574612,0.21456897066402886,0.8007072566799079,0
66ab330c867b56b7333c7f26,5,6,2,1,0.8610521184134754,0.3477774704132852,0.6930724871574612,0.19553808586657973,1.0183819205040585,0
66ab330c867b56b7333c7f26,5,7,1,0,0.8610521184134754,0.5192759507311508,0.6930724871574612,0.1795071910541925,1.21286938051973,0
66ab330c867b56b7333c7f26,5,8,1,0,0.5093378579795149,0.5192759507311508,0.6930724871574612,0.46665910795119714,1.0899607249498269,0
66ab330c867b56b7333c7f26,5,9,1,1,0.48131656546769863,0.5192759507311508,0.6930724871574612,0.7201647091858626,0.9881160488926842,0
66ab330c867b56b7333c7f26,5,10,2,1,0.6171341299510267,0.5192759507311508,0.6930724871574612,0.9463217797999743,0.9056956690366706,0
66ab330c867b56b7333c7f26,5,11,1,1,0.6171341299510267,0.6163094705018988,0.6930724871574612,0.846028603384517,1.1188541253948716,0
66ab330c867b56b7333c7f26,5,12,1,1,0.7097072262434752,0.6163094705018988,0.6930724871574612,1.0666275008122983,1.0261904114731746,0
66ab330c867b56b7333c7f26,5,13,3,1,0.7773468315356153,0.6163094705018988,0.6930724871574612,1.263272832822798,0.9441193696012795,0
66ab330c867b56b7333c7f26,5,14,3,0,0.7773468315356153,0.6163094705018988,0.7645880551901758,1.1408380303764134,0.8722373082082386,0.29224861524977547
66ab330c867b56b7333c7f26,5,15,1,1,0.7773468315356153,0.6163094705018988,0.5090811216081316,1.0437755923332417,0.8080472036575124,0.5586058705800675
66ab330c867b56b7333c7f26,5,16,1,1,0.8292260813080423,0.6163094705018988,0.5090811216081316,1.2481587976302628,0.746680585404943,0.502786806405949
66ab330c867b56b7333c7f26,5,17,2,0,0.8690172155978868,0.6163094705018988,0.5090811216081316,1.4352025984232988,0.6892920307848819,0.4528519138798812
66ab330c867b56b7333c7f26,5,18,1,1,0.8690172155978868,0.47270640111682816,0.5090811216081316,1.3094953663334397,0.9191859297252993,0.4086993848054532
66ab330c867b56b7333c7f26,5,19,1,0,0.8995368243168542,0.47270640111682816,0.5090811216081316,1.4956122820936923,0.8508165428056058,0.3752327205107673
66ab330c867b56b7333c7f26,5,20,3,0,0.5480829397980065,0.47270640111682816,0.5090811216081316,1.6653424655880433,0.7802412700591465,0.34466808416339145
66ab330c867b56b7333c7f26,5,21,1,0,0.5480829397980065,0.47270640111682816,0.44979310179825743,1.5187239635206367,0.7170333835124076,0.6130145922371514
66ab330c867b56b7333c7f26,5,22,1,0,0.4987202367892746,0.47270640111682816,0.44979310179825743,1.686785866974934,0.6625011115866386,0.552317935364486
66ab330c867b56b7333c7f26,5,23,1,0,0.4058793002290505,0.47270640111682816,0.44979310179825743,1.8403763330141527,0.6103732487073792,0.5055615512397926
66ab330c867b56b7333c7f26,5,24,1,1,0.3113074933636272,0.47270640111682816,0.44979310179825743,1.978974493790782,0.5607121584813102,0.465178786862975
66ab330c867b56b7333c7f26,5,25,2,1,0.5422301914089502,0.47270640111682816,0.44979310179825743,2.10628878053686,0.5147492815329469,0.42918924305368034
66ab330c867b56b7333c7f26,6,1,1,1,0.5422301914089502,0.5955683429175618,0.44979310179825743,0,0,0
66ab330c867b56b7333c7f26,6,2,1,1,0.5962239188191959,0.5955683429175618,0.44979310179825743,0.29224861524977547,0,0
66ab330c867b56b7333c7f26,6,3,1,1,0.6892556196837989,0.5955683429175618,0.44979310179825743,0.5586058705800675,0,0
66ab330c867b56b7333c7f26,6,4,2,0,0.7616605434304131,0.5955683429175618,0.44979310179825743,0.8007072566799079,0,0
66ab330c867b56b7333c7f26,6,5,1,1,0.7616605434304131,0.45679805751248814,0.44979310179825743,0.7185623106383524,0.29224861524977547,0
66ab330c867b56b7333c7f26,6,6,2,0,0.8171947702549822,0.45679805751248814,0.44979310179825743,0.9486340961493221,0.2645325799829733,0
66ab330c867b56b7333c7f26,6,7,3,1,0.8171947702549822,0.3503619232323364,0.44979310179825743,0.8521455782164058,0.5363476617136921,0
66ab330c867b56b7333c7f26,6,8,2,0,0.8171947702549822,0.3503619232323364,0.5779939550959066,0.7750289049151116,0.4802504622733492,0.29224861524977547
66ab330c867b56b7333c7f26,6,9,1,0,0.8171947702549822,0.268725923837645,0.5779939550959066,0.710815942375618,0.7341873939702208,0.2645325799829733
66ab330c867b56b7333c7f26,6,10,3,0,0.54558680441044,0.268725923837645,0.5779939550959066,0.9414659707312516,0.6579701410004635,0.2379956179560524
66ab330c867b56b7333c7f26,6,11,1,1,0.54558680441044,0.268725923837645,0.44331858823312925,0.8612929651619516,0.5950824204819425,0.5164891381490406
66ab330c867b56b7333c7f26,6,12,2,1,0.7137454718907525,0.268725923837645,0.44331858823312925,1.0812774779823489,0.5461424821569767,0.46050751238447063
66ab330c867b56b7333c7f26,6,13,2,1,0.7137454718907525,0.4973552060113241,0.44331858823312925,0.9876729057970511,0.7928207087851855,0.41459510238045627
66ab330c867b56b7333c7f26,6,14,1,1,0.7137454718907525,0.5698048954518353,0.44331858823312925,0.9089240014407323,1.0215221808718928,0.37951366934487313
66ab330c867b56b7333c7f26,6,15,1,0,0.7804441472436845,0.5698048954518353,0.44331858823312925,1.1236043764197476,0.9218808925403694,0.34760823700103327
66ab330c867b56b7333c7f26,6,16,1,0,0.53110139964775,0.5698048954518353,0.44331858823312925,1.3292620011052483,0.8436031696676418,0.32119579897918643
66ab330c867b56b7333c7f26,6,17,1,0,0.4591209643255705,0.5698048954518353,0.44331858823312925,1.5122068488761222,0.775966695829211,0.2969137705364687
66ab330c867b56b7333c7f26,6,18,1,1,0.35214358924827216,0.5698048954518353,0.44331858823312925,1.6768831173396286,0.7161787664850892,0.2749669518436377
66ab330c867b56b7333c7f26,6,19,2,0,0.5595886905508793,0.5698048954518353,0.44331858823312925,1.8264378930313652,0.6638478706207023,0.2540400660383471
66ab330c867b56b7333c7f26,6,20,2,0,0.5595886905508793,0.4370376133673425,0.44331858823312925,1.6616794816564564,0.8962632536689943,0.2350341952557391
66ab330c867b56b7333c7f26,6,21,2,1,0.5595886905508793,0.3352057543183652,0.44331858823312925,1.5250891094679284,1.1194709268977154,0.2162370183911486
66ab330c867b56b7333c7f26,6,22,1,1,0.5595886905508793,0.49991855214121383,0.44331858823312925,1.4081442184231634,1.323051665236123,0.1995518667605813
66ab330c867b56b7333c7f26,6,23,1,0,0.6188779829649314,0.49991855214121383,0.44331858823312925,1.5783218318263947,1.199768488106183,0.18478544832494648
66ab330c867b56b7333c7f26,6,24,2,1,0.474676439803547,0.49991855214121383,0.44331858823312925,1.7467609685602752,1.099406829592032,0.16970978904931935
66ab330c867b56b7333c7f26,6,25,1,0,0.474676439803547,0.608913752393512,0.44331858823312925,1.6080862398578928,1.303956343691958,0.15611290245877657
66ab9137e5573312997df691,1,1,3,0,0.5,0.5,0.5,0,0,0
66ab9137e5573312997df691,1,2,1,1,0.5,0.5,0.023496718107044123,0,0,-1.1494147433033914
66ab9137e5573312997df691,1,3,1,1,0.9765032818929559,0.5,0.023496718107044123,-1.1494147433033914,0,-0.7272500698298465
66ab9137e5573312997df691,1,4,2,1,0.9988958081002304,0.5,0.023496718107044123,-1.8772838659457196,0,-0.46468979924695974
66ab9137e5573312997df691,1,5,1,1,0.9988958081002304,0.9765032818929559,0.023496718107044123,-1.194501889340256,-1.1494147433033914,-0.29876293733477277
66ab9137e5573312997df691,1,6,2,0,0.9999481101930354,0.9765032818929559,0.023496718107044123,-1.9170751512623494,-0.7272500698298465,-0.19201653192311283
66ab9137e5573312997df691,1,7,3,0,0.9999481101930354,0.04588924431431857,0.023496718107044123,-1.2204327167989282,-1.616513597511808,-0.12306782776450828
66ab9137e5573312997df691,1,8,1,1,0.9999481101930354,0.04588924431431857,0.0011041918997697145,-0.783119475811674,-1.0292105694156342,-1.2373040089505634
66ab9137e5573312997df691,1,9,2,0,0.9999975615171741,0.04588924431431857,0.0011041918997697145,-1.6663124052729397,-0.6588226463373938,-0.7848014525807099
66ab9137e5573312997df691,1,10,1,0,0.9999975615171741,0.0021564939925748303,0.0011041918997697145,-1.0588410198294174,-1.5835787030404012,-0.5012913644404074
66ab9137e5573312997df691,1,11,3,1,0.04699332162124498,0.0021564939925748303,0.0011041918997697145,-1.8415847629682456,-1.0040631698954972,-0.32132199887316737
66ab9137e5573312997df691,1,12,3,0,0.04699332162124498,0.0021564939925748303,0.9530584535928763,-1.1699923179023757,-0.6432432556707035,-1.3671443077254612
66ab9137e5573312997df691,1,13,2,1,0.04699332162124498,0.0021564939925748303,0.044787490897374715,-0.7477001927391853,-0.41209836130036953,-2.019709423853283
66ab9137e5573312997df691,1,14,2,1,0.04699332162124498,0.953107904917015,0.044787490897374715,-0.4786799921231931,-1.4331657879162312,-1.2849784026955193
66ab9137e5573312997df691,1,15,2,1,0.04699332162124498,0.9977963785732691,0.044787490897374715,-0.30630630865859565,-2.0686298393938567,-0.8230311740930403
66ab9137e5573312997df691,1,16,1,0,0.04699332162124498,0.9998964441866367,0.044787490897374715,-0.1960486084679855,-2.4708358029690474,-0.5270324433019982
66ab9137e5573312997df691,1,17,3,1,0.0022083784144187844,0.9998964441866367,0.044787490897374715,-1.301772063619521,-1.5684507514741282,-0.33772497678398694
66ab9137e5573312997df691,1,18,3,0,0.0022083784144187844,0.9998964441866367,0.9551112825643653,-0.8238557867032049,-1.0057631231346866,-1.3884909186845564
66ab9137e5573312997df691,1,19,2,1,0.0022083784144187844,0.9998964441866367,0.04488396044794685,-0.5252436973321546,-0.6449938872602794,-2.0382423039279765
66ab9137e5573312997df691,1,20,2,0,0.0022083784144187844,0.9999951335515236,0.04488396044794685,-0.33507829997786953,-1.5894867901353855,-1.2945612887651818
66ab9137e5573312997df691,1,21,1,1,0.0022083784144187844,0.046993207522640856,0.04488396044794685,-0.21383272662932953,-2.172017691306162,-0.8281754529584562
66ab9137e5573312997df691,1,22,1,0,0.9531103431467751,0.046993207522640856,0.04488396044794685,-1.3067191885867206,-1.3771339863349015,-0.5298276130169324
66ab9137e5573312997df691,1,23,3,1,0.04478992936830822,0.046993207522640856,0.04488396044794685,-1.9822660690020513,-0.8805314648268237,-0.3391001607397182
66ab9137e5573312997df691,1,24,3,0,0.04478992936830822,0.046993207522640856,0.955115816004553,-1.258731044125866,-0.5630723476475743,-1.3903529961827612
66ab9137e5573312997df691,1,25,2,1,0.04478992936830822,0.046993207522640856,0.04488417349016394,-0.80656194289017,-0.3607283176381584,-2.040176431935527
66ab9137e5573312997df691,2,1,2,1,0.04478992936830822,0.955214936838436,0.04488417349016394,0,0,0
66ab9137e5573312997df691,2,2,2,1,0.04478992936830822,0.9978953953093496,0.04488417349016394,0,-1.1494147433033914,0
66ab9137e5573312997df691,2,3,3,1,0.04478992936830822,0.9999010973279889,0.04488417349016394,0,-1.8772838659457196,0
66ab9137e5573312997df691,2,4,1,0,0.04478992936830822,0.9999010973279889,0.9551158260161556,0,-1.194501889340256,-1.1494147433033914
66ab9137e5573312997df691,2,5,3,0,0.002104833370737944,0.9999010973279889,0.9551158260161556,-1.1494147433033914,-0.76376838277298,-0.7272500698298465
66ab9137e5573312997df691,2,6,2,1,0.002104833370737944,0.9999010973279889,0.04488417396064448,-0.7272500698298465,-0.4912963645435815,-1.616513597511808
66ab9137e5573312997df691,2,7,2,0,0.002104833370737944,0.9999953522189194,0.04488417396064448,-0.46468979924695974,-1.4797000513250607,-1.0292105694156342
66ab9137e5573312997df691,2,8,3,1,0.002104833370737944,0.04699321779859056,0.04488417396064448,-0.29876293733477277,-2.0953198765053345,-0.6588226463373938
66ab9137e5573312997df691,2,9,3,1,0.002104833370737944,0.04699321779859056,0.9551158260382653,-0.19201653192311283,-1.3318756757138033,-1.5835787030404012
66ab9137e5573312997df691,2,10,3,1,0.002104833370737944,0.04699321779859056,0.9978907377475952,-0.12306782776450828,-0.8528137206092401,-2.1639906078199944
66ab9137e5573312997df691,2,11,2,0,0.002104833370737944,0.04699321779859056,0.9999008784528629,-0.07865715398542487,-0.5456501550792188,-2.53276196927429
66ab9137e5573312997df691,2,12,3,0,0.002104833370737944,0.0022083735354273583,0.9999008784528629,-0.05032996147973544,-1.520349541028025,-1.6094799329441236
66ab9137e5573312997df691,2,13,1,1,0.002104833370737944,0.0022083735354273583,0.04698877814729602,-0.032352143286242516,-0.9633417393359476,-2.1989578430759216
66ab9137e5573312997df691,2,14,1,1,0.9531054772044042,0.0022083735354273583,0.04698877814729602,-1.176862181903057,-0.6158249087013167,-1.3983371457874099
66ab9137e5573312997df691,2,15,1,1,0.9977962644865562,0.0022083735354273583,0.04698877814729602,-1.8958221815321386,-0.3932341755027951,-0.8958889619934141
66ab9137e5573312997df691,2,16,3,0,0.9998964388253009,0.0022083735354273583,0.04698877814729602,-2.353436814560691,-0.2517146135538599,-0.5710483509853833
66ab9137e5573312997df691,2,17,1,1,0.9998964388253009,0.0022083735354273583,0.0022081649006798036,-1.5015841682772613,-0.16096622601396787,-1.5466691312309577
66ab9137e5573312997df691,2,18,1,0,0.9999951332995756,0.0022083735354273583,0.0022081649006798036,-2.120658864120015,-0.10309476240604251,-0.9774950624914672
66ab9137e5573312997df691,2,19,3,0,0.04699320751080094,0.0022083735354273583,0.0022081649006798036,-2.511339034522691,-0.06587788804323713,-0.6243416880754504
66ab9137e5573312997df691,2,20,2,1,0.04699320751080094,0.0022083735354273583,1.0376932710223752e-4,-1.5982143200349879,-0.042272662921063485,-1.573191775992922
66ab9137e5573312997df691,2,21,2,0,0.04699320751080094,0.9531103429174941,1.0376932710223752e-4,-1.0236067723313345,-1.1905786087839338,-0.996056375905026
66ab9137e5573312997df691,2,22,1,0,0.04699320751080094,0.04478992935753345,1.0376932710223752e-4,-0.6551253647058152,-1.9064721771327977,-0.6356889066109481
66ab9137e5573312997df691,2,23,3,1,0.0022083730519677942,0.04478992935753345,1.0376932710223752e-4,-1.5979707135657955,-1.2126494897600717,-0.40588606804633776
66ab9137e5573312997df691,2,24,3,0,0.0022083730519677942,0.04478992935753345,0.9530114402681492,-1.0120241673577484,-0.7746632813333667,-1.4336420669583458
66ab9137e5573312997df691,2,25,2,1,0.0022083730519677942,0.04478992935753345,0.044785281577518044,-0.6458906928413103,-0.4980333232497651,-2.0701455228885184
66ab9137e5573312997df691,3,1,2,0,0.0022083730519677942,0.9551113971561433,0.044785281577518044,0,0,0
66ab9137e5573312997df691,3,2,3,1,0.0022083730519677942,0.0448839658330174,0.044785281577518044,0,-1.1494147433033914,0
66ab9137e5573312997df691,3,3,3,1,0.0022083730519677942,0.0448839658330174,0.9551111787406957,0,-0.7272500698298465,-1.1494147433033914
66ab9137e5573312997df691,3,4,3,1,0.0022083730519677942,0.0448839658330174,0.9978905193548195,0,-0.46468979924695974,-1.8772838659457196
66ab9137e5573312997df691,3,5,3,1,0.0022083730519677942,0.0448839658330174,0.9999008681898186,0,-0.29876293733477277,-2.3409902507376543
66ab9137e5573312997df691,3,6,2,0,0.0022083730519677942,0.0448839658330174,0.9999953414509111,0,-0.19201653192311283,-2.643063207489432
66ab9137e5573312997df691,3,7,3,1,0.0022083730519677942,0.0021092524717047888,0.9999953414509111,0,-1.2819991464663358,-1.6845033439961217
66ab9137e5573312997df691,3,8,3,1,0.0022083730519677942,0.0021092524717047888,0.9999997810784755,0,-0.8141536873631041,-2.241125871595818
66ab9137e5573312997df691,3,9,1,0,0.0022083730519677942,0.0021092524717047888,0.9999999897121079,0,-0.5190245108970946,-2.590686657710709
66ab9137e5573312997df691,3,10,3,0,1.0377910886284585e-4,0.0021092524717047888,0.9999999897121079,-1.1494147433033914,-0.33337123022119225,-1.6494955031750909
66ab9137e5573312997df691,3,11,2,0,1.0377910886284585e-4,0.0021092524717047888,0.04699343573062387,-0.7272500698298465,-0.21267193557489295,-2.2265043835055023
66ab9137e5573312997df691,3,12,3,0,1.0377910886284585e-4,9.912108750749103e-5,0.04699343573062387,-0.46468979924695974,-1.2998910447280068,-1.4169010827370239
66ab9137e5573312997df691,3,13,1,0,1.0377910886284585e-4,9.912108750749103e-5,0.002208383776819721,-0.29876293733477277,-0.8259983464586363,-2.0785184202761866
66ab9137e5573312997df691,3,14,2,0,4.8769419169557605e-6,9.912108750749103e-5,0.002208383776819721,-1.3476244298491702,-0.5270186563861764,-1.3208269653081541
66ab9137e5573312997df691,3,15,2,1,4.8769419169557605e-6,4.658045192572939e-6,0.002208383776819721,-0.8574997347916788,-1.4971126067609015,-0.8431001176648205
66ab9137e5573312997df691,3,16,2,1,4.8769419169557605e-6,0.9530067826837563,0.002208383776819721,-0.5482911986891941,-2.1072658419291432,-0.537573141212476
66ab9137e5573312997df691,3,17,2,0,4.8769419169557605e-6,0.9977916264872398,0.002208383776819721,-0.35091080022703336,-2.4963058663550264,-0.3434181139334084
66ab9137e5573312997df691,3,18,1,1,4.8769419169557605e-6,0.04688965708357118,0.002208383776819721,-0.22453565161139483,-2.7466427085712857,-0.21983862636622165
66ab9137e5573312997df691,3,19,3,1,0.9530067929704829,0.04688965708357118,0.002208383776819721,-1.3093394819038244,-1.7476511158716945,-0.14144883538183578
66ab9137e5573312997df691,3,20,3,1,0.9530067929704829,0.04688965708357118,0.9531103433987733,-0.8307491271792725,-1.1213354664218969,-1.271922152759656
66ab9137e5573312997df691,3,21,1,1,0.9530067929704829,0.04688965708357118,0.9977964931660622,-0.5304062279168316,-0.7181202528155439,-1.963042840850608
66ab9137e5573312997df691,3,22,1,1,0.9977916269706495,0.04688965708357118,0.9977964931660622,-1.5002026314082744,-0.4597121701978436,-1.2450921779104838
66ab9137e5573312997df691,3,23,1,1,0.9998962208922,0.04688965708357118,0.9977964931660622,-2.1099957207183793,-0.29419449019631916,-0.795934640520193
66ab9137e5573312997df691,3,24,3,1,0.999995123058133,0.04688965708357118,0.9977964931660622,-2.4976697561132415,-0.18856608573650419,-0.5087886643903091
66ab9137e5573312997df691,3,25,3,1,0.999995123058133,0.04688965708357118,0.999896449571755,-1.5866433353112939,-0.12046340094471886,-1.4975174295603257
66ab9137e5573312997df691,4,1,2,1,0.999995123058133,0.04688965708357118,0.9999951338045894,0,0,0
66ab9137e5573312997df691,4,2,3,1,0.999995123058133,0.9552100706425166,0.9999951338045894,0,-1.1494147433033914,0
66ab9137e5573312997df691,4,3,2,1,0.999995123058133,0.9552100706425166,0.9999997713204452,0,-0.7272500698298465,-1.1494147433033914
66ab9137e5573312997df691,4,4,1,1,0.999995123058133,0.9978951666297707,0.9999997713204452,0,-1.616513597511808,-0.7272500698298465
66ab9137e5573312997df691,4,5,2,1,0.9999997708154311,0.9978951666297707,0.9999997713204452,-1.1494147433033914,-1.0292105694156342,-0.46468979924695974
66ab9137e5573312997df691,4,6,3,1,0.9999997708154311,0.9999010865815314,0.9999997713204452,-0.7272500698298465,-1.8140481187430995,-0.29876293733477277
66ab9137e5573312997df691,4,7,1,1,0.9999997708154311,0.9999010865815314,0.9999999892535436,-0.46468979924695974,-1.1528397002901538,-1.3476244298491702
66ab9137e5573312997df691,4,8,2,0,0.9999999892298113,0.9999010865815314,0.9999999892535436,-1.4513161300662567,-0.7393900539025962,-0.8574997347916788
66ab9137e5573312997df691,4,9,1,0,0.9999999892298113,0.046988787927993714,0.9999999892535436,-0.9252054555045859,-1.6378003723582422,-0.5482911986891941
66ab9137e5573312997df691,4,10,3,0,0.04699343570795905,0.046988787927993714,0.9999999892535436,-1.748077868803127,-1.0399320065343847,-0.35091080022703336
66ab9137e5573312997df691,4,11,2,0,0.04699343570795905,0.046988787927993714,0.04699343570907433,-1.1102469407321791,-0.6654064171500409,-1.3872129107804014
66ab9137e5573312997df691,4,12,2,0,0.04699343570795905,0.002208165360309322,0.04699343570907433,-0.7117664694461396,-1.5954567417101,-0.8798644508775526
66ab9137e5573312997df691,4,13,3,1,0.04699343570795905,1.037693487018587e-4,0.04699343570907433,-0.4559178623621236,-2.172755215475198,-0.5632975616822475
66ab9137e5573312997df691,4,14,3,1,0.04699343570795905,1.037693487018587e-4,0.9552149475617189,-0.29209028909532453,-1.3788128682921266,-1.5241184768298872
66ab9137e5573312997df691,4,15,3,1,0.04699343570795905,1.037693487018587e-4,0.9978953958132746,-0.18660801861992268,-0.8821615867614997,-2.1233751109208763
66ab9137e5573312997df691,4,16,2,1,0.04699343570795905,1.037693487018587e-4,0.9999010973516702,-0.11940634753523732,-0.5651500840975836,-2.5055408293983765
66ab9137e5573312997df691,4,17,1,1,0.04699343570795905,0.9530114402691643,0.9999010973516702,-0.07677243140759113,-1.5370696575597858,-1.5929963897589996
66ab9137e5573312997df691,4,18,1,0,0.9552149475616664,0.9530114402691643,0.9999010973516702,-1.21723258516272,-0.9726139309372703,-1.021512369363754
66ab9137e5573312997df691,4,19,2,0,0.044888832027360326,0.9530114402691643,0.9999010973516702,-1.9232423833846997,-0.6209190396218514,-0.6554982215892784
66ab9137e5573312997df691,4,20,1,1,0.044888832027360326,0.04478528157756573,0.9999010973516702,-1.2245036758436503,-1.570371779598922,-0.41937814523457356
66ab9137e5573312997df691,4,21,3,0,0.9551160449371212,0.04478528157756573,0.9999010973516702,-1.939129935952372,-0.9938263296448137,-0.267757567433867
66ab9137e5573312997df691,4,22,1,1,0.9551160449371212,0.04478528157756573,0.046988788434120576,-1.231984934365713,-0.6345003360408608,-1.3510869871621005
66ab9137e5573312997df691,4,23,1,1,0.9978907480344221,0.04478528157756573,0.046988788434120576,-1.9512750703079638,-0.4052771400680581,-0.8544315924010768
66ab9137e5573312997df691,4,24,3,1,0.9999008789362772,0.04478528157756573,0.046988788434120576,-2.4038152987111263,-0.2596027439741415,-0.5442931334783506
66ab9137e5573312997df691,4,25,2,1,0.9999008789362772,0.04478528157756573,0.9552147291700057,-1.527379759263967,-0.1657402048014554,-1.517174514532593
66ab9137e5573312997df691,5,1,2,0,0.9999008789362772,0.955111178740698,0.9552147291700057,0,0,0
66ab9137e5573312997df691,5,2,3,0,0.9999008789362772,0.04488395556890784,0.9552147291700057,0,-1.1494147433033914,0
66ab9137e5573312997df691,5,3,1,0,0.9999008789362772,0.04488395556890784,0.044888821764368425,0,-0.7272500698298465,-1.1494147433033914
66ab9137e5573312997df691,5,4,2,1,0.0469887781700134,0.04488395556890784,0.044888821764368425,-1.1494147433033914,-0.46468979924695974,-0.7272500698298465
66ab9137e5573312997df691,5,5,2,1,0.0469887781700134,0.9551158157752697,0.044888821764368425,-0.7272500698298465,-1.4513161300662567,-0.46468979924695974
66ab9137e5573312997df691,5,6,1,0,0.0469887781700134,0.9978907372653009,0.044888821764368425,-0.46468979924695974,-2.0724653249479275,-0.29876293733477277
66ab9137e5573312997df691,5,7,2,0,0.0022081649017473767,0.9978907372653009,0.044888821764368425,-1.4513161300662567,-1.3214778295271452,-0.19201653192311283
66ab9137e5573312997df691,5,8,3,0,0.0022081649017473767,0.046894314644286395,0.044888821764368425,-0.9252054555045859,-2.0038164360472805,-0.12306782776450828
66ab9137e5573312997df691,5,9,2,1,0.0022081649017473767,0.046894314644286395,0.002109480668915288,-0.5914175740859393,-1.274101045157909,-1.2373040089505634
66ab9137e5573312997df691,5,10,2,0,0.0022081649017473767,0.9552102895175938,0.002109480668915288,-0.3789395074279962,-1.9791993971475204,-0.7848014525807099
66ab9137e5573312997df691,5,11,1,0,0.0022081649017473767,0.04488861312956832,0.002109480668915288,-0.24267641980837437,-2.421323260578495,-0.5012913644404074
66ab9137e5573312997df691,5,12,1,0,1.037693271524066e-4,0.04488861312956832,0.002109480668915288,-1.3220238965146909,-1.540336167535456,-0.32132199887316737
66ab9137e5573312997df691,5,13,2,1,4.8764822398460295e-6,0.04488861312956832,0.002109480668915288,-1.9900661815062148,-0.9854039931184959,-0.2053063682131154
66ab9137e5573312997df691,5,14,2,1,4.8764822398460295e-6,0.9551160346503444,0.002109480668915288,-1.2650465743948738,-1.8070875361222463,-0.13133951343018166
66ab9137e5573312997df691,5,15,2,0,4.8764822398460295e-6,0.9978907475510101,0.002109480668915288,-0.8113809804466808,-2.31476361500429,-0.08407746272305769
66ab9137e5573312997df691,5,16,3,0,4.8764822398460295e-6,0.04689431512764819,0.002109480668915288,-0.5189490775749621,-2.6339455766501274,-0.053884110662048276
66ab9137e5573312997df691,5,17,1,0,4.8764822398460295e-6,0.04689431512764819,9.913181129678184e-5,-0.33234243211291814,-1.6755405301564625,-1.1944175513770303
66ab9137e5573312997df691,5,18,2,0,2.2916296934013507e-7,0.04689431512764819,9.913181129678184e-5,-1.3850150880583314,-1.0710447674501715,-0.7580830030107945
66ab9137e5573312997df691,5,19,2,1,2.2916296934013507e-7,0.002203725754397017,9.913181129678184e-5,-0.8770168795839246,-1.8617707568773605,-0.48373723790076134
66ab9137e5573312997df691,5,20,2,0,2.2916296934013507e-7,0.9531101245019987,9.913181129678184e-5,-0.5598240990386553,-2.3550397617681655,-0.30948489810223656
66ab9137e5573312997df691,5,21,3,0,2.2916296934013507e-7,0.044789919093421504,9.913181129678184e-5,-0.35730571611751727,-2.6612682066569953,-0.1979655288201947
66ab9137e5573312997df691,5,22,2,0,2.2916296934013507e-7,0.044789919093421504,4.6585491413095615e-6,-0.22872028130205138,-1.6906367926030401,-1.2898039683071238
66ab9137e5573312997df691,5,23,3,1,2.2916296934013507e-7,0.002104832887884732,4.6585491413095615e-6,-0.14592298312713123,-2.2523905994114948,-0.8192848687293316
66ab9137e5573312997df691,5,24,3,0,2.2916296934013507e-7,0.002104832887884732,0.9530067827074387,-0.09349678288814123,-1.4332149335839883,-1.6768540734117372
66ab9137e5573312997df691,5,25,2,0,2.2916296934013507e-7,0.002104832887884732,0.04478506270244098,-0.06002222182604878,-0.9141413795083653,-2.2223451248418513
66ab9137e5573312997df691,6,1,2,1,2.2916296934013507e-7,9.891339580142414e-5,0.04478506270244098,0,0,0
66ab9137e5573312997df691,6,2,2,0,2.2916296934013507e-7,0.9530112120709411,0.04478506270244098,0,-1.1494147433033914,0
66ab9137e5573312997df691,6,3,1,1,2.2916296934013507e-7,0.044785270853728854,0.04478506270244098,0,-1.8772838659457196,0
66ab9137e5573312997df691,6,4,1,0,0.9530065745550855,0.044785270853728854,0.04478506270244098,-1.1494147433033914,-1.194501889340256,0
66ab9137e5573312997df691,6,5,2,0,0.044785052920630286,0.044785270853728854,0.04478506270244098,-1.8772838659457196,-0.76376838277298,0
66ab9137e5573312997df691,6,6,3,0,0.044785052920630286,0.0021046144508352176,0.04478506270244098,-1.194501889340256,-1.6484106955592506,0
66ab9137e5573312997df691,6,7,2,1,0.044785052920630286,0.0021046144508352176,0.0021046046690746147,-0.76376838277298,-1.0467145628636576,-1.1494147433033914
66ab9137e5573312997df691,6,8,2,0,0.044785052920630286,0.9531054669165884,0.0021046046690746147,-0.4912963645435815,-1.8333443841807087,-0.7272500698298465
66ab9137e5573312997df691,6,9,1,1,0.044785052920630286,0.0447897002171837,0.0021046046690746147,-0.3141186421786182,-2.323910324036321,-0.46468979924695974
66ab9137e5573312997df691,6,10,1,0,0.9551111679953046,0.0447897002171837,0.0021046046690746147,-1.366656764245462,-1.4765816434211525,-0.29876293733477277
66ab9137e5573312997df691,6,11,3,1,0.044883955063943826,0.0447897002171837,0.0021046046690746147,-2.021514374356805,-0.9459804619871339,-0.19201653192311283
66ab9137e5573312997df691,6,12,3,1,0.044883955063943826,0.0447897002171837,0.9531054664569089,-1.2864564285725066,-0.6062226586506116,-1.2819991464663358
66ab9137e5573312997df691,6,13,3,0,0.044883955063943826,0.0447897002171837,0.9977962639814935,-0.8234068462364944,-0.388457088249074,-1.9639110631911554
66ab9137e5573312997df691,6,14,2,0,0.044883955063943826,0.0447897002171837,0.0468898750156545,-0.5265327069922205,-0.24803392412898156,-2.4026230277685263
66ab9137e5573312997df691,6,15,2,1,0.044883955063943826,0.0021048226021208524,0.0468898750156545,-0.3374333656339972,-1.335639063540452,-1.530030326210551
66ab9137e5573312997df691,6,16,2,1,0.044883955063943826,0.9531054766983488,0.0468898750156545,-0.21526622555874386,-2.0044755241891545,-0.9811891603573284
66ab9137e5573312997df691,6,17,2,0,0.044883955063943826,0.9977962644627749,0.0468898750156545,-0.13781852370556327,-2.431926939550122,-0.6279125526954786
66ab9137e5573312997df691,6,18,3,0,0.044883955063943826,0.04688987503827163,0.0468898750156545,-0.08864872161342016,-2.705326234245799,-0.40298718568518344
66ab9137e5573312997df691,6,19,1,0,0.044883955063943826,0.04688987503827163,0.002203517097999576,-0.05678366513138476,-1.7195859912407405,-1.4341023001251227
66ab9137e5573312997df691,6,20,1,1,0.0021092519656279833,0.04688987503827163,0.002203517097999576,-1.2031726072822817,-1.1027935059417113,-0.9079367359662106
66ab9137e5573312997df691,6,21,1,0,0.9531056848496369,0.04688987503827163,0.002203517097999576,-1.9144241504720891,-0.7063635532001398,-0.578743638019376
66ab9137e5573312997df691,6,22,2,0,0.04478971045862379,0.04688987503827163,0.002203517097999576,-2.368506143874769,-0.4526433248377948,-0.36949839400795004
66ab9137e5573312997df691,6,23,1,1,0.04478971045862379,0.002203517099062434,0.002203517097999576,-1.5076298953941776,-1.4716304055692977,-0.2364941634713737
66ab9137e5573312997df691,6,24,1,0,0.955111386869314,0.002203517099062434,0.002203517097999576,-2.1238287492790877,-0.9283348862760326,-0.15098762941707555
66ab9137e5573312997df691,6,25,3,0,0.04488396534960298,0.002203517099062434,0.002203517097999576,-2.515168237371344,-0.5926896434064219,-0.09684445854695514
677009b08130c3028f6a8a6d,1,1,2,0,0.5,0.5,0.5,0,0,0
677009b08130c3028f6a8a6d,1,2,2,0,0.5,0.021836269003497,0.5,0,0.32391442046078667,0
677009b08130c3028f6a8a6d,1,3,1,1,0.5,9.536452910899815e-4,0.5,0,0.40712117461367286,0
677009b08130c3028f6a8a6d,1,4,1,1,0.978163730996503,9.536452910899815e-4,0.5,0.32391442046078667,0.094477381005317565,0
677009b08130c3028f6a8a6d,1,5,1,1,0.99904635470891,9.536452910899815e-4,0.5,0.40712117461367286,0.02231565547902182,0
677009b08130c3028f6a8a6d,1,6,3,1,0.9999583518895085,9.536452910899815e-4,0.5,0.42909761980292704,0.005245603473246527,0
677009b08130c3028f6a8a6d,1,7,2,0,0.9999583518895085,9.536452910899815e-4,0.978163730996503,0.09942494868552548,0.0012348051174610659,0.32391442046078667
677009b08130c3028f6a8a6d,1,8,3,0,0.9999583518895085,4.1648110491420895e-5,0.978163730996503,0.023343704557682234,0.325882957141151,0.07585761960630684
677009b08130c3028f6a8a6d,1,9,1,0,0.9999583518895085,4.1648110491420895e-5,0.04271889271590401,0.005496580851757162,0.07650757991759634,0.3495055856483159
677009b08130c3028f6a8a6d,1,10,2,1,0.04367071912828785,4.1648110491420895e-5,0.04271889271590401,0.3303563191589155,0.018001878650132967,0.08119164178944577
677009b08130c3028f6a8a6d,1,11,2,1,0.04367071912828785,0.9563292808717121,0.04271889271590401,0.07730847490959526,0.33379089654612526,0.019126775138268017
677009b08130c3028f6a8a6d,1,12,2,0,0.04367071912828785,0.9980927888528704,0.04271889271590401,0.018121503367199632,0.41048103920521306,0.004498396623694455
677009b08130c3028f6a8a6d,1,13,3,1,0.04367071912828785,0.04358924525514146,0.04271889271590401,0.004256365603159884,0.4307539556909029,0.0010611769059272547
677009b08130c3028f6a8a6d,1,14,3,0,0.04367071912828785,0.04358924525514146,0.9581931044646945,0.0010031635275025942,0.09982464685012914,0.32545333696581735
677009b08130c3028f6a8a6d,1,15,1,0,0.04367071912828785,0.04358924525514146,0.041846724767090726,2.3875447375021856e-4,0.023398897975033923,0.4078283108044545
677009b08130c3028f6a8a6d,1,16,2,1,0.0019072111471295054,0.04358924525514146,0.041846724767090726,0.32458996088232606,0.005500278819627748,0.09476196421506372
677009b08130c3028f6a8a6d,1,17,3,0,0.0019072111471295054,0.9582311149692795,0.041846724767090726,0.0761104314907538,0.3306846980378373,0.022328618053540458
677009b08130c3028f6a8a6d,1,18,2,1,0.0019072111471295054,0.9582311149692795,0.0018275526835588932,0.017973389464675454,0.07738368385207453,0.3373654953407034
677009b08130c3028f6a8a6d,1,19,2,1,0.0019072111471295054,0.9981758467753186,0.0018275526835588932,0.004236758637732251,0.35149916723818136,0.07855560232853472
677009b08130c3028f6a8a6d,1,20,2,1,0.0019072111471295054,0.9999203345984577,0.0018275526835588932,9.965662730580171e-4,0.41611293677707284,0.01838564761091245
677009b08130c3028f6a8a6d,1,21,2,0,0.0019072111471295054,0.9999965208096898,0.0018275526835588932,2.3766388359636507e-4,0.4343969772212527,0.004317833957382643
677009b08130c3028f6a8a6d,1,22,2,1,0.0019072111471295054,0.04367238606192103,0.0018275526835588932,5.568397643164163e-5,0.4399953735683765,0.0010171881455587886
677009b08130c3028f6a8a6d,1,23,2,0,0.0019072111471295054,0.9582347459393589,0.0018275526835588932,1.3346622959959568e-5,0.44240444570379,2.411419783064315e-4
677009b08130c3028f6a8a6d,1,24,1,1,0.0019072111471295054,0.04184854335599347,0.0018275526835588932,3.1822879299370105e-6,0.4429834730133997,5.687767270050345e-5
677009b08130c3028f6a8a6d,1,25,3,1,0.9564107547448586,0.04184854335599347,0.0018275526835588932,0.3243164598593695,0.10150473985825498,1.3629298997527147e-5
677009b08130c3028f6a8a6d,2,1,2,0,0.9564107547448586,0.04184854335599347,0.9564072758575473,0,0,0
677009b08130c3028f6a8a6d,2,2,2,1,0.9564107547448586,0.0018276321059529019,0.9564072758575473,0,0.32391442046078667,0
677009b08130c3028f6a8a6d,2,3,2,0,0.9564107547448586,0.9564072793261248,0.9564072758575473,0,0.40712117461367286,0
677009b08130c3028f6a8a6d,2,4,1,1,0.9564107547448586,0.041768733250361845,0.9564072758575473,0,0.42909761980292704,0
677009b08130c3028f6a8a6d,2,5,1,0,0.9980963470237265,0.041768733250361845,0.9564072758575473,0.32391442046078667,0.09942494868552548,0
677009b08130c3028f6a8a6d,2,6,3,0,0.0435894006494954,0.041768733250361845,0.9564072758575473,0.40712117461367286,0.023343704557682234,0
677009b08130c3028f6a8a6d,2,7,2,1,0.0435894006494954,0.041768733250361845,0.04176873309888024,0.094477381005317565,0.005496580851757162,0.32391442046078667
677009b08130c3028f6a8a6d,2,8,2,1,0.0435894006494954,0.9581516085890538,0.04176873309888024,0.02231565547902182,0.3303563191589155,0.07585761960630684
677009b08130c3028f6a8a6d,2,9,2,1,0.0435894006494954,0.9981723745298731,0.04176873309888024,0.005245603473246527,0.4096521129928141,0.017859107416073147
677009b08130c3028f6a8a6d,2,10,2,0,0.0435894006494954,0.9999201829566846,0.04176873309888024,0.0012348051174610659,0.43042310057586086,0.004227297835880146
677009b08130c3028f6a8a6d,2,11,1,1,0.0435894006494954,0.043669052194102664,0.04176873309888024,2.937198930809468e-4,0.43977623239191843,9.92268836646655e-4
677009b08130c3028f6a8a6d,2,12,1,0,0.9582311217557454,0.043669052194102664,0.04176873309888024,0.3245904175825053,0.10107442962599755,2.3722228682388462e-4
677009b08130c3028f6a8a6d,2,13,3,0,0.041848385078694816,0.043669052194102664,0.04176873309888024,0.4076939225275078,0.023628566149612618,5.5677480195865793e-5
677009b08130c3028f6a8a6d,2,14,2,0,0.041848385078694816,0.043669052194102664,0.0018241465894322205,0.09474482285924654,0.005551150248650652,0.3244596792305373
677009b08130c3028f6a8a6d,2,15,2,0,0.041848385078694816,0.001907138347882021,0.0018241465894322205,0.022323936352999882,0.33095960108765765,0.07593802360359439
677009b08130c3028f6a8a6d,2,16,1,0,0.041848385078694816,8.328957252457165e-5,0.0018241465894322205,0.005245744328845953,0.4103255750669373,0.017912843893646377
677009b08130c3028f6a8a6d,2,17,1,1,0.0018276251935814489,8.328957252457165e-5,0.0018241465894322205,0.3298729883247363,0.09507537924550655,0.00423050036639229
677009b08130c3028f6a8a6d,2,18,1,1,0.9564072790242439,8.328957252457165e-5,0.0018241465894322205,0.40828980289687944,0.022410117842873695,9.92299446724339e-4
677009b08130c3028f6a8a6d,2,19,1,0,0.9980961952301839,8.328957252457165e-5,0.0018241465894322205,0.4302431398219603,0.005255874600514513,2.3747933895410105e-4
677009b08130c3028f6a8a6d,2,20,3,1,0.043589394020286054,8.328957252457165e-5,0.0018241465894322205,0.43977015384291085,0.0012380677340462843,5.567891136929803e-5
677009b08130c3028f6a8a6d,2,21,3,1,0.043589394020286054,8.328957252457165e-5,0.95640712710477,0.10107389296442007,2.9409653380324237e-4,0.3244596792332286
677009b08130c3028f6a8a6d,2,22,3,0,0.043589394020286054,8.328957252457165e-5,0.9980961885954749,0.023628548946982235,6.938417339349624e-5,0.4073626595034093
677009b08130c3028f6a8a6d,2,23,3,1,0.043589394020286054,8.328957252457165e-5,0.0435893937305315,0.005551142901490074,1.656115146251229e-5,0.42941509936346195
677009b08130c3028f6a8a6d,2,24,3,1,0.043589394020286054,8.328957252457165e-5,0.9582311214535767,0.0012986622719237976,3.933482178884962e-6,0.4387283118178922
677009b08130c3028f6a8a6d,2,25,3,1,0.043589394020286054,8.328957252457165e-5,0.9981758470585043,3.104896791822288e-4,9.244579833921409e-7,0.4413271613810278
677009b08130c3028f6a8a6d,3,1,2,1,0.043589394020286054,8.328957252457165e-5,0.9999203346108252,0,0,0
677009b08130c3028f6a8a6d,3,2,2,0,0.043589394020286054,0.9563310994600631,0.9999203346108252,0,0.32391442046078667,0
677009b08130c3028f6a8a6d,3,3,1,0,0.043589394020286054,0.04176540628223441,0.9999203346108252,0,0.40712117461367286,0
677009b08130c3028f6a8a6d,3,4,1,1,0.001903659473224996,0.04176540628223441,0.9999203346108252,0.32391442046078667,0.094477381005317565,0
677009b08130c3028f6a8a6d,3,5,1,0,0.9564105996342429,0.04176540628223441,0.9999203346108252,0.40712117461367286,0.02231565547902182,0
677009b08130c3028f6a8a6d,3,6,2,1,0.04176887825664616,0.04176540628223441,0.9999203346108252,0.42909761980292704,0.005245603473246527,0
677009b08130c3028f6a8a6d,3,7,2,1,0.04176887825664616,0.9581514632919099,0.9999203346108252,0.09942494868552548,0.3297932939839628,0
677009b08130c3028f6a8a6d,3,8,2,0,0.04176887825664616,0.9981723681843779,0.9999203346108252,0.023343704557682234,0.4082826894419935,0
677009b08130c3028f6a8a6d,3,9,2,1,0.04176887825664616,0.04359272068655473,0.9999203346108252,0.005496580851757162,0.4302431388360302,0
677009b08130c3028f6a8a6d,3,10,2,1,0.04176887825664616,0.9582312667501919,0.9999203346108252,0.0012880271491029541,0.43973461675397574,0
677009b08130c3028f6a8a6d,3,11,3,1,0.04176887825664616,0.9981758534039764,0.9999203346108252,3.079139054776391e-4,0.4420379275862206,0
677009b08130c3028f6a8a6d,3,12,3,1,0.04176887825664616,0.9981758534039764,0.9999965208102299,7.244018975806682e-5,0.10137649439011048,0.32391442046078667
677009b08130c3028f6a8a6d,3,13,2,0,0.04176887825664616,0.9981758534039764,0.9999998480549506,1.7296277559678422e-5,0.023742792939066625,0.40712117461367286
677009b08130c3028f6a8a6d,3,14,2,1,0.04176887825664616,0.043592872894942014,0.9999998480549506,4.102261922302137e-6,0.34003586413626474,0.094477381005317565
677009b08130c3028f6a8a6d,3,15,3,1,0.04176887825664616,0.9582312733975186,0.9999998480549506,9.645622248893353e-7,0.4128204987008141,0.02231565547902182
677009b08130c3028f6a8a6d,3,16,3,1,0.04176887825664616,0.9582312733975186,0.9999999933641739,2.2750423341010548e-7,0.09565273233497285,0.33709190591043336
677009b08130c3028f6a8a6d,3,17,2,1,0.04176887825664616,0.9582312733975186,0.9999999997101967,5.2432059955628214e-8,0.02249002964522509,0.41208181137451805
677009b08130c3028f6a8a6d,3,18,3,1,0.04176887825664616,0.998175853694282,0.9999999997101967,1.2369206869176285e-8,0.33833310454985854,0.09536154679541359
677009b08130c3028f6a8a6d,3,19,1,0,0.04176887825664616,0.998175853694282,0.9999999999873436,2.8803243904445766e-9,0.07868186709106742,0.35834927467876987
677009b08130c3028f6a8a6d,3,20,3,0,0.0018241529288403682,0.998175853694282,0.9999999999873436,0.32391442569023965,0.018396143411846217,0.08292188581964594
677009b08130c3028f6a8a6d,3,21,2,0,0.0018241529288403682,0.998175853694282,0.043672538006441275,0.07590865161278876,0.004318089819822367,0.35403952257330273
677009b08130c3028f6a8a6d,3,22,2,1,0.0018241529288403682,0.04359287290762043,0.043672538006441275,0.017885000268969047,0.32847687177988294,0.0819279798360053
677009b08130c3028f6a8a6d,3,23,2,1,0.0018241529288403682,0.9582312733980722,0.043672538006441275,0.004230307861044475,0.4090238315553582,0.019275721219798984
677009b08130c3028f6a8a6d,3,24,2,1,0.0018241529288403682,0.9981758536943062,0.043672538006441275,9.922688379518227e-4,0.4302377733233962,0.004510867297015001
677009b08130c3028f6a8a6d,3,25,2,1,0.0018241529288403682,0.9999203349006275,0.043672538006441275,2.3722314561237752e-4,0.43975400451818514,0.0010679325713002716
677009b08130c3028f6a8a6d,4,1,2,0,0.0018241529288403682,0.9999965208228864,0.043672538006441275,0,0,0
677009b08130c3028f6a8a6d,4,2,2,1,0.0018241529288403682,0.04367238606249729,0.043672538006441275,0,0.32391442046078667,0
677009b08130c3028f6a8a6d,4,3,2,1,0.0018241529288403682,0.9582347459393841,0.043672538006441275,0,0.40712117461367286,0
677009b08130c3028f6a8a6d,4,4,2,0,0.0018241529288403682,0.9981760053490005,0.043672538006441275,0,0.42909761980292704,0
677009b08130c3028f6a8a6d,4,5,2,1,0.0018241529288403682,0.04359287953076696,0.043672538006441275,0,0.43872492624648884,0
677009b08130c3028f6a8a6d,4,6,2,1,0.0018241529288403682,0.958231273687322,0.043672538006441275,0,0.44132711750936837,0
677009b08130c3028f6a8a6d,4,7,2,1,0.0018241529288403682,0.9981758537069385,0.043672538006441275,0,0.44271934868930146,0
677009b08130c3028f6a8a6d,4,8,1,0,0.0018241529288403682,0.9999203349011792,0.043672538006441275,0,0.44304911332875807,0
677009b08130c3028f6a8a6d,4,9,3,1,7.966538862214936e-5,0.9999203349011792,0.043672538006441275,0.32391442046078667,0.10154727560967006,0
677009b08130c3028f6a8a6d,4,10,1,0,7.966538862214936e-5,0.9999203349011792,0.9582347525751618,0.07585761960630684,0.02375075491768192,0.32391442046078667
677009b08130c3028f6a8a6d,4,11,3,1,3.479189745899621e-6,0.9999203349011792,0.9582347525751618,0.3495055856483159,0.005568970754888195,0.07585761960630684
677009b08130c3028f6a8a6d,4,12,3,1,3.479189745899621e-6,0.9999203349011792,0.9981760056388018,0.08119164178944577,0.001310377104778769,0.3495055856483159
677009b08130c3028f6a8a6d,4,13,3,1,3.479189745899621e-6,0.9999203349011792,0.9999203415364293,0.019126775138268017,3.121962083134851e-4,0.4147359251005235
677009b08130c3028f6a8a6d,4,14,2,0,3.479189745899621e-6,0.9999203349011792,0.9999965211126887,0.004498396623694455,7.344365787772792e-5,0.4329827632115786
677009b08130c3028f6a8a6d,4,15,3,1,3.479189745899621e-6,0.04366905882990446,0.9999965211126887,0.0010611769059272547,0.3248079177987473,0.10005704814600702
677009b08130c3028f6a8a6d,4,16,3,1,3.479189745899621e-6,0.04366905882990446,0.9999998480681598,2.5057592405656646e-4,0.07627060321720586,0.3613426919262588
677009b08130c3028f6a8a6d,4,17,3,0,3.479189745899621e-6,0.04366905882990446,0.9999999933647508,5.930456642331251e-5,0.017974965981583896,0.41981962712267107
677009b08130c3028f6a8a6d,4,18,2,0,3.479189745899621e-6,0.04366905882990446,0.043672537717215854,1.4144344527839404e-5,0.004236387706230289,0.4365075161986578
677009b08130c3028f6a8a6d,4,19,2,1,3.479189745899621e-6,0.0019071386376843316,0.043672537717215854,3.354100528539687e-6,0.32804890645557067,0.10048683740225581
677009b08130c3028f6a8a6d,4,20,2,0,3.479189745899621e-6,0.956410751578187,0.043672537717215854,7.877570576095604e-7,0.40804255201381257,0.02347654490623113
677009b08130c3028f6a8a6d,4,21,2,1,3.479189745899621e-6,0.041768884892423974,0.043672537717215854,1.85857403350198e-7,0.43005839568615833,0.005515885370585843
677009b08130c3028f6a8a6d,4,22,2,0,3.479189745899621e-6,0.9581516152116476,0.043672537717215854,4.305775263401332e-8,0.43968273366124666,0.001293978830158543
677009b08130c3028f6a8a6d,4,23,1,0,3.479189745899621e-6,0.041844912826092595,0.043672537717215854,1.013062191281398e-8,0.4420376847401586,3.086302546885468e-4
677009b08130c3028f6a8a6d,4,24,3,1,1.5194504836702416e-7,0.041844912826092595,0.043672537717215854,0.32391443580930873,0.10140957499881753,7.265809276047939e-5
677009b08130c3028f6a8a6d,4,25,3,0,1.5194504836702416e-7,0.041844912826092595,0.9582347525625305,0.0759087486154699,0.023742780265437285,0.324721333063956
677009b08130c3028f6a8a6d,5,1,3,1,1.5194504836702416e-7,0.041844912826092595,0.04184854364524415,0,0,0
677009b08130c3028f6a8a6d,5,2,3,0,1.5194504836702416e-7,0.041844912826092595,0.9581550941115913,0,0,0.32391442046078667
677009b08130c3028f6a8a6d,5,3,2,1,1.5194504836702416e-7,0.041844912826092595,0.041845064758484485,0,0,0.40712117461367286
677009b08130c3028f6a8a6d,5,4,2,1,1.5194504836702416e-7,0.9581549355445018,0.041845064758484485,0,0.32391442046078667,0.094477381005317565
677009b08130c3028f6a8a6d,5,5,2,0,1.5194504836702416e-7,0.9981725198264632,0.041845064758484485,0,0.40712117461367286,0.02231565547902182
677009b08130c3028f6a8a6d,5,6,2,0,1.5194504836702416e-7,0.04359272730914954,0.041845064758484485,0,0.42909761980292704,0.005245603473246527
677009b08130c3028f6a8a6d,5,7,1,0,1.5194504836702416e-7,0.0019038050464114283,0.041845064758484485,0,0.43872492624648884,0.0012348051174610659
677009b08130c3028f6a8a6d,5,8,3,1,6.635826006790383e-9,0.0019038050464114283,0.041845064758484485,0.32391442046078667,0.10106555463407843,2.937198930809468e-4
677009b08130c3028f6a8a6d,5,9,3,0,6.635826006790383e-9,0.0019038050464114283,0.958154942179775,0.07585761960630684,0.02362809450051962,0.3245904175825053
677009b08130c3028f6a8a6d,5,10,3,0,6.635826006790383e-9,0.0019038050464114283,0.04184505812323641,0.017859107416073147,0.005550976426317335,0.4076939225275078
677009b08130c3028f6a8a6d,5,11,2,0,6.635826006790383e-9,0.0019038050464114283,0.0018274798969908947,0.004227297835880146,0.0012986072536202305,0.4298495549416294
677009b08130c3028f6a8a6d,5,12,2,1,6.635826006790383e-9,8.314399878755476e-5,0.0018274798969908947,9.92268836646655e-4,0.32726208364972886,0.09944170521270368
677009b08130c3028f6a8a6d,5,13,2,0,6.635826006790383e-9,0.9563310931024885,0.0018274798969908947,2.3722228682388462e-4,0.40826482949813286,0.023343825734004835
677009b08130c3028f6a8a6d,5,14,1,1,6.635826006790383e-9,0.041765406004583006,0.0018274798969908947,5.5677480195865793e-5,0.4301430217599877,0.005496648290038849
677009b08130c3028f6a8a6d,5,15,1,1,0.9563274622828093,0.041765406004583006,0.0018274798969908947,0.3244596792305373,0.09958595817838188,0.0012880322842208866
677009b08130c3028f6a8a6d,5,16,1,1,0.9980927094304766,0.041765406004583006,0.0018274798969908947,0.40727456450265165,0.02334671162808711,3.0791550764712006e-4
677009b08130c3028f6a8a6d,5,17,1,0,0.9999167037795699,0.041765406004583006,0.0018274798969908947,0.42941509935245037,0.005496872834551152,7.244071729840878e-5
677009b08130c3028f6a8a6d,5,18,3,0,0.0436689002496059,0.041765406004583006,0.0018274798969908947,0.43872831009224444,0.001288052386086599,1.729638475327198e-5
677009b08130c3028f6a8a6d,5,19,3,0,0.0436689002496059,0.041765406004583006,7.981068576699976e-5,0.10106571047645377,3.0792154842644343e-4,0.32451739476312164
677009b08130c3028f6a8a6d,5,20,3,0,0.0436689002496059,0.041765406004583006,3.485535241081787e-6,0.023628098198413786,7.244261181995534e-5,0.4073555693754271
677009b08130c3028f6a8a6d,5,21,2,0,0.0436689002496059,0.041765406004583006,1.5222217225186987e-7,0.005550978154179841,1.7296777674941254e-5,0.42958548104800365
677009b08130c3028f6a8a6d,5,22,2,0,0.0436689002496059,0.0018240012867782214,1.5222217225186987e-7,0.0012986079049931406,0.3245173947635759,0.09942515313486575
677009b08130c3028f6a8a6d,5,23,2,1,0.0436689002496059,7.965876602832012e-5,1.5222217225186987e-7,3.1048245166223024e-4,0.40735583791931107,0.02334371068983601
677009b08130c3028f6a8a6d,5,24,2,0,0.0436689002496059,0.9563309408935263,1.5222217225186987e-7,7.318412870682993e-5,0.42958548870977975,0.005496585089758055
677009b08130c3028f6a8a6d,5,25,1,0,0.0436689002496059,0.041765399357231225,1.5222217225186987e-7,1.7485070102683064e-5,0.4394586266874248,0.0012880273903935432
677009b08130c3028f6a8a6d,6,1,3,1,0.0019071317120800992,0.041765399357231225,1.5222217225186987e-7,0,0,0
677009b08130c3028f6a8a6d,6,2,3,0,0.0019071317120800992,0.041765399357231225,0.9563274686409347,0,0,0.32391442046078667
677009b08130c3028f6a8a6d,6,3,3,0,0.0019071317120800992,0.041765399357231225,0.04176524771514595,0,0,0.40712117461367286
677009b08130c3028f6a8a6d,6,4,3,0,0.0019071317120800992,0.041765399357231225,0.0018239943738766543,0,0,0.42909761980292704
677009b08130c3028f6a8a6d,6,5,2,0,0.0019071317120800992,0.041765399357231225,7.965846412435779e-5,0,0,0.43872492624648884
677009b08130c3028f6a8a6d,6,6,2,0,0.0019071317120800992,0.0018240009964714914,7.965846412435779e-5,0,0.32391442046078667,0.10106555463407843
677009b08130c3028f6a8a6d,6,7,2,0,0.0019071317120800992,7.965875334988814e-5,7.965846412435779e-5,0,0.40712117461367286,0.02362809450051962
677009b08130c3028f6a8a6d,6,8,3,0,0.0019071317120800992,3.4788999667139953e-6,7.965846412435779e-5,0,0.42909761980292704,0.005550976426317335
677009b08130c3028f6a8a6d,6,9,1,1,0.0019071317120800992,3.4788999667139953e-6,3.4788873355007406e-6,0,0.09942494868552548,0.3308727413260175
677009b08130c3028f6a8a6d,6,10,1,0,0.9564107512757283,3.4788999667139953e-6,3.4788873355007406e-6,0.32391442046078667,0.023343704557682234,0.07740719104519198
677009b08130c3028f6a8a6d,6,11,3,0,0.04176888487921482,3.4788999667139953e-6,3.4788873355007406e-6,0.40712117461367286,0.005496580851757162,0.018121898284478577
677009b08130c3028f6a8a6d,6,12,2,0,0.04176888487921482,3.4788999667139953e-6,1.5193184133708435e-7,0.094477381005317565,0.0012880271491029541,0.3344892370368501
677009b08130c3028f6a8a6d,6,13,2,1,0.04176888487921482,1.5193239297423967e-7,1.5193184133708435e-7,0.02231565547902182,0.3266072914036398,0.07824646019975938
677009b08130c3028f6a8a6d,6,14,2,1,0.04176888487921482,0.9563274686282793,1.5193184133708435e-7,0.005245603473246527,0.4078932598978547,0.01829024704369256
677009b08130c3028f6a8a6d,6,15,2,0,0.04176888487921482,0.9980927097075993,1.5193184133708435e-7,0.0012348051174610659,0.42999164663950173,0.004302435199631457
677009b08130c3028f6a8a6d,6,16,1,0,0.04176888487921482,0.04358924179866652,1.5193184133708435e-7,2.937198930809468e-4,0.4395372485555725,0.0010130764023328286
677009b08130c3028f6a8a6d,6,17,3,0,0.0018241532180647557,0.04358924179866652,1.5193184133708435e-7,0.3245904175825053,0.10106811109068632,2.4038128545106292e-4
677009b08130c3028f6a8a6d,6,18,1,0,0.0018241532180647557,0.04358924179866652,6.635249222258371e-9,0.07618400336797401,0.023628195620865038,0.32458996953825325
677009b08130c3028f6a8a6d,6,19,2,0,7.966540125331283e-5,0.04358924179866652,6.635249222258371e-9,0.35020459654966085,0.0055510169440256725,0.0761108704445455
677009b08130c3028f6a8a6d,6,20,2,1,7.966540125331283e-5,0.0019036528253204253,6.635249222258371e-9,0.08126361814118832,0.33095960107983047,0.017977841581688817
677009b08130c3028f6a8a6d,6,21,2,0,7.966540125331283e-5,0.9564105993439121,6.635249222258371e-9,0.01915814706258035,0.41030236091847605,0.004236762959047803
677009b08130c3028f6a8a6d,6,22,1,0,7.966540125331283e-5,0.04176887824396669,6.635249222258371e-9,0.004498422041823609,0.43056623280979633,9.965672222786806e-4
677009b08130c3028f6a8a6d,6,23,1,0,3.479190297534605e-6,0.04176887824396669,6.635249222258371e-9,0.3284813211643546,0.09976605224478019,2.3766407992253694e-4
677009b08130c3028f6a8a6d,6,24,3,1,1.5194507245832466e-7,0.04176887824396669,6.635249222258371e-9,0.4080569899276073,0.023385416608647035,5.5684026923425956e-5
677009b08130c3028f6a8a6d,6,25,3,0,1.5194507245832466e-7,0.04176887824396669,0.9563274622827842,0.09489042401151737,0.005497773680028743,0.3245181474780541
678cc86b7a22ead21c11ea4d,1,1,2,1,0.5,0.5,0.5,0,0,0
678cc86b7a22ead21c11ea4d,1,2,1,0,0.5,0.580777854588268,0.5,0,-0.621963528794166,0
678cc86b7a22ead21c11ea4d,1,3,2,0,0.41922214541173203,0.580777854588268,0.5,-0.621963528794166,-0.2000962805631115,0
678cc86b7a22ead21c11ea4d,1,4,3,0,0.41922214541173203,0.48694987479555707,0.5,-0.2000962805631115,-0.6997918361097537,0
678cc86b7a22ead21c11ea4d,1,5,2,0,0.41922214541173203,0.48694987479555707,0.41922214541173203,-0.06570825399277454,-0.22275904832098908,-0.621963528794166
678cc86b7a22ead21c11ea4d,1,6,1,0,0.41922214541173203,0.40828034296319443,0.41922214541173203,-0.021513007979327033,-0.7108967011562073,-0.2000962805631115
678cc86b7a22ead21c11ea4d,1,7,2,0,0.351494416027907,0.40828034296319443,0.41922214541173203,-0.6369174420844947,-0.22629363068699265,-0.06570825399277454
678cc86b7a22ead21c11ea4d,1,8,2,1,0.351494416027907,0.34232032463037126,0.41922214541173203,-0.20326174920030707,-0.7132152376161561,-0.021513007979327033
678cc86b7a22ead21c11ea4d,1,9,2,0,0.351494416027907,0.4562058437278284,0.41922214541173203,-0.06657086526410158,-0.8617977960617784,-0.006923825120473409
678cc86b7a22ead21c11ea4d,1,10,1,1,0.351494416027907,0.37610282902415204,0.41922214541173203,-0.021816783100249468,-0.9137928824835198,-0.0022495256910952588
678cc86b7a22ead21c11ea4d,1,11,3,0,0.4632808282693868,0.37610282902415204,0.41922214541173203,-0.637784947298962,-0.29111626372009103,-7.313694302838994e-4
678cc86b7a22ead21c11ea4d,1,12,1,1,0.4632808282693868,0.37610282902415204,0.351494416027907,-0.2033736828067744,-0.0959069394071353,-0.6239193680349233
678cc86b7a22ead21c11ea4d,1,13,2,0,0.5441078214990538,0.37610282902415204,0.351494416027907,-0.701955266574358,-0.0310000195283308,-0.20028444519805033
678cc86b7a22ead21c11ea4d,1,14,1,0,0.5441078214990538,0.3153412715438948,0.351494416027907,-0.22368656671505274,-0.647672209090056,-0.06573856814150797
678cc86b7a22ead21c11ea4d,1,15,3,0,0.45620409491390357,0.3153412715438948,0.351494416027907,-0.7115778356984115,-0.20545191491865877,-0.021538788263677285
678cc86b7a22ead21c11ea4d,1,16,1,0,0.45620409491390357,0.3153412715438948,0.29470848909261954,-0.22651630345305612,-0.0672828768414679,-0.6371788100669378
678cc86b7a22ead21c11ea4d,1,17,2,1,0.38250171924093357,0.3153412715438948,0.29470848909261954,-0.7134095227441581,-0.021932629019046072,-0.2032663853626896
678cc86b7a22ead21c11ea4d,1,18,3,1,0.38250171924093357,0.4366773979218298,0.29470848909261954,-0.22682851017781322,-0.6387348051752166,-0.06658035343663048
678cc86b7a22ead21c11ea4d,1,19,2,1,0.38250171924093357,0.4366773979218298,0.4203974870644357,-0.07425751415995405,-0.20383547883197042,-0.6551732078219443
678cc86b7a22ead21c11ea4d,1,20,1,1,0.38250171924093357,0.5186925646812222,0.4203974870644357,-0.024137358256365635,-0.7023544898080087,-0.20859574737562392
678cc86b7a22ead21c11ea4d,1,21,2,0,0.4839211120653357,0.5186925646812222,0.4203974870644357,-0.6418127800098603,-0.22372727114333985,-0.0684510968552757
678cc86b7a22ead21c11ea4d,1,22,1,1,0.4839211120653357,0.4348948177378899,0.4203974870644357,-0.20418646192067777,-0.7119724146779447,-0.02229227092761287
678cc86b7a22ead21c11ea4d,1,23,1,0,0.5659056078689274,0.4348948177378899,0.4203974870644357,-0.7033093841010094,-0.22654315489467378,-0.007165928163422537
678cc86b7a22ead21c11ea4d,1,24,3,1,0.47448032398757584,0.4348948177378899,0.4203974870644357,-0.857030027933374,-0.0743328045234298,-0.0023308498914219565
678cc86b7a22ead21c11ea4d,1,25,2,1,0.47448032398757584,0.4348948177378899,0.5041879502198646,-0.2746112422894614,-0.024117654047952443,-0.6260989660408812
678cc86b7a22ead21c11ea4d,2,1,2,0,0.47448032398757584,0.5261907863798692,0.5041879502198646,0,0,0
678cc86b7a22ead21c11ea4d,2,2,1,0,0.47448032398757584,0.44118165902847495,0.5041879502198646,0,-0.621963528794166,0
678cc86b7a22ead21c11ea4d,2,3,3,0,0.39782531884988726,0.44118165902847495,0.5041879502198646,-0.621963528794166,-0.2000962805631115,0
678cc86b7a22ead21c11ea4d,2,4,2,1,0.39782531884988726,0.44118165902847495,0.4227335069330801,-0.2000962805631115,-0.06570825399277454,-0.621963528794166
678cc86b7a22ead21c11ea4d,2,5,3,1,0.39782531884988726,0.531461952688859,0.4227335069330801,-0.06570825399277454,-0.654172866978296,-0.2000962805631115
678cc86b7a22ead21c11ea4d,2,6,1,0,0.39782531884988726,0.531461952688859,0.5159942050390047,-0.021513007979327033,-0.20817465523231649,-0.6997918361097537
678cc86b7a22ead21c11ea4d,2,7,3,1,0.3335543689518501,0.531461952688859,0.5159942050390047,-0.6369174420844947,-0.06838472686394376,-0.22275904832098908
678cc86b7a22ead21c11ea4d,2,8,2,1,0.3335543689518501,0.531461952688859,0.594188102982784,-0.20326174920030707,-0.02228725589592309,-0.7108967011562073
678cc86b7a22ead21c11ea4d,2,9,3,0,0.3335543689518501,0.6071569476250851,0.594188102982784,-0.06657086526410158,-0.6384832414714261,-0.22629363068699265
678cc86b7a22ead21c11ea4d,2,10,2,1,0.3335543689518501,0.6071569476250851,0.492927173575447,-0.021816783100249468,-0.2035069369221706,-0.7132152376161561
678cc86b7a22ead21c11ea4d,2,11,2,1,0.3335543689518501,0.670622982708756,0.492927173575447,-0.007005514624897617,-0.7021329457936338,-0.22680769332122802
678cc86b7a22ead21c11ea4d,2,12,2,0,0.3335543689518501,0.723835716670987,0.492927173575447,-0.002274002741088463,-0.856932334920935,-0.07425699873966166
678cc86b7a22ead21c11ea4d,2,13,3,1,0.3335543689518501,0.5901443509354347,0.492927173575447,-7.408987943697751e-4,-0.911204581216795,-0.024136535722187005
678cc86b7a22ead21c11ea4d,2,14,1,0,0.3335543689518501,0.5901443509354347,0.5792633049647216,-2.3947277713596215e-4,-0.2908068650850657,-0.6417860203105603
678cc86b7a22ead21c11ea4d,2,15,3,1,0.2796667589722741,0.5901443509354347,0.5792633049647216,-0.622769533590239,-0.09586649501497241,-0.2041864599709058
678cc86b7a22ead21c11ea4d,2,16,2,1,0.2796667589722741,0.5901443509354347,0.6472357181050824,-0.20022687324343302,-0.030970951642329124,-0.7033093176782377
678cc86b7a22ead21c11ea4d,2,17,3,1,0.2796667589722741,0.6704041273134386,0.6472357181050824,-0.06573201463186759,-0.6476672877949231,-0.22379153606245195
678cc86b7a22ead21c11ea4d,2,18,2,0,0.2796667589722741,0.6704041273134386,0.7042267987958963,-0.021534225386741702,-0.20543949690166446,-0.7121505441261928
678cc86b7a22ead21c11ea4d,2,19,3,0,0.2796667589722741,0.5495301026933754,0.7042267987958963,-0.006924388100382824,-0.7047760649156039,-0.22655126544998883
678cc86b7a22ead21c11ea4d,2,20,2,1,0.2796667589722741,0.5495301026933754,0.5760071421568694,-0.002249758949665847,-0.22421112959393164,-0.7134118133987963
678cc86b7a22ead21c11ea4d,2,21,3,0,0.2796667589722741,0.6328423199352061,0.5760071421568694,-7.314526193451925e-4,-0.7123311869070093,-0.2268290364796919
678cc86b7a22ead21c11ea4d,2,22,2,1,0.2796667589722741,0.6328423199352061,0.49506356859231293,-2.3709958896376226e-4,-0.2265537975946386,-0.7135172890219416
678cc86b7a22ead21c11ea4d,2,23,1,0,0.2796667589722741,0.6921587381662657,0.49506356859231293,-7.602392823499209e-5,-0.7134178450604554,-0.22689388348794798
678cc86b7a22ead21c11ea4d,2,24,2,0,0.2344850006925694,0.6921587381662657,0.49506356859231293,-0.6225125407763882,-0.2268304863624376,-0.07443151345627104
678cc86b7a22ead21c11ea4d,2,25,1,1,0.2344850006925694,0.5685563681447899,0.49506356859231293,-0.20015644112082204,-0.7135181180932184,-0.024142512023068958
678cc86b7a22ead21c11ea4d,3,1,1,0,0.373507421819717,0.5685563681447899,0.49506356859231293,0,0,0
678cc86b7a22ead21c11ea4d,3,2,3,0,0.30029580169777464,0.5685563681447899,0.49506356859231293,-0.621963528794166,0,0
678cc86b7a22ead21c11ea4d,3,3,3,0,0.30029580169777464,0.5685563681447899,0.4150832239113195,-0.2000962805631115,0,-0.621963528794166
678cc86b7a22ead21c11ea4d,3,4,2,1,0.30029580169777464,0.5685563681447899,0.34802416194134445,-0.06570825399277454,0,-0.8279828267263466
678cc86b7a22ead21c11ea4d,3,5,2,0,0.30029580169777464,0.6481355685027506,0.34802416194134445,-0.021513007979327033,-0.621963528794166,-0.26641388677604705
678cc86b7a22ead21c11ea4d,3,6,2,0,0.30029580169777464,0.5390476135766831,0.34802416194134445,-0.006923825120473409,-0.8279828267263466,-0.08762731815373441
678cc86b7a22ead21c11ea4d,3,7,1,0,0.30029580169777464,0.4556320646479366,0.34802416194134445,-0.0022495256910952588,-0.9003558953705086,-0.028547447496510753
678cc86b7a22ead21c11ea4d,3,8,2,0,0.25178130215407835,0.4556320646479366,0.34802416194134445,-0.6259386067229202,-0.2881383893645254,-0.009134913679425604
678cc86b7a22ead21c11ea4d,3,9,3,1,0.25178130215407835,0.38202210614392457,0.34802416194134445,-0.200579534380429,-0.7368780406888036,-0.002976412644657593
678cc86b7a22ead21c11ea4d,3,10,2,1,0.25178130215407835,0.38202210614392457,0.461201504076071,-0.06578048184110191,-0.23444166444650377,-0.6271053110290887
678cc86b7a22ead21c11ea4d,3,11,2,0,0.25178130215407835,0.4912776236573169,0.461201504076071,-0.021557550467422703,-0.7180216888847786,-0.20070921954121126
678cc86b7a22ead21c11ea4d,3,12,1,1,0.25178130215407835,0.40401273943194227,0.461201504076071,-0.006932712806258921,-0.8639584309751962,-0.06586855529729406
678cc86b7a22ead21c11ea4d,3,13,2,0,0.3860262107104216,0.40401273943194227,0.461201504076071,-0.6291205857891393,-0.2759267808363449,-0.02158518130719155
678cc86b7a22ead21c11ea4d,3,14,3,0,0.3860262107104216,0.33874217738165124,0.461201504076071,-0.20126536730112776,-0.7323263084301979,-0.00693612121706276
678cc86b7a22ead21c11ea4d,3,15,2,1,0.3860262107104216,0.33874217738165124,0.38011256386071757,-0.06608681960085508,-0.2328274737191997,-0.6291500395203617
678cc86b7a22ead21c11ea4d,3,16,3,1,0.3860262107104216,0.4599789494462198,0.38011256386071757,-0.021647189175163183,-0.7171967169736261,-0.20129474554188453
678cc86b7a22ead21c11ea4d,3,17,2,0,0.3860262107104216,0.4599789494462198,0.4839112274772027,-0.006952406776334906,-0.22764652430053706,-0.700719570578572
678cc86b7a22ead21c11ea4d,3,18,1,1,0.3860262107104216,0.3735874322436261,0.4839112274772027,-0.002256674514662996,-0.7155656452467857,-0.22335115902838573
678cc86b7a22ead21c11ea4d,3,19,2,0,0.47472080105740455,0.3735874322436261,0.4839112274772027,-0.6260271818748822,-0.22705956781975878,-0.07321663480985297
678cc86b7a22ead21c11ea4d,3,20,3,1,0.47472080105740455,0.31323225177946157,0.4839112274772027,-0.2006091093963644,-0.7144778542266782,-0.023886865008997955
678cc86b7a22ead21c11ea4d,3,21,1,0,0.47472080105740455,0.31323225177946157,0.5642260589470254,-0.06581776808638147,-0.22695406297139115,-0.6407340753322142
678cc86b7a22ead21c11ea4d,3,22,2,1,0.40159858791178504,0.31323225177946157,0.5642260589470254,-0.6547438198245792,-0.0744447680608319,-0.2040997428181279
678cc86b7a22ead21c11ea4d,3,23,3,1,0.40159858791178504,0.4397401628333594,0.5642260589470254,-0.20834505876904474,-0.6620581615209922,-0.06680377695619387
678cc86b7a22ead21c11ea4d,3,24,3,1,0.40159858791178504,0.4397401628333594,0.6346278252098526,-0.06840371635872149,-0.20977866318308783,-0.6557828133910731
678cc86b7a22ead21c11ea4d,3,25,1,1,0.40159858791178504,0.4397401628333594,0.6936557830790921,-0.022287715681925307,-0.06891082570556531,-0.8398161246395771
678cc86b7a22ead21c11ea4d,4,1,2,1,0.4949043317729665,0.4397401628333594,0.6936557830790921,0,0,0
678cc86b7a22ead21c11ea4d,4,2,3,0,0.4949043317729665,0.51720994775589,0.6936557830790921,0,-0.621963528794166,0
678cc86b7a22ead21c11ea4d,4,3,2,1,0.4949043317729665,0.51720994775589,0.5709760775369225,0,-0.2000962805631115,-0.621963528794166
678cc86b7a22ead21c11ea4d,4,4,3,0,0.4949043317729665,0.5952074353806889,0.5709760775369225,0,-0.6997918361097537,-0.2000962805631115
678cc86b7a22ead21c11ea4d,4,5,3,1,0.4949043317729665,0.5952074353806889,0.4876322626727062,0,-0.22275904832098908,-0.6997918361097537
678cc86b7a22ead21c11ea4d,4,6,2,0,0.4949043317729665,0.5952074353806889,0.5704081970392576,0,-0.07313416331321743,-0.8552136547585942
678cc86b7a22ead21c11ea4d,4,7,2,1,0.4949043317729665,0.49670004143436997,0.5704081970392576,0,-0.6598167616805406,-0.2741826386171995
678cc86b7a22ead21c11ea4d,4,8,1,1,0.4949043317729665,0.5799798840633105,0.5704081970392576,0,-0.8410604342777871,-0.09022951742064907
678cc86b7a22ead21c11ea4d,4,9,3,0,0.5764010674620932,0.5799798840633105,0.5704081970392576,-0.621963528794166,-0.26951765043018233,-0.029247195441004174
678cc86b7a22ead21c11ea4d,4,10,2,1,0.5764010674620932,0.5799798840633105,0.47825549559474356,-0.2000962805631115,-0.0886925232228205,-0.6452092553905499
678cc86b7a22ead21c11ea4d,4,11,1,0,0.5764010674620932,0.6478365296837263,0.47825549559474356,-0.06570825399277454,-0.6699001031035399,-0.2048000682008317
678cc86b7a22ead21c11ea4d,4,12,3,0,0.47423304682990397,0.6478365296837263,0.47825549559474356,-0.654172866978296,-0.2120317771480077,-0.06717497849530125
678cc86b7a22ead21c11ea4d,4,13,2,0,0.47423304682990397,0.6478365296837263,0.40099059113881597,-0.20817465523231649,-0.06943210857268522,-0.6564610136211027
678cc86b7a22ead21c11ea4d,4,14,2,0,0.47423304682990397,0.5343567032698242,0.40099059113881597,-0.06838472686394376,-0.6583304178464884,-0.20877341751459672
678cc86b7a22ead21c11ea4d,4,15,2,1,0.47423304682990397,0.45542184016065457,0.40099059113881597,-0.02228725589592309,-0.840682409708932,-0.06846095849045676
678cc86b7a22ead21c11ea4d,4,16,1,0,0.47423304682990397,0.5434015523148278,0.40099059113881597,-0.00716242192248271,-0.9059399966916379,-0.022307643308936073
678cc86b7a22ead21c11ea4d,4,17,2,1,0.4052035071550829,0.5434015523148278,0.40099059113881597,-0.6298980311963441,-0.28931666610431866,-0.007167800211090288
678cc86b7a22ead21c11ea4d,4,18,1,0,0.4052035071550829,0.6171676376972488,0.40099059113881597,-0.20135559642972153,-0.7385486790791043,-0.002331120565085029
678cc86b7a22ead21c11ea4d,4,19,3,0,0.33974056779005346,0.6171676376972488,0.40099059113881597,-0.7008517163250858,-0.23456179570387004,-7.563773707325169e-4
678cc86b7a22ead21c11ea4d,4,20,2,1,0.33974056779005346,0.6171676376972488,0.33620827445649826,-0.22345851104219222,-0.07684432669746542,-0.6247341440490016
678cc86b7a22ead21c11ea4d,4,21,2,1,0.33974056779005346,0.6790163894663006,0.33620827445649826,-0.07321691865995256,-0.6647665365385016,-0.20038010554072244
678cc86b7a22ead21c11ea4d,4,22,1,0,0.33974056779005346,0.7308731213668249,0.33620827445649826,-0.023887522860384435,-0.8437603137904351,-0.06576772823895168
678cc86b7a22ead21c11ea4d,4,23,3,0,0.28485354123632817,0.7308731213668249,0.33620827445649826,-0.640883588684885,-0.27005796960814615,-0.021539014137643864
678cc86b7a22ead21c11ea4d,4,24,2,1,0.28485354123632817,0.7308731213668249,0.28189191176077544,-0.20409974426923583,-0.08881444955005582,-0.6372619362860574
678cc86b7a22ead21c11ea4d,4,25,2,0,0.28485354123632817,0.7743521016030517,0.28189191176077544,-0.06680384434438869,-0.6702313585463628,-0.20331968993758662
678cc86b7a22ead21c11ea4d,5,1,1,0,0.28485354123632817,0.6312043455094588,0.28189191176077544,0,0,0
678cc86b7a22ead21c11ea4d,5,2,1,1,0.23883382799062008,0.6312043455094588,0.28189191176077544,-0.621963528794166,0,0
678cc86b7a22ead21c11ea4d,5,3,2,1,0.3706064940565619,0.6312043455094588,0.28189191176077544,-0.8279828267263466,0,0
678cc86b7a22ead21c11ea4d,5,4,3,1,0.3706064940565619,0.7059165822989479,0.28189191176077544,-0.26641388677604705,-0.621963528794166,0
678cc86b7a22ead21c11ea4d,5,5,2,1,0.3706064940565619,0.7059165822989479,0.4125148370582314,-0.08762731815373441,-0.2000962805631115,-0.621963528794166
678cc86b7a22ead21c11ea4d,5,6,1,0,0.3706064940565619,0.7534274356941546,0.4125148370582314,-0.028547447496510753,-0.6997918361097537,-0.2000962805631115
678cc86b7a22ead21c11ea4d,5,7,2,0,0.3033529777943914,0.7534274356941546,0.4125148370582314,-0.6438226614294625,-0.22275904832098908,-0.06570825399277454
678cc86b7a22ead21c11ea4d,5,8,1,0,0.3033529777943914,0.6168801542860924,0.4125148370582314,-0.20445390850513034,-0.7108967011562073,-0.021513007979327033
678cc86b7a22ead21c11ea4d,5,9,1,1,0.2543445736335768,0.6168801542860924,0.4125148370582314,-0.7035975768902194,-0.22629363068699265,-0.006923825120473409
678cc86b7a22ead21c11ea4d,5,10,2,0,0.3823139047068803,0.6168801542860924,0.4125148370582314,-0.8570667557198852,-0.07420227734570395,-0.0022495256910952588
678cc86b7a22ead21c11ea4d,5,11,3,1,0.3823139047068803,0.5286744152235521,0.4125148370582314,-0.27461297410579877,-0.661963545451618,-7.313694302838994e-4
678cc86b7a22ead21c11ea4d,5,12,2,0,0.3823139047068803,0.5286744152235521,0.4954322978889905,-0.09031746766614127,-0.20975309664183667,-0.6239193680349233
678cc86b7a22ead21c11ea4d,5,13,1,0,0.3823139047068803,0.4440829173972377,0.4954322978889905,-0.029250539032375903,-0.7065349905256144,-0.20028444519805033
678cc86b7a22ead21c11ea4d,5,14,3,0,0.31425685699925066,0.4440829173972377,0.4954322978889905,-0.6454254146602079,-0.22450367639108781,-0.06573856814150797
678cc86b7a22ead21c11ea4d,5,15,2,0,0.31425685699925066,0.4440829173972377,0.41517919995701613,-0.2048071425966994,-0.07361391670401095,-0.6546549898614277
678cc86b7a22ead21c11ea4d,5,16,3,0,0.31425685699925066,0.37233879048809837,0.41517919995701613,-0.06724824170682991,-0.6615916833498119,-0.20820606213067172
678cc86b7a22ead21c11ea4d,5,17,2,0,0.31425685699925066,0.37233879048809837,0.34810463058452384,-0.021904520104203788,-0.20972224217081584,-0.7055585724457608
678cc86b7a22ead21c11ea4d,5,18,1,0,0.31425685699925066,0.31218533771555584,0.34810463058452384,-0.007042470525267184,-0.7065321466216646,-0.22433584327230122
678cc86b7a22ead21c11ea4d,5,19,1,0,0.2634868682476159,0.31218533771555584,0.34810463058452384,-0.6300540860387585,-0.22468930591983793,-0.07356403852950755
678cc86b7a22ead21c11ea4d,5,20,1,0,0.22091906194813588,0.31218533771555584,0.34810463058452384,-0.8310834733717013,-0.07365719373197588,-0.023966768968171313
678cc86b7a22ead21c11ea4d,5,21,1,0,0.1852283283856514,0.31218533771555584,0.34810463058452384,-0.9021191991147581,-0.023973368278742208,-0.007660197296071475
678cc86b7a22ead21c11ea4d,5,22,1,1,0.15530363696181343,0.31218533771555584,0.34810463058452384,-0.9289872411862448,-0.007662017258897176,-0.0024945243338940788
678cc86b7a22ead21c11ea4d,5,23,2,1,0.30540630636333,0.31218533771555584,0.34810463058452384,-0.938556745303266,-0.002495136043380163,-8.103332255758905e-4
678cc86b7a22ead21c11ea4d,5,24,1,1,0.30540630636333,0.440025574481411,0.34810463058452384,-0.29759153703672647,-0.626686375126116,-2.612161326057399e-4
678cc86b7a22ead21c11ea4d,5,25,3,1,0.4085770702216611,0.440025574481411,0.34810463058452384,-0.7452388434819295,-0.20070157558502982,-8.410117234634154e-5
678cc86b7a22ead21c11ea4d,6,1,2,1,0.4085770702216611,0.440025574481411,0.4604680951351309,0,0,0
678cc86b7a22ead21c11ea4d,6,2,3,0,0.4085770702216611,0.5252638012090054,0.4604680951351309,0,-0.621963528794166,0
678cc86b7a22ead21c11ea4d,6,3,1,1,0.4085770702216611,0.5252638012090054,0.3801691297130746,0,-0.2000962805631115,-0.621963528794166
678cc86b7a22ead21c11ea4d,6,4,2,0,0.5021216279504712,0.5252638012090054,0.3801691297130746,-0.621963528794166,-0.06570825399277454,-0.2000962805631115
678cc86b7a22ead21c11ea4d,6,5,1,1,0.5021216279504712,0.43303466166982146,0.3801691297130746,-0.2000962805631115,-0.654172866978296,-0.06570825399277454
678cc86b7a22ead21c11ea4d,6,6,1,0,0.5825567172595747,0.43303466166982146,0.3801691297130746,-0.6997918361097537,-0.20817465523231649,-0.021513007979327033
678cc86b7a22ead21c11ea4d,6,7,3,0,0.476739646583875,0.43303466166982146,0.3801691297130746,-0.8552136547585942,-0.06838472686394376,-0.006923825120473409
678cc86b7a22ead21c11ea4d,6,8,2,1,0.476739646583875,0.43303466166982146,0.3187506374189549,-0.2741826386171995,-0.02228725589592309,-0.6291126822022044
678cc86b7a22ead21c11ea4d,6,9,2,1,0.476739646583875,0.5271689142616247,0.3187506374189549,-0.09022951742064907,-0.6384832414714261,-0.20126172045821464
678cc86b7a22ead21c11ea4d,6,10,1,1,0.476739646583875,0.6014297015293353,0.3187506374189549,-0.029247195441004174,-0.8329209179826349,-0.06601822047925057
678cc86b7a22ead21c11ea4d,6,11,3,0,0.5710865668785945,0.6014297015293353,0.3187506374189549,-0.6452092553905499,-0.26761753099980673,-0.021647071585027045
678cc86b7a22ead21c11ea4d,6,12,2,0,0.5710865668785945,0.6014297015293353,0.2672546542643802,-0.2048000682008317,-0.08795688967036391,-0.637391301178297
678cc86b7a22ead21c11ea4d,6,13,2,1,0.5710865668785945,0.5042517085313335,0.2672546542643802,-0.06717497849530125,-0.6685453997657681,-0.2032842965609259
678cc86b7a22ead21c11ea4d,6,14,2,1,0.5710865668785945,0.584354069235017,0.2672546542643802,-0.021904316121390238,-0.8448201069621488,-0.06658863522661754
678cc86b7a22ead21c11ea4d,6,15,3,0,0.5710865668785945,0.6515040409553903,0.2672546542643802,-0.007042452248094305,-0.9066077023124488,-0.021817683512851547
678cc86b7a22ead21c11ea4d,6,16,3,1,0.5710865668785945,0.6515040409553903,0.22407814187810565,-0.002284538025857783,-0.2897421100989461,-0.6379365848626425
678cc86b7a22ead21c11ea4d,6,17,2,1,0.5710865668785945,0.6515040409553903,0.3655392106144876,-7.434187594937931e-4,-0.09543969127897785,-0.8325191348548177
678cc86b7a22ead21c11ea4d,6,18,2,0,0.5710865668785945,0.7078055502507157,0.3655392106144876,-2.4020516786655842e-4,-0.6742684896563815,-0.2677540714622644
678cc86b7a22ead21c11ea4d,6,19,2,0,0.5710865668785945,0.5840962486477432,0.3655392106144876,-7.720318899072533e-5,-0.8467832737030461,-0.08794841070279705
678cc86b7a22ead21c11ea4d,6,20,1,1,0.5710865668785945,0.49757939166554244,0.3655392106144876,-2.478338455785651e-5,-0.9086342873868964,-0.028667531686773495
678cc86b7a22ead21c11ea4d,6,21,1,1,0.6403799770739832,0.49757939166554244,0.3655392106144876,-0.6224270362331071,-0.28978867740415215,-0.009154822258404806
678cc86b7a22ead21c11ea4d,6,22,2,0,0.6984786404463031,0.49757939166554244,0.3655392106144876,-0.828331843159007,-0.09562891505106821,-0.002983301606573089
678cc86b7a22ead21c11ea4d,6,23,3,1,0.6984786404463031,0.41719260174511646,0.3655392106144876,-0.2664523820494842,-0.6747024082647833,-9.717911006838745e-4
678cc86b7a22ead21c11ea4d,6,24,2,0,0.6984786404463031,0.41719260174511646,0.4571989629139128,-0.08765786285870125,-0.2132870539216175,-0.6252203134228538
678cc86b7a22ead21c11ea4d,6,25,1,1,0.6984786404463031,0.34979275803761833,0.4571989629139128,-0.028547491201306646,-0.7087579964875355,-0.20047025799617824
67acd3c9faab3a14dfe87135,1,1,1,0,0.5,0.5,0.5,0,0,0
67acd3c9faab3a14dfe87135,1,2,3,0,0.30103127213172165,0.5,0.5,-1.4989029343958455,0,0
67acd3c9faab3a14dfe87135,1,3,2,0,0.30103127213172165,0.5,0.30103127213172165,-0.7462087189683659,0,-1.4989029343958455
67acd3c9faab3a14dfe87135,1,4,3,0,0.30103127213172165,0.30103127213172165,0.30103127213172165,-0.3737460175850531,-1.4989029343958455,-0.7462087189683659
67acd3c9faab3a14dfe87135,1,5,2,1,0.30103127213172165,0.30103127213172165,0.18123968230767049,-0.18574578798380978,-0.7462087189683659,-1.8839937451729376
67acd3c9faab3a14dfe87135,1,6,1,1,0.30103127213172165,0.5791771380442272,0.18123968230767049,-0.0924673998344278,-1.8839937451729376,-0.9332677387226878
67acd3c9faab3a14dfe87135,1,7,2,0,0.5791771380442272,0.5791771380442272,0.18123968230767049,-1.5585393201989217,-0.9332677387226878,-0.4668335247422138
67acd3c9faab3a14dfe87135,1,8,3,1,0.5791771380442272,0.34870083846439026,0.18123968230767049,-0.7711885512326703,-1.9888507098317805,-0.23189647917227044
67acd3c9faab3a14dfe87135,1,9,2,0,0.5791771380442272,0.34870083846439026,0.5070551145528446,-0.38601521679614936,-0.9849848962441932,-1.6403326000293603
67acd3c9faab3a14dfe87135,1,10,1,1,0.5791771380442272,0.2099397334888784,0.5070551145528446,-0.1919081192100826,-2.0196226450416743,-0.8081090748422046
67acd3c9faab3a14dfe87135,1,11,2,0,0.746638294200947,0.2099397334888784,0.5070551145528446,-1.6134069176880872,-1.000043601111571,-0.4046930640466233
67acd3c9faab3a14dfe87135,1,12,1,0,0.746638294200947,0.12639688184328637,0.5070551145528446,-0.7958327336085278,-2.027737544508859,-0.20055825123316
67acd3c9faab3a14dfe87135,1,13,3,1,0.4495229131369808,0.12639688184328637,0.5070551145528446,-1.9186963946472613,-1.0033178558595626,-0.09962141660774364
67acd3c9faab3a14dfe87135,1,14,2,1,0.4495229131369808,0.12639688184328637,0.7032163218907722,-0.9482671226358215,-0.49711654566254215,-1.5683940927694389
67acd3c9faab3a14dfe87135,1,15,3,1,0.4495229131369808,0.4959420175905085,0.7032163218907722,-0.472879071408947,-1.784885717863275,-0.7741032601256392
67acd3c9faab3a14dfe87135,1,16,1,1,0.4495229131369808,0.4959420175905085,0.8213176195903611,-0.23484832218689172,-0.8776239779557998,-1.9049735628569753
67acd3c9faab3a14dfe87135,1,17,2,1,0.6685783845626083,0.4959420175905085,0.8213176195903611,-1.643717466415687,-0.43601202787891313,-0.9415101006675319
67acd3c9faab3a14dfe87135,1,18,3,0,0.6685783845626083,0.6833369343400522,0.8213176195903611,-0.8095233831738968,-1.7524220689405257,-0.4699396164542472
67acd3c9faab3a14dfe87135,1,19,2,1,0.6685783845626083,0.6833369343400522,0.49448453212680715,-0.40484154916358217,-0.8606360970620457,-1.7666756358685922
67acd3c9faab3a14dfe87135,1,20,1,0,0.6685783845626083,0.8093489799223211,0.49448453212680715,-0.20074272884342806,-1.9562596470196394,-0.8689097739652631
67acd3c9faab3a14dfe87135,1,21,2,1,0.4025259837103945,0.8093489799223211,0.49448453212680715,-1.6234817554534455,-0.9663930807780103,-0.4325820889248052
67acd3c9faab3a14dfe87135,1,22,3,1,0.4025259837103945,0.8852161140492999,0.49448453212680715,-0.7999515266255974,-2.0107040514476964,-0.21474464871280158
67acd3c9faab3a14dfe87135,1,23,2,0,0.4025259837103945,0.8852161140492999,0.6956480921667234,-0.4001885364177836,-0.9946013998506106,-1.6326770594999576
67acd3c9faab3a14dfe87135,1,24,3,0,0.4025259837103945,0.50015657724595,0.6956480921667234,-0.1986425639197053,-2.0260224995111296,-0.8043647944687808
67acd3c9faab3a14dfe87135,1,25,1,1,0.4025259837103945,0.50015657724595,0.4188236438546137,-0.09870744851013297,-1.00236456477759,-1.9244152805061536
67acd3c9faab3a14dfe87135,2,1,2,0,0.6402833002410675,0.50015657724595,0.4188236438546137,0,0,0
67acd3c9faab3a14dfe87135,2,2,1,0,0.6402833002410675,0.3208725267814355,0.4188236438546137,0,-1.4989029343958455,0
67acd3c9faab3a14dfe87135,2,3,3,1,0.3854905745180423,0.3208725267814355,0.4188236438546137,-1.4989029343958455,-0.7462087189683659,0
67acd3c9faab3a14dfe87135,2,4,2,1,0.3854905745180423,0.3208725267814355,0.6500955144005076,-0.7462087189683659,-0.3737460175850531,-1.4989029343958455
67acd3c9faab3a14dfe87135,2,5,3,1,0.3854905745180423,0.591122832403961,0.6500955144005076,-0.3737460175850531,-1.7017587990543226,-0.7462087189683659
67acd3c9faab3a14dfe87135,2,6,1,1,0.3854905745180423,0.591122832403961,0.7893355998754956,-0.18574578798380978,-0.8399712916624992,-1.8839937451729376
67acd3c9faab3a14dfe87135,2,7,2,0,0.6300269175769817,0.591122832403961,0.7893355998754956,-1.6086614593298216,-0.4208544873339699,-0.9332677387226878
67acd3c9faab3a14dfe87135,2,8,3,0,0.6300269175769817,0.35589290564240805,0.7893355998754956,-0.7936568764140066,-1.7346138171041603,-0.4668335247422138
67acd3c9faab3a14dfe87135,2,9,2,0,0.6300269175769817,0.35589290564240805,0.47522937025393064,-0.39779447835895887,-0.8547959362829306,-1.7619438357748982
67acd3c9faab3a14dfe87135,2,10,1,0,0.6300269175769817,0.21426981568650846,0.47522937025393064,-0.1975878150432731,-1.950831385339468,-0.8675731103804125
67acd3c9faab3a14dfe87135,2,11,2,1,0.3793155891786722,0.21426981568650846,0.47522937025393064,-1.619186803159257,-0.964102631450878,-0.4322168954594004
67acd3c9faab3a14dfe87135,2,12,3,1,0.3793155891786722,0.5269413230742328,0.47522937025393064,-0.7977899687431915,-2.00873874813551,-0.2146102754998251
67acd3c9faab3a14dfe87135,2,13,2,1,0.3793155891786722,0.5269413230742328,0.684055287185107,-0.39986352033408173,-0.9942015134809159,-1.631805429487898
67acd3c9faab3a14dfe87135,2,14,1,0,0.3793155891786722,0.7151890665192762,0.684055287185107,-0.1984167964221547,-2.0257320314852842,-0.8042240534893094
67acd3c9faab3a14dfe87135,2,15,3,1,0.228371732965688,0.7151890665192762,0.684055287185107,-1.6199260223005107,-1.0023099184585655,-0.40241486408462573
67acd3c9faab3a14dfe87135,2,16,2,0,0.228371732965688,0.7151890665192762,0.8097815088967604,-0.7981620176016131,-0.4963293935531191,-1.7258334965893747
67acd3c9faab3a14dfe87135,2,17,1,0,0.228371732965688,0.4305885080934198,0.8097815088967604,-0.3999673212060797,-1.7844577226442293,-0.8495228585133394
67acd3c9faab3a14dfe87135,2,18,3,1,0.13749410297346565,0.4305885080934198,0.8097815088967604,-1.724004533441632,-0.8774070790315516,-0.42413893488212023
67acd3c9faab3a14dfe87135,2,19,2,0,0.13749410297346565,0.4305885080934198,0.8854765450385736,-0.8488073817228965,-0.4359207548479547,-1.7402216974261306
67acd3c9faab3a14dfe87135,2,20,1,0,0.13749410297346565,0.25924122913344144,0.8854765450385736,-0.42391840118929824,-1.7523962900914545,-0.8564608103302145
67acd3c9faab3a14dfe87135,2,21,3,0,0.08278008447515382,0.25924122913344144,0.8854765450385736,-1.7392984479527664,-0.8606116632811918,-0.4267590438046166
67acd3c9faab3a14dfe87135,2,22,2,1,0.08278008447515382,0.25924122913344144,0.5067746048483311,-0.85632514302475915,-0.42841763641095293,-1.7437541632173799
67acd3c9faab3a14dfe87135,2,23,1,1,0.08278008447515382,0.5540169243328017,0.5067746048483311,-0.42673923818689746,-1.7465253829841245,-0.8576393780691882
67acd3c9faab3a14dfe87135,2,24,3,0,0.4930691545583585,0.5540169243328017,0.5067746048483311,-1.7435061344194356,-0.858499534087805,-0.4271153983295521
67acd3c9faab3a14dfe87135,2,25,2,0,0.4930691545583585,0.5540169243328017,0.32096694325344455,-0.8576042647076947,-0.4274196188806411,-1.7439345154599533
67acd3c9faab3a14dfe87135,3,1,1,0,0.4930691545583585,0.3335528173366654,0.32096694325344455,0,0,0
67acd3c9faab3a14dfe87135,3,2,3,0,0.2695892869627314,0.3335528173366654,0.32096694325344455,-1.4989029343958455,0,0
67acd3c9faab3a14dfe87135,3,3,1,1,0.2695892869627314,0.3335528173366654,0.19324222600661464,-0.7462087189683659,0,-1.4989029343958455
67acd3c9faab3a14dfe87135,3,4,2,0,0.5602470722585013,0.3335528173366654,0.19324222600661464,-1.8839937451729376,0,-0.7462087189683659
67acd3c9faab3a14dfe87135,3,5,3,0,0.5602470722585013,0.20081967659823888,0.19324222600661464,-0.9332677387226878,-1.4989029343958455,-0.3737460175850531
67acd3c9faab3a14dfe87135,3,6,1,0,0.5602470722585013,0.20081967659823888,0.11634395569797287,-0.4668335247422138,-0.7462087189683659,-1.7017587990543226
67acd3c9faab3a14dfe87135,3,7,2,0,0.3373037385204418,0.20081967659823888,0.11634395569797287,-1.7619438357748982,-0.3737460175850531,-0.8399712916624992
67acd3c9faab3a14dfe87135,3,8,3,1,0.3373037385204418,0.1209060358667253,0.11634395569797287,-0.8675731103804125,-1.7017587990543226,-0.4208544873339699
67acd3c9faab3a14dfe87135,3,9,1,1,0.3373037385204418,0.1209060358667253,0.5078414637996649,-0.4322168954594004,-0.8399712916624992,-1.7346138171041603
67acd3c9faab3a14dfe87135,3,10,2,1,0.6010154112910507,0.1209060358667253,0.5078414637996649,-1.7472978504535632,-0.4208544873339699,-0.8547959362829306
67acd3c9faab3a14dfe87135,3,11,1,1,0.6010154112910507,0.4939772866091168,0.5078414637996649,-0.8594899095039341,-1.7346138171041603,-0.42636244030221804
67acd3c9faab3a14dfe87135,3,12,2,1,0.7597862905027695,0.4939772866091168,0.5078414637996649,-1.9545948669274291,-0.8547959362829306,-0.2117047495870315
67acd3c9faab3a14dfe87135,3,13,3,1,0.7597862905027695,0.6813466143910218,0.5078414637996649,-0.9658014019292922,-1.950831385339468,-0.10538578224229617
67acd3c9faab3a14dfe87135,3,14,2,1,0.7597862905027695,0.6813466143910218,0.6796929677302844,-0.4796687273125688,-0.964102631450878,-1.5731772442135645
67acd3c9faab3a14dfe87135,3,15,3,0,0.7597862905027695,0.8081506819722197,0.6796929677302844,-0.23826595860263344,-2.00873874813551,-0.7759499845278183
67acd3c9faab3a14dfe87135,3,16,2,1,0.7597862905027695,0.8081506819722197,0.40921763119613586,-0.11890023351773227,-0.9942015134809159,-1.9064035864530655
67acd3c9faab3a14dfe87135,3,17,1,1,0.7597862905027695,0.8844946631060282,0.40921763119613586,-0.05911914400258285,-2.0257320314852842,-0.9423259382398665
67acd3c9faab3a14dfe87135,3,18,3,0,0.8553762801811027,0.8844946631060282,0.40921763119613586,-1.5465632666616307,-1.0023099184585655,-0.47021811057611385
67acd3c9faab3a14dfe87135,3,19,2,0,0.8553762801811027,0.8844946631060282,0.24637461935727098,-0.7641392059051297,-0.4963293935531191,-1.767285985064109
67acd3c9faab3a14dfe87135,3,20,1,0,0.8553762801811027,0.49571895522719,0.24637461935727098,-0.38194989632246035,-1.7844577226442293,-0.8691272336668969
67acd3c9faab3a14dfe87135,3,21,2,1,0.49113625125775695,0.49571895522719,0.24637461935727098,-1.7117803941710485,-0.8774070790315516,-0.4326101192619634
67acd3c9faab3a14dfe87135,3,22,3,1,0.49113625125775695,0.7185484708984429,0.24637461935727098,-0.8436805436788808,-1.966270920047931,-0.21475195104919567
67acd3c9faab3a14dfe87135,3,23,3,1,0.49113625125775695,0.7185484708984429,0.5462704161222098,-0.4217462361173714,-0.970800670291932,-1.6326884786205365
67acd3c9faab3a14dfe87135,3,24,1,0,0.49113625125775695,0.7185484708984429,0.726826387247435,-0.20951163255702887,-0.4817452023343221,-2.3220124784455116
67acd3c9faab3a14dfe87135,3,25,2,1,0.31005620297682446,0.7185484708984429,0.726826387247435,-1.6278862434882355,-0.23930144815365872,-1.1494001265139202
67acd3c9faab3a14dfe87135,4,1,1,1,0.31005620297682446,0.8305485654886035,0.726826387247435,0,0,0
67acd3c9faab3a14dfe87135,4,2,2,1,0.5846107269768448,0.8305485654886035,0.726826387247435,-1.4989029343958455,0,0
67acd3c9faab3a14dfe87135,4,3,1,1,0.5846107269768448,0.8979796155402322,0.726826387247435,-0.7462087189683659,-1.4989029343958455,0
67acd3c9faab3a14dfe87135,4,4,1,1,0.7499096647932729,0.8979796155402322,0.726826387247435,-1.8839937451729376,-0.7462087189683659,0
67acd3c9faab3a14dfe87135,4,5,2,0,0.8494299450376387,0.8979796155402322,0.726826387247435,-2.449073313710352,-0.3737460175850531,0
67acd3c9faab3a14dfe87135,4,6,3,1,0.8494299450376387,0.5032746163962176,0.726826387247435,-1.2158066238760865,-1.7017587990543226,0
67acd3c9faab3a14dfe87135,4,7,1,0,0.8494299450376387,0.5032746163962176,0.8355323585347458,-0.605634296687265,-0.8399712916624992,-1.4989029343958455
67acd3c9faab3a14dfe87135,4,8,2,0,0.5000455343536846,0.5032746163962176,0.8355323585347458,-1.836685986600589,-0.4208544873339699,-0.7462087189683659
67acd3c9faab3a14dfe87135,4,9,3,0,0.5000455343536846,0.32549905233059534,0.8355323585347458,-0.9057482206082106,-1.7346138171041603,-0.3737460175850531
67acd3c9faab3a14dfe87135,4,10,1,0,0.5000455343536846,0.32549905233059534,0.5008654466554945,-0.44856296548035457,-0.8547959362829306,-1.7017587990543226
67acd3c9faab3a14dfe87135,4,11,2,1,0.30790078667245346,0.32549905233059534,0.5008654466554945,-1.7593906729587196,-0.42636244030221804,-0.8399712916624992
67acd3c9faab3a14dfe87135,4,12,2,0,0.30790078667245346,0.5957214604161154,0.5008654466554945,-0.8648683980181295,-1.7426192509659717,-0.4208544873339699
67acd3c9faab3a14dfe87135,4,13,3,1,0.30790078667245346,0.357569933864818,0.5008654466554945,-0.4300423936144626,-2.376288158700567,-0.2091332461367586
67acd3c9faab3a14dfe87135,4,14,2,0,0.30790078667245346,0.357569933864818,0.7008006454604887,-0.2134760146964291,-1.1768822133356616,-1.6264557452948194
67acd3c9faab3a14dfe87135,4,15,1,0,0.30790078667245346,0.21527949434745186,0.7008006454604887,-0.10630591158736875,-2.112797215356939,-0.8021004137629129
67acd3c9faab3a14dfe87135,4,16,3,0,0.18537557765684695,0.21527949434745186,0.7008006454604887,-1.574715102020281,-1.0482512324884736,-0.4013038408383537
67acd3c9faab3a14dfe87135,4,17,2,1,0.18537557765684695,0.21527949434745186,0.42192580531254553,-0.7761923514758995,-0.5200620101101703,-1.7248138707437093
67acd3c9faab3a14dfe87135,4,18,2,0,0.18537557765684695,0.5275492145492815,0.42192580531254553,-0.3885256557351586,-1.7962847401474868,-0.8492003337089216
67acd3c9faab3a14dfe87135,4,19,1,0,0.18537557765684695,0.3176176005953748,0.42192580531254553,-0.1927397576951518,-2.410269774829953,-0.42406513455814215
67acd3c9faab3a14dfe87135,4,20,3,0,0.11160773769257537,0.3176176005953748,0.42192580531254553,-1.616205390222016,-1.191801615915137,-0.21052982091708983
67acd3c9faab3a14dfe87135,4,21,2,0,0.11160773769257537,0.3176176005953748,0.25402575545165723,-0.7963423054438001,-0.5913324393652172,-1.6292555514878346
67acd3c9faab3a14dfe87135,4,22,1,0,0.11160773769257537,0.1912256779150488,0.25402575545165723,-0.3991590036608662,-1.832577100402375,-0.8027422249149296
67acd3c9faab3a14dfe87135,4,23,3,1,0.06719487671006329,0.1912256779150488,0.25402575545165723,-1.7232516021635174,-0.9024762276998275,-0.4017603087881062
67acd3c9faab3a14dfe87135,4,24,2,0,0.06719487671006329,0.1912256779150488,0.5508768916292186,-0.8486532214071169,-0.44701245006357493,-1.7257335364909356
67acd3c9faab3a14dfe87135,4,25,3,1,0.06719487671006329,0.1151298467626996,0.5508768916292186,-0.42384369638367625,-1.7596407468971043,-0.8492977446070229
67acd3c9faab3a14dfe87135,5,1,1,0,0.06719487671006329,0.1151298467626996,0.7295997819035394,0,0,0
67acd3c9faab3a14dfe87135,5,2,2,1,0.04045554783698094,0.1151298467626996,0.7295997819035394,-1.4989029343958455,0,0
67acd3c9faab3a14dfe87135,5,3,3,1,0.04045554783698094,0.4955446571989909,0.7295997819035394,-0.7462087189683659,-1.4989029343958455,0
67acd3c9faab3a14dfe87135,5,4,1,0,0.04045554783698094,0.4955446571989909,0.8372021208345697,-0.3737460175850531,-0.7462087189683659,-1.4989029343958455
67acd3c9faab3a14dfe87135,5,5,3,0,0.024356791620703963,0.4955446571989909,0.8372021208345697,-1.7017587990543226,-0.3737460175850531,-0.7462087189683659
67acd3c9faab3a14dfe87135,5,6,3,0,0.024356791620703963,0.4955446571989909,0.5013319813709641,-0.8399712916624992,-0.18574578798380978,-1.8839937451729376
67acd3c9faab3a14dfe87135,5,7,1,0,0.024356791620703963,0.4955446571989909,0.30346844810420526,-0.4208544873339699,-0.0924673998344278,-2.449073313710352
67acd3c9faab3a14dfe87135,5,8,2,0,0.014664327236532677,0.4955446571989909,0.30346844810420526,-1.7346138171041603,-0.04623722254345782,-1.2158066238760865
67acd3c9faab3a14dfe87135,5,9,3,1,0.014664327236532677,0.2813154072957962,0.30346844810420526,-0.8547959362829306,-1.532494240408694,-0.605634296687265
67acd3c9faab3a14dfe87135,5,10,1,0,0.014664327236532677,0.2813154072957962,0.5806444861217538,-0.42636244030221804,-0.7587765303258786,-1.836685986600589
67acd3c9faab3a14dfe87135,5,11,2,1,0.008828852777800962,0.2813154072957962,0.5806444861217538,-1.7426192509659717,-0.3798333122307977,-0.9057482206082106
67acd3c9faab3a14dfe87135,5,12,3,1,0.008828852777800962,0.5673069320519903,0.5806444861217538,-0.8572148015237224,-1.7072359978808833,-0.44856296548035457
67acd3c9faab3a14dfe87135,5,13,1,0,0.008828852777800962,0.5673069320519903,0.7475217391165752,-0.42703969492164406,-0.8421546704477492,-1.7593906729587196
67acd3c9faab3a14dfe87135,5,14,3,0,0.005315528797219544,0.5673069320519903,0.7475217391165752,-1.7436900071408608,-0.42160652329023984,-0.8648683980181295
67acd3c9faab3a14dfe87135,5,15,2,0,0.005315528797219544,0.5673069320519903,0.45005480809389087,-0.8578867948306889,-0.2093873254370591,-1.95962005839446
67acd3c9faab3a14dfe87135,5,16,1,0,0.005315528797219544,0.3415542175179337,0.45005480809389087,-0.42716902133333,-1.6277123230722614,-0.9671817740497584
67acd3c9faab3a14dfe87135,5,17,2,1,0.003200285652074933,0.3415542175179337,0.45005480809389087,-1.743971998023879,-0.8024507346309422,-0.480412145759925
67acd3c9faab3a14dfe87135,5,18,2,1,0.003200285652074933,0.6035744670085883,0.45005480809389087,-0.8579991011566077,-1.9221397943095473,-0.23862455167868685
67acd3c9faab3a14dfe87135,5,19,3,0,0.003200285652074933,0.7613270032569162,0.45005480809389087,-0.4272052761793649,-2.470480683533035,-0.11903675588252474
67acd3c9faab3a14dfe87135,5,20,1,0,0.003200285652074933,0.7613270032569162,0.27096116643787616,-0.21226534754188733,-1.225483835260704,-1.5836577463396995
67acd3c9faab3a14dfe87135,5,21,1,0,0.001926775353438319,0.7613270032569162,0.27096116643787616,-1.6303205695581542,-0.6083182660424806,-0.7795046845968874
67acd3c9faab3a14dfe87135,5,22,3,1,0.0011600414007377942,0.7613270032569162,0.27096116643787616,-2.321040732015887,-0.3026493828283141,-0.39029130987725236
67acd3c9faab3a14dfe87135,5,23,2,0,0.0011600414007377942,0.7613270032569162,0.5610730650565864,-1.1486453203213483,-0.15102709962088642,-1.7180609252183219
67acd3c9faab3a14dfe87135,5,24,1,0,0.0011600414007377942,0.4583664307293517,0.5610730650565864,-0.5734340048284547,-1.6045386141338986,-0.846479367320885
67acd3c9faab3a14dfe87135,5,25,2,0,6.984188697212022e-4,0.4583664307293517,0.5610730650565864,-1.8191751308655588,-0.7895620034799768,-0.4227890587286941
67acd3c9faab3a14dfe87135,6,1,3,1,6.984188697212022e-4,0.27596527799079545,0.5610730650565864,0,0,0
67acd3c9faab3a14dfe87135,6,2,2,1,6.984188697212022e-4,0.27596527799079545,0.7357385150651563,0,0,-1.4989029343958455
67acd3c9faab3a14dfe87135,6,3,3,0,6.984188697212022e-4,0.5640858505857661,0.7357385150651563,0,-1.4989029343958455,-0.7462087189683659
67acd3c9faab3a14dfe87135,6,4,1,1,6.984188697212022e-4,0.5640858505857661,0.44296056641495996,0,-0.7462087189683659,-1.8839937451729376
67acd3c9faab3a14dfe87135,6,5,2,1,0.4618516921695527,0.5640858505857661,0.44296056641495996,-1.4989029343958455,-0.3737460175850531,-0.9332677387226878
67acd3c9faab3a14dfe87135,6,6,1,1,0.4618516921695527,0.7375523991056016,0.44296056641495996,-0.7462087189683659,-1.7017587990543226,-0.4668335247422138
67acd3c9faab3a14dfe87135,6,7,2,0,0.6377737989025192,0.7375523991056016,0.44296056641495996,-1.8839937451729376,-0.8399712916624992,-0.23189647917227044
67acd3c9faab3a14dfe87135,6,8,3,1,0.6377737989025192,0.4440526374573296,0.44296056641495996,-0.9332677387226878,-1.9415763155892911,-0.11546394562050544
67acd3c9faab3a14dfe87135,6,9,3,0,0.6377737989025192,0.4440526374573296,0.6646274419990791,-0.4668335247422138,-0.9600515060051298,-1.57809147480266
67acd3c9faab3a14dfe87135,6,10,3,1,0.6377737989025192,0.4440526374573296,0.4001472691630104,-0.23189647917227044,-0.478088583409938,-2.293132913426004
67acd3c9faab3a14dfe87135,6,11,1,0,0.6377737989025192,0.4440526374573296,0.638851165072528,-0.11546394562050544,-0.23756832218282736,-2.6549072745742643
67acd3c9faab3a14dfe87135,6,12,1,1,0.3062431258823847,0.4440526374573296,0.638851165072528,-1.57809147480266,-0.11838383366077973,-1.319422707474514
67acd3c9faab3a14dfe87135,6,13,1,0,0.6291172143439095,0.4440526374573296,0.638851165072528,-2.293132913426004,-0.05892750294030412,-0.6551024175463652
67acd3c9faab3a14dfe87135,6,14,1,0,0.3210460416891633,0.4440526374573296,0.638851165072528,-2.6549072745742643,-0.02914247118427501,-0.3257021906326022
67acd3c9faab3a14dfe87135,6,15,3,0,0.22804196207452765,0.4440526374573296,0.638851165072528,-2.8389881151164094,-0.014469169873848775,-0.16259901025211032
67acd3c9faab3a14dfe87135,6,16,3,1,0.22804196207452765,0.4440526374573296,0.3846283392960535,-1.4112155263222719,-0.007134736520588889,-1.6107759468770717
67acd3c9faab3a14dfe87135,6,17,3,1,0.22804196207452765,0.4440526374573296,0.6295077977954702,-0.700950351046203,-0.0035667194687876145,-2.311674668723577
67acd3c9faab3a14dfe87135,6,18,1,1,0.22804196207452765,0.4440526374573296,0.7769405021387732,-0.3483759311035184,-0.0017828879699299939,-2.6661175629674307
67acd3c9faab3a14dfe87135,6,19,2,1,0.535233009250067,0.4440526374573296,0.7769405021387732,-1.7185538245439123,-8.88055670482931e-4,-1.3248031715362465
67acd3c9faab3a14dfe87135,6,20,2,1,0.535233009250067,0.665284936813455,0.7769405021387732,-0.8426138159788067,-1.501253626351997,-0.657138135454812
67acd3c9faab3a14dfe87135,6,21,3,0,0.535233009250067,0.798480577808973,0.7769405021387732,-0.4179890532280991,-2.2496913255506903,-0.3265252323793492
67acd3c9faab3a14dfe87135,6,22,1,1,0.535233009250067,0.798480577808973,0.4677667421643781,-0.20736968525772775,-1.1159787888844697,-1.7052161146747533
67acd3c9faab3a14dfe87135,6,23,3,0,0.7201811765789992,0.798480577808973,0.4677667421643781,-1.6305448974159031,-0.5605253097074434,-0.8355471871432578
67acd3c9faab3a14dfe87135,6,24,1,1,0.7201811765789992,0.798480577808973,0.2816248594683125,-0.8034421530605433,-0.2784187669914078,-1.9458937996331542
67acd3c9faab3a14dfe87135,6,25,1,0,0.8315315246130277,0.798480577808973,0.2816248594683125,-1.9240322384457063,-0.13847653003255966,-0.9593882301357584
67dae998d8f2cfb8a8e3bf03,1,1,2,0,0.5,0.5,0.5,0,0,0
67dae998d8f2cfb8a8e3bf03,1,2,3,0,0.5,0.24263784756173928,0.5,0,0.010766975089939549,0
67dae998d8f2cfb8a8e3bf03,1,3,1,0,0.5,0.24263784756173928,0.24263784756173928,0,0.0013996999511515615,0.010766975089939549
67dae998d8f2cfb8a8e3bf03,1,4,2,1,0.24263784756173928,0.24263784756173928,0.24263784756173928,0.010766975089939549,1.369731275774791e-4,0.0013996999511515615
67dae998d8f2cfb8a8e3bf03,1,5,2,0,0.24263784756173928,0.6324705550172608,0.24263784756173928,0.0013996999511515615,0.011117488650055136,1.369731275774791e-4
67dae998d8f2cfb8a8e3bf03,1,6,1,1,0.24263784756173928,0.3069225882291243,0.24263784756173928,1.369731275774791e-4,0.013405267495480083,9.749454646338512e-6
67dae998d8f2cfb8a8e3bf03,1,7,3,1,0.6324705550172608,0.3069225882291243,0.24263784756173928,0.011117488650055136,0.001545951624637863,1.210471249399417e-6
67dae998d8f2cfb8a8e3bf03,1,8,2,1,0.6324705550172608,0.3069225882291243,0.6324705550172608,0.0014046805941758847,1.5066988467843032e-4,0.010967212966589056
67dae998d8f2cfb8a8e3bf03,1,9,3,1,0.6324705550172608,0.6636663772300008,0.6324705550172608,1.369894372659627e-4,0.011173710528663595,0.0014043109116990977
67dae998d8f2cfb8a8e3bf03,1,10,2,1,0.6324705550172608,0.6636663772300008,0.8216468931056458,9.76170904647688e-6,0.0014047090411029163,0.01157381542435127
67dae998d8f2cfb8a8e3bf03,1,11,3,1,0.6324705550172608,0.8367854674149103,0.8216468931056458,1.2120285354563634e-6,0.0115992245127517,0.001409420797067555
67dae998d8f2cfb8a8e3bf03,1,12,2,0,0.6324705550172608,0.8367854674149103,0.9134495720720006,1.0308729817381771e-7,0.0014094231795882843,0.01164193167269646
67dae998d8f2cfb8a8e3bf03,1,13,1,0,0.6324705550172608,0.40607164936672163,0.9134495720720006,1.2255487074732502e-8,0.011657303205257178,0.0014094492163829898
67dae998d8f2cfb8a8e3bf03,1,14,3,1,0.3069225882291243,0.40607164936672163,0.9134495720720006,0.010966965563254254,0.001409449231242978,1.372996268629975e-4
67dae998d8f2cfb8a8e3bf03,1,15,2,0,0.3069225882291243,0.40607164936672163,0.95799918092214,0.0014043087043478272,1.3729962698644878e-4,0.011136521083320524
67dae998d8f2cfb8a8e3bf03,1,16,3,1,0.3069225882291243,0.19705670191853614,0.95799918092214,1.369731276950413e-4,0.011136589309576315,0.0014046828292326534
67dae998d8f2cfb8a8e3bf03,1,17,3,1,0.3069225882291243,0.19705670191853614,0.9796180233249929,9.749457942730958e-6,0.0014046828292400516,0.011594847379620713
67dae998d8f2cfb8a8e3bf03,1,18,3,1,0.3069225882291243,0.19705670191853614,0.9901091221002782,1.2104716816274597e-6,1.36989480166222e-4,0.013690476134912397
67dae998d8f2cfb8a8e3bf03,1,19,3,1,0.3069225882291243,0.19705670191853614,0.9952001973513791,1.0285995225691059e-7,9.761906612833654e-6,0.014588629156824188
67dae998d8f2cfb8a8e3bf03,1,20,3,1,0.3069225882291243,0.19705670191853614,0.9976707724329771,1.222181604272814e-8,1.212054219639274e-6,0.015436931123490925
67dae998d8f2cfb8a8e3bf03,1,21,3,1,0.3069225882291243,0.19705670191853614,0.9988696824731682,1.0185325598836713e-9,1.0309254133479142e-7,0.015738780605377756
67dae998d8f2cfb8a8e3bf03,1,22,3,1,0.3069225882291243,0.19705670191853614,0.9994514843763775,9.106668176633325e-11,1.2256295206050603e-8,0.015887810527338477
67dae998d8f2cfb8a8e3bf03,1,23,3,1,0.3069225882291243,0.19705670191853614,0.9997338186994178,1.0490727259978618e-11,1.0190845489173707e-9,0.015967721608748306
67dae998d8f2cfb8a8e3bf03,1,24,3,1,0.3069225882291243,0.19705670191853614,0.9998708286843083,1.0360300354590045e-12,9.12771555722479e-11,0.01601127653173038
67dae998d8f2cfb8a8e3bf03,1,25,3,1,0.3069225882291243,0.19705670191853614,0.9999373162999756,9.186738236503854e-14,1.0524407385948663e-11,0.0160290350152042
67dae998d8f2cfb8a8e3bf03,2,1,3,0,0.3069225882291243,0.19705670191853614,0.9999695811238913,0,0,0
67dae998d8f2cfb8a8e3bf03,2,2,2,0,0.3069225882291243,0.19705670191853614,0.4852609335822267,0,0,0.010766975089939549
67dae998d8f2cfb8a8e3bf03,2,3,1,0,0.3069225882291243,0.09562682800489238,0.4852609335822267,0,0.010766975089939549,0.0013996999511515615
67dae998d8f2cfb8a8e3bf03,2,4,3,0,0.14894207235347928,0.09562682800489238,0.4852609335822267,0.010766975089939549,0.0013996999511515615,1.369731275774791e-4
67dae998d8f2cfb8a8e3bf03,2,5,2,1,0.14894207235347928,0.09562682800489238,0.2354853368642849,0.0013996999511515615,1.369731275774791e-4,0.011117488650055136
67dae998d8f2cfb8a8e3bf03,2,6,2,1,0.14894207235347928,0.5611296803110967,0.2354853368642849,1.369731275774791e-4,0.011117488650055136,0.0014046805941758847
67dae998d8f2cfb8a8e3bf03,2,7,2,1,0.14894207235347928,0.7870269005413677,0.2354853368642849,9.749454646338512e-6,0.013405267495480083,1.369894372659627e-4
67dae998d8f2cfb8a8e3bf03,2,8,2,1,0.14894207235347928,0.8966493311146666,0.2354853368642849,1.210471249399417e-6,0.014336790446607,9.76170904647688e-6
67dae998d8f2cfb8a8e3bf03,2,9,2,1,0.14894207235347928,0.9498464323129334,0.2354853368642849,1.0285982934318784e-7,0.015124035141402032,1.2120285354563634e-6
67dae998d8f2cfb8a8e3bf03,2,10,2,1,0.14894207235347928,0.9756616925762363,0.2354853368642849,1.2221796896210386e-8,0.015659767741999783,1.0308729817381771e-7
67dae998d8f2cfb8a8e3bf03,2,11,2,0,0.14894207235347928,0.9881892109458803,0.2354853368642849,1.0185325357018177e-9,0.015844680799415718,1.2255487074732502e-8
67dae998d8f2cfb8a8e3bf03,2,12,2,1,0.14894207235347928,0.4795442062547406,0.2354853368642849,9.106651977099679e-11,0.015943962399897565,1.0190808874405921e-9
67dae998d8f2cfb8a8e3bf03,2,13,2,0,0.14894207235347928,0.7474354529128211,0.2354853368642849,1.0490699129184152e-11,0.015998117888215858,9.127152845314177e-11
67dae998d8f2cfb8a8e3bf03,2,14,2,1,0.14894207235347928,0.36271225897191367,0.2354853368642849,1.036029988002695e-12,0.016027938596883853,1.052344610853941e-11
67dae998d8f2cfb8a8e3bf03,2,15,2,1,0.14894207235347928,0.6907397484817019,0.2354853368642849,9.186737807715538e-14,0.01602915828967657,1.0367589001330768e-12
67dae998d8f2cfb8a8e3bf03,2,16,2,1,0.14894207235347928,0.8499235164692566,0.2354853368642849,8.171047890624318e-15,0.016029210081350415,9.193258616997448e-14
67dae998d8f2cfb8a8e3bf03,2,17,2,0,0.14894207235347928,0.927171530131171,0.2354853368642849,7.289121303817417e-16,0.016029226515932353,8.17689713949825e-15
67dae998d8f2cfb8a8e3bf03,2,18,2,0,0.14894207235347928,0.44993380878166334,0.2354853368642849,6.280178814757344e-17,0.016029231730969123,7.294381609201295e-16
67dae998d8f2cfb8a8e3bf03,2,19,2,1,0.14894207235347928,0.2183419418189963,0.2354853368642849,5.406892392045516e-18,0.0162051382348726,6.284195328324822e-17
67dae998d8f2cfb8a8e3bf03,2,20,2,1,0.14894207235347928,0.6206803424705184,0.2354853368642849,4.6584664994710465e-19,0.01635287862399812,5.410357827250819e-18
67dae998d8f2cfb8a8e3bf03,2,21,2,1,0.14894207235347928,0.8159253895168699,0.2354853368642849,4.0165135674758306e-20,0.016353371319569043,4.661458486587382e-19
67dae998d8f2cfb8a8e3bf03,2,22,2,1,0.14894207235347928,0.9106730654410015,0.2354853368642849,3.465435205301771e-21,0.01635364616932335,4.019098481076733e-20
67dae998d8f2cfb8a8e3bf03,2,23,2,0,0.14894207235347928,0.9566518097368396,0.2354853368642849,2.9919871163334295e-22,0.016353799493996637,3.467669845579153e-21
67dae998d8f2cfb8a8e3bf03,2,24,2,1,0.14894207235347928,0.46423987195995986,0.2354853368642849,2.584913600900407e-23,0.016353885026019387,2.9939201318758653e-22
67dae998d8f2cfb8a8e3bf03,2,25,2,1,0.14894207235347928,0.7400086314490685,0.2354853368642849,2.234640277379693e-24,0.016353932739976693,2.58658669376312e-23
67dae998d8f2cfb8a8e3bf03,3,1,3,1,0.14894207235347928,0.873832507899776,0.2354853368642849,0,0,0
67dae998d8f2cfb8a8e3bf03,3,2,3,1,0.14894207235347928,0.873832507899776,0.6327710861922207,0,0,0.010766975089939549
67dae998d8f2cfb8a8e3bf03,3,3,3,1,0.14894207235347928,0.873832507899776,0.819962530479994,0,0,0.013288412360046686
67dae998d8f2cfb8a8e3bf03,3,4,3,0,0.14894207235347928,0.873832507899776,0.9126321918284026,0,0,0.014248762091861907
67dae998d8f2cfb8a8e3bf03,3,5,3,0,0.14894207235347928,0.873832507899776,0.4428782212799165,0,0,0.01487250659230031
67dae998d8f2cfb8a8e3bf03,3,6,3,0,0.14894207235347928,0.873832507899776,0.21491803668941056,0,0,0.015597110791616344
67dae998d8f2cfb8a8e3bf03,3,7,2,0,0.14894207235347928,0.873832507899776,0.10429449965208991,0,0,0.015810146337068655
67dae998d8f2cfb8a8e3bf03,3,8,1,1,0.14894207235347928,0.4240496776912668,0.10429449965208991,0,0.010766975089939549,0.0015551218438700463
67dae998d8f2cfb8a8e3bf03,3,9,1,0,0.5870022725729105,0.4240496776912668,0.10429449965208991,0.010766975089939549,0.0013996999511515615,1.5825563213164943e-4
67dae998d8f2cfb8a8e3bf03,3,10,1,1,0.28485793585949193,0.4240496776912668,0.10429449965208991,0.013288412360046686,1.369731275774791e-4,1.1301865274863071e-5
67dae998d8f2cfb8a8e3bf03,3,11,1,1,0.6529589377133077,0.4240496776912668,0.10429449965208991,0.014248762091861907,9.749454646338512e-6,1.3054928995056795e-6
67dae998d8f2cfb8a8e3bf03,3,12,1,0,0.8315894072601928,0.4240496776912668,0.10429449965208991,0.01487250659230031,1.210471249399417e-6,1.1695533064719877e-7
67dae998d8f2cfb8a8e3bf03,3,13,2,0,0.40355012766306886,0.4240496776912668,0.10429449965208991,0.015597110791616344,1.0285982934318784e-7,1.3640924947936717e-8
67dae998d8f2cfb8a8e3bf03,3,14,3,1,0.40355012766306886,0.20578100211130165,0.10429449965208991,0.0015551179334641835,0.01096699517222607,1.1086858774704077e-9
67dae998d8f2cfb8a8e3bf03,3,15,3,0,0.40355012766306886,0.20578100211130165,0.5653669545424573,1.5825550726869764e-4,0.0014043088655672532,0.010966961620867445
67dae998d8f2cfb8a8e3bf03,3,16,1,0,0.40355012766306886,0.20578100211130165,0.2743437673329331,1.13004027601758e-5,1.369731298092781e-4,0.013288782301114924
67dae998d8f2cfb8a8e3bf03,3,17,2,1,0.19583306872092493,0.20578100211130165,0.2743437673329331,0.011025168985872712,9.749479827059729e-6,0.0015440148368474891
67dae998d8f2cfb8a8e3bf03,3,18,3,1,0.19583306872092493,0.6146063535662446,0.2743437673329331,0.001404339534798855,0.011000160213730851,1.5005194852940075e-4
67dae998d8f2cfb8a8e3bf03,3,19,2,1,0.19583306872092493,0.6146063535662446,0.6478566672728621,1.3697400237422486e-4,0.0014043371235762988,0.01117197814623315
67dae998d8f2cfb8a8e3bf03,3,20,3,1,0.19583306872092493,0.8129673824190582,0.6478566672728621,9.751199149346365e-6,0.011578198854405364,0.0014047090272536835
67dae998d8f2cfb8a8e3bf03,3,21,2,0,0.19583306872092493,0.8129673824190582,0.8291133994254205,1.2106962404862816e-6,0.001409420958293919,0.011599039884376976
67dae998d8f2cfb8a8e3bf03,3,22,3,0,0.19583306872092493,0.3945133116138225,0.8291133994254205,1.0289957019201542e-7,0.011642343186534957,0.0014094231795013213
67dae998d8f2cfb8a8e3bf03,3,23,1,1,0.19583306872092493,0.3945133116138225,0.40234858123986117,1.2227850543178772e-8,0.0014094492173931518,0.011654557165464857
67dae998d8f2cfb8a8e3bf03,3,24,2,0,0.6097573334308075,0.3945133116138225,0.40234858123986117,0.010966965553345982,1.3729962686890348e-4,0.0014094492312424311
67dae998d8f2cfb8a8e3bf03,3,25,3,0,0.6097573334308075,0.19144772153092005,0.40234858123986117,0.0014043087043415262,0.011136533149050998,1.3729962698644783e-4
67dae998d8f2cfb8a8e3bf03,4,1,2,1,0.6097573334308075,0.19144772153092005,0.19524998744514216,0,0,0
67dae998d8f2cfb8a8e3bf03,4,2,3,1,0.6097573334308075,0.607629231024783,0.19524998744514216,0,0.010766975089939549,0
67dae998d8f2cfb8a8e3bf03,4,3,2,1,0.6097573334308075,0.607629231024783,0.6094743782593656,0,0.0013996999511515615,0.010766975089939549
67dae998d8f2cfb8a8e3bf03,4,4,3,0,0.6097573334308075,0.8095920023374933,0.6094743782593656,0,0.01157188430182926,0.0013996999511515615
67dae998d8f2cfb8a8e3bf03,4,5,2,0,0.6097573334308075,0.8095920023374933,0.29576310256786087,0,0.0014094207832182747,0.01157188430182926
67dae998d8f2cfb8a8e3bf03,4,6,1,0,0.6097573334308075,0.39287532169827044,0.29576310256786087,0,0.011641746210394715,0.0014094207832182747
67dae998d8f2cfb8a8e3bf03,4,7,2,1,0.29590041383538446,0.39287532169827044,0.29576310256786087,0.010766975089939549,0.0014094492162960263,1.3729879720419713e-4
67dae998d8f2cfb8a8e3bf03,4,8,3,0,0.29590041383538446,0.7053771497124736,0.29576310256786087,0.0013996999511515615,0.011674820789431332,9.861230161838831e-6
67dae998d8f2cfb8a8e3bf03,4,9,2,0,0.29590041383538446,0.7053771497124736,0.14352664519195107,1.369731275774791e-4,0.0014094493913716275,0.011005589831144474
67dae998d8f2cfb8a8e3bf03,4,10,2,0,0.29590041383538446,0.34230238664952173,0.14352664519195107,9.749454646338512e-6,0.011696740587298967,0.001404337298645005
67dae998d8f2cfb8a8e3bf03,4,11,3,1,0.29590041383538446,0.16611102862583815,0.14352664519195107,1.210471249399417e-6,0.013705769898378652,1.3697395946774522e-4
67dae998d8f2cfb8a8e3bf03,4,12,1,0,0.29590041383538446,0.16611102862583815,0.5843742973926472,1.0285982934318784e-7,0.0015465610550846197,0.01111940449021413
67dae998d8f2cfb8a8e3bf03,4,13,3,0,0.14359327901275448,0.16611102862583815,0.5843742973926472,0.01096699517222607,1.5219556303787011e-4,0.0014046806081121279
67dae998d8f2cfb8a8e3bf03,4,14,2,1,0.14359327901275448,0.16611102862583815,0.2835826433770712,0.0014043088655672532,1.1035686385323973e-5,0.011592933880078423
67dae998d8f2cfb8a8e3bf03,4,15,3,1,0.14359327901275448,0.5953339497629397,0.2835826433770712,1.369731298092781e-4,0.011019326120187495,0.00140942300451323
67dae998d8f2cfb8a8e3bf03,4,16,2,0,0.14359327901275448,0.5953339497629397,0.6523400692673801,9.749479827059729e-6,0.0014043393587136429,0.01164369733274654
67dae998d8f2cfb8a8e3bf03,4,17,3,1,0.14359327901275448,0.2889010962996965,0.6523400692673801,1.2104745406299855e-6,0.011580329893266999,0.0014094492301458567
67dae998d8f2cfb8a8e3bf03,4,18,3,1,0.14359327901275448,0.2889010962996965,0.8312890854448833,1.0286061831658576e-7,0.001409420972230669,0.011687038545168588
67dae998d8f2cfb8a8e3bf03,4,19,3,1,0.14359327901275448,0.2889010962996965,0.9181286936618922,1.2221919344959297e-8,1.372987995538747e-4,0.013705610930466582
67dae998d8f2cfb8a8e3bf03,4,20,3,1,0.14359327901275448,0.2889010962996965,0.9602698449042573,1.0185328321329173e-9,9.861526846363769e-6,0.014675950170896283
67dae998d8f2cfb8a8e3bf03,4,21,3,1,0.14359327901275448,0.2889010962996965,0.9807199213673323,9.106745289162822e-11,1.2204092749475484e-6,0.015490274468153504
67dae998d8f2cfb8a8e3bf03,4,22,3,1,0.14359327901275448,0.2889010962996965,0.990643846438751,1.0490860275237789e-11,1.0446816904082456e-7,0.01575903060299511
67dae998d8f2cfb8a8e3bf03,4,23,3,0,0.14359327901275448,0.2889010962996965,0.9954596860764456,1.0360305140332335e-12,1.2449407726057928e-8,0.015899007140555383
67dae998d8f2cfb8a8e3bf03,4,24,3,0,0.14359327901275448,0.2889010962996965,0.48307239112789824,9.186742549826698e-14,1.025270286181013e-9,0.015973935951035596
67dae998d8f2cfb8a8e3bf03,4,25,3,1,0.14359327901275448,0.2889010962996965,0.23442329040331672,8.171052175308259e-15,9.24528934607021e-11,0.01601473314464575
67dae998d8f2cfb8a8e3bf03,5,1,2,1,0.14359327901275448,0.2889010962996965,0.6297408193200239,0,0,0
67dae998d8f2cfb8a8e3bf03,5,2,3,0,0.14359327901275448,0.6549209852065867,0.6297408193200239,0,0.010766975089939549,0
67dae998d8f2cfb8a8e3bf03,5,3,2,0,0.14359327901275448,0.6549209852065867,0.3049881216268915,0,0.0013996999511515615,0.010766975089939549
67dae998d8f2cfb8a8e3bf03,5,4,1,0,0.14359327901275448,0.3178172363449325,0.3049881216268915,0,0.01157188430182926,0.0013996999511515615
67dae998d8f2cfb8a8e3bf03,5,5,3,0,0.06968232828983917,0.3178172363449325,0.3049881216268915,0.010766975089939549,0.0014094207832182747,1.369731275774791e-4
67dae998d8f2cfb8a8e3bf03,5,6,2,1,0.06968232828983917,0.3178172363449325,0.14800332272877115,0.0013996999511515615,1.3729879720419713e-4,0.011117488650055136
67dae998d8f2cfb8a8e3bf03,5,7,1,1,0.06968232828983917,0.6689532851675459,0.14800332272877115,1.369731275774791e-4,0.011134774906329088,0.0014046805941758847
67dae998d8f2cfb8a8e3bf03,5,8,3,1,0.5485394451766612,0.6689532851675459,0.14800332272877115,0.011117488650055136,0.0014046828153833298,1.369894372659627e-4
67dae998d8f2cfb8a8e3bf03,5,9,2,1,0.5485394451766612,0.6689532851675459,0.586546720196412,0.0014046805941758847,1.3698948004865882e-4,0.011122973882134242
67dae998d8f2cfb8a8e3bf03,5,10,1,1,0.5485394451766612,0.8393510753394089,0.586546720196412,1.369894372659627e-4,0.011123526203580715,0.0014046807692514856
67dae998d8f2cfb8a8e3bf03,5,11,3,0,0.7809171654343527,0.8393510753394089,0.586546720196412,0.011122973882134242,0.0014046807703486102,1.3698943949776174e-4
67dae998d8f2cfb8a8e3bf03,5,12,2,1,0.7809171654343527,0.8393510753394089,0.28463686736340443,0.0014046807692514856,1.3698943950400097e-4,0.011123149145285425
67dae998d8f2cfb8a8e3bf03,5,13,1,0,0.7809171654343527,0.9220409814122645,0.28463686736340443,1.3698943949776174e-4,0.01112316679298261,0.0014046807693384486
67dae998d8f2cfb8a8e3bf03,5,14,2,1,0.3789601202868327,0.9220409814122645,0.28463686736340443,0.011123149145285425,0.0014046807693389955,1.36989439498095e-4
67dae998d8f2cfb8a8e3bf03,5,15,3,1,0.3789601202868327,0.9621683830619843,0.28463686736340443,0.0014046807693384486,0.011593346629492612,9.761734283850383e-6
67dae998d8f2cfb8a8e3bf03,5,16,2,0,0.3789601202868327,0.9621683830619843,0.6528516585452375,1.36989439498095e-4,0.0014094230055233948,0.011001902567730655
67dae998d8f2cfb8a8e3bf03,5,17,1,1,0.3789601202868327,0.4669169309151046,0.6528516585452375,9.761734283850383e-6,0.011643737293932619,0.0014043371374255823
67dae998d8f2cfb8a8e3bf03,5,18,3,1,0.6986244406742965,0.4669169309151046,0.6528516585452375,0.011001902567730655,0.0014094492301522047,1.3697395735350843e-4
67dae998d8f2cfb8a8e3bf03,5,19,2,1,0.6986244406742965,0.4669169309151046,0.8315373472873531,0.0014043371374255823,1.372996269802265e-4,0.011119286675498621
67dae998d8f2cfb8a8e3bf03,5,20,3,1,0.6986244406742965,0.7413077430944759,0.8315373472873531,1.3697395735350843e-4,0.011136572937489719,0.0014046806080320628
67dae998d8f2cfb8a8e3bf03,5,21,2,1,0.6986244406742965,0.7413077430944759,0.9182491691000907,9.750979275869928e-6,0.001404682829239508,0.011592921598977887
67dae998d8f2cfb8a8e3bf03,5,22,3,1,0.6986244406742965,0.8744629352065851,0.9182491691000907,1.2106676417679105e-6,0.011594852722076606,0.0014094230045127265
67dae998d8f2cfb8a8e3bf03,5,23,2,0,0.6986244406742965,0.8744629352065851,0.9603283087062855,1.028936424372085e-7,0.0014094230183620067,0.01164369611584819
67dae998d8f2cfb8a8e3bf03,5,24,3,1,0.6986244406742965,0.42435560874082834,0.9603283087062855,1.2226936217312874e-8,0.011647074840470414,0.0014094492301458534
67dae998d8f2cfb8a8e3bf03,5,25,2,1,0.6986244406742965,0.42435560874082834,0.9807482924295072,1.0185772099451887e-9,0.0014094492302328164,0.011686953853090178
67dae998d8f2cfb8a8e3bf03,6,1,1,1,0.6986244406742965,0.7206537678905734,0.9807482924295072,0,0,0
67dae998d8f2cfb8a8e3bf03,6,2,3,0,0.8537497659532984,0.7206537678905734,0.9807482924295072,0.010766975089939549,0,0
67dae998d8f2cfb8a8e3bf03,6,3,2,0,0.8537497659532984,0.7206537678905734,0.47593330934915096,0.0013996999511515615,0,0.010766975089939549
67dae998d8f2cfb8a8e3bf03,6,4,3,0,0.8537497659532984,0.34971575815556366,0.47593330934915096,1.369731275774791e-4,0.010766975089939549,0.0013996999511515615
67dae998d8f2cfb8a8e3bf03,6,5,2,0,0.8537497659532984,0.34971575815556366,0.2309588675302946,9.749454646338512e-6,0.0013996999511515615,0.01157188430182926
67dae998d8f2cfb8a8e3bf03,6,6,1,1,0.8537497659532984,0.16970855763695739,0.2309588675302946,1.210471249399417e-6,0.01157188430182926,0.0014094207832182747
67dae998d8f2cfb8a8e3bf03,6,7,1,0,0.9290283160090171,0.16970855763695739,0.2309588675302946,0.010967212966589056,0.0014094207832182747,1.3729879720419713e-4
67dae998d8f2cfb8a8e3bf03,6,8,1,1,0.4508348618391299,0.16970855763695739,0.2309588675302946,0.013295827160773908,1.3729879720419713e-4,9.861230161838831e-6
67dae998d8f2cfb8a8e3bf03,6,9,1,0,0.7335035058442814,0.16970855763695739,0.2309588675302946,0.014263896205496906,9.861230161838831e-6,1.2204090852489799e-6
67dae998d8f2cfb8a8e3bf03,6,10,1,0,0.3559514236733456,0.16970855763695739,0.2309588675302946,0.014952759930355292,1.2204090852489799e-6,1.044672545675293e-7
67dae998d8f2cfb8a8e3bf03,6,11,2,0,0.17273457455577546,0.16970855763695739,0.2309588675302946,0.01561624295966024,1.044672545675293e-7,1.2449265726840246e-8
67dae998d8f2cfb8a8e3bf03,6,12,3,1,0.17273457455577546,0.0823554382781984,0.2309588675302946,0.0015551179336045153,0.010966995807183712,1.0252699654192512e-9
67dae998d8f2cfb8a8e3bf03,6,13,3,1,0.17273457455577546,0.0823554382781984,0.6268030298657572,1.5825550727062914e-4,0.001404308866664378,0.010966961532603521
67dae998d8f2cfb8a8e3bf03,6,14,3,0,0.17273457455577546,0.0823554382781984,0.8188965808988455,1.130040460656575e-5,1.3697312981551736e-4,0.013288688220693894
67dae998d8f2cfb8a8e3bf03,6,15,2,0,0.17273457455577546,0.0823554382781984,0.39739060752784744,1.305490550117842e-6,9.749480258299472e-6,0.014250128219094937
67dae998d8f2cfb8a8e3bf03,6,16,1,0,0.17273457455577546,0.03996509255953727,0.39739060752784744,1.1695021344955461e-7,0.011000165813714474,0.0015544111749549144
67dae998d8f2cfb8a8e3bf03,6,17,3,1,0.0838238907420153,0.03996509255953727,0.39739060752784744,0.010967000570969419,0.0014043371235763422,1.561426660374496e-4
67dae998d8f2cfb8a8e3bf03,6,18,2,0,0.0838238907420153,0.03996509255953727,0.7075683081823263,0.001404308880607516,1.3697395723596414e-4,0.01118925816385162
67dae998d8f2cfb8a8e3bf03,6,19,3,0,0.0838238907420153,0.019394088073740212,0.7075683081823263,1.369731299334128e-4,0.011119231182984834,0.001404711248461085
67dae998d8f2cfb8a8e3bf03,6,20,2,0,0.0838238907420153,0.019394088073740212,0.3433657025992313,9.749483611344497e-6,0.0014046806080251681,0.011600970371566564
67dae998d8f2cfb8a8e3bf03,6,21,1,0,0.0838238907420153,0.009411479572026343,0.3433657025992313,1.210475036951012e-6,0.0115929158850561,0.001409423193350601
67dae998d8f2cfb8a8e3bf03,6,22,1,0,0.04067769684972344,0.009411479572026343,0.3433657025992313,0.010967212968441782,0.0014094230045126831,1.3729884233623657e-4
67dae998d8f2cfb8a8e3bf03,6,23,3,0,0.019739897616039066,0.009411479572026343,0.3433657025992313,0.013295840221082433,1.3729883998722645e-4,9.862804942648619e-6
67dae998d8f2cfb8a8e3bf03,6,24,2,1,0.019739897616039066,0.009411479572026343,0.16662703001253915,0.0015441206576681985,9.862511907714837e-6,0.011005838358655167
67dae998d8f2cfb8a8e3bf03,6,25,2,0,0.019739897616039066,0.5192914671684195,0.16662703001253915,1.5011426772324e-4,0.011005766873284493,0.0014043372987394096
67f6a640d2046b13fcf33328,1,1,3,1,0.5,0.5,0.5,0,0,0
67f6a640d2046b13fcf33328,1,2,2,1,0.5,0.5,0.7302856471046959,0,0,-1.2615293893637172
67f6a640d2046b13fcf33328,1,3,1,0,0.5,0.7302856471046959,0.7302856471046959,0,-1.2615293893637172,-0.7660944280325703
67f6a640d2046b13fcf33328,1,4,3,1,0.26971435289530404,0.7302856471046959,0.7302856471046959,-1.2615293893637172,-0.7660944280325703,-0.46644744022160906
67f6a640d2046b13fcf33328,1,5,3,0,0.26971435289530404,0.7302856471046959,0.8545083343892037,-0.7660944280325703,-0.46644744022160906,-1.5547747981203974
67f6a640d2046b13fcf33328,1,6,2,1,0.26971435289530404,0.7302856471046959,0.46094632350937864,-0.46644744022160906,-0.28284373442205646,-2.21448765646125
67f6a640d2046b13fcf33328,1,7,2,0,0.26971435289530404,0.8545083343892037,0.46094632350937864,-0.28284373442205646,-1.447636818123771,-1.3430799317055917
67f6a640d2046b13fcf33328,1,8,1,1,0.26971435289530404,0.46094632350937864,0.46094632350937864,-0.17285768130898282,-2.146812760420116,-0.8154859603210258
67f6a640d2046b13fcf33328,1,9,3,0,0.6060629598201883,0.46094632350937864,0.46094632350937864,-1.3816845851438866,-1.3015625701153366,-0.49654772341798237
67f6a640d2046b13fcf33328,1,10,1,1,0.6060629598201883,0.46094632350937864,0.24864768018950606,-0.8338224561582763,-0.7901052820140595,-1.5913323946516256
67f6a640d2046b13fcf33328,1,11,2,1,0.7874990510596367,0.46094632350937864,0.24864768018950606,-1.7837029606263086,-0.4810460034103593,-0.9587671109925
67f6a640d2046b13fcf33328,1,12,3,1,0.7874990510596367,0.7092189743988979,0.24864768018950606,-1.0797550920900907,-1.5813837698993956,-0.5805171391550177
67f6a640d2046b13fcf33328,1,13,1,0,0.7874990510596367,0.7092189743988979,0.594698992513524,-0.6551445501739289,-0.9527096560318542,-1.6412306991003514
67f6a640d2046b13fcf33328,1,14,2,0,0.4247995922602359,0.7092189743988979,0.594698992513524,-1.6828581376116243,-0.5768685251516229,-0.989421347978785
67f6a640d2046b13fcf33328,1,15,1,0,0.4247995922602359,0.38257307287314746,0.594698992513524,-1.0164826649457908,-1.6389122464007697,-0.5989193884466377
67f6a640d2046b13fcf33328,1,16,3,0,0.2291490954157461,0.38257307287314746,0.594698992513524,-1.899984607137919,-0.9880868060222584,-0.3651636900803722
67f6a640d2046b13fcf33328,1,17,1,1,0.2291490954157461,0.38257307287314746,0.3207977069890182,-1.1491911629589189,-0.5982449777292007,-1.5114446580560814
67f6a640d2046b13fcf33328,1,18,3,1,0.5841808958993677,0.38257307287314746,0.3207977069890182,-1.9822221331088508,-0.364624544713166,-0.9100391169366899
67f6a640d2046b13fcf33328,1,19,1,1,0.5841808958993677,0.38257307287314746,0.6336187871783718,-1.198589496411127,-0.22096365341269306,-1.834779905747646
67f6a640d2046b13fcf33328,1,20,3,1,0.7756952377610472,0.38257307287314746,0.6336187871783718,-2.010494522131353,-0.13486958667540866,-1.1083626225274714
67f6a640d2046b13fcf33328,1,21,1,0,0.7756952377610472,0.38257307287314746,0.8023634553577839,-1.2190066776538062,-0.08167427328393223,-1.9562706546930149
67f6a640d2046b13fcf33328,1,22,2,0,0.41843227653843773,0.38257307287314746,0.8023634553577839,-2.021656730244832,-0.04972777026001443,-1.1836487304908407
67f6a640d2046b13fcf33328,1,23,3,0,0.41843227653843773,0.20637089907913675,0.8023634553577839,-1.2250710741988244,-1.3096576477378816,-0.7170649610564934
67f6a640d2046b13fcf33328,1,24,3,1,0.41843227653843773,0.20637089907913675,0.4328178787095559,-0.7430945996639753,-0.7906055023447178,-1.7254845483832915
67f6a640d2046b13fcf33328,1,25,3,0,0.41843227653843773,0.20637089907913675,0.694045683586886,-0.45096687025161175,-0.48084002770555856,-2.3230823841619275
67f6a640d2046b13fcf33328,2,1,3,1,0.41843227653843773,0.20637089907913675,0.37438816404672376,0,0,0
67f6a640d2046b13fcf33328,2,2,1,1,0.41843227653843773,0.20637089907913675,0.6625270183654803,0,0,-1.2615293893637172
67f6a640d2046b13fcf33328,2,3,2,1,0.6862856767203804,0.20637089907913675,0.6625270183654803,-1.2615293893637172,0,-0.7660944280325703
67f6a640d2046b13fcf33328,2,4,3,0,0.6862856767203804,0.5718936830175235,0.6625270183654803,-0.7660944280325703,-1.2615293893637172,-0.46644744022160906
67f6a640d2046b13fcf33328,2,5,3,0,0.6862856767203804,0.5718936830175235,0.3573860911816379,-0.46644744022160906,-0.7660944280325703,-1.5547747981203974
67f6a640d2046b13fcf33328,2,6,3,0,0.6862856767203804,0.5718936830175235,0.19278431787182104,-0.28284373442205646,-0.46644744022160906,-2.21448765646125
67f6a640d2046b13fcf33328,2,7,2,0,0.6862856767203804,0.5718936830175235,0.10399339668007974,-0.17285768130898282,-0.28284373442205646,-2.6153609174805137
67f6a640d2046b13fcf33328,2,8,1,0,0.6862856767203804,0.3084958681976262,0.10399339668007974,-0.10504155032055329,-1.447636818123771,-1.586573333389148
67f6a640d2046b13fcf33328,2,9,1,0,0.3702021934917171,0.3084958681976262,0.10399339668007974,-1.3392955860389533,-0.875357726727644,-0.9613185991151807
67f6a640d2046b13fcf33328,2,10,3,0,0.19969769140626997,0.3084958681976262,0.10399339668007974,-2.078579889725577,-0.531966226459058,-0.5868116213741399
67f6a640d2046b13fcf33328,2,11,2,0,0.19969769140626997,0.3084958681976262,0.05609702474106268,-1.2589017513118814,-0.32477195410184945,-1.6479510428246829
67f6a640d2046b13fcf33328,2,12,1,0,0.19969769140626997,0.16641152782133328,0.05609702474106268,-0.7658900588590973,-1.4790734289658332,-0.9956641457211864
67f6a640d2046b13fcf33328,2,13,3,1,0.10772266887969015,0.16641152782133328,0.05609702474106268,-1.7489636449030768,-0.8934920836050791,-0.6025592124557075
67f6a640d2046b13fcf33328,2,14,3,1,0.10772266887969015,0.16641152782133328,0.493356893383986,-1.0579090107922762,-0.5408101728408089,-1.6558857071784319
67f6a640d2046b13fcf33328,2,15,3,0,0.10772266887969015,0.16641152782133328,0.7253399689908233,-0.640747901590232,-0.32958813197378967,-2.280063855360072
67f6a640d2046b13fcf33328,2,16,2,0,0.10772266887969015,0.16641152782133328,0.39126919838448726,-0.3902916505370289,-0.20004130224328348,-2.65714218705688
67f6a640d2046b13fcf33328,2,17,1,0,0.10772266887969015,0.0897671563647737,0.39126919838448726,-0.23685178280894376,-1.4067865139695717,-1.6099219337885589
67f6a640d2046b13fcf33328,2,18,2,0,0.058108701268203444,0.0897671563647737,0.39126919838448726,-1.4339488029667975,-0.8479451406052628,-0.9753998317665784
67f6a640d2046b13fcf33328,2,19,3,0,0.058108701268203444,0.04842298210381189,0.39126919838448726,-0.864317470575422,-1.7930516905749778,-0.5938159640854428
67f6a640d2046b13fcf33328,2,20,3,1,0.058108701268203444,0.04842298210381189,0.21106183791365063,-0.5228736466319917,-1.0847850962381553,-1.6558321177170492
67f6a640d2046b13fcf33328,2,21,2,0,0.058108701268203444,0.04842298210381189,0.5744241096214596,-0.31819639278088085,-0.6572213390779357,-2.2816833198173883
67f6a640d2046b13fcf33328,2,22,2,1,0.058108701268203444,0.026120747405363375,0.5744241096214596,-0.1929386836044541,-1.6864318431880174,-1.3779204356039547
67f6a640d2046b13fcf33328,2,23,1,1,0.058108701268203444,0.4785915733024828,0.5744241096214596,-0.11772004128093713,-2.2975300002412995,-0.8347748834881898
67f6a640d2046b13fcf33328,2,24,3,1,0.49297672345573595,0.4785915733024828,0.5744241096214596,-1.3555278375852384,-1.3903451474549924,-0.5084978972335371
67f6a640d2046b13fcf33328,2,25,2,0,0.49297672345573595,0.4785915733024828,0.7704321469188187,-0.8159780563784492,-0.8414700606822574,-1.6027261591509956
67f6a640d2046b13fcf33328,3,1,3,1,0.49297672345573595,0.25367226744027926,0.7704321469188187,0,0,0
67f6a640d2046b13fcf33328,3,2,1,1,0.49297672345573595,0.25367226744027926,0.8761645083074759,0,0,-1.2615293893637172
67f6a640d2046b13fcf33328,3,3,2,1,0.7259253333681135,0.25367226744027926,0.8761645083074759,-1.2615293893637172,0,-0.7660944280325703
67f6a640d2046b13fcf33328,3,4,3,0,0.7259253333681135,0.5986898983395973,0.8761645083074759,-0.7660944280325703,-1.2615293893637172,-0.46644744022160906
67f6a640d2046b13fcf33328,3,5,2,0,0.7259253333681135,0.5986898983395973,0.47262828520281014,-0.46644744022160906,-0.7660944280325703,-1.5547747981203974
67f6a640d2046b13fcf33328,3,6,1,0,0.7259253333681135,0.32295051512378126,0.47262828520281014,-0.28284373442205646,-1.7331950599055816,-0.9418079344212974
67f6a640d2046b13fcf33328,3,7,3,0,0.39158496074937826,0.32295051512378126,0.47262828520281014,-1.447636818123771,-1.0508659109323863,-0.5722332736964563
67f6a640d2046b13fcf33328,3,8,3,0,0.39158496074937826,0.32295051512378126,0.25494926562822706,-0.875357726727644,-0.63942265380428,-1.6289130946991492
67f6a640d2046b13fcf33328,3,9,3,0,0.39158496074937826,0.32295051512378126,0.13752695439117885,-0.531966226459058,-0.39045567977895357,-2.258933027454802
67f6a640d2046b13fcf33328,3,10,2,0,0.39158496074937826,0.32295051512378126,0.07418598875308988,-0.32477195410184945,-0.23683290918212274,-2.641666574168161
67f6a640d2046b13fcf33328,3,11,2,1,0.39158496074937826,0.17420877892969705,0.07418598875308988,-0.19679687209603214,-1.429664972959594,-1.6045587522439293
67f6a640d2046b13fcf33328,3,12,1,0,0.39158496074937826,0.5545445114830734,0.07418598875308988,-0.1197293544644551,-2.137562243863184,-0.9709753553100915
67f6a640d2046b13fcf33328,3,13,2,0,0.21123216920786225,0.5545445114830734,0.07418598875308988,-1.3540986572614075,-1.2941419672222327,-0.5926411124792041
67f6a640d2046b13fcf33328,3,14,3,0,0.21123216920786225,0.29913722659648156,0.07418598875308988,-0.8161988791814713,-2.067794014945642,-0.3596444982289172
67f6a640d2046b13fcf33328,3,15,1,1,0.21123216920786225,0.29913722659648156,0.04001805319281829,-0.4961864331415775,-1.2510989176512073,-1.5139702473771894
67f6a640d2046b13fcf33328,3,16,3,0,0.5745159912174698,0.29913722659648156,0.04001805319281829,-1.5809670114421486,-0.7588734107494284,-0.9111817230983708
67f6a640d2046b13fcf33328,3,17,2,0,0.5745159912174698,0.29913722659648156,0.02158688753116335,-0.9566198964523246,-0.461625232849455,-1.8388390926840792
67f6a640d2046b13fcf33328,3,18,2,1,0.5745159912174698,0.16136320760474349,0.02158688753116335,-0.579134964243073,-1.5730305862425942,-1.109249507474436
67f6a640d2046b13fcf33328,3,19,1,1,0.5745159912174698,0.5476152415527824,0.02158688753116335,-0.35281336110506,-2.2299383511290274,-0.6716393263115215
67f6a640d2046b13fcf33328,3,20,3,1,0.7704817104931436,0.5476152415527824,0.02158688753116335,-1.499732841009669,-1.3468823149082447,-0.4094758903182292
67f6a640d2046b13fcf33328,3,21,2,1,0.7704817104931436,0.5476152415527824,0.4753473257118246,-0.9057924726518711,-0.8156798146368269,-1.5396739628333775
67f6a640d2046b13fcf33328,3,22,1,0,0.7704817104931436,0.7559706736537546,0.4753473257118246,-0.5479695299115884,-1.7848542794110704,-0.9272830944068973
67f6a640d2046b13fcf33328,3,23,3,0,0.41561995011518005,0.7559706736537546,0.4753473257118246,-1.6177689956360297,-1.0795115877600994,-0.5613935735820241
67f6a640d2046b13fcf33328,3,24,2,0,0.41561995011518005,0.7559706736537546,0.2530082200945454,-0.9761744886589929,-0.6536906962486928,-1.6295232976272898
67f6a640d2046b13fcf33328,3,25,2,1,0.41561995011518005,0.4052028923853901,0.2530082200945454,-0.5915668830312801,-1.6891176523245135,-0.9828816764474209
67f6a640d2046b13fcf33328,4,1,3,0,0.41561995011518005,0.6805461569524489,0.2530082200945454,0,0,0
67f6a640d2046b13fcf33328,4,2,1,0,0.41561995011518005,0.6805461569524489,0.13740694788727367,0,0,-1.2615293893637172
67f6a640d2046b13fcf33328,4,3,2,1,0.22419733281028748,0.6805461569524489,0.13740694788727367,-1.2615293893637172,0,-0.7660944280325703
67f6a640d2046b13fcf33328,4,4,2,1,0.22419733281028748,0.8276774258186019,0.13740694788727367,-0.7660944280325703,-1.2615293893637172,-0.46644744022160906
67f6a640d2046b13fcf33328,4,5,2,1,0.22419733281028748,0.907044255427967,0.13740694788727367,-0.46644744022160906,-2.027032280378633,-0.28284373442205646
67f6a640d2046b13fcf33328,4,6,2,0,0.22419733281028748,0.9498570018065358,0.13740694788727367,-0.28284373442205646,-2.5007018757131183,-0.17285768130898282
67f6a640d2046b13fcf33328,4,7,3,0,0.22419733281028748,0.4962629527082505,0.13740694788727367,-0.17285768130898282,-2.78776595613517,-0.10504155032055329
67f6a640d2046b13fcf33328,4,8,1,1,0.22419733281028748,0.4962629527082505,0.07412125273927975,-0.10504155032055329,-1.6947029796367583,-1.3392955860389533
67f6a640d2046b13fcf33328,4,9,3,1,0.5815097729153058,0.4962629527082505,0.07412125273927975,-1.3392955860389533,-1.0260803448702855,-0.8094784264245674
67f6a640d2046b13fcf33328,4,10,2,1,0.5815097729153058,0.4962629527082505,0.5005544263655677,-0.8094784264245674,-0.6264846658262628,-1.7673940700797366
67f6a640d2046b13fcf33328,4,11,1,0,0.5815097729153058,0.7369638478192001,0.5005544263655677,-0.4925547421371888,-1.6715675886119605,-1.0700831409767764
67f6a640d2046b13fcf33328,4,12,3,1,0.3136830630757532,0.7369638478192001,0.5005544263655677,-1.577594972285175,-1.010786005049825,-0.6492156129167757
67f6a640d2046b13fcf33328,4,13,2,0,0.3136830630757532,0.7369638478192001,0.7305847185909818,-0.9542288294657508,-0.612465912212729,-1.6775675330159856
67f6a640d2046b13fcf33328,4,14,1,1,0.3136830630757532,0.39753945444879424,0.7305847185909818,-0.5784106835754451,-1.6628834036700506,-1.0142128749247052
67f6a640d2046b13fcf33328,4,15,3,0,0.6297809438483497,0.39753945444879424,0.7305847185909818,-1.6354443977701658,-1.0022588244692834,-0.614116524694498
67f6a640d2046b13fcf33328,4,16,2,0,0.6297809438483497,0.39753945444879424,0.36959187160843476,-0.9869629506787175,-0.6066008180081746,-1.6614057754450666
67f6a640d2046b13fcf33328,4,17,1,1,0.6297809438483497,0.2144441952181701,0.36959187160843476,-0.5983484377211314,-1.658062147224714,-1.0019719035240615
67f6a640d2046b13fcf33328,4,18,1,1,0.8002932123861759,0.2144441952181701,0.36959187160843476,-1.6503173868499226,-0.9991070914316249,-0.6069420335528092
67f6a640d2046b13fcf33328,4,19,3,1,0.892272424362246,0.2144441952181701,0.36959187160843476,-2.272274059067394,-0.6050607170693592,-0.3699018101676508
67f6a640d2046b13fcf33328,4,20,3,0,0.892272424362246,0.2144441952181701,0.6731592667985855,-1.3763409324758433,-0.3686776709503431,-1.5145380011759446
67f6a640d2046b13fcf33328,4,21,1,1,0.892272424362246,0.2144441952181701,0.3631214308393178,-0.833408378836684,-0.22351346035335334,-2.1901475249827698
67f6a640d2046b13fcf33328,4,22,2,0,0.941888651884221,0.2144441952181701,0.3631214308393178,-1.7943224200700265,-0.1362945050270713,-1.3257953181600826
67f6a640d2046b13fcf33328,4,23,2,0,0.941888651884221,0.11567735669394819,0.3631214308393178,-1.086809527650004,-1.3721440785482846,-0.8027552766730863
67f6a640d2046b13fcf33328,4,24,3,0,0.941888651884221,0.06239968844677833,0.3631214308393178,-0.6580840007576585,-2.100221827852761,-0.48906397624047054
67f6a640d2046b13fcf33328,4,25,3,0,0.941888651884221,0.06239968844677833,0.19587812455709336,-0.3994715381316227,-1.2694649437451133,-1.5877499025187514
67f6a640d2046b13fcf33328,5,1,3,0,0.941888651884221,0.06239968844677833,0.10566228474292294,0,0,0
67f6a640d2046b13fcf33328,5,2,1,1,0.941888651884221,0.06239968844677833,0.05699727083735432,0,0,-1.2615293893637172
67f6a640d2046b13fcf33328,5,3,2,0,0.968653069653644,0.06239968844677833,0.05699727083735432,-1.2615293893637172,0,-0.7660944280325703
67f6a640d2046b13fcf33328,5,4,1,0,0.968653069653644,0.033660184362814066,0.05699727083735432,-0.7660944280325703,-1.2615293893637172,-0.46644744022160906
67f6a640d2046b13fcf33328,5,5,1,1,0.5142678356220771,0.033660184362814066,0.05699727083735432,-1.7331950599055816,-0.7660944280325703,-0.28284373442205646
67f6a640d2046b13fcf33328,5,6,3,0,0.7424331904472676,0.033660184362814066,0.05699727083735432,-2.3244288439657117,-0.46644744022160906,-0.17285768130898282
67f6a640d2046b13fcf33328,5,7,3,1,0.7424331904472676,0.033660184362814066,0.03074596503127203,-1.4087820488558447,-0.28284373442205646,-1.3816845851438866
67f6a640d2046b13fcf33328,5,8,1,1,0.7424331904472676,0.033660184362814066,0.47773432440902797,-0.8561339417380012,-0.17285768130898282,-2.1039080547503266
67f6a640d2046b13fcf33328,5,9,2,0,0.8610610691779026,0.033660184362814066,0.47773432440902797,-1.8060134315869432,-0.10504155032055329,-1.2753155493237522
67f6a640d2046b13fcf33328,5,10,3,0,0.8610610691779026,0.018157270486892068,0.47773432440902797,-1.0928420245898887,-1.3392955860389533,-0.7745768246904254
67f6a640d2046b13fcf33328,5,11,1,1,0.8610610691779026,0.018157270486892068,0.2573919386308202,-0.6627611007046854,-0.8094784264245674,-1.7550213652609998
67f6a640d2046b13fcf33328,5,12,1,1,0.9250523516466447,0.018157270486892068,0.2573919386308202,-1.6928980215785894,-0.4925547421371888,-1.0619487561388485
67f6a640d2046b13fcf33328,5,13,3,1,0.9595710863004925,0.018157270486892068,0.2573919386308202,-2.3017570929460023,-0.29952217036949863,-0.6430762333220552
67f6a640d2046b13fcf33328,5,14,2,1,0.9595710863004925,0.018157270486892068,0.5994158946259348,-1.3920868490191096,-0.18189442525289806,-1.6795059316340202
67f6a640d2046b13fcf33328,5,15,1,1,0.9595710863004925,0.4729461403450597,0.5994158946259348,-0.84265042416822,-1.391326563311628,-1.0129136772333496
67f6a640d2046b13fcf33328,5,16,3,0,0.9781914828098648,0.4729461403450597,0.5994158946259348,-1.7991477520654517,-0.8394285400075998,-0.6135747270639056
67f6a640d2046b13fcf33328,5,17,2,1,0.9781914828098648,0.4729461403450597,0.32334213838768644,-1.089709779262114,-0.5099667333752507,-1.6624535100798985
67f6a640d2046b13fcf33328,5,18,1,0,0.9781914828098648,0.7143001323898693,0.32334213838768644,-0.6601522968528357,-1.59018702718294,-1.0017525013485562
67f6a640d2046b13fcf33328,5,19,3,0,0.5255362085316982,0.7143001323898693,0.32334213838768644,-1.692887113475793,-0.9617805360928364,-0.6065619752581104
67f6a640d2046b13fcf33328,5,20,2,1,0.5255362085316982,0.7143001323898693,0.1744200317764174,-1.0212291463987078,-0.582628190588438,-1.6573918024589838
67f6a640d2046b13fcf33328,5,21,1,1,0.5255362085316982,0.8458852875771625,0.1744200317764174,-0.6179521846854351,-1.63864238255622,-0.9992970012782673
67f6a640d2046b13fcf33328,5,22,1,0,0.7601824456084769,0.8458852875771625,0.1744200317764174,-1.6656288999536466,-0.9897278725220755,-0.6052144883572361
67f6a640d2046b13fcf33328,5,23,2,1,0.4019869699928597,0.8458852875771625,0.1744200317764174,-2.2857355365326777,-0.5990615056688182,-0.3687557836238372
67f6a640d2046b13fcf33328,5,24,3,0,0.4019869699928597,0.9168660979953741,0.1744200317764174,-1.3815258536887567,-1.651067155769009,-0.22354320049177262
67f6a640d2046b13fcf33328,5,25,1,1,0.4019869699928597,0.9168660979953741,0.0940871731331975,-0.8366338363680119,-0.9956702191439043,-1.4264989515845343
67f6a640d2046b13fcf33328,6,1,3,0,0.6915612293763913,0.9168660979953741,0.0940871731331975,0,0,0
67f6a640d2046b13fcf33328,6,2,1,1,0.6915612293763913,0.9168660979953741,0.05075332309512401,0,0,-1.2615293893637172
67f6a640d2046b13fcf33328,6,3,2,0,0.8259881785086045,0.9168660979953741,0.05075332309512401,-1.2615293893637172,0,-0.7660944280325703
67f6a640d2046b13fcf33328,6,4,1,1,0.8259881785086045,0.4791431673043989,0.05075332309512401,-0.7660944280325703,-1.2615293893637172,-0.46644744022160906
67f6a640d2046b13fcf33328,6,5,1,0,0.9061330272339926,0.4791431673043989,0.05075332309512401,-1.7331950599055816,-0.7660944280325703,-0.28284373442205646
67f6a640d2046b13fcf33328,6,6,3,0,0.4887941651072004,0.4791431673043989,0.05075332309512401,-2.3244288439657117,-0.46644744022160906,-0.17285768130898282
67f6a640d2046b13fcf33328,6,7,2,1,0.4887941651072004,0.4791431673043989,0.02737780020752629,-1.4087820488558447,-0.28284373442205646,-1.3816845851438866
67f6a640d2046b13fcf33328,6,8,1,0,0.4887941651072004,0.7273640440126106,0.02737780020752629,-0.8561339417380012,-1.447636818123771,-0.8338224561582763
67f6a640d2046b13fcf33328,6,9,3,1,0.2636696056640718,0.7273640440126106,0.02737780020752629,-1.8060134315869432,-0.875357726727644,-0.5074651029865516
67f6a640d2046b13fcf33328,6,10,2,1,0.2636696056640718,0.7273640440126106,0.47593571488195713,-1.0928420245898887,-0.531966226459058,-1.587640123783781
67f6a640d2046b13fcf33328,6,11,1,1,0.2636696056640718,0.8529323386297363,0.47593571488195713,-0.6627611007046854,-1.6034967224042678,-0.9605257517159924
67f6a640d2046b13fcf33328,6,12,3,1,0.6278195234037053,0.8529323386297363,0.47593571488195713,-1.6928980215785894,-0.9703202910414568,-0.5819669465741868
67f6a640d2046b13fcf33328,6,13,2,0,0.6278195234037053,0.8529323386297363,0.7169831529009056,-1.0209833562826751,-0.5876091306848659,-1.6378929137065237
67f6a640d2046b13fcf33328,6,14,1,0,0.6278195234037053,0.4600961865887613,0.7169831529009056,-0.618468073495305,-1.641948564076688,-0.9891475942045258
67f6a640d2046b13fcf33328,6,15,3,0,0.3251688371704242,0.4600961865887613,0.7169831529009056,-1.6653058457814167,-0.9912938581817912,-0.5989732309099196
67f6a640d2046b13fcf33328,6,16,2,1,0.3251688371704242,0.4600961865887613,0.349802928268764,-1.003400690860338,-0.6002539065794172,-1.6509526853809209
67f6a640d2046b13fcf33328,6,17,1,1,0.3251688371704242,0.7087603863691463,0.349802928268764,-0.6077046321785475,-1.6519996091825626,-0.9955612683092949
67f6a640d2046b13fcf33328,6,18,2,0,0.6359767003885524,0.7087603863691463,0.349802928268764,-1.6584521483487569,-0.9963489798388996,-0.6029912979380654
67f6a640d2046b13fcf33328,6,19,3,0,0.6359767003885524,0.3823256974471383,0.349802928268764,-0.999627082063725,-1.888437413156983,-0.3677127840519451
67f6a640d2046b13fcf33328,6,20,2,0,0.6359767003885524,0.3823256974471383,0.2086301435074801,-0.605455951158105,-1.1415676717053898,-1.5126634805209176
67f6a640d2046b13fcf33328,6,21,1,1,0.6359767003885524,0.2062374577375231,0.2086301435074801,-0.3688846987489969,-1.9781199508568075,-0.9108453155492693
67f6a640d2046b13fcf33328,6,22,1,0,0.8036353815017118,0.2062374577375231,0.2086301435074801,-1.514213806127341,-1.195858727585227,-0.5517141201201994
67f6a640d2046b13fcf33328,6,23,2,1,0.4335039922285039,0.2062374577375231,0.2086301435074801,-2.189824176989525,-0.7249768079107004,-0.33578506308552786
67f6a640d2046b13fcf33328,6,24,3,1,0.4335039922285039,0.5718217009613531,0.2086301435074801,-1.325783201485092,-1.7307092154180455,-0.20366262164619342
67f6a640d2046b13fcf33328,6,25,1,1,0.4335039922285039,0.5718217009613531,0.5731123837718488,-0.8026309380650933,-1.0456633283438124,-1.4120957746639973
68598a1d4cebd213b2abb1d9,1,1,3,1,0.5,0.5,0.5,0,0,0
68598a1d4cebd213b2abb1d9,1,2,3,1,0.5,0.5,0.5631238298253618,0,0,-0.6592580059587958
68598a1d4cebd213b2abb1d9,1,3,3,1,0.5,0.5,0.6182784238670032,0,0,-0.8374515319283148
68598a1d4cebd213b2abb1d9,1,4,3,0,0.5,0.5,0.6664698794918433,0,0,-0.8908371860019262
68598a1d4cebd213b2abb1d9,1,5,1,0,0.5,0.5,0.5820275661091268,0,0,-0.9081201774859433
68598a1d4cebd213b2abb1d9,1,6,2,1,0.4368761701746382,0.5,0.5820275661091268,-0.6592580059587958,0,-0.23992858024242592
68598a1d4cebd213b2abb1d9,1,7,2,0,0.4368761701746382,0.5631238298253618,0.5820275661091268,-0.1745608428346866,-0.6592580059587958,-0.06305607058900929
68598a1d4cebd213b2abb1d9,1,8,3,1,0.4368761701746382,0.4920307642162796,0.5820275661091268,-0.04645986541105064,-0.8374515319283148,-0.016697393139799396
68598a1d4cebd213b2abb1d9,1,9,2,1,0.4368761701746382,0.4920307642162796,0.6350595253400014,-0.012268023654099323,-0.22358153493897903,-0.6693738459519036
68598a1d4cebd213b2abb1d9,1,10,1,0,0.4368761701746382,0.5561606914085606,0.6350595253400014,-0.0032514567708932423,-0.7292990697512166,-0.17725065554615627
68598a1d4cebd213b2abb1d9,1,11,3,1,0.38172157613299684,0.5561606914085606,0.6350595253400014,-0.6612057799607054,-0.19367704734695834,-0.0468591506763313
68598a1d4cebd213b2abb1d9,1,12,2,0,0.38172157613299684,0.5561606914085606,0.6811324061775399,-0.1750620412824378,-0.050773067521102444,-0.6778874257655603
68598a1d4cebd213b2abb1d9,1,13,3,0,0.38172157613299684,0.48594670572843957,0.6811324061775399,-0.04654140449566797,-0.6813490143848492,-0.17993073198138046
68598a1d4cebd213b2abb1d9,1,14,3,1,0.38172157613299684,0.48594670572843957,0.5935118463160566,-0.012290873777835536,-0.18069607956779576,-0.7147467353284591
68598a1d4cebd213b2abb1d9,1,15,2,0,0.38172157613299684,0.48594670572843957,0.6462535309331575,-0.003254825199950123,-0.047509459861477296,-0.856160981961739
68598a1d4cebd213b2abb1d9,1,16,2,0,0.38172157613299684,0.4245970714152778,0.6462535309331575,-8.517530818532651e-4,-0.6785963640240495,-0.227331621721099
68598a1d4cebd213b2abb1d9,1,17,1,0,0.38172157613299684,0.370992684854652,0.6462535309331575,-2.2173196272123487e-4,-0.8445948168606827,-0.05986276689030546
68598a1d4cebd213b2abb1d9,1,18,1,0,0.3335301205081567,0.370992684854652,0.6462535309331575,-0.6595509697898224,-0.22509838576224053,-0.015795205071942035
68598a1d4cebd213b2abb1d9,1,19,3,1,0.2914227233711566,0.370992684854652,0.6462535309331575,-0.8376092670605813,-0.05917727701900331,-0.004167197742405936
68598a1d4cebd213b2abb1d9,1,20,2,0,0.2914227233711566,0.370992684854652,0.6909131947624658,-0.2236599365022105,-0.01563526135871863,-0.6623622473223454
68598a1d4cebd213b2abb1d9,1,21,2,1,0.2914227233711566,0.324155726644371,0.6909131947624658,-0.05890816768988967,-0.6674425959474335,-0.17539255085749583
68598a1d4cebd213b2abb1d9,1,22,3,1,0.2914227233711566,0.40980853135283235,0.6909131947624658,-0.015575915782492579,-0.8406358473377767,-0.04659986822513017
68598a1d4cebd213b2abb1d9,1,23,2,0,0.2914227233711566,0.40980853135283235,0.729934680552492,-0.004108254606412569,-0.22455744692297314,-0.6771417585464918
68598a1d4cebd213b2abb1d9,1,24,3,1,0.2914227233711566,0.3577836578580761,0.729934680552492,-0.0010708997063245082,-0.7297454732743054,-0.17979065446785752
68598a1d4cebd213b2abb1d9,1,25,3,1,0.2914227233711566,0.3577836578580761,0.7640297950854017,-2.799459830351515e-4,-0.19381998886605337,-0.7147398914515799
68598a1d4cebd213b2abb1d9,2,1,3,0,0.2914227233711566,0.3577836578580761,0.7938204812029868,0,0,0
68598a1d4cebd213b2abb1d9,2,2,3,0,0.2914227233711566,0.3577836578580761,0.6914103313785582,0,0,-0.6592580059587958
68598a1d4cebd213b2abb1d9,2,3,2,0,0.2914227233711566,0.3577836578580761,0.6051783172419412,0,0,-0.8374515319283148
68598a1d4cebd213b2abb1d9,2,4,1,0,0.2914227233711566,0.31261430839233956,0.6051783172419412,0,-0.6592580059587958,-0.22358153493897903
68598a1d4cebd213b2abb1d9,2,5,1,1,0.25463128657671585,0.31261430839233956,0.6051783172419412,-0.6592580059587958,-0.1745608428346866,-0.05890751166274815
68598a1d4cebd213b2abb1d9,2,6,1,0,0.34938275270016855,0.31261430839233956,0.6051783172419412,-0.8374515319283148,-0.04645986541105064,-0.015575494714616257
68598a1d4cebd213b2abb1d9,2,7,2,1,0.30470570017335313,0.31261430839233956,0.6051783172419412,-0.8908371860019262,-0.012268023654099323,-0.004108185776585765
68598a1d4cebd213b2abb1d9,2,8,3,1,0.30470570017335313,0.4010155101946215,0.6051783172419412,-0.23615959496778693,-0.6641701793081819,-0.0010708855569209912
68598a1d4cebd213b2abb1d9,2,9,2,1,0.30470570017335313,0.4010155101946215,0.6528895865945562,-0.06222817787717293,-0.17627014568671456,-0.6601932234459734
68598a1d4cebd213b2abb1d9,2,10,3,1,0.30470570017335313,0.47522010077678933,0.6528895865945562,-0.016443981530805476,-0.7134144971204005,-0.17488077760349643
68598a1d4cebd213b2abb1d9,2,11,2,1,0.30470570017335313,0.47522010077678933,0.6992315007334304,-0.004341789304867706,-0.18959532442121113,-0.7129474917313711
68598a1d4cebd213b2abb1d9,2,12,3,0,0.30470570017335313,0.5414723348853981,0.6992315007334304,-0.0011253885138154686,-0.7186173857558213,-0.1894970178272653
68598a1d4cebd213b2abb1d9,2,13,2,0,0.30470570017335313,0.5414723348853981,0.6105773646007044,-2.960351434811178e-4,-0.1911386669331493,-0.7182405102713556
68598a1d4cebd213b2abb1d9,2,14,3,1,0.30470570017335313,0.47307707726239434,0.6105773646007044,-7.75559109042884e-5,-0.718996867385703,-0.19112922635700308
68598a1d4cebd213b2abb1d9,2,15,2,0,0.30470570017335313,0.47307707726239434,0.6588423487356763,-2.056475238885545e-5,-0.1912674357567919,-0.7189959175591697
68598a1d4cebd213b2abb1d9,2,16,3,0,0.30470570017335313,0.4133833462094954,0.6588423487356763,-5.3994473322666e-6,-0.7191454468378369,-0.19126734546436608
68598a1d4cebd213b2abb1d9,2,17,2,1,0.30470570017335313,0.4133833462094954,0.5767387214885913,-1.4080216665833445e-6,-0.19128707264359368,-0.7191454433967195
68598a1d4cebd213b2abb1d9,2,18,1,1,0.30470570017335313,0.4874423258627276,0.5767387214885913,-3.7093133328483523e-7,-0.7193453432140018,-0.19128704726410223
68598a1d4cebd213b2abb1d9,2,19,3,0,0.3957560502230443,0.4874423258627276,0.5767387214885913,-0.6592580081050575,-0.19128740771553,-0.05014900194511682
68598a1d4cebd213b2abb1d9,2,20,2,1,0.3957560502230443,0.4874423258627276,0.5039268076708008,-0.17456091475072683,-0.05015311721118301,-0.6810631448089939
68598a1d4cebd213b2abb1d9,2,21,1,0,0.3957560502230443,0.552151532658522,0.5039268076708008,-0.046460253103613305,-0.6811370197058448,-0.1805942501785396
68598a1d4cebd213b2abb1d9,2,22,3,0,0.34293466833726477,0.552151532658522,0.5039268076708008,-0.6769458386340828,-0.18059433755175072,-0.04749415082012075
68598a1d4cebd213b2abb1d9,2,23,2,1,0.34293466833726477,0.552151532658522,0.4403072275672745,-0.17972485906676022,-0.047494153884048665,-0.6785228774512981
68598a1d4cebd213b2abb1d9,2,24,3,1,0.34293466833726477,0.6086913535384195,0.4403072275672745,-0.04738616569332631,-0.6785228878698664,-0.18006249641917416
68598a1d4cebd213b2abb1d9,2,25,2,0,0.34293466833726477,0.6086913535384195,0.5111387711197879,-0.012526422631742962,-0.18006250181188582,-0.7147667937143378
68598a1d4cebd213b2abb1d9,3,1,3,1,0.34293466833726477,0.5316176282564239,0.5111387711197879,0,0,0
68598a1d4cebd213b2abb1d9,3,2,2,0,0.34293466833726477,0.5316176282564239,0.5740534004912281,0,0,-0.6592580059587958
68598a1d4cebd213b2abb1d9,3,3,3,1,0.34293466833726477,0.4647012457021088,0.5740534004912281,0,-0.6592580059587958,-0.1745608428346866
68598a1d4cebd213b2abb1d9,3,4,2,0,0.34293466833726477,0.4647012457021088,0.6266512043264625,0,-0.1745608428346866,-0.7127054947885125
68598a1d4cebd213b2abb1d9,3,5,3,0,0.34293466833726477,0.40603380099546915,0.6266512043264625,0,-0.7127054947885125,-0.1893746456003624
68598a1d4cebd213b2abb1d9,3,6,1,0,0.34293466833726477,0.40603380099546915,0.5475379563628925,0,-0.1893746456003624,-0.7182160988715762
68598a1d4cebd213b2abb1d9,3,7,2,0,0.29963996904665086,0.40603380099546915,0.5475379563628925,-0.6592580059587958,-0.04987476764919709,-0.191127893962235
68598a1d4cebd213b2abb1d9,3,8,3,1,0.29963996904665086,0.35477298388080003,0.5475379563628925,-0.1745608428346866,-0.6800369588629331,-0.050124454904381464
68598a1d4cebd213b2abb1d9,3,9,3,1,0.29963996904665086,0.35477298388080003,0.6046602304529176,-0.04645986541105064,-0.1805358176313915,-0.6808874486704217
68598a1d4cebd213b2abb1d9,3,10,2,1,0.29963996904665086,0.35477298388080003,0.6545709511250722,-0.012268023654099323,-0.04748745524784131,-0.8448489341561998
68598a1d4cebd213b2abb1d9,3,11,3,1,0.29963996904665086,0.4363446170937678,0.6545709511250722,-0.0032514567708932423,-0.6783229749426785,-0.22515062441009356
68598a1d4cebd213b2abb1d9,3,12,2,0,0.29963996904665086,0.4363446170937678,0.6981805601208273,-8.50849174880341e-4,-0.18005938576866276,-0.7301258058686775
68598a1d4cebd213b2abb1d9,3,13,3,1,0.29963996904665086,0.38115819323631106,0.6981805601208273,-2.214719695731424e-4,-0.7147664703885488,-0.19385316039195166
68598a1d4cebd213b2abb1d9,3,14,2,1,0.29963996904665086,0.38115819323631106,0.7362845580425414,-5.819510051674473e-5,-0.19000377589610104,-0.7209810309973461
68598a1d4cebd213b2abb1d9,3,15,3,0,0.29963996904665086,0.4594215261094542,0.7362845580425414,-1.5261005528225655e-5,-0.7187312919053128,-0.19153138750121393
68598a1d4cebd213b2abb1d9,3,16,2,0,0.29963996904665086,0.4594215261094542,0.6427240640143088,-4.066863465245364e-6,-0.1911656262822694,-0.7197138879829208
68598a1d4cebd213b2abb1d9,3,17,2,1,0.29963996904665086,0.40130180063978493,0.6427240640143088,-1.0572826801576264e-6,-0.7191441147625919,-0.19129981107530108
68598a1d4cebd213b2abb1d9,3,18,3,1,0.29963996904665086,0.4768860471461725,0.6427240640143088,-2.769081784810607e-7,-0.857135925857659,-0.05018002842548766
68598a1d4cebd213b2abb1d9,3,19,2,0,0.29963996904665086,0.4768860471461725,0.6883590636072244,-7.352358571293607e-8,-0.2280607585213199,-0.681223670081277
68598a1d4cebd213b2abb1d9,3,20,3,1,0.29963996904665086,0.41668029977384113,0.6883590636072244,-1.9327789152024304e-8,-0.731738030607435,-0.18059599918678343
68598a1d4cebd213b2abb1d9,3,21,3,1,0.29963996904665086,0.41668029977384113,0.7277030024780986,-5.123509666799153e-9,-0.19399151576132306,-0.714917531418695
68598a1d4cebd213b2abb1d9,3,22,2,0,0.29963996904665086,0.41668029977384113,0.7620798611450446,-1.3535871900378807e-9,-0.050862070621371554,-0.8561661841797374
68598a1d4cebd213b2abb1d9,3,23,3,0,0.29963996904665086,0.364075387104869,0.7620798611450446,-3.561571903868674e-10,-0.6816065459934153,-0.22737946506395107
68598a1d4cebd213b2abb1d9,3,24,2,1,0.29963996904665086,0.364075387104869,0.6638381067595318,-9.330483209426389e-11,-0.18073225728274867,-0.7315615839157303
68598a1d4cebd213b2abb1d9,3,25,3,1,0.29963996904665086,0.4447926649000416,0.6638381067595318,-2.4624321164654092e-11,-0.7150207452671543,-0.19398244269427806
68598a1d4cebd213b2abb1d9,4,1,2,0,0.29963996904665086,0.4447926649000416,0.7080523111214805,0,0,0
68598a1d4cebd213b2abb1d9,4,2,3,0,0.29963996904665086,0.38826004927725605,0.7080523111214805,0,-0.6592580059587958,0
68598a1d4cebd213b2abb1d9,4,3,1,0,0.29963996904665086,0.38826004927725605,0.6186454416544303,0,-0.1745608428346866,-0.6592580059587958
68598a1d4cebd213b2abb1d9,4,4,2,1,0.2618111242168043,0.38826004927725605,0.6186454416544303,-0.6592580059587958,-0.04645986541105064,-0.1745608428346866
68598a1d4cebd213b2abb1d9,4,5,3,0,0.2618111242168043,0.4654907863709084,0.6186454416544303,-0.1745608428346866,-0.6769458195325478,-0.04645986541105064
68598a1d4cebd213b2abb1d9,4,6,3,1,0.2618111242168043,0.4654907863709084,0.5405576883717073,-0.04645986541105064,-0.17972482676865786,-0.6769458195325478
68598a1d4cebd213b2abb1d9,4,7,2,1,0.2618111242168043,0.4654907863709084,0.5986201615290376,-0.012268023654099323,-0.04738616541989354,-0.843794164755639
68598a1d4cebd213b2abb1d9,4,8,3,1,0.2618111242168043,0.5329713236532843,0.5986201615290376,-0.0032514567708932423,-0.6781054748255639,-0.22507166203444917
68598a1d4cebd213b2abb1d9,4,9,2,1,0.2618111242168043,0.5329713236532843,0.6492419133263834,-8.50849174880341e-4,-0.17999042623057165,-0.7300375249346321
68598a1d4cebd213b2abb1d9,4,10,3,0,0.2618111242168043,0.5919326010317093,0.6492419133263834,-2.214719695731424e-4,-0.7147634942730344,-0.19371788473897075
68598a1d4cebd213b2abb1d9,4,11,2,0,0.2618111242168043,0.5919326010317093,0.567276641221759,-5.819510051674473e-5,-0.19000279646134288,-0.7208058589920092
68598a1d4cebd213b2abb1d9,4,12,2,1,0.2618111242168043,0.5170501608876747,0.567276641221759,-1.5261005528225655e-5,-0.7187312905813559,-0.1915308523144022
68598a1d4cebd213b2abb1d9,4,13,3,1,0.2618111242168043,0.5781545505110653,0.567276641221759,-4.066863465245364e-6,-0.8568737317773067,-0.050215438085128065
68598a1d4cebd213b2abb1d9,4,14,2,0,0.2618111242168043,0.5781545505110653,0.6221821137423672,-1.0572826801576264e-6,-0.22796169309009262,-0.6812452539865393
68598a1d4cebd213b2abb1d9,4,15,2,1,0.2618111242168043,0.5041234468730358,0.6221821137423672,-2.769081784810607e-7,-0.7316605697050984,-0.18060957372698067
68598a1d4cebd213b2abb1d9,4,16,3,0,0.2618111242168043,0.5676357921895887,0.6221821137423672,-7.352358571293607e-8,-0.8618519316901273,-0.047495396120367565
68598a1d4cebd213b2abb1d9,4,17,3,1,0.2618111242168043,0.5676357921895887,0.5433926552646483,-1.9327789152024304e-8,-0.22878791051937103,-0.6785955159855932
68598a1d4cebd213b2abb1d9,4,18,2,1,0.2618111242168043,0.5676357921895887,0.601357575999726,-5.123509666799153e-9,-0.06002005685530275,-0.8445940551025839
68598a1d4cebd213b2abb1d9,4,19,3,0,0.2618111242168043,0.6222207615422929,0.601357575999726,-1.3535871900378807e-9,-0.685764692335637,-0.22509798244221002
68598a1d4cebd213b2abb1d9,4,20,3,1,0.2618111242168043,0.6222207615422929,0.5251585897369033,-3.561571903868674e-10,-0.18142219276759333,-0.7300852279582309
68598a1d4cebd213b2abb1d9,4,21,2,0,0.2618111242168043,0.6222207615422929,0.5856545563099648,-9.330483209426389e-11,-0.04769303880445054,-0.861361139761714
68598a1d4cebd213b2abb1d9,4,22,2,0,0.2618111242168043,0.5427099468163457,0.5856545563099648,-2.4624321164654092e-11,-0.6788887897680198,-0.22857719719471215
68598a1d4cebd213b2abb1d9,4,23,3,1,0.2618111242168043,0.4750301795969258,0.5856545563099648,-6.447520027075767e-12,-0.8446063195003649,-0.06001283212379331
68598a1d4cebd213b2abb1d9,4,24,2,1,0.2618111242168043,0.4750301795969258,0.6374855769225107,-1.7053135637498507e-12,-0.22510364254495657,-0.6857644897424133
68598a1d4cebd213b2abb1d9,4,25,3,1,0.2618111242168043,0.5413063908101263,0.6374855769225107,-4.483365093061493e-13,-0.7300897031656319,-0.1813967679261721
68598a1d4cebd213b2abb1d9,5,1,2,0,0.2618111242168043,0.5413063908101263,0.6832521744256339,0,0,0
68598a1d4cebd213b2abb1d9,5,2,2,1,0.2618111242168043,0.4729677258163313,0.6832521744256339,0,-0.6592580059587958,0
68598a1d4cebd213b2abb1d9,5,3,3,1,0.2618111242168043,0.5395043169924703,0.6832521744256339,0,-0.8374515319283148,0
68598a1d4cebd213b2abb1d9,5,4,2,1,0.2618111242168043,0.5395043169924703,0.7232408461037598,0,-0.22358153493897903,-0.6592580059587958
68598a1d4cebd213b2abb1d9,5,5,3,1,0.2618111242168043,0.597640819251396,0.7232408461037598,0,-0.7292990697512166,-0.1745608428346866
68598a1d4cebd213b2abb1d9,5,6,2,1,0.2618111242168043,0.597640819251396,0.7581810415699435,0,-0.19367704734695834,-0.7127054947885125
68598a1d4cebd213b2abb1d9,5,7,3,0,0.2618111242168043,0.6484377241597861,0.7581810415699435,0,-0.7203617450451849,-0.1893746456003624
68598a1d4cebd213b2abb1d9,5,8,3,1,0.2618111242168043,0.6484377241597861,0.6616662516013622,0,-0.19149119196838998,-0.7182160988715762
68598a1d4cebd213b2abb1d9,5,9,2,1,0.2618111242168043,0.6484377241597861,0.7050757840149203,0,-0.05021454938160995,-0.8565834524854583
68598a1d4cebd213b2abb1d9,5,10,3,0,0.2618111242168043,0.6928216387059419,0.7050757840149203,0,-0.6811667553192664,-0.2279019301336358
68598a1d4cebd213b2abb1d9,5,11,3,1,0.2618111242168043,0.6928216387059419,0.616061616406568,0,-0.18060876430010514,-0.7316490668523588
68598a1d4cebd213b2abb1d9,5,12,2,0,0.2618111242168043,0.6928216387059419,0.6644606765048089,0,-0.047495357546343854,-0.8617910508041118
68598a1d4cebd213b2abb1d9,5,13,2,1,0.2618111242168043,0.6048802954395882,0.6644606765048089,0,-0.6785955150002025,-0.22878786828855027
68598a1d4cebd213b2abb1d9,5,14,3,1,0.2618111242168043,0.6551775954621496,0.6644606765048089,0,-0.8445940529941742,-0.06002004983121122
68598a1d4cebd213b2abb1d9,5,15,2,1,0.2618111242168043,0.6551775954621496,0.7068848701536057,0,-0.22509798056639185,-0.6857646922481213
68598a1d4cebd213b2abb1d9,5,16,3,0,0.2618111242168043,0.698710617030077,0.7068848701536057,0,-0.7300852254648287,-0.18141574977693609
68598a1d4cebd213b2abb1d9,5,17,3,1,0.2618111242168043,0.698710617030077,0.6176423096541401,0,-0.19385081196558562,-0.7153837221331574
68598a1d4cebd213b2abb1d9,5,18,2,0,0.2618111242168043,0.698710617030077,0.6659140732098126,0,-0.050793732831638364,-0.85695263280038
68598a1d4cebd213b2abb1d9,5,19,2,1,0.2618111242168043,0.608017891630481,0.6659140732098126,0,-0.681569868178685,-0.2276429282798615
68598a1d4cebd213b2abb1d9,5,20,3,1,0.2618111242168043,0.6596734956376193,0.6659140732098126,0,-0.8450480127340425,-0.05986659334778391
68598a1d4cebd213b2abb1d9,5,21,2,0,0.2618111242168043,0.6596734956376193,0.7080916395893021,0,-0.2251541446251668,-0.6847682187393502
68598a1d4cebd213b2abb1d9,5,22,2,0,0.2618111242168043,0.5746234398453312,0.7080916395893021,0,-0.730138418198406,-0.18138279094612098
68598a1d4cebd213b2abb1d9,5,23,3,1,0.2618111242168043,0.5036232129757703,0.7080916395893021,0,-0.8613908827488128,-0.047689013968068475
68598a1d4cebd213b2abb1d9,5,24,2,1,0.2618111242168043,0.5036232129757703,0.7449443869235678,0,-0.22857810513485,-0.6787499661078693
68598a1d4cebd213b2abb1d9,5,25,3,1,0.2618111242168043,0.5653482882056029,0.7449443869235678,0,-0.7326452666713763,-0.1801355166935631
68598a1d4cebd213b2abb1d9,6,1,2,1,0.2618111242168043,0.5653482882056029,0.7771445611551457,0,0,0
68598a1d4cebd213b2abb1d9,6,2,3,0,0.2618111242168043,0.6210445410027625,0.7771445611551457,0,-0.6592580059587958,0
68598a1d4cebd213b2abb1d9,6,3,3,1,0.2618111242168043,0.6210445410027625,0.677648793788999,0,-0.1745608428346866,-0.6592580059587958
68598a1d4cebd213b2abb1d9,6,4,2,0,0.2618111242168043,0.6210445410027625,0.7195533531851549,0,-0.04645986541105064,-0.8374515319283148
68598a1d4cebd213b2abb1d9,6,5,2,0,0.2618111242168043,0.5426111731651809,0.7195533531851549,0,-0.6769458195325478,-0.22358153493897903
68598a1d4cebd213b2abb1d9,6,6,3,0,0.2618111242168043,0.47413220208065743,0.7195533531851549,0,-0.843794164755639,-0.05890751166274815
68598a1d4cebd213b2abb1d9,6,7,2,1,0.2618111242168043,0.47413220208065743,0.628711426351656,0,-0.22507166203444917,-0.6839244403455635
68598a1d4cebd213b2abb1d9,6,8,3,0,0.2618111242168043,0.5406444329641427,0.628711426351656,0,-0.7300375249346321,-0.1812236745684474
68598a1d4cebd213b2abb1d9,6,9,3,0,0.2618111242168043,0.5406444329641427,0.5493380801791661,0,-0.19371788473897075,-0.7152566972532635
68598a1d4cebd213b2abb1d9,6,10,2,0,0.2618111242168043,0.5406444329641427,0.4799854331996882,0,-0.05079324998692053,-0.8561835403270583
68598a1d4cebd213b2abb1d9,6,11,3,1,0.2618111242168043,0.47228217103079245,0.4799854331996882,0,-0.6815693164402579,-0.22733730772026817
68598a1d4cebd213b2abb1d9,6,12,2,1,0.2618111242168043,0.47228217103079245,0.5457535651250167,0,-0.18070089068298867,-0.7315626274053906
68598a1d4cebd213b2abb1d9,6,13,3,0,0.2618111242168043,0.5395400509347105,0.5457535651250167,0,-0.7149837491076745,-0.1939830014238366
68598a1d4cebd213b2abb1d9,6,14,2,0,0.2618111242168043,0.5395400509347105,0.47675078024741036,0,-0.1900695017696851,-0.7211131494637336
68598a1d4cebd213b2abb1d9,6,15,2,1,0.2618111242168043,0.47086977749425996,0.47675078024741036,0,-0.718731459677018,-0.19155041867300587
68598a1d4cebd213b2abb1d9,6,16,3,1,0.2618111242168043,0.5387090206219765,0.47675078024741036,0,-0.8570995471458567,-0.050218048669877
68598a1d4cebd213b2abb1d9,6,17,2,0,0.2618111242168043,0.5387090206219765,0.5431279795198134,0,-0.22798073869403052,-0.6812683587219708
68598a1d4cebd213b2abb1d9,6,18,2,0,0.2618111242168043,0.4697914953204629,0.5431279795198134,0,-0.7316619787764437,-0.18061134245247468
68598a1d4cebd213b2abb1d9,6,19,3,1,0.2618111242168043,0.41048141851252895,0.5431279795198134,0,-0.861864328972365,-0.047495498440472454
68598a1d4cebd213b2abb1d9,6,20,2,1,0.2618111242168043,0.41048141851252895,0.6027244733629276,0,-0.22878791343285113,-0.6785955191336727
68598a1d4cebd213b2abb1d9,6,21,3,1,0.2618111242168043,0.485426307355085,0.6027244733629276,0,-0.7326565527799243,-0.1800632053604312
68598a1d4cebd213b2abb1d9,6,22,2,0,0.2618111242168043,0.485426307355085,0.6509612493606716,0,-0.1942098872543126,-0.7147668630278765
68598a1d4cebd213b2abb1d9,6,23,2,1,0.2618111242168043,0.42368841617936726,0.6509612493606716,0,-0.7214241207315135,-0.19000390314109183
68598a1d4cebd213b2abb1d9,6,24,3,0,0.2618111242168043,0.49838377435275083,0.6509612493606716,0,-0.8579878129868276,-0.04999100072278431
68598a1d4cebd213b2abb1d9,6,25,3,0,0.2618111242168043,0.49838377435275083,0.5687789151055147,0,-0.22809769740080815,-0.6804137291937502
697ccad66fdf3bbcccb90fe4,1,1,2,0,0.5,0.5,0.5,0,0,0
697ccad66fdf3bbcccb90fe4,1,2,1,0,0.5,0.4410141374745458,0.5,0,0.05749620462453475,0
697ccad66fdf3bbcccb90fe4,1,3,3,0,0.4410141374745458,0.4410141374745458,0.5,0.05749620462453475,0.012088566217196414,0
697ccad66fdf3bbcccb90fe4,1,4,2,0,0.4410141374745458,0.4410141374745458,0.4410141374745458,0.012088566217196414,0.0021733099392315805,0.05749620462453475
697ccad66fdf3bbcccb90fe4,1,5,2,1,0.4410141374745458,0.38898694769979125,0.4410141374745458,0.0021733099392315805,0.0640106150809318,0.012088566217196414
697ccad66fdf3bbcccb90fe4,1,6,2,1,0.4410141374745458,0.48177625124092716,0.4410141374745458,3.755044020416029e-4,0.0782895419729983,0.0021733099392315805
697ccad66fdf3bbcccb90fe4,1,7,3,0,0.4410141374745458,0.5246478229310021,0.4410141374745458,5.869656261331509e-5,0.08376213513351874,3.755044020416029e-4
697ccad66fdf3bbcccb90fe4,1,8,3,0,0.4410141374745458,0.5246478229310021,0.38898694769979125,9.356524939870049e-6,0.015812663548160168,0.062158312774059345
697ccad66fdf3bbcccb90fe4,1,9,2,1,0.4410141374745458,0.5246478229310021,0.3430975019721592,1.4650239172183047e-6,0.002674792449023652,0.0779665790605504
697ccad66fdf3bbcccb90fe4,1,10,2,1,0.4410141374745458,0.5807259323771554,0.3430975019721592,2.3688843918845313e-7,0.06786319124502349,0.014938295977249137
697ccad66fdf3bbcccb90fe4,1,11,2,1,0.4410141374745458,0.6301884029657017,0.3430975019721592,3.74792056983686e-8,0.08104206188878155,0.0025932943889048874
697ccad66fdf3bbcccb90fe4,1,12,2,0,0.4410141374745458,0.6738156949019227,0.3430975019721592,5.990288632470165e-9,0.08480435914699186,4.32635671494232e-4
697ccad66fdf3bbcccb90fe4,1,13,1,1,0.4410141374745458,0.5448853318956028,0.3430975019721592,9.416640222416104e-10,0.0862518314630899,6.786749945523289e-5
697ccad66fdf3bbcccb90fe4,1,14,1,0,0.5069586727506996,0.5448853318956028,0.3430975019721592,0.05961300003447185,0.01610799671711379,1.0749425116974912e-5
697ccad66fdf3bbcccb90fe4,1,15,3,1,0.4471518815216684,0.5448853318956028,0.3430975019721592,0.07691134772993108,0.002697404755287427,1.7070868114046012e-6
697ccad66fdf3bbcccb90fe4,1,16,3,1,0.4471518815216684,0.5448853318956028,0.46055331295254875,0.014795460940748123,4.4585999742402917e-4,0.06194764295036243
697ccad66fdf3bbcccb90fe4,1,17,3,0,0.4471518815216684,0.5448853318956028,0.49422575371937405,0.0025912922124610126,6.9798973996809e-5,0.07796346128917667
697ccad66fdf3bbcccb90fe4,1,18,2,1,0.4471518815216684,0.5448853318956028,0.43126511063164386,4.311645694978194e-4,1.0993224062573252e-5,0.08374072241248715
697ccad66fdf3bbcccb90fe4,1,19,2,0,0.4471518815216684,0.6421827032303131,0.43126511063164386,6.781038976608601e-5,0.06385516494832236,0.01579731588976876
697ccad66fdf3bbcccb90fe4,1,20,1,0,0.4471518815216684,0.5307770574229955,0.43126511063164386,1.0747489948760352e-5,0.07882701132191025,0.00266980170473732
697ccad66fdf3bbcccb90fe4,1,21,2,0,0.39440060978584857,0.5307770574229955,0.43126511063164386,0.062285091089347794,0.01500402381804289,4.419427750831841e-4
697ccad66fdf3bbcccb90fe4,1,22,2,1,0.39440060978584857,0.4996013517741093,0.43126511063164386,0.012195040262120583,0.07177906284060565,6.946610879119585e-5
697ccad66fdf3bbcccb90fe4,1,23,2,0,0.39440060978584857,0.5541439736209841,0.43126511063164386,0.0021911478477187754,0.08219251677672527,1.096094000821895e-5
697ccad66fdf3bbcccb90fe4,1,24,2,1,0.39440060978584857,0.4927312031587898,0.43126511063164386,3.755065934148757e-4,0.08543761329534039,1.7479371836888795e-6
697ccad66fdf3bbcccb90fe4,1,25,3,0,0.39440060978584857,0.5525745863453859,0.43126511063164386,5.8697853668392646e-5,0.08647459663026774,2.8633149714674933e-7
697ccad66fdf3bbcccb90fe4,2,1,2,1,0.39440060978584857,0.5525745863453859,0.38038802628328394,0,0,0
697ccad66fdf3bbcccb90fe4,2,2,2,0,0.39440060978584857,0.6053581324992625,0.38038802628328394,0,0.05749620462453475,0
697ccad66fdf3bbcccb90fe4,2,3,2,1,0.39440060978584857,0.5199393337932564,0.38038802628328394,0,0.07561405137747049,0
697ccad66fdf3bbcccb90fe4,2,4,2,0,0.39440060978584857,0.5889245329332852,0.38038802628328394,0,0.08288891366174958,0
697ccad66fdf3bbcccb90fe4,2,5,2,1,0.39440060978584857,0.5122497487011006,0.38038802628328394,0,0.08579012314683848,0
697ccad66fdf3bbcccb90fe4,2,6,1,1,0.39440060978584857,0.5761396272489279,0.38038802628328394,0,0.08646744087204511,0
697ccad66fdf3bbcccb90fe4,2,7,2,0,0.48378021973178775,0.5761396272489279,0.38038802628328394,0.05749620462453475,0.016185754937241625,0
697ccad66fdf3bbcccb90fe4,2,8,1,1,0.48378021973178775,0.5055877397231129,0.38038802628328394,0.012088566217196414,0.0731158194975905,0
697ccad66fdf3bbcccb90fe4,2,9,2,0,0.5288595082455094,0.5055877397231129,0.38038802628328394,0.06741579886084814,0.013616215428694425,0
697ccad66fdf3bbcccb90fe4,2,10,1,0,0.5288595082455094,0.44822158292181025,0.38038802628328394,0.012990309024243233,0.07150045644060071,0
697ccad66fdf3bbcccb90fe4,2,11,2,0,0.46646903193885014,0.44822158292181025,0.38038802628328394,0.0692128525630191,0.01337660122143187,0
697ccad66fdf3bbcccb90fe4,2,12,2,1,0.46646903193885014,0.395344124289008,0.38038802628328394,0.013234665480826725,0.07133964335806042,0
697ccad66fdf3bbcccb90fe4,2,13,2,1,0.46646903193885014,0.4988320684041494,0.38038802628328394,0.0023051739459151238,0.08217049613275478,0
697ccad66fdf3bbcccb90fe4,2,14,1,1,0.46646903193885014,0.5295935497922741,0.38038802628328394,3.832414346542334e-4,0.08536109832566155,0
697ccad66fdf3bbcccb90fe4,2,15,1,0,0.5294106030236198,0.5295935497922741,0.38038802628328394,0.0640807090750376,0.015976426959116934,0
697ccad66fdf3bbcccb90fe4,2,16,1,1,0.4669551136695891,0.5295935497922741,0.38038802628328394,0.078757028249789085,0.002675137577063686,0
697ccad66fdf3bbcccb90fe4,2,17,1,0,0.5298393413526421,0.5295935497922741,0.38038802628328394,0.08382722971122797,4.423087140913532e-4,0
697ccad66fdf3bbcccb90fe4,2,18,2,0,0.4673332734466481,0.5295935497922741,0.38038802628328394,0.0862517810133183,6.952903192121108e-5,0
697ccad66fdf3bbcccb90fe4,2,19,3,1,0.4673332734466481,0.4671164826125078,0.38038802628328394,0.016078677901970238,0.06491538834452845,0
697ccad66fdf3bbcccb90fe4,2,20,3,0,0.4673332734466481,0.4671164826125078,0.47560235330516204,0.002696591690166196,0.01237077075953619,0.05749620462453475
697ccad66fdf3bbcccb90fe4,2,21,2,1,0.4673332734466481,0.4671164826125078,0.3999863548265002,4.454389779649062e-4,0.0021950804940778002,0.07561405137747049
697ccad66fdf3bbcccb90fe4,2,22,3,1,0.4673332734466481,0.5299816774895233,0.3999863548265002,6.97967895166033e-5,0.06604940908837939,0.014795460940589152
697ccad66fdf3bbcccb90fe4,2,23,1,0,0.4673332734466481,0.5299816774895233,0.48344881344366786,1.0993107930522597e-5,0.01250320852696711,0.0705088046147817
697ccad66fdf3bbcccb90fe4,2,24,2,0,0.41220116432050913,0.5299816774895233,0.48344881344366786,0.06375407900338766,0.0022060169864403407,0.013371735553935433
697ccad66fdf3bbcccb90fe4,2,25,3,0,0.41220116432050913,0.46745882162175845,0.48344881344366786,0.01229104531684567,0.06637836569119981,0.0023122777554055503
697ccad66fdf3bbcccb90fe4,3,1,2,1,0.41220116432050913,0.46745882162175845,0.41523333534260765,0,0,0
697ccad66fdf3bbcccb90fe4,3,2,3,1,0.41220116432050913,0.5302836296581905,0.41523333534260765,0,0.05749620462453475,0
697ccad66fdf3bbcccb90fe4,3,3,2,0,0.41220116432050913,0.5302836296581905,0.4898175877378949,0,0.012088566217196414,0.05749620462453475
697ccad66fdf3bbcccb90fe4,3,4,3,0,0.41220116432050913,0.46772515152212124,0.4898175877378949,0,0.06741579886084814,0.012088566217196414
697ccad66fdf3bbcccb90fe4,3,5,3,1,0.41220116432050913,0.46772515152212124,0.42709508341823743,0,0.012990309024243233,0.06741579886084814
697ccad66fdf3bbcccb90fe4,3,6,1,0,0.41220116432050913,0.46772515152212124,0.49636986642769176,0,0.0022945873430644075,0.0794910707635743
697ccad66fdf3bbcccb90fe4,3,7,2,1,0.3635730930428267,0.46772515152212124,0.49636986642769176,0.05749620462453475,3.8244398521559227e-4,0.015130774646415983
697ccad66fdf3bbcccb90fe4,3,8,3,0,0.3635730930428267,0.5305185397690995,0.49636986642769176,0.012088566217196414,0.06360683767537847,0.0026116443707911146
697ccad66fdf3bbcccb90fe4,3,9,2,0,0.3635730930428267,0.5305185397690995,0.4363232109144326,0.0021733099392315805,0.012269589252935472,0.066858981931692
697ccad66fdf3bbcccb90fe4,3,10,1,0,0.3635730930428267,0.4679323485412303,0.4363232109144326,3.755044020416029e-4,0.06854920986375881,0.01273401039534735
697ccad66fdf3bbcccb90fe4,3,11,2,0,0.32068176515543473,0.4679323485412303,0.4363232109144326,0.062158312774059345,0.01313161600821461,0.002230758577783947
697ccad66fdf3bbcccb90fe4,3,12,3,0,0.32068176515543473,0.4127295680510813,0.4363232109144326,0.012268723825409951,0.07017787310765353,3.77359013130986e-4
697ccad66fdf3bbcccb90fe4,3,13,3,0,0.32068176515543473,0.4127295680510813,0.38484941133099115,0.0021933702046612706,0.013287460485339039,0.06445130244737714
697ccad66fdf3bbcccb90fe4,3,14,3,0,0.32068176515543473,0.4127295680510813,0.33944807208431416,3.7561583296303377e-4,0.0023052118375289058,0.07882901765164604
697ccad66fdf3bbcccb90fe4,3,15,2,1,0.32068176515543473,0.4127295680510813,0.29940281277417224,5.873795319685367e-5,3.832417704071066e-4,0.0838272284107558
697ccad66fdf3bbcccb90fe4,3,16,2,0,0.32068176515543473,0.49982319120065594,0.29940281277417224,9.360366633371085e-6,0.06478299072484792,0.015815860908476483
697ccad66fdf3bbcccb90fe4,3,17,1,0,0.32068176515543473,0.4251472330127821,0.29940281277417224,1.4658737530963131e-6,0.07890554453260173,0.002669829029967191
697ccad66fdf3bbcccb90fe4,3,18,2,0,0.2828504055887904,0.4251472330127821,0.29940281277417224,0.061641614655777055,0.015086101459216444,4.4195440300968746e-4
697ccad66fdf3bbcccb90fe4,3,19,1,0,0.2828504055887904,0.37499189033517805,0.29940281277417224,0.012163055093936281,0.07178202980692533,6.946823125465307e-5
697ccad66fdf3bbcccb90fe4,3,20,3,0,0.24948207988020382,0.37499189033517805,0.29940281277417224,0.06795437463017703,0.013481168672367956,1.0961053870711706e-5
697ccad66fdf3bbcccb90fe4,3,21,2,0,0.24948207988020382,0.37499189033517805,0.2640817659486293,0.013024630931028076,0.002313891802276577,0.06349066546362404
697ccad66fdf3bbcccb90fe4,3,22,2,1,0.24948207988020382,0.3307534662757689,0.2640817659486293,0.002294608635456526,0.06662871934423129,0.012288800542839484
697ccad66fdf3bbcccb90fe4,3,23,1,0,0.24948207988020382,0.45942084152653107,0.2640817659486293,3.8244402686588843e-4,0.0807196000466621,0.0021927031064637604
697ccad66fdf3bbcccb90fe4,3,24,2,1,0.2200502751942598,0.45942084152653107,0.2640817659486293,0.06382514882392479,0.015181976819089537,3.7550662723403577e-4
697ccad66fdf3bbcccb90fe4,3,25,2,0,0.2200502751942598,0.4948003794022687,0.2640817659486293,0.012338607951486596,0.07202160890237326,5.8697883583383235e-5
697ccad66fdf3bbcccb90fe4,4,1,2,0,0.2200502751942598,0.4227946956868534,0.2640817659486293,0,0,0
697ccad66fdf3bbcccb90fe4,4,2,2,1,0.2200502751942598,0.37291688049417165,0.2640817659486293,0,0.05749620462453475,0
697ccad66fdf3bbcccb90fe4,4,3,2,1,0.2200502751942598,0.47608421754694946,0.2640817659486293,0,0.07561405137747049,0
697ccad66fdf3bbcccb90fe4,4,4,1,1,0.2200502751942598,0.5121457227438472,0.2640817659486293,0,0.08288891366174958,0
697ccad66fdf3bbcccb90fe4,4,5,3,0,0.3956556892175752,0.5121457227438472,0.2640817659486293,0.05749620462453475,0.015747435325461502,0
697ccad66fdf3bbcccb90fe4,4,6,3,1,0.3956556892175752,0.5121457227438472,0.23292760691578226,0.012088566217196414,0.0026698015679555804,0.05749620462453475
697ccad66fdf3bbcccb90fe4,4,7,2,1,0.3956556892175752,0.5121457227438472,0.39345601076532144,0.0021733099392315805,4.4194268828466913e-4,0.07561405137747049
697ccad66fdf3bbcccb90fe4,4,8,1,1,0.3956556892175752,0.5696987227519812,0.39345601076532144,3.755044020416029e-4,0.0653910336254085,0.014795460940589152
697ccad66fdf3bbcccb90fe4,4,9,2,0,0.44353821739694366,0.5696987227519812,0.39345601076532144,0.062158312774059345,0.012400852252710351,0.0025800179972355892
697ccad66fdf3bbcccb90fe4,4,10,3,1,0.44353821739694366,0.49160954710662697,0.39345601076532144,0.012268723825409951,0.0689509592823139,4.3116456948431435e-4
697ccad66fdf3bbcccb90fe4,4,11,1,0,0.44353821739694366,0.49160954710662697,0.4425164614200244,0.0021933702046612706,0.01318045895606427,0.06434806733655064
697ccad66fdf3bbcccb90fe4,4,12,1,1,0.3644980418946624,0.49160954710662697,0.4425164614200244,0.0654626258319218,0.002296794638508939,0.01233930879957159
697ccad66fdf3bbcccb90fe4,4,13,3,0,0.45533308876455664,0.49160954710662697,0.4425164614200244,0.07867411306408857,3.8245325770305117e-4,0.0021959251290972646
697ccad66fdf3bbcccb90fe4,4,14,3,0,0.45533308876455664,0.49160954710662697,0.3687830245170447,0.015068410125855608,6.025181910482706e-5,0.06585932437961298
697ccad66fdf3bbcccb90fe4,4,15,2,0,0.45533308876455664,0.49160954710662697,0.31370843114368074,0.00259699186352386,9.572037960177938e-6,0.07891788431429778
697ccad66fdf3bbcccb90fe4,4,16,1,0,0.45533308876455664,0.4432107028297201,0.31370843114368074,4.327259108716485e-4,0.06260718694649253,0.015091078847510844
697ccad66fdf3bbcccb90fe4,4,17,2,1,0.3821661241963137,0.4432107028297201,0.31370843114368074,0.06514212575339132,0.012194892473624758,0.002596992159992489
697ccad66fdf3bbcccb90fe4,4,18,1,0,0.3821661241963137,0.5088961003980673,0.31370843114368074,0.012400009569673541,0.06850230827504813,4.327259146435943e-4
697ccad66fdf3bbcccb90fe4,4,19,1,1,0.32977242039970034,0.5088961003980673,0.31370843114368074,0.06883401967591324,0.013128465951857371,6.801668428144645e-5
697ccad66fdf3bbcccb90fe4,4,20,3,1,0.4418488708254449,0.5088961003980673,0.31370843114368074,0.08163627911323888,0.002294669351723755,1.0753568937454284e-5
697ccad66fdf3bbcccb90fe4,4,21,2,0,0.4418488708254449,0.5088961003980673,0.43186667542640683,0.015278623735806324,3.8244422792415347e-4,0.06285585218621545
697ccad66fdf3bbcccb90fe4,4,22,2,0,0.4418488708254449,0.4488607430243713,0.43186667542640683,0.0026221442310714726,0.06419254976945049,0.012226686612490444
697ccad66fdf3bbcccb90fe4,4,23,1,1,0.4418488708254449,0.39590787004684125,0.43186667542640683,4.334276599733307e-4,0.07872433369599444,0.002192702638226825
697ccad66fdf3bbcccb90fe4,4,24,1,1,0.4849442132340369,0.39590787004684125,0.43186667542640683,0.06569070589458784,0.015086093510642785,3.755065940086546e-4
697ccad66fdf3bbcccb90fe4,4,25,2,1,0.5400932007515715,0.39590787004684125,0.43186667542640683,0.07984673184491287,0.00259344122429853,5.869785447928222e-5
697ccad66fdf3bbcccb90fe4,5,1,1,1,0.5400932007515715,0.4794002983851047,0.43186667542640683,0,0,0
697ccad66fdf3bbcccb90fe4,5,2,3,0,0.5943491768159653,0.4794002983851047,0.43186667542640683,0.05749620462453475,0,0
697ccad66fdf3bbcccb90fe4,5,3,3,1,0.5943491768159653,0.4794002983851047,0.3481113652548271,0.012088566217196414,0,0.05749620462453475
697ccad66fdf3bbcccb90fe4,5,4,2,0,0.5943491768159653,0.4794002983851047,0.4487610761708264,0.0021733099392315805,0,0.07561405137747049
697ccad66fdf3bbcccb90fe4,5,5,2,0,0.5943491768159653,0.4120603863123786,0.4487610761708264,3.755044020416029e-4,0.05749620462453475,0.014795460940589152
697ccad66fdf3bbcccb90fe4,5,6,2,0,0.5943491768159653,0.3634489188868868,0.4487610761708264,5.869656261331509e-5,0.07561405137747049,0.0025800179972355892
697ccad66fdf3bbcccb90fe4,5,7,3,1,0.5943491768159653,0.32057223653274014,0.4487610761708264,9.356524939870049e-6,0.08288891366174958,4.3116456948431435e-4
697ccad66fdf3bbcccb90fe4,5,8,3,1,0.5943491768159653,0.32057223653274014,0.4943698229040366,1.4650239172183047e-6,0.015747435325461502,0.06434806733655064
697ccad66fdf3bbcccb90fe4,5,9,1,0,0.5943491768159653,0.32057223653274014,0.5526772830246391,2.3688843918845313e-7,0.0026698015679555804,0.07854268269049408
697ccad66fdf3bbcccb90fe4,5,10,1,1,0.4791176895542104,0.32057223653274014,0.5526772830246391,0.060362319506406144,4.4194268828466913e-4,0.01504369748152891
697ccad66fdf3bbcccb90fe4,5,11,3,1,0.5803598202333164,0.32057223653274014,0.5526772830246391,0.07737737697267955,6.946609112584107e-5,0.002593832959664554
697ccad66fdf3bbcccb90fe4,5,12,3,1,0.5803598202333164,0.32057223653274014,0.6054486909890247,0.014795590943807103,1.096093953013256e-5,0.06686057475189519
697ccad66fdf3bbcccb90fe4,5,13,1,0,0.5803598202333164,0.32057223653274014,0.6519945599575987,0.002591303142971223,1.747936498976875e-6,0.08085537442887483
697ccad66fdf3bbcccb90fe4,5,14,2,1,0.47589436518505007,0.32057223653274014,0.6519945599575987,0.06647057142194379,2.8633143473075323e-7,0.015117171560991679
697ccad66fdf3bbcccb90fe4,5,15,1,0,0.47589436518505007,0.4407973271101785,0.6519945599575987,0.01267057401325284,0.061710652846066874,0.0026042014800866315
697ccad66fdf3bbcccb90fe4,5,16,1,0,0.45092392042235774,0.4407973271101785,0.6519945599575987,0.06961738841106499,0.01215842025343214,4.327392387632829e-4
697ccad66fdf3bbcccb90fe4,5,17,1,1,0.39823996055194405,0.4407973271101785,0.6519945599575987,0.0816444868231525,0.0021817164415801737,6.807256972629909e-5
697ccad66fdf3bbcccb90fe4,5,18,1,1,0.4691185047194992,0.4407973271101785,0.6519945599575987,0.08506465261270696,3.7550444092069094e-4,1.0754311007407601e-5
697ccad66fdf3bbcccb90fe4,5,19,2,1,0.5318464148477144,0.4407973271101785,0.6519945599575987,0.08625385397213213,5.869659823420199e-5,1.7079538547124133e-6
697ccad66fdf3bbcccb90fe4,5,20,3,0,0.5318464148477144,0.4839718862238855,0.6519945599575987,0.01612738146057636,0.06243777946038419,2.78747618112367e-7
697ccad66fdf3bbcccb90fe4,5,21,3,1,0.5318464148477144,0.4839718862238855,0.49948517827746186,0.002699504363200333,0.012251939980333807,0.06201746831226605
697ccad66fdf3bbcccb90fe4,5,22,3,0,0.5318464148477144,0.4839718862238855,0.6252064143781305,4.46393508096339e-4,0.002187603783745711,0.07773477064698002
697ccad66fdf3bbcccb90fe4,5,23,2,1,0.5318464148477144,0.4839718862238855,0.4914087565906423,6.980775725649848e-5,3.7551907866922505e-4,0.08374468196901334
697ccad66fdf3bbcccb90fe4,5,24,1,1,0.5318464148477144,0.5337801060334797,0.4914087565906423,1.099383783638947e-5,0.06305760395761169,0.015801681396393756
697ccad66fdf3bbcccb90fe4,5,25,3,0,0.5870752896280818,0.5337801060334797,0.4914087565906423,0.06385517848476126,0.012333296948797454,0.002669801590510671
697ccad66fdf3bbcccb90fe4,6,1,2,0,0.5870752896280818,0.5337801060334797,0.46954448130285026,0,0,0
697ccad66fdf3bbcccb90fe4,6,2,2,1,0.5870752896280818,0.4663669240959311,0.46954448130285026,0,0.05749620462453475,0
697ccad66fdf3bbcccb90fe4,6,3,3,0,0.5870752896280818,0.5332386864562773,0.46954448130285026,0,0.07561405137747049,0
697ccad66fdf3bbcccb90fe4,6,4,3,0,0.5870752896280818,0.5332386864562773,0.4290134641756356,0,0.014795460940589152,0.05749620462453475
697ccad66fdf3bbcccb90fe4,6,5,3,0,0.5870752896280818,0.5332386864562773,0.3784020155846125,0,0.0025800179972355892,0.07561405137747049
697ccad66fdf3bbcccb90fe4,6,6,3,0,0.5870752896280818,0.5332386864562773,0.3337612932757399,0,4.3116456948431435e-4,0.08288891366174958
697ccad66fdf3bbcccb90fe4,6,7,3,0,0.5870752896280818,0.5332386864562773,0.29438691872625933,0,6.781038020795219e-5,0.08579012314683848
697ccad66fdf3bbcccb90fe4,6,8,2,0,0.5870752896280818,0.5332386864562773,0.25965761046173563,0,1.0747489926382999e-5,0.08646744087204511
697ccad66fdf3bbcccb90fe4,6,9,3,0,0.5870752896280818,0.46661757529595727,0.25965761046173563,0,0.06228508817150517,0.016185754937241625
697ccad66fdf3bbcccb90fe4,6,10,1,0,0.5870752896280818,0.46661757529595727,0.22902538090626756,0,0.012195040262105206,0.0731158194975905
697ccad66fdf3bbcccb90fe4,6,11,2,1,0.4854446033846469,0.46661757529595727,0.22902538090626756,0.05749620462453475,0.0021873973124755287,0.013616215428694425
697ccad66fdf3bbcccb90fe4,6,12,2,0,0.4854446033846469,0.532817480335749,0.22902538090626756,0.012088566217196414,0.06553831095090604,0.0023174891436688666
697ccad66fdf3bbcccb90fe4,6,13,3,1,0.4854446033846469,0.46799093614526704,0.22902538090626756,0.0021733099392315805,0.0786028174636587,3.852770450685455e-4
697ccad66fdf3bbcccb90fe4,6,14,2,1,0.4854446033846469,0.46799093614526704,0.3869133236384974,3.755044020416029e-4,0.01506065929098937,0.06558885033923592
697ccad66fdf3bbcccb90fe4,6,15,2,0,0.4854446033846469,0.5324897961893513,0.3869133236384974,5.869656261331509e-5,0.07176195725930012,0.012485582271944455
697ccad66fdf3bbcccb90fe4,6,16,3,0,0.4854446033846469,0.4696710466710815,0.3869133236384974,9.356524939870049e-6,0.08204037490064464,0.002195818314414766
697ccad66fdf3bbcccb90fe4,6,17,3,0,0.4854446033846469,0.4696710466710815,0.28223019683786377,1.4650239172183047e-6,0.015480328363208467,0.06624142400957601
697ccad66fdf3bbcccb90fe4,6,18,2,0,0.4854446033846469,0.4696710466710815,0.24893502917868865,2.3688843918845313e-7,0.0026234662562857314,0.08012624429534253
697ccad66fdf3bbcccb90fe4,6,19,3,0,0.4854446033846469,0.41426314390859476,0.24893502917868865,3.74792056983686e-8,0.06825356681378897,0.015113873458001081
697ccad66fdf3bbcccb90fe4,6,20,1,1,0.4854446033846469,0.41426314390859476,0.21956775301722598,5.990288632470165e-9,0.012839884894368518,0.07198958963593996
697ccad66fdf3bbcccb90fe4,6,21,2,0,0.5747009429865184,0.41426314390859476,0.21956775301722598,0.06005065640470611,0.002240829851613815,0.013518479346484015
697ccad66fdf3bbcccb90fe4,6,22,1,1,0.5747009429865184,0.36539181518121466,0.21956775301722598,0.012097951810630048,0.0664084944777448,0.002313921159723479
697ccad66fdf3bbcccb90fe4,6,23,3,1,0.6248741929063979,0.36539181518121466,0.21956775301722598,0.06776927314912762,0.012659150562948397,3.848734931930176e-4
697ccad66fdf3bbcccb90fe4,6,24,2,0,0.6248741929063979,0.36539181518121466,0.37577446339947107,0.012990372080607684,0.00221782831132519,0.06526505244596201
697ccad66fdf3bbcccb90fe4,6,25,1,1,0.6248741929063979,0.3222859276362655,0.37577446339947107,0.002294587799362436,0.06638787115104619,0.012392118166273008
69b7e04340b00585acbb91ac,1,1,2,0,0.5,0.5,0.5,0,0,0
69b7e04340b00585acbb91ac,1,2,2,1,0.5,0.0619506540387392,0.5,0,-0.10273892626634817,0
69b7e04340b00585acbb91ac,1,3,2,1,0.5,0.8837744603119513,0.5,0,-0.13946505336653658,0
69b7e04340b00585acbb91ac,1,4,1,1,0.5,0.9855995012916388,0.5,0,-0.15424259911369398,0
69b7e04340b00585acbb91ac,1,5,3,0,0.9380493459612608,0.9855995012916388,0.5,-0.10273892626634817,-0.03715360871626556,0
69b7e04340b00585acbb91ac,1,6,3,0,0.9380493459612608,0.9855995012916388,0.0619506540387392,-0.02686803016459465,-0.008839626322009825,-0.10273892626634817
69b7e04340b00585acbb91ac,1,7,3,0,0.9380493459612608,0.9855995012916388,0.007675768389429693,-0.006649156767864719,-0.002229536429266146,-0.13946505336653658
69b7e04340b00585acbb91ac,1,8,3,1,0.9380493459612608,0.9855995012916388,9.510380704980878e-4,-0.0016636638845905073,-5.348366695302047e-4,-0.15424259911369398
69b7e04340b00585acbb91ac,1,9,3,1,0.9380493459612608,0.9855995012916388,0.8762165268441773,-4.1693604459317656e-4,-1.2733705773698229e-4,-0.15915705717456613
69b7e04340b00585acbb91ac,1,10,2,0,0.9380493459612608,0.9855995012916388,0.984663063132097,-9.815222363413847e-5,-3.142188347201012e-5,-0.16111440836547647
69b7e04340b00585acbb91ac,1,11,2,1,0.9380493459612608,0.122117066858138,0.984663063132097,-2.3667290666378914e-5,-0.11086474909293553,-0.03886989457579525
69b7e04340b00585acbb91ac,1,12,2,0,0.9380493459612608,0.8912291587690258,0.984663063132097,-5.55020420350144e-6,-0.1427789852406593,-0.009201090379170482
69b7e04340b00585acbb91ac,1,13,2,1,0.9380493459612608,0.11042445656732053,0.984663063132097,-1.2985460066209666e-6,-0.1553263774504146,-0.0022652538942566462
69b7e04340b00585acbb91ac,1,14,3,0,0.9380493459612608,0.889780428635915,0.984663063132097,-3.013854442200472e-7,-0.16022430883461855,-5.473606328194325e-4
69b7e04340b00585acbb91ac,1,15,3,0,0.9380493459612608,0.889780428635915,0.12200104088610036,-7.370432934189912e-8,-0.03847146750718451,-0.11649461379246093
69b7e04340b00585acbb91ac,1,16,3,1,0.9380493459612608,0.889780428635915,0.015116091067002624,-1.74648144429433e-8,-0.009216972942827315,-0.1462526614007643
69b7e04340b00585acbb91ac,1,17,3,1,0.9380493459612608,0.889780428635915,0.8779715960118188,-4.074007974344563e-9,-0.002260829720751838,-0.15749737993227608
69b7e04340b00585acbb91ac,1,18,1,0,0.9380493459612608,0.889780428635915,0.9848805186059866,-9.57414444194465e-10,-5.453775119604067e-4,-0.16137001677489166
69b7e04340b00585acbb91ac,1,19,1,1,0.11622553968804872,0.889780428635915,0.9848805186059866,-0.10463041662636259,-1.2837742698385045e-4,-0.038836635970247564
69b7e04340b00585acbb91ac,1,20,1,1,0.8904991906308829,0.889780428635915,0.9848805186059866,-0.13999373064220602,-3.1829980666366156e-5,-0.009233165380274057
69b7e04340b00585acbb91ac,1,21,2,0,0.986432704440481,0.889780428635915,0.9848805186059866,-0.1545588685811362,-7.339332487665947e-6,-0.0022608445069570013
69b7e04340b00585acbb91ac,1,22,2,0,0.986432704440481,0.11024495692552061,0.9848805186059866,-0.037251235324437804,-0.11071080353367309,-5.454115981667238e-4
69b7e04340b00585acbb91ac,1,23,2,0,0.986432704440481,0.013659496458841153,0.9848805186059866,-0.008839626358581185,-0.14269927413402433,-1.283781860813024e-4
69b7e04340b00585acbb91ac,1,24,2,1,0.986432704440481,0.0016924300280463161,0.9848805186059866,-0.002229536455577642,-0.1557732308203469,-3.1830272358537076e-5
69b7e04340b00585acbb91ac,1,25,2,0,0.986432704440481,0.8763083863208626,0.9848805186059866,-5.348366747687139e-4,-0.16053114649966804,-7.339396349617123e-6
69b7e04340b00585acbb91ac,2,1,2,1,0.986432704440481,0.10857575272622072,0.9848805186059866,0,0,0
69b7e04340b00585acbb91ac,2,2,2,0,0.986432704440481,0.8895513716959528,0.9848805186059866,0,-0.10273892626634817,0
69b7e04340b00585acbb91ac,2,3,2,0,0.986432704440481,0.11021657645181471,0.9848805186059866,0,-0.13946505336653658,0
69b7e04340b00585acbb91ac,2,4,2,1,0.986432704440481,0.01365598007804001,0.9848805186059866,0,-0.15424259911369398,0
69b7e04340b00585acbb91ac,2,5,2,1,0.986432704440481,0.8777906862659424,0.9848805186059866,0,-0.15915705717456613,0
69b7e04340b00585acbb91ac,2,6,3,1,0.986432704440481,0.9848581036375224,0.9848805186059866,0,-0.16111440836547647,0
69b7e04340b00585acbb91ac,2,7,1,1,0.986432704440481,0.9848581036375224,0.9981266758443237,0,-0.03886989457579525,-0.10273892626634817
69b7e04340b00585acbb91ac,2,8,2,1,0.998318993791359,0.9848581036375224,0.9981266758443237,-0.10273892626634817,-0.009201090379170482,-0.02686803016459465
69b7e04340b00585acbb91ac,2,9,3,1,0.998318993791359,0.9981238985981611,0.9981266758443237,-0.02686803016459465,-0.12658179110615614,-0.006649156767864719
69b7e04340b00585acbb91ac,2,10,1,1,0.998318993791359,0.9981238985981611,0.9997678925683183,-0.006649156767864719,-0.0300455124362623,-0.11606475993562318
69b7e04340b00585acbb91ac,2,11,2,1,0.9997917210289831,0.9981238985981611,0.9997678925683183,-0.11606475993562318,-0.007140568520597393,-0.02833087062172296
69b7e04340b00585acbb91ac,2,12,3,0,0.9997917210289831,0.9997675484635482,0.9997678925683183,-0.02833087062172296,-0.1222563105127287,-0.006956046050605711
69b7e04340b00585acbb91ac,2,13,3,0,0.9997917210289831,0.9997675484635482,0.12387254964347882,-0.006956046050605711,-0.028919593267729846,-0.11828587748896238
69b7e04340b00585acbb91ac,2,14,3,1,0.9997917210289831,0.9997675484635482,0.015347973568228417,-0.0017113937342882336,-0.007011093920381009,-0.14731676535905613
69b7e04340b00585acbb91ac,2,15,1,0,0.9997917210289831,0.9997675484635482,0.8780003265766072,-4.2526419591617755e-4,-0.001719893061576759,-0.15666164962698623
69b7e04340b00585acbb91ac,2,16,1,0,0.12387550202334702,0.9997675484635482,0.8780003265766072,-0.11148366331733447,-4.253572541602952e-4,-0.03774923060019213
69b7e04340b00585acbb91ac,2,17,1,0,0.015348339372318963,0.9997675484635482,0.8780003265766072,-0.14344086283235818,-9.933390115426065e-5,-0.008909561636565887
69b7e04340b00585acbb91ac,2,18,1,0,0.0019016799777436377,0.9997675484635482,0.8780003265766072,-0.15605371816400443,-2.4067407572710816e-5,-0.0022339047230019865
69b7e04340b00585acbb91ac,2,19,1,1,2.3562075810840946e-4,0.9997675484635482,0.8780003265766072,-0.16012536326515112,-5.677054659305092e-6,-5.359336574278013e-4
69b7e04340b00585acbb91ac,2,20,1,1,0.8761278856627053,0.9997675484635482,0.8780003265766072,-0.16234279315594027,-1.3203829100238475e-6,-1.2738958507884393e-4
69b7e04340b00585acbb91ac,2,21,2,0,0.9846520803668415,0.9997675484635482,0.8780003265766072,-0.16442228568385486,-3.0479318761481853e-7,-3.147216755899304e-5
69b7e04340b00585acbb91ac,2,22,2,0,0.9846520803668415,0.12387250700839847,0.8780003265766072,-0.03913068574474626,-0.10798977431167389,-7.270783664151773e-6
69b7e04340b00585acbb91ac,2,23,2,0,0.9846520803668415,0.015347968285679185,0.8780003265766072,-0.009263265640518464,-0.14201716079673798,-1.6656883600223334e-6
69b7e04340b00585acbb91ac,2,24,2,0,0.9846520803668415,0.0019016339995698295,0.8780003265766072,-0.002266257740332852,-0.15506165397727395,-3.94596692056312e-7
69b7e04340b00585acbb91ac,2,25,2,0,0.9846520803668415,2.356150613448964e-4,0.8780003265766072,-5.476345270395486e-4,-0.16019259071663683,-9.486982788525765e-8
69b7e04340b00585acbb91ac,3,1,2,1,0.9846520803668415,2.9193034346150073e-5,0.8780003265766072,0,0,0
69b7e04340b00585acbb91ac,3,2,2,1,0.9846520803668415,0.8761023089807681,0.8780003265766072,0,-0.10273892626634817,0
69b7e04340b00585acbb91ac,3,3,3,0,0.9846520803668415,0.9846489113798503,0.8780003265766072,0,-0.13946505336653658,0
69b7e04340b00585acbb91ac,3,4,3,1,0.9846520803668415,0.9846489113798503,0.1087853864410594,0,-0.034354767702361254,-0.10273892626634817
69b7e04340b00585acbb91ac,3,5,1,1,0.9846520803668415,0.9846489113798503,0.8895773456047789,0,-0.008428835019173206,-0.13946505336653658
69b7e04340b00585acbb91ac,3,6,2,1,0.9980983720285492,0.9846489113798503,0.8895773456047789,-0.10273892626634817,-0.002078807770027562,-0.034354767702361254
69b7e04340b00585acbb91ac,3,7,3,0,0.9980983720285492,0.9980979793865209,0.8895773456047789,-0.02686803016459465,-0.11636967070501514,-0.008428835019173206
69b7e04340b00585acbb91ac,3,8,3,1,0.9980983720285492,0.9980979793865209,0.11021979465579512,-0.006649156767864719,-0.028123246104629927,-0.12074807343067007
69b7e04340b00585acbb91ac,3,9,1,0,0.9980983720285492,0.9980979793865209,0.8897550707406476,-0.0016636638845905073,-0.006883363894597715,-0.14905429136025983
69b7e04340b00585acbb91ac,3,10,1,0,0.12366569376302644,0.9980979793865209,0.8897550707406476,-0.1124418888647771,-0.001688037105215763,-0.03544284994383706
69b7e04340b00585acbb91ac,3,11,1,0,0.0153223438370544,0.9980979793865209,0.8897550707406476,-0.1432023481271384,-4.20947412430657e-4,-0.008509405009556922
69b7e04340b00585acbb91ac,3,12,1,1,0.00189845909421563,0.9980979793865209,0.8897550707406476,-0.15617270831296215,-9.847994772687907e-5,-0.0021044717368438994
69b7e04340b00585acbb91ac,3,13,2,0,0.8763339136085442,0.9980979793865209,0.8897550707406476,-0.16012834447544672,-2.3819729677262524e-5,-5.162491344493207e-4
69b7e04340b00585acbb91ac,3,14,2,0,0.8763339136085442,0.12366564511410827,0.8897550707406476,-0.03848506597157712,-0.10925804624842783,-1.2152162099373966e-4
69b7e04340b00585acbb91ac,3,15,2,1,0.8763339136085442,0.015322337809381671,0.8897550707406476,-0.009163750495740475,-0.1426124949679422,-2.9740243084461417e-5
69b7e04340b00585acbb91ac,3,16,2,1,0.8763339136085442,0.8779971502698996,0.8897550707406476,-0.0022608811823051477,-0.1552700121015588,-6.978172891034833e-6
69b7e04340b00585acbb91ac,3,17,3,1,0.8763339136085442,0.9848836848146287,0.8897550707406476,-5.454546493626282e-4,-0.16012098323097235,-1.60639164960352e-6
69b7e04340b00585acbb91ac,3,18,3,1,0.8763339136085442,0.9848836848146287,0.986340506969038,-1.2838006690504193e-4,-0.03847104615547725,-0.10871993587288528
69b7e04340b00585acbb91ac,3,19,1,1,0.8763339136085442,0.9848836848146287,0.9983075703966731,-3.1830905591185664e-5,-0.009150754035502697,-0.14245799948783083
69b7e04340b00585acbb91ac,3,20,1,1,0.9846776075157123,0.9848836848146287,0.9983075703966731,-0.11128140544113674,-0.0022608295392880853,-0.03463564334727972
69b7e04340b00585acbb91ac,3,21,2,0,0.9981015348783204,0.9848836848146287,0.9983075703966731,-0.14340734468479072,-5.453764039709284e-4,-0.008428996497868683
69b7e04340b00585acbb91ac,3,22,2,1,0.9981015348783204,0.12202837621958879,0.9983075703966731,-0.03488312672667167,-0.11621308300634813,-0.0020894876369234906
69b7e04340b00585acbb91ac,3,23,3,0,0.9981015348783204,0.8912181698759655,0.9983075703966731,-0.008446767882161497,-0.14625254349873767,-5.147029340058218e-4
69b7e04340b00585acbb91ac,3,24,3,1,0.9981015348783204,0.8912181698759655,0.12369161373176074,-0.0020919915947402523,-0.035017127810163626,-0.11362165405362723
69b7e04340b00585acbb91ac,3,25,1,1,0.9981015348783204,0.8912181698759655,0.8914242472802993,-5.147039022949084e-4,-0.008483098326072351,-0.14439093794900565
69b7e04340b00585acbb91ac,4,1,2,1,0.9997647775671656,0.8912181698759655,0.8914242472802993,0,0,0
69b7e04340b00585acbb91ac,4,2,2,1,0.9997647775671656,0.9865217869505253,0.8914242472802993,0,-0.10273892626634817,0
69b7e04340b00585acbb91ac,4,3,3,1,0.9997647775671656,0.9983300312378673,0.8914242472802993,0,-0.13946505336653658,0
69b7e04340b00585acbb91ac,4,4,3,1,0.9997647775671656,0.9983300312378673,0.9865473202273767,0,-0.034354767702361254,-0.10273892626634817
69b7e04340b00585acbb91ac,4,5,1,1,0.9997647775671656,0.9983300312378673,0.9983331948469044,0,-0.008428835019173206,-0.13946505336653658
69b7e04340b00585acbb91ac,4,6,1,0,0.9999708556128972,0.9983300312378673,0.9983331948469044,-0.10273892626634817,-0.002078807770027562,-0.034354767702361254
69b7e04340b00585acbb91ac,4,7,1,1,0.12389769704669712,0.9983300312378673,0.9983331948469044,-0.13946505336653658,-5.147028970395073e-4,-0.008428835019173206
69b7e04340b00585acbb91ac,4,8,2,1,0.8914497812894833,0.9983300312378673,0.9983331948469044,-0.15424259911369398,-1.2088133363830954e-4,-0.002078807770027562
69b7e04340b00585acbb91ac,4,9,3,1,0.8914497812894833,0.9997930885841437,0.9983331948469044,-0.03715360871626556,-0.11094433819542412,-5.147028970395073e-4
69b7e04340b00585acbb91ac,4,10,1,0,0.8914497812894833,0.9997930885841437,0.9997934805598356,-0.008839626322009825,-0.02728462288699956,-0.11310848736733839
69b7e04340b00585acbb91ac,4,11,1,1,0.11045179200462929,0.9997930885841437,0.9997934805598356,-0.1234648583258752,-0.006696578458821586,-0.027753030527528512
69b7e04340b00585acbb91ac,4,12,2,1,0.8897838155352197,0.9997930885841437,0.9997934805598356,-0.1499666751476263,-0.0016638969368827415,-0.006784139182292813
69b7e04340b00585acbb91ac,4,13,3,0,0.8897838155352197,0.9999743633879074,0.9997934805598356,-0.03579874612856393,-0.11405293960438259,-0.00167263768211025
69b7e04340b00585acbb91ac,4,14,3,1,0.8897838155352197,0.9999743633879074,0.12387572003174385,-0.008535598703945279,-0.027823726421733502,-0.11415871432138922
69b7e04340b00585acbb91ac,4,15,1,0,0.8897838155352197,0.9999743633879074,0.8914470583063984,-0.0021072221849661493,-0.006822730730581778,-0.14475272583402687
69b7e04340b00585acbb91ac,4,16,1,1,0.11024537656720185,0.9999743633879074,0.8914470583063984,-0.11799752608923414,-0.0016746317698265486,-0.03490433369527099
69b7e04340b00585acbb91ac,4,17,1,1,0.8897582403755778,0.9999743633879074,0.8914470583063984,-0.1479976578988353,-4.201805089096936e-4,-0.00846520164356928
69b7e04340b00585acbb91ac,4,18,2,1,0.986340899691347,0.9999743633879074,0.8914470583063984,-0.15779063402166615,-9.841879622269122e-5,-0.0020924529293255304
69b7e04340b00585acbb91ac,4,19,3,1,0.986340899691347,0.9999968235875739,0.8914470583063984,-0.03777841885939355,-0.11011307870801035,-5.148142110702517e-4
69b7e04340b00585acbb91ac,4,20,1,1,0.986340899691347,0.9999968235875739,0.9865501465456561,-0.008910298338559317,-0.02724371830397993,-0.11401875381552279
69b7e04340b00585acbb91ac,4,21,2,0,0.9983076190555382,0.9999968235875739,0.9865501465456561,-0.12475844294932534,-0.006692378329827286,-0.02789857626932519
69b7e04340b00585acbb91ac,4,22,2,0,0.9983076190555382,0.12390091451542751,0.9865501465456561,-0.029872798408841807,-0.11753630495558065,-0.006784160723240364
69b7e04340b00585acbb91ac,4,23,2,0,0.9983076190555382,0.015351488015948996,0.9865501465456561,-0.007100000621271703,-0.14627469462738868,-0.0016726379823679026
69b7e04340b00585acbb91ac,4,24,2,0,0.9983076190555382,0.0019020700991996351,0.9865501465456561,-0.001728497901385255,-0.1565082499440461,-4.1942588317811524e-4
69b7e04340b00585acbb91ac,4,25,2,1,0.9983076190555382,2.356690947239306e-4,0.9865501465456561,-4.268482516675584e-4,-0.16074512148922576,-9.822755100006344e-5
69b7e04340b00585acbb91ac,5,1,2,1,0.9983076190555382,0.8761278916516833,0.9865501465456561,0,0,0
69b7e04340b00585acbb91ac,5,2,2,0,0.9983076190555382,0.9846520811088848,0.9865501465456561,0,-0.10273892626634817,0
69b7e04340b00585acbb91ac,5,3,2,1,0.9983076190555382,0.12199968019796792,0.9865501465456561,0,-0.13946505336653658,0
69b7e04340b00585acbb91ac,5,4,2,1,0.9983076190555382,0.8912146143983206,0.9865501465456561,0,-0.15424259911369398,0
69b7e04340b00585acbb91ac,5,5,3,1,0.9983076190555382,0.9865213464217433,0.9865501465456561,0,-0.15915705717456613,0
69b7e04340b00585acbb91ac,5,6,3,1,0.9983076190555382,0.9865213464217433,0.9983335450317823,0,-0.03840765546723941,-0.10273892626634817
69b7e04340b00585acbb91ac,5,7,1,1,0.9983076190555382,0.9865213464217433,0.9997935239482504,0,-0.009141674497079866,-0.13946505336653658
69b7e04340b00585acbb91ac,5,8,1,1,0.9997903116831875,0.9865213464217433,0.9997935239482504,-0.10273892626634817,-0.0022608288952259436,-0.034354767702361254
69b7e04340b00585acbb91ac,5,9,2,1,0.9999740193259088,0.9865213464217433,0.9997935239482504,-0.13946505336653658,-5.453736907584377e-4,-0.008428835019173206
69b7e04340b00585acbb91ac,5,10,1,1,0.9999740193259088,0.9983299766557097,0.9997935239482504,-0.034354767702361254,-0.11531667137625849,-0.002078807770027562
69b7e04340b00585acbb91ac,5,11,3,1,0.9999967809577931,0.9983299766557097,0.9997935239482504,-0.13081945752316287,-0.027921257741410965,-5.147028970395073e-4
69b7e04340b00585acbb91ac,5,12,2,1,0.9999967809577931,0.9983299766557097,0.9999744173301539,-0.031064514447332575,-0.00686941095676454,-0.11310848736733839
69b7e04340b00585acbb91ac,5,13,3,1,0.9999967809577931,0.9997930818213339,0.9999744173301539,-0.007444833266201479,-0.11877600115860226,-0.027753030527528512
69b7e04340b00585acbb91ac,5,14,1,0,0.9999967809577931,0.9997930818213339,0.999996830271098,-0.0018266342925736692,-0.028864053190242555,-0.12480819055331707
69b7e04340b00585acbb91ac,5,15,1,1,0.12390090923353492,0.9997930818213339,0.999996830271098,-0.11639007165358292,-0.006968210200970662,-0.030235704271854097
69b7e04340b00585acbb91ac,5,16,2,0,0.8914501792840361,0.9997930818213339,0.999996830271098,-0.14625378221977264,-0.0017180285185738019,-0.00732563957699682
69b7e04340b00585acbb91ac,5,17,2,1,0.8914501792840361,0.12387567062746346,0.999996830271098,-0.035022035171172514,-0.11491317045412686,-0.0017789603736967342
69b7e04340b00585acbb91ac,5,18,2,0,0.8914501792840361,0.8914470521851351,0.999996830271098,-0.008468439937137112,-0.14515222825171845,-4.429916081338251e-4
69b7e04340b00585acbb91ac,5,19,2,0,0.8914501792840361,0.11045145386470084,0.999996830271098,-0.0020924744034505303,-0.15670350720952106,-1.0357737946224738e-4
69b7e04340b00585acbb91ac,5,20,2,1,0.8914501792840361,0.013685081716670586,0.999996830271098,-5.148191534591409e-4,-0.16092016128001163,-2.50068503245672e-5
69b7e04340b00585acbb91ac,5,21,3,1,0.8914501792840361,0.8777942920001249,0.999996830271098,-1.2103470277045634e-4,-0.16365116640686356,-5.923638073810145e-6
69b7e04340b00585acbb91ac,5,22,1,0,0.8914501792840361,0.8777942920001249,0.9999996072660478,-2.9582382719555892e-5,-0.03903331949911039,-0.10880510830754901
69b7e04340b00585acbb91ac,5,23,1,1,0.11045184131673325,0.8777942920001249,0.9999996072660478,-0.11080577973488268,-0.009260747336176621,-0.02710210829761812
69b7e04340b00585acbb91ac,5,24,2,1,0.8897838216450622,0.8777942920001249,0.9999996072660478,-0.14270467503484238,-0.0022652660580520893,-0.00664917035560123
69b7e04340b00585acbb91ac,5,25,1,1,0.8897838216450622,0.9848585503931635,0.9999996072660478,-0.03487826441608774,-0.12158824940086967,-0.0016636736755688375
69b7e04340b00585acbb91ac,6,1,3,0,0.986344069246742,0.9848585503931635,0.9999996072660478,0,0,0
69b7e04340b00585acbb91ac,6,2,3,0,0.986344069246742,0.9848585503931635,0.12390125941717067,0,0,-0.10273892626634817
69b7e04340b00585acbb91ac,6,3,3,1,0.986344069246742,0.9848585503931635,0.015351530749775466,0,0,-0.13946505336653658
69b7e04340b00585acbb91ac,6,4,3,1,0.986344069246742,0.9848585503931635,0.8780007673165053,0,0,-0.15424259911369398
69b7e04340b00585acbb91ac,6,5,2,0,0.986344069246742,0.9848585503931635,0.9848841329718963,0,0,-0.15915705717456613
69b7e04340b00585acbb91ac,6,6,2,0,0.986344069246742,0.12202526202931424,0.9848841329718963,0,-0.10273892626634817,-0.03840765546723941
69b7e04340b00585acbb91ac,6,7,2,1,0.986344069246742,0.01511909210080966,0.9848841329718963,0,-0.13946505336653658,-0.009141674497079866
69b7e04340b00585acbb91ac,6,8,2,1,0.986344069246742,0.8779719678442042,0.9848841329718963,0,-0.15424259911369398,-0.0022608288952259436
69b7e04340b00585acbb91ac,6,9,1,1,0.986344069246742,0.9848805646765593,0.9848841329718963,0,-0.15915705717456613,-5.453736907584377e-4
69b7e04340b00585acbb91ac,6,10,1,0,0.9983080117679926,0.9848805646765593,0.9848841329718963,-0.10273892626634817,-0.03840765546723941,-1.283773842928349e-4
69b7e04340b00585acbb91ac,6,11,1,1,0.12369166841831003,0.9848805646765593,0.9848841329718963,-0.13946505336653658,-0.009141674497079866,-3.182996148969718e-5
69b7e04340b00585acbb91ac,6,12,3,1,0.8914242540560436,0.9848805646765593,0.9848841329718963,-0.15424259911369398,-0.0022608288952259436,-7.339328802995534e-6
69b7e04340b00585acbb91ac,6,13,2,1,0.8914242540560436,0.9848805646765593,0.9981271236694488,-0.03715360871626556,-5.453736907584377e-4,-0.10991592385038843
69b7e04340b00585acbb91ac,6,14,3,0,0.8914242540560436,0.9981266815525355,0.9981271236694488,-0.008839626322009825,-0.11531667137625849,-0.02725709494218566
69b7e04340b00585acbb91ac,6,15,3,0,0.8914242540560436,0.9981266815525355,0.12366925613198215,-0.002229536429266146,-0.027921257741410965,-0.1239699174515217
69b7e04340b00585acbb91ac,6,16,3,0,0.8914242540560436,0.9981266815525355,0.015322785219680161,-5.348366695302047e-4,-0.00686941095676454,-0.14987963381197478
69b7e04340b00585acbb91ac,6,17,3,0,0.8914242540560436,0.9981266815525355,0.0018985137821657542,-1.2733705773698229e-4,-0.0016941575291123177,-0.15812140387743712
69b7e04340b00585acbb91ac,6,18,3,0,0.8914242540560436,0.9981266815525355,2.3522846194034045e-4,-3.142188347201012e-5,-4.1944007785254785e-4,-0.16181448811278393
69b7e04340b00585acbb91ac,6,19,3,0,0.8914242540560436,0.9981266815525355,2.9145134118086882e-5,-7.2667367508048184e-6,-9.823151072842876e-5,-0.1638478569064051
69b7e04340b00585acbb91ac,6,20,3,1,0.8914242540560436,0.9981266815525355,3.611123337649711e-6,-1.6650238825862766e-6,-2.371514560672958e-5,-0.16489557995784204
69b7e04340b00585acbb91ac,6,21,3,0,0.8914242540560436,0.9981266815525355,0.8760991393458872,-3.941614815706926e-7,-5.557119300751479e-6,-0.16534602549255523
69b7e04340b00585acbb91ac,6,22,3,1,0.8914242540560436,0.9981266815525355,0.10854982673502583,-9.482684313609211e-8,-1.299867164974162e-6,-0.16534610564289687
69b7e04340b00585acbb91ac,6,23,3,0,0.8914242540560436,0.9981266815525355,0.8895481594290375,-2.2361869338272686e-8,-3.0160198573933673e-7,-0.16552498534927926
69b7e04340b00585acbb91ac,6,24,3,0,0.8914242540560436,0.9981266815525355,0.11021617844734,-5.211744057708792e-9,-7.376596822832648e-8,-0.16560409457351954
69b7e04340b00585acbb91ac,6,25,3,0,0.8914242540560436,0.9981266815525355,0.013655930764706697,-1.2223933532828189e-9,-1.7479764307554585e-8,-0.1658881594568716
69ef99a65d19811a9ddad38b,1,1,3,0,0.5,0.5,0.5,0,0,0
69ef99a65d19811a9ddad38b,1,2,1,0,0.5,0.5,0.456382282218849,0,0,-0.4880597885692181
69ef99a65d19811a9ddad38b,1,3,2,1,0.456382282218849,0.5,0.456382282218849,-0.4880597885692181,0,-0.20412979611048238
69ef99a65d19811a9ddad38b,1,4,1,0,0.456382282218849,0.543617717781151,0.456382282218849,-0.20412979611048238,-0.4880597885692181,-0.08679873246972386
69ef99a65d19811a9ddad38b,1,5,1,0,0.4165695750497954,0.543617717781151,0.456382282218849,-0.5850626017994234,-0.20412979611048238,-0.03705663168203875
69ef99a65d19811a9ddad38b,1,6,3,0,0.38022994673421084,0.543617717781151,0.456382282218849,-0.7413892854774148,-0.08679873246972386,-0.015585751341902817
69ef99a65d19811a9ddad38b,1,7,2,1,0.38022994673421084,0.543617717781151,0.4165695750497954,-0.3091900705066656,-0.03705663168203875,-0.5059873796510661
69ef99a65d19811a9ddad38b,1,8,2,0,0.38022994673421084,0.5834304249502047,0.4165695750497954,-0.13089569516510247,-0.5177937510696167,-0.20975008127316924
69ef99a65d19811a9ddad38b,1,9,1,1,0.38022994673421084,0.5250238116029241,0.4165695750497954,-0.055801216918465,-0.7083447594778653,-0.08881975384404484
69ef99a65d19811a9ddad38b,1,10,2,1,0.44758903696988706,0.5250238116029241,0.4165695750497954,-0.5373569232639728,-0.29693502324720905,-0.03756575287006927
69ef99a65d19811a9ddad38b,1,11,3,0,0.44758903696988706,0.5733141639368109,0.4165695750497954,-0.22056445414144643,-0.6360403217183002,-0.015803205754908872
69ef99a65d19811a9ddad38b,1,12,3,0,0.44758903696988706,0.5733141639368109,0.38022994673421084,-0.09209257128495683,-0.2620351835207496,-0.5075119529203825
69ef99a65d19811a9ddad38b,1,13,2,0,0.44758903696988706,0.5733141639368109,0.34706042172508184,-0.039130389797374356,-0.11074411229286785,-0.7036715641276103
69ef99a65d19811a9ddad38b,1,14,2,0,0.44758903696988706,0.5169974059074444,0.34706042172508184,-0.016354391564589916,-0.5611204621469139,-0.2957780166082806
69ef99a65d19811a9ddad38b,1,15,2,0,0.44758903696988706,0.4776504752741839,0.34706042172508184,-0.006813473595205984,-0.7336284288768246,-0.12461059294985455
69ef99a65d19811a9ddad38b,1,16,1,0,0.44758903696988706,0.43598242802011367,0.34706042172508184,-0.002871137079862165,-0.8093402672909161,-0.053320299366832455
69ef99a65d19811a9ddad38b,1,17,3,1,0.3964098690173755,0.43598242802011367,0.34706042172508184,-0.4984942058145209,-0.3374077954738161,-0.022194044713624253
69ef99a65d19811a9ddad38b,1,18,2,1,0.3964098690173755,0.43598242802011367,0.42256785189734,-0.20738000412905822,-0.14237679001766043,-0.5157303510259852
69ef99a65d19811a9ddad38b,1,19,1,1,0.3964098690173755,0.4905984072408977,0.42256785189734,-0.08795323015060395,-0.5824354053998662,-0.21282386988257174
69ef99a65d19811a9ddad38b,1,20,3,1,0.4614441440784918,0.4905984072408977,0.42256785189734,-0.5415390862881735,-0.23812176778115357,-0.08952911543591124
69ef99a65d19811a9ddad38b,1,21,2,0,0.4614441440784918,0.4905984072408977,0.46780843863278515,-0.22434517570878523,-0.09930776567791849,-0.5452204915195515
69ef99a65d19811a9ddad38b,1,22,2,1,0.4614441440784918,0.44285944388778686,0.46780843863278515,-0.09410693542069892,-0.5568830207785282,-0.22581494941767416
69ef99a65d19811a9ddad38b,1,23,1,0,0.4614441440784918,0.49564505407483805,0.46780843863278515,-0.040057791201326055,-0.7310321701420142,-0.09422913991880508
69ef99a65d19811a9ddad38b,1,24,1,0,0.4098899957130461,0.49564505407483805,0.46780843863278515,-0.5236751977164443,-0.30403844710020855,-0.04017234616199408
69ef99a65d19811a9ddad38b,1,25,1,1,0.3741330634086203,0.49564505407483805,0.46780843863278515,-0.7116252389028415,-0.12778216931742314,-0.016775935242820568
69ef99a65d19811a9ddad38b,2,1,3,0,0.44371516930930793,0.49564505407483805,0.46780843863278515,0,0,0
69ef99a65d19811a9ddad38b,2,2,3,1,0.44371516930930793,0.49564505407483805,0.4162302023259571,0,0,-0.4880597885692181
69ef99a65d19811a9ddad38b,2,3,2,1,0.44371516930930793,0.49564505407483805,0.47549681181897824,0,0,-0.6940967426808786
69ef99a65d19811a9ddad38b,2,4,3,0,0.44371516930930793,0.5358243906031781,0.47549681181897824,0,-0.4880597885692181,-0.292824949920569
69ef99a65d19811a9ddad38b,2,5,1,0,0.44371516930930793,0.5358243906031781,0.42640309135591337,0,-0.20412979611048238,-0.6324762473233387
69ef99a65d19811a9ddad38b,2,6,3,1,0.3913303168223994,0.5358243906031781,0.42640309135591337,-0.4880597885692181,-0.08679873246972386,-0.2608468557619652
69ef99a65d19811a9ddad38b,2,7,2,1,0.3913303168223994,0.5358243906031781,0.4818712635804958,-0.20412979611048238,-0.03705663168203875,-0.6257137765843936
69ef99a65d19811a9ddad38b,2,8,1,0,0.3913303168223994,0.5763169520636353,0.4818712635804958,-0.08679873246972386,-0.5177937510696167,-0.25652239101474617
69ef99a65d19811a9ddad38b,2,9,1,1,0.3571924461901652,0.5763169520636353,0.4818712635804958,-0.5390034238678129,-0.21414587838560856,-0.1080323686766538
69ef99a65d19811a9ddad38b,2,10,3,1,0.4299175342036595,0.5763169520636353,0.4818712635804958,-0.7199126948340808,-0.09036807634210618,-0.04587660910215041
69ef99a65d19811a9ddad38b,2,11,2,0,0.4299175342036595,0.5763169520636353,0.5221139590368863,-0.30127376844577747,-0.03844670366018718,-0.5320951702728677
69ef99a65d19811a9ddad38b,2,12,2,0,0.4299175342036595,0.5212249937545593,0.5221139590368863,-0.12667473358038972,-0.5209621473974948,-0.21859568559545978
69ef99a65d19811a9ddad38b,2,13,2,0,0.4299175342036595,0.4801522156203666,0.5221139590368863,-0.054276869155807206,-0.710842371787398,-0.09138050638056366
69ef99a65d19811a9ddad38b,2,14,2,1,0.4299175342036595,0.43826592795677966,0.5221139590368863,-0.022526649585287342,-0.7972531667306518,-0.038841027447349935
69ef99a65d19811a9ddad38b,2,15,1,1,0.4299175342036595,0.49169828569673835,0.5221139590368863,-0.00940172765720496,-0.8370102220800688,-0.016242194811867113
69ef99a65d19811a9ddad38b,2,16,2,0,0.472389972824339,0.49169828569673835,0.5221139590368863,-0.5060578761834693,-0.3499577602459706,-0.006760075345895084
69ef99a65d19811a9ddad38b,2,17,3,1,0.472389972824339,0.44476191708304674,0.5221139590368863,-0.20960682738547548,-0.6668786659703817,-0.002843287993047703
69ef99a65d19811a9ddad38b,2,18,2,0,0.472389972824339,0.44476191708304674,0.5638025559646894,-0.08860491299540149,-0.275619051824715,-0.49839489924245056
69ef99a65d19811a9ddad38b,2,19,3,1,0.472389972824339,0.40596291752891744,0.5638025559646894,-0.037480541619067775,-0.636170428046587,-0.2073278801152143
69ef99a65d19811a9ddad38b,2,20,1,0,0.472389972824339,0.40596291752891744,0.6018544299788471,-0.01572785715544768,-0.260343673048006,-0.5878133738989411
69ef99a65d19811a9ddad38b,2,21,2,0,0.428670886113395,0.40596291752891744,0.6018544299788471,-0.508011823422204,-0.10923056080765955,-0.2456516279085721
69ef99a65d19811a9ddad38b,2,22,3,1,0.428670886113395,0.37054856560278226,0.6018544299788471,-0.21046069796811648,-0.56322062233585,-0.1032069508030631
69ef99a65d19811a9ddad38b,2,23,3,0,0.428670886113395,0.37054856560278226,0.6365868321872521,-0.0888791302789192,-0.23083079637519727,-0.55520575480391
69ef99a65d19811a9ddad38b,2,24,1,0,0.428670886113395,0.37054856560278226,0.5598932694358792,-0.037668308199440545,-0.0967485432833745,-0.7288585914839828
69ef99a65d19811a9ddad38b,2,25,2,0,0.38695302869314796,0.37054856560278226,0.5598932694358792,-0.520575734857837,-0.04101323593547603,-0.3033538607219143
69ef99a65d19811a9ddad38b,3,1,3,1,0.38695302869314796,0.3382236000941191,0.5598932694358792,0,0,0
69ef99a65d19811a9ddad38b,3,2,3,0,0.38695302869314796,0.3382236000941191,0.6176008478747101,0,0,-0.4880597885692181
69ef99a65d19811a9ddad38b,3,3,1,1,0.38695302869314796,0.3382236000941191,0.5428367908441725,0,0,-0.6940967426808786
69ef99a65d19811a9ddad38b,3,4,1,1,0.4516291324673717,0.3382236000941191,0.5428367908441725,-0.4880597885692181,0,-0.292824949920569
69ef99a65d19811a9ddad38b,3,5,2,1,0.491279998393726,0.3382236000941191,0.5428367908441725,-0.6940967426808786,0,-0.12375004113935568
69ef99a65d19811a9ddad38b,3,6,2,1,0.491279998393726,0.41699656456327755,0.5428367908441725,-0.292824949920569,-0.4880597885692181,-0.052629836886279716
69ef99a65d19811a9ddad38b,3,7,3,0,0.491279998393726,0.4632686898078531,0.5428367908441725,-0.12375004113935568,-0.6940967426808786,-0.022079405710441383
69ef99a65d19811a9ddad38b,3,8,2,0,0.491279998393726,0.4632686898078531,0.5066570840560747,-0.052629836886279716,-0.292824949920569,-0.514395065662193
69ef99a65d19811a9ddad38b,3,9,3,0,0.491279998393726,0.4095101538911365,0.5066570840560747,-0.022079405710441383,-0.6324762473233387,-0.21258038770850066
69ef99a65d19811a9ddad38b,3,10,3,0,0.491279998393726,0.4095101538911365,0.46966067495984465,-0.009163200437073119,-0.2608468557619652,-0.5927904960121667
69ef99a65d19811a9ddad38b,3,11,3,1,0.491279998393726,0.4095101538911365,0.428689621416816,-0.0038970603833395397,-0.10999194297283915,-0.7459428684632832
69ef99a65d19811a9ddad38b,3,12,3,0,0.491279998393726,0.4095101538911365,0.4840719864063905,-0.001658177646400365,-0.04696972456368706,-0.813320684221605
69ef99a65d19811a9ddad38b,3,13,1,1,0.491279998393726,0.4095101538911365,0.43678352119332103,-7.032091295036897e-4,-0.01935314882732075,-0.8460050639993908
69ef99a65d19811a9ddad38b,3,14,1,0,0.5338023655182678,0.4095101538911365,0.43678352119332103,-0.49302232923511435,-0.008112584277431941,-0.3537025198417785
69ef99a65d19811a9ddad38b,3,15,2,0,0.48220833286138365,0.4095101538911365,0.43678352119332103,-0.6971864001527429,-0.0034402274220756207,-0.1486461569805317
69ef99a65d19811a9ddad38b,3,16,3,1,0.48220833286138365,0.3737863572528829,0.43678352119332103,-0.29380188711112304,-0.4999446027831317,-0.06313063614711585
69ef99a65d19811a9ddad38b,3,17,3,1,0.48220833286138365,0.3737863572528829,0.4896318573548359,-0.12416779787524018,-0.2078838619034859,-0.5458772296555225
69ef99a65d19811a9ddad38b,3,18,1,0,0.48220833286138365,0.3737863572528829,0.5307623015339884,-0.05289601520422395,-0.08798618215567806,-0.7265562731704284
69ef99a65d19811a9ddad38b,3,19,3,1,0.444731649116228,0.3737863572528829,0.5307623015339884,-0.5333846113088946,-0.037286360064700055,-0.3022530946377322
69ef99a65d19811a9ddad38b,3,20,2,1,0.444731649116228,0.3737863572528829,0.5716964565394302,-0.219807016295866,-0.015637204964319314,-0.6436389200411403
69ef99a65d19811a9ddad38b,3,21,2,0,0.444731649116228,0.44484989755174603,0.5716964565394302,-0.0917124010778526,-0.5073334921748172,-0.2645487789516638
69ef99a65d19811a9ddad38b,3,22,3,0,0.444731649116228,0.39104146234945847,0.5716964565394302,-0.039033620599050384,-0.7039147428002464,-0.11129526234565644
69ef99a65d19811a9ddad38b,3,23,3,1,0.444731649116228,0.39104146234945847,0.516959273071856,-0.016327053294897878,-0.29586423793251915,-0.5632219614049321
69ef99a65d19811a9ddad38b,3,24,3,1,0.444731649116228,0.39104146234945847,0.5635381354688316,-0.006802513879978718,-0.12460875820721898,-0.7360222192695742
69ef99a65d19811a9ddad38b,3,25,3,0,0.444731649116228,0.39104146234945847,0.6016130763234067,-0.002862695206648573,-0.05331825607672741,-0.8101526404620031
69ef99a65d19811a9ddad38b,4,1,1,0,0.444731649116228,0.39104146234945847,0.538022903922434,0,0,0
69ef99a65d19811a9ddad38b,4,2,1,0,0.40593528999767087,0.39104146234945847,0.538022903922434,-0.4880597885692181,0,0
69ef99a65d19811a9ddad38b,4,3,2,1,0.37052334816788296,0.39104146234945847,0.538022903922434,-0.6940967426808786,0,0
69ef99a65d19811a9ddad38b,4,4,3,0,0.37052334816788296,0.4570892621538205,0.538022903922434,-0.292824949920569,-0.4880597885692181,0
69ef99a65d19811a9ddad38b,4,5,3,1,0.37052334816788296,0.4570892621538205,0.5003788119377084,-0.12375004113935568,-0.20412979611048238,-0.4880597885692181
69ef99a65d19811a9ddad38b,4,6,2,1,0.37052334816788296,0.4570892621538205,0.5447380514759377,-0.052629836886279716,-0.08679873246972386,-0.6940967426808786
69ef99a65d19811a9ddad38b,4,7,1,1,0.37052334816788296,0.49432395862331474,0.5447380514759377,-0.022079405710441383,-0.5390034238678129,-0.292824949920569
69ef99a65d19811a9ddad38b,4,8,2,0,0.4317984763715099,0.49432395862331474,0.5447380514759377,-0.514395065662193,-0.22369698812288213,-0.12375004113935568
69ef99a65d19811a9ddad38b,4,9,2,0,0.4317984763715099,0.4546404656073424,0.5447380514759377,-0.21258038770850066,-0.5977684131080918,-0.052629836886279716
69ef99a65d19811a9ddad38b,4,10,3,0,0.4317984763715099,0.41044833633168887,0.5447380514759377,-0.08952530709705757,-0.7487498458719736,-0.022079405710441383
69ef99a65d19811a9ddad38b,4,11,1,0,0.4317984763715099,0.41044833633168887,0.49721759028631174,-0.03800557023065472,-0.3116281675562468,-0.514395065662193
69ef99a65d19811a9ddad38b,4,12,2,0,0.3883229217329778,0.41044833633168887,0.49721759028631174,-0.5214460031390249,-0.13174107892740225,-0.21258038770850066
69ef99a65d19811a9ddad38b,4,13,3,1,0.3883229217329778,0.37464269693859875,0.49721759028631174,-0.21534241361426248,-0.5721934669097576,-0.08952530709705757
69ef99a65d19811a9ddad38b,4,14,3,0,0.3883229217329778,0.37464269693859875,0.5410780327926538,-0.09059384975811335,-0.2353222265593945,-0.5448056766529521
69ef99a65d19811a9ddad38b,4,15,1,0,0.3883229217329778,0.37464269693859875,0.4938768549272886,-0.03855952711361074,-0.09816202448521402,-0.7229925647838704
69ef99a65d19811a9ddad38b,4,16,2,0,0.3544474025204807,0.37464269693859875,0.4938768549272886,-0.5220679445272981,-0.041911961511061385,-0.30189263649730724
69ef99a65d19811a9ddad38b,4,17,3,1,0.3544474025204807,0.34196057809596986,0.4938768549272886,-0.21543537623455467,-0.5266521483896394,-0.1271291238367202
69ef99a65d19811a9ddad38b,4,18,3,0,0.3544474025204807,0.34196057809596986,0.5380287279379854,-0.09060922937136287,-0.21753587448635942,-0.5678919492334138
69ef99a65d19811a9ddad38b,4,19,1,0,0.3544474025204807,0.34196057809596986,0.49109355750995154,-0.0385889716137367,-0.09090231109029487,-0.7384731522828432
69ef99a65d19811a9ddad38b,4,20,1,1,0.32352702898356644,0.34196057809596986,0.49109355750995154,-0.5220703688457853,-0.03871146752030158,-0.30578047549568466
69ef99a65d19811a9ddad38b,4,21,3,0,0.3982591451879745,0.34196057809596986,0.49109355750995154,-0.7112442739858401,-0.016185556096165184,-0.12884415772420493
69ef99a65d19811a9ddad38b,4,22,1,1,0.3982591451879745,0.34196057809596986,0.44825279712098465,-0.2983747948025413,-0.0067394578423170485,-0.5715689099424104
69ef99a65d19811a9ddad38b,4,23,2,0,0.4458768693880347,0.34196057809596986,0.44825279712098465,-0.6386308606430964,-0.0028313491973110017,-0.2348517271159999
69ef99a65d19811a9ddad38b,4,24,1,1,0.4458768693880347,0.312129498127653,0.44825279712098465,-0.2631368401168168,-0.4981213301509412,-0.09793965799164898
69ef99a65d19811a9ddad38b,4,25,1,0,0.48749221956096483,0.312129498127653,0.44825279712098465,-0.6272634303572429,-0.20731259780193953,-0.041762795691954485
69ef99a65d19811a9ddad38b,5,1,3,0,0.4455498944746884,0.312129498127653,0.44825279712098465,0,0,0
69ef99a65d19811a9ddad38b,5,2,2,1,0.4455498944746884,0.312129498127653,0.4091492691273405,0,0,-0.4880597885692181
69ef99a65d19811a9ddad38b,5,3,1,1,0.4455498944746884,0.3901901989327392,0.4091492691273405,0,-0.4880597885692181,-0.20412979611048238
69ef99a65d19811a9ddad38b,5,4,3,1,0.4925828687722593,0.3901901989327392,0.4091492691273405,-0.4880597885692181,-0.20412979611048238,-0.08679873246972386
69ef99a65d19811a9ddad38b,5,5,2,0,0.4925828687722593,0.3901901989327392,0.4720232815191437,-0.20412979611048238,-0.08679873246972386,-0.5390034238678129
69ef99a65d19811a9ddad38b,5,6,1,1,0.4925828687722593,0.33967271914491837,0.4720232815191437,-0.08679873246972386,-0.5390034238678129,-0.22369698812288213
69ef99a65d19811a9ddad38b,5,7,3,1,0.5361169318747886,0.33967271914491837,0.4720232815191437,-0.5390034238678129,-0.22369698812288213,-0.09398828857226926
69ef99a65d19811a9ddad38b,5,8,1,0,0.5361169318747886,0.33967271914491837,0.507739124259015,-0.22369698812288213,-0.09398828857226926,-0.5483574891718199
69ef99a65d19811a9ddad38b,5,9,3,1,0.48032944461427196,0.33967271914491837,0.507739124259015,-0.5977684131080918,-0.04005486224118231,-0.22685674566635844
69ef99a65d19811a9ddad38b,5,10,2,0,0.48032944461427196,0.33967271914491837,0.5506817161639852,-0.2489744839276557,-0.016759510510252852,-0.6001537995083186
69ef99a65d19811a9ddad38b,5,11,1,1,0.48032944461427196,0.31004122154720776,0.5506817161639852,-0.10460481730077201,-0.5090846327881193,-0.2494798784429158
69ef99a65d19811a9ddad38b,5,12,3,0,0.5338954405242046,0.31004122154720776,0.5506817161639852,-0.556915898550656,-0.21086955088505646,-0.10474529686545636
69ef99a65d19811a9ddad38b,5,13,1,1,0.5338954405242046,0.31004122154720776,0.5029649685530221,-0.22963700257145692,-0.0890864893383051,-0.5570885837140692
69ef99a65d19811a9ddad38b,5,14,3,0,0.5745562747810056,0.31004122154720776,0.5029649685530221,-0.6036896020053094,-0.037722614332888454,-0.22969863468235374
69ef99a65d19811a9ddad38b,5,15,1,1,0.5745562747810056,0.31004122154720776,0.45879449697349245,-0.2501556659615802,-0.01583884973973107,-0.6038785887925382
69ef99a65d19811a9ddad38b,5,16,1,0,0.611670043448661,0.31004122154720776,0.45879449697349245,-0.6174103027875428,-0.006581643922368647,-0.2503860448825266
69ef99a65d19811a9ddad38b,5,17,3,1,0.5359493918942948,0.31004122154720776,0.45879449697349245,-0.7603802552226757,-0.0027636803903022737,-0.10491224223818785
69ef99a65d19811a9ddad38b,5,18,3,0,0.5359493918942948,0.31004122154720776,0.5060067947621263,-0.3147821370561097,-0.0011872763548229147,-0.5579411679184654
69ef99a65d19811a9ddad38b,5,19,1,0,0.5359493918942948,0.31004122154720776,0.461865071623182,-0.13301209593461477,-5.030529562682188e-4,-0.7314972438822894
69ef99a65d19811a9ddad38b,5,20,3,1,0.4932237316575466,0.31004122154720776,0.461865071623182,-0.5746662773944656,-2.089654556591051e-4,-0.30351623443646186
69ef99a65d19811a9ddad38b,5,21,2,0,0.4932237316575466,0.31004122154720776,0.5088095064943334,-0.23575899473625903,-8.80752319538102e-5,-0.6447790886072648
69ef99a65d19811a9ddad38b,5,22,1,1,0.4932237316575466,0.2829946405505055,0.5088095064943334,-0.0983398176160763,-0.4905005872781212,-0.26494066459626553
69ef99a65d19811a9ddad38b,5,23,3,1,0.5523859716135409,0.2829946405505055,0.5088095064943334,-0.5555795308250984,-0.20526663380527074,-0.11144456996080225
69ef99a65d19811a9ddad38b,5,24,2,1,0.5523859716135409,0.2829946405505055,0.5516587231385488,-0.22862622355575712,-0.08710464168198093,-0.562982101265009
69ef99a65d19811a9ddad38b,5,25,1,0,0.5523859716135409,0.3695316774756404,0.5516587231385488,-0.09566566839273702,-0.5397269721979739,-0.23116125475256874
69ef99a65d19811a9ddad38b,6,1,2,0,0.49076431883456884,0.3695316774756404,0.5516587231385488,0,0,0
69ef99a65d19811a9ddad38b,6,2,1,0,0.49076431883456884,0.31539932866480336,0.5516587231385488,0,-0.4880597885692181,0
69ef99a65d19811a9ddad38b,6,3,3,1,0.4602143789079643,0.31539932866480336,0.5516587231385488,-0.4880597885692181,-0.20412979611048238,0
69ef99a65d19811a9ddad38b,6,4,2,1,0.4602143789079643,0.31539932866480336,0.5907699697022054,-0.20412979611048238,-0.08679873246972386,-0.4880597885692181
69ef99a65d19811a9ddad38b,6,5,1,1,0.4602143789079643,0.39614579098236546,0.5907699697022054,-0.08679873246972386,-0.5390034238678129,-0.20412979611048238
69ef99a65d19811a9ddad38b,6,6,1,0,0.5034961055712284,0.39614579098236546,0.5907699697022054,-0.5390034238678129,-0.22369698812288213,-0.08679873246972386
69ef99a65d19811a9ddad38b,6,7,2,1,0.46304803084941026,0.39614579098236546,0.5907699697022054,-0.7199126948340808,-0.09398828857226926,-0.03705663168203875
69ef99a65d19811a9ddad38b,6,8,1,0,0.46304803084941026,0.4421194632047842,0.5907699697022054,-0.30127376844577747,-0.5483574891718199,-0.015585751341902817
69ef99a65d19811a9ddad38b,6,9,3,0,0.4226538341940572,0.4421194632047842,0.5907699697022054,-0.6407839494392751,-0.22685674566635844,-0.006477166800743511
69ef99a65d19811a9ddad38b,6,10,1,0,0.4226538341940572,0.4421194632047842,0.531269576524078,-0.26342518251105673,-0.09500155464891434,-0.4996674175397805
69ef99a65d19811a9ddad38b,6,11,2,1,0.38578344288093,0.4421194632047842,0.531269576524078,-0.6279378372114454,-0.04040340118358454,-0.20765818992504084
69ef99a65d19811a9ddad38b,6,12,3,0,0.38578344288093,0.48282969441992263,0.531269576524078,-0.2573946824200376,-0.5243785735723466,-0.08808768639923642
69ef99a65d19811a9ddad38b,6,13,1,1,0.38578344288093,0.48282969441992263,0.4921935904502609,-0.10832560493228392,-0.2161344218738386,-0.5417123559046615
69ef99a65d19811a9ddad38b,6,14,1,1,0.44796898253182604,0.48282969441992263,0.4921935904502609,-0.5609361913930504,-0.09074284541863387,-0.2241916629313449
69ef99a65d19811a9ddad38b,6,15,2,0,0.48872644338565535,0.48282969441992263,0.4921935904502609,-0.7334323382249124,-0.03866704870812952,-0.09414671845401681
69ef99a65d19811a9ddad38b,6,16,3,1,0.48872644338565535,0.43850093434399384,0.4921935904502609,-0.30449622851336655,-0.5223916288592854,-0.04007300787923825
69ef99a65d19811a9ddad38b,6,17,1,1,0.48872644338565535,0.43850093434399384,0.536492303770234,-0.12824820072198673,-0.2154418787595506,-0.5237439202606555
69ef99a65d19811a9ddad38b,6,18,2,1,0.5329129424246117,0.43850093434399384,0.536492303770234,-0.5710605529694193,-0.0906106495937289,-0.21580791600709215
69ef99a65d19811a9ddad38b,6,19,3,1,0.5329129424246117,0.4884059553302623,0.536492303770234,-0.23467204808469133,-0.5460347370900827,-0.09068297353427648
69ef99a65d19811a9ddad38b,6,20,1,0,0.5329129424246117,0.4884059553302623,0.5769265995354771,-0.09789398435722296,-0.22617212802176517,-0.5461472609912156
69ef99a65d19811a9ddad38b,6,21,1,1,0.4842598841564912,0.4884059553302623,0.5769265995354771,-0.5546691927395356,-0.09437212694555543,-0.22619874023172268
69ef99a65d19811a9ddad38b,6,22,2,0,0.5312260714828919,0.4884059553302623,0.5769265995354771,-0.7292459133719872,-0.04021932571954341,-0.09440673107308488
69ef99a65d19811a9ddad38b,6,23,3,1,0.5312260714828919,0.4417671272646748,0.5769265995354771,-0.30360795073890345,-0.5243077397017268,-0.0402260150603804
69ef99a65d19811a9ddad38b,6,24,1,1,0.5312260714828919,0.4417671272646748,0.6138335918951552,-0.12771371903558837,-0.21617431305221865,-0.524389930994291
69ef99a65d19811a9ddad38b,6,25,2,1,0.5721197693134508,0.4417671272646748,0.6138335918951552,-0.5702464709834192,-0.09073999124117679,-0.2160832736875551
69fdce52c07d954848678eaf,1,1,3,0,0.5,0.5,0.5,0,0,0
69fdce52c07d954848678eaf,1,2,2,1,0.5,0.5,0.42254635344109914,0,0,-0.5282116109993853
69fdce52c07d954848678eaf,1,3,2,0,0.5,0.5774536465589009,0.42254635344109914,0,-0.5282116109993853,-0.4139395218203192
69fdce52c07d954848678eaf,1,4,1,1,0.5,0.48800186488678465,0.42254635344109914,0,-0.9405743964416333,-0.33244027367638496
69fdce52c07d954848678eaf,1,5,1,1,0.5774536465589009,0.48800186488678465,0.42254635344109914,-0.5282116109993853,-0.74754557183706,-0.2658873627104894
69fdce52c07d954848678eaf,1,6,2,1,0.6429091580045863,0.48800186488678465,0.42254635344109914,-0.9405743964416333,-0.5964856416752236,-0.213176948054834
69fdce52c07d954848678eaf,1,7,3,1,0.6429091580045863,0.567314110197093,0.42254635344109914,-0.74754557183706,-1.0150355359654022,-0.17177109389382236
69fdce52c07d954848678eaf,1,8,3,1,0.6429091580045863,0.567314110197093,0.5119981351132153,-0.5964856416752236,-0.8060130356651565,-0.6830671769739929
69fdce52c07d954848678eaf,1,9,2,1,0.6429091580045863,0.567314110197093,0.5875931829207086,-0.4801448274696355,-0.6448440969459186,-1.0732913553677914
69fdce52c07d954848678eaf,1,10,2,1,0.6429091580045863,0.6343403098650651,0.5875931829207086,-0.38567051701856003,-1.0591388899091028,-0.8501989641379029
69fdce52c07d954848678eaf,1,11,1,1,0.6429091580045863,0.6909836620885248,0.5875931829207086,-0.30919010899528826,-1.3878726818320182,-0.6779120100007935
69fdce52c07d954848678eaf,1,12,1,1,0.6982251330884639,0.6909836620885248,0.5875931829207086,-0.7998441601370345,-1.096780068809231,-0.5422728414493264
69fdce52c07d954848678eaf,1,13,3,1,0.7449722600328205,0.6909836620885248,0.5875931829207086,-1.1798706830734238,-0.8770529013378847,-0.4359172261919767
69fdce52c07d954848678eaf,1,14,3,1,0.7449722600328205,0.6909836620885248,0.6514780061441074,-0.9270503369219629,-0.7031684600093726,-0.9014365172249035
69fdce52c07d954848678eaf,1,15,2,0,0.7449722600328205,0.6909836620885248,0.705466604088403,-0.7389167760914624,-0.5629765410335935,-1.264000984202474
69fdce52c07d954848678eaf,1,16,1,1,0.7449722600328205,0.5303274220709339,0.705466604088403,-0.5926949516533698,-1.0052428294772044,-0.992623916656049
69fdce52c07d954848678eaf,1,17,1,0,0.7844779159772378,0.5303274220709339,0.705466604088403,-1.0256814906162672,-0.7960978330257068,-0.7928569390317415
69fdce52c07d954848678eaf,1,18,2,0,0.5643672542521916,0.5303274220709339,0.705466604088403,-1.3684452851835651,-0.6347944233065447,-0.635314842353958
69fdce52c07d954848678eaf,1,19,2,1,0.5643672542521916,0.49348787410244654,0.705466604088403,-1.078353920165821,-1.0655720507335569,-0.5092140323894112
69fdce52c07d954848678eaf,1,20,3,0,0.5643672542521916,0.5719502968019192,0.705466604088403,-0.8577380231311482,-1.40537602673571,-0.4071172732666806
69fdce52c07d954848678eaf,1,21,3,1,0.5643672542521916,0.5719502968019192,0.5340744334939977,-0.6863452328169439,-1.104981087331659,-0.8859787640845604
69fdce52c07d954848678eaf,1,22,3,0,0.5643672542521916,0.5719502968019192,0.6587386189514854,-0.5497318212432571,-0.883943788848024,-1.26658818608521
69fdce52c07d954848678eaf,1,23,3,0,0.5643672542521916,0.5719502968019192,0.5167016150757193,-0.4430792303087957,-0.7042759310692214,-1.551767012485902
69fdce52c07d954848678eaf,1,24,3,1,0.5643672542521916,0.5719502968019192,0.47045905538908883,-0.3574217304791125,-0.5603815911516412,-1.7771124770533029
69fdce52c07d954848678eaf,1,25,1,1,0.5643672542521916,0.5719502968019192,0.5494717743474115,-0.28624407838600896,-0.45344064547967067,-1.9513250635103738
69fdce52c07d954848678eaf,2,1,3,1,0.71516705055455,0.5719502968019192,0.5494717743474115,0,0,0
69fdce52c07d954848678eaf,2,2,1,0,0.71516705055455,0.5719502968019192,0.621811557302115,0,0,-0.5282116109993853
69fdce52c07d954848678eaf,2,3,1,0,0.5360590425892457,0.5719502968019192,0.621811557302115,-0.5282116109993853,0,-0.4139395218203192
69fdce52c07d954848678eaf,2,4,1,1,0.5028297295090036,0.5719502968019192,0.621811557302115,-0.9405743964416333,0,-0.33244027367638496
69fdce52c07d954848678eaf,2,5,2,1,0.5797013116486932,0.5719502968019192,0.621811557302115,-1.2736467470993602,0,-0.2658873627104894
69fdce52c07d954848678eaf,2,6,2,1,0.5797013116486932,0.6382583175483991,0.621811557302115,-1.0185569564283128,-0.5282116109993853,-0.213176948054834
69fdce52c07d954848678eaf,2,7,3,0,0.5797013116486932,0.6942947419762788,0.621811557302115,-0.8136071446253106,-0.9405743964416333,-0.17177109389382236
69fdce52c07d954848678eaf,2,8,1,0,0.5797013116486932,0.6942947419762788,0.5089423718491991,-0.6506810761837413,-0.74754557183706,-0.6830671769739929
69fdce52c07d954848678eaf,2,9,3,1,0.49568589501473803,0.6942947419762788,0.5089423718491991,-1.0625296666381248,-0.5964856416752236,-0.5372850782312362
69fdce52c07d954848678eaf,2,10,2,0,0.49568589501473803,0.6942947419762788,0.5989937176977924,-0.8492615010801687,-0.4801448274696355,-0.9677020282877968
69fdce52c07d954848678eaf,2,11,3,0,0.49568589501473803,0.5366724125555904,0.5989937176977924,-0.6772446307090498,-0.9255931125422181,-0.7657861124675427
69fdce52c07d954848678eaf,2,12,2,0,0.49568589501473803,0.5366724125555904,0.5020340420869744,-0.542394662831141,-0.7342649217584664,-1.1543422624550255
69fdce52c07d954848678eaf,2,13,1,0,0.49568589501473803,0.4958525869590582,0.5020340420869744,-0.4352193778338421,-1.129305376467658,-0.9136202547260863
69fdce52c07d954848678eaf,2,14,2,0,0.41890053534623695,0.4958525869590582,0.5020340420869744,-0.9043121088873527,-0.8941238187596073,-0.7283287736946997
69fdce52c07d954848678eaf,2,15,2,0,0.41890053534623695,0.41904140538157153,0.5020340420869744,-0.7166039699468809,-1.2586278528730661,-0.5843714614980423
69fdce52c07d954848678eaf,2,16,2,1,0.41890053534623695,0.3541288363326352,0.5020340420869744,-0.5698891207287746,-1.5428473517845878,-0.46744247585588605
69fdce52c07d954848678eaf,2,17,3,0,0.41890053534623695,0.5013631731925194,0.5020340420869744,-0.455627722852439,-1.7701288979122194,-0.3750022169499042
69fdce52c07d954848678eaf,2,18,1,1,0.41890053534623695,0.5013631731925194,0.42779034168633945,-0.36551684736024237,-1.407693542585771,-0.8615394942228882
69fdce52c07d954848678eaf,2,19,1,0,0.5309031198933868,0.5013631731925194,0.42779034168633945,-0.8588982848778675,-1.1218944252029979,-0.6794898168811176
69fdce52c07d954848678eaf,2,20,1,0,0.4300821140977056,0.5013631731925194,0.42779034168633945,-1.243929951893682,-0.8994987175900278,-0.5402001634457285
69fdce52c07d954848678eaf,2,21,1,1,0.3634592586099872,0.5013631731925194,0.42779034168633945,-1.5320510527233224,-0.721557495536167,-0.43135920030523134
69fdce52c07d954848678eaf,2,22,2,0,0.5083140574568068,0.5013631731925194,0.42779034168633945,-1.7580228689041326,-0.5803936313800092,-0.3452802609384561
69fdce52c07d954848678eaf,2,23,2,0,0.5083140574568068,0.38382335320503136,0.42779034168633945,-1.388705947560155,-1.0229439205242272,-0.278734905056536
69fdce52c07d954848678eaf,2,24,3,0,0.5083140574568068,0.32436631714406045,0.42779034168633945,-1.1052728250061563,-1.3729924406298144,-0.22383393603746476
69fdce52c07d954848678eaf,2,25,2,1,0.5083140574568068,0.32436631714406045,0.361522498473823,-0.883786074014204,-1.0873519908178755,-0.7531506027088262
69fdce52c07d954848678eaf,3,1,1,1,0.5083140574568068,0.4896509649369274,0.361522498473823,0,0,0
69fdce52c07d954848678eaf,3,2,1,0,0.5453942628351518,0.4896509649369274,0.361522498473823,-0.5282116109993853,0,0
69fdce52c07d954848678eaf,3,3,1,1,0.46090871368659014,0.4896509649369274,0.361522498473823,-0.9405743964416333,0,0
69fdce52c07d954848678eaf,3,4,2,1,0.5444178858320731,0.4896509649369274,0.361522498473823,-1.2736467470993602,0,0
69fdce52c07d954848678eaf,3,5,3,1,0.5444178858320731,0.5174747999982802,0.361522498473823,-1.0185569564283128,-0.5282116109993853,0
69fdce52c07d954848678eaf,3,6,2,0,0.5444178858320731,0.5174747999982802,0.5019269781822944,-0.8136071446253106,-0.4139395218203192,-0.5282116109993853
69fdce52c07d954848678eaf,3,7,1,1,0.5444178858320731,0.43731417918353277,0.5019269781822944,-0.6506810761837413,-0.8593240553084216,-0.4139395218203192
69fdce52c07d954848678eaf,3,8,2,0,0.6149908777203332,0.43731417918353277,0.5019269781822944,-1.0625296666381248,-0.68399141731623,-0.33244027367638496
69fdce52c07d954848678eaf,3,9,3,0,0.6149908777203332,0.36957102359486327,0.5019269781822944,-0.8492615010801687,-1.081089502522384,-0.2658873627104894
69fdce52c07d954848678eaf,3,10,3,0,0.6149908777203332,0.36957102359486327,0.3891037711195864,-0.6772446307090498,-0.8568591504932256,-0.7493356012634435
69fdce52c07d954848678eaf,3,11,3,0,0.6149908777203332,0.36957102359486327,0.3288287597530819,-0.542394662831141,-0.6884696525762384,-1.1258242318551146
69fdce52c07d954848678eaf,3,12,1,0,0.6149908777203332,0.36957102359486327,0.2778907874511267,-0.4352193778338421,-0.5507315762181286,-1.4280792334055226
69fdce52c07d954848678eaf,3,13,2,0,0.5163409182949001,0.36957102359486327,0.2778907874511267,-0.9043121088873527,-0.4405921200008171,-1.1337684286275937
69fdce52c07d954848678eaf,3,14,2,0,0.5163409182949001,0.31232177717704723,0.2778907874511267,-0.7166039699468809,-0.9056731677764849,-0.9090503417032332
69fdce52c07d954848678eaf,3,15,2,1,0.5163409182949001,0.2639408567661256,0.2778907874511267,-0.5698891207287746,-1.2688880421032462,-0.7254638593941696
69fdce52c07d954848678eaf,3,16,1,1,0.5163409182949001,0.4578286289557314,0.2778907874511267,-0.455627722852439,-1.5507432037323168,-0.5818899463480316
69fdce52c07d954848678eaf,3,17,3,1,0.5941225129172785,0.4578286289557314,0.2778907874511267,-0.9268534998192516,-1.2221038570262561,-0.4685768615817547
69fdce52c07d954848678eaf,3,18,2,0,0.5941225129172785,0.4578286289557314,0.4711030754828588,-0.7317678241961834,-0.9760973854439263,-0.9270596495602724
69fdce52c07d954848678eaf,3,19,3,0,0.5941225129172785,0.31941274981633644,0.4711030754828588,-0.5816875748270345,-1.3248382250687858,-0.7364131431692617
69fdce52c07d954848678eaf,3,20,1,0,0.5941225129172785,0.31941274981633644,0.3293755349649281,-0.4629589581978147,-1.055487087940317,-1.1448752830084286
69fdce52c07d954848678eaf,3,21,3,1,0.5013367972460006,0.31941274981633644,0.3293755349649281,-0.9340488533532165,-0.8449574660011322,-0.9029993168727134
69fdce52c07d954848678eaf,3,22,2,0,0.5013367972460006,0.31941274981633644,0.4869741941354767,-0.7367729148395843,-0.6766136174327587,-1.2755748232406896
69fdce52c07d954848678eaf,3,23,2,1,0.5013367972460006,0.26993338574526476,0.4869741941354767,-0.5859636872968643,-1.0958242292529838,-1.0070055467163392
69fdce52c07d954848678eaf,3,24,3,1,0.5013367972460006,0.4577580392440219,0.4869741941354767,-0.4664492360536061,-1.4297895968607794,-0.8071714478936018
69fdce52c07d954848678eaf,3,25,1,1,0.5013367972460006,0.4577580392440219,0.5210522910405386,-0.372818437444946,-1.131828249995861,-1.1967383710813415
69fdce52c07d954848678eaf,4,1,3,0,0.5792187093054568,0.4577580392440219,0.5210522910405386,0,0,0
69fdce52c07d954848678eaf,4,2,2,1,0.5792187093054568,0.4577580392440219,0.44635637025672353,0,0,-0.5282116109993853
69fdce52c07d954848678eaf,4,3,2,0,0.5792187093054568,0.49601566725946783,0.44635637025672353,0,-0.5282116109993853,-0.4139395218203192
69fdce52c07d954848678eaf,4,4,2,0,0.5792187093054568,0.41238313837155416,0.44635637025672353,0,-0.9405743964416333,-0.33244027367638496
69fdce52c07d954848678eaf,4,5,2,1,0.5792187093054568,0.3418072080595336,0.44635637025672353,0,-1.2736467470993602,-0.2658873627104894
69fdce52c07d954848678eaf,4,6,1,1,0.5792187093054568,0.4798204888930801,0.44635637025672353,0,-1.5425863572559222,-0.213176948054834
69fdce52c07d954848678eaf,4,7,1,1,0.6444007997977951,0.4798204888930801,0.44635637025672353,-0.5282116109993853,-1.2331242923556136,-0.17177109389382236
69fdce52c07d954848678eaf,4,8,3,0,0.6994857088079238,0.4798204888930801,0.44635637025672353,-0.9405743964416333,-0.9864828506238533,-0.13801042567203153
69fdce52c07d954848678eaf,4,9,3,0,0.6994857088079238,0.4798204888930801,0.3721260017710936,-0.74754557183706,-0.7888502095596477,-0.658962913919091
69fdce52c07d954848678eaf,4,10,3,0,0.6994857088079238,0.4798204888930801,0.31448097043529727,-0.5964856416752236,-0.6340244103658677,-1.0534997284235725
69fdce52c07d954848678eaf,4,11,3,0,0.6994857088079238,0.4798204888930801,0.2657655751041691,-0.4801448274696355,-0.5096416802379995,-1.3672103433281377
69fdce52c07d954848678eaf,4,12,2,1,0.6994857088079238,0.4798204888930801,0.22459654995459635,-0.38567051701856003,-0.4114258231981716,-1.6217965431091248
69fdce52c07d954848678eaf,4,13,2,0,0.6994857088079238,0.5299307638628467,0.22459654995459635,-0.30919010899528826,-0.8844552359745952,-1.2899517426541482
69fdce52c07d954848678eaf,4,14,1,0,0.6994857088079238,0.4426931084756258,0.22459654995459635,-0.2491531413025487,-1.2609254928828917,-1.0299154716904033
69fdce52c07d954848678eaf,4,15,1,1,0.5478738800237153,0.4426931084756258,0.22459654995459635,-0.7569540691252673,-0.9922781504095768,-0.826099381541208
69fdce52c07d954848678eaf,4,16,3,0,0.6544671733475198,0.4426931084756258,0.22459654995459635,-1.1426548473508125,-0.7903527637507104,-0.6624321845835051
69fdce52c07d954848678eaf,4,17,1,1,0.6544671733475198,0.4426931084756258,0.18980490714718457,-0.8979154556038959,-0.6304570979227806,-1.0807667018093596
69fdce52c07d954848678eaf,4,18,2,0,0.7079927278340168,0.4426931084756258,0.18980490714718457,-1.2600993570361587,-0.5028227138215926,-0.858370426921653
69fdce52c07d954848678eaf,4,19,1,1,0.7079927278340168,0.3784668441818038,0.18980490714718457,-0.9975880018489429,-0.961862978306677,-0.6860161949992272
69fdce52c07d954848678eaf,4,20,3,1,0.7532267833557995,0.3784668441818038,0.18980490714718457,-1.3443392901148834,-0.7631176154574812,-0.5477452968765526
69fdce52c07d954848678eaf,4,21,1,0,0.7532267833557995,0.3784668441818038,0.41906196436104337,-1.068417895432419,-0.6063535064921789,-0.9970768484057222
69fdce52c07d954848678eaf,4,22,3,0,0.569175528393,0.3784668441818038,0.41906196436104337,-1.3995457051245501,-0.48325115777648997,-0.7902787227009077
69fdce52c07d954848678eaf,4,23,2,0,0.569175528393,0.3784668441818038,0.2664662125259125,-1.1095278465292462,-0.3896960811593748,-1.190695350530231
69fdce52c07d954848678eaf,4,24,1,1,0.569175528393,0.3198395700133658,0.2664662125259125,-0.890132612954049,-0.8789134747743621,-0.9421223268517247
69fdce52c07d954848678eaf,4,25,1,0,0.6928480644754231,0.3198395700133658,0.2664662125259125,-1.263551807926464,-0.692205478352668,-0.749037708902923
69fdce52c07d954848678eaf,5,1,2,0,0.5404342355175539,0.3198395700133658,0.2664662125259125,0,0,0
69fdce52c07d954848678eaf,5,2,2,0,0.5404342355175539,0.2702940884481291,0.2664662125259125,0,-0.5282116109993853,0
69fdce52c07d954848678eaf,5,3,1,1,0.5404342355175539,0.22842356349229975,0.2664662125259125,0,-0.9405743964416333,0
69fdce52c07d954848678eaf,5,4,3,1,0.6497266900463101,0.22842356349229975,0.2664662125259125,-0.5282116109993853,-0.74754557183706,0
69fdce52c07d954848678eaf,5,5,1,1,0.6497266900463101,0.22842356349229975,0.4547632742694255,-0.4139395218203192,-0.5964856416752236,-0.5282116109993853
69fdce52c07d954848678eaf,5,6,3,0,0.7039865802587602,0.22842356349229975,0.4547632742694255,-0.8593240553084216,-0.4801448274696355,-0.4139395218203192
69fdce52c07d954848678eaf,5,7,1,0,0.7039865802587602,0.22842356349229975,0.3301123023135123,-0.68399141731623,-0.38567051701856003,-0.8593240553084216
69fdce52c07d954848678eaf,5,8,2,1,0.5499897486435986,0.22842356349229975,0.3301123023135123,-1.081089502522384,-0.30919010899528826,-0.68399141731623
69fdce52c07d954848678eaf,5,9,3,1,0.5499897486435986,0.4205172327930615,0.3301123023135123,-0.8568591504932256,-0.7998441601370345,-0.5471398786108832
69fdce52c07d954848678eaf,5,10,1,1,0.5499897486435986,0.4205172327930615,0.47342736087472137,-0.6884696525762384,-0.6286417217548647,-0.9762228141347912
69fdce52c07d954848678eaf,5,11,1,0,0.6576816139410175,0.4205172327930615,0.47342736087472137,-1.0913129328073756,-0.5009782126652573,-0.7740357023685694
69fdce52c07d954848678eaf,5,12,2,1,0.5281886990520132,0.4205172327930615,0.47342736087472137,-1.411220799434373,-0.4009968751024552,-0.618663298376561
69fdce52c07d954848678eaf,5,13,3,0,0.5281886990520132,0.4807089753643314,0.47342736087472137,-1.1182427297789863,-0.8791326985872217,-0.4969782292288346
69fdce52c07d954848678eaf,5,14,2,1,0.5281886990520132,0.4807089753643314,0.36489356802867995,-0.893291508174759,-0.6912017855603674,-0.9472531940098553
69fdce52c07d954848678eaf,5,15,1,1,0.5281886990520132,0.5343152487081175,0.36489356802867995,-0.7172752261762401,-1.1056138068405934,-0.7499211971372581
69fdce52c07d954848678eaf,5,16,3,0,0.6240439749529219,0.5343152487081175,0.36489356802867995,-1.1213196580766704,-0.8704179029175536,-0.5996671464887597
69fdce52c07d954848678eaf,5,17,2,0,0.6240439749529219,0.5343152487081175,0.30450196975462,-0.8908051182702448,-0.6921829249694982,-1.0325570406098485
69fdce52c07d954848678eaf,5,18,1,1,0.6240439749529219,0.43978622667583467,0.30450196975462,-0.7117907611532144,-1.108320113810895,-0.8166155603420135
69fdce52c07d954848678eaf,5,19,1,0,0.6827618788362585,0.43978622667583467,0.30450196975462,-1.123672024705847,-0.8752714964042205,-0.6519423847678328
69fdce52c07d954848678eaf,5,20,2,1,0.5453101431233823,0.43978622667583467,0.30450196975462,-1.4513399361425994,-0.7002653660579965,-0.5196895716617642
69fdce52c07d954848678eaf,5,21,3,0,0.5453101431233823,0.5365054558390459,0.30450196975462,-1.145660795054967,-1.1120999198640007,-0.4147112799775948
69fdce52c07d954848678eaf,5,22,2,1,0.5453101431233823,0.5365054558390459,0.257332394077127,-0.9155523393098509,-0.8825862866265636,-0.8950619069594186
69fdce52c07d954848678eaf,5,23,1,0,0.5453101431233823,0.6083041403912978,0.257332394077127,-0.7283401657395228,-1.25914248984241,-0.707887372920444
69fdce52c07d954848678eaf,5,24,2,1,0.4876160279297101,0.6083041403912978,0.257332394077127,-1.139645586414706,-0.997254682070812,-0.5606954782362074
69fdce52c07d954848678eaf,5,25,1,0,0.4876160279297101,0.6689806848174282,0.257332394077127,-0.906756936002252,-1.3489072496944687,-0.4483576402112991
69fdce52c07d954848678eaf,6,1,2,1,0.4120807496501219,0.6689806848174282,0.257332394077127,0,0,0
69fdce52c07d954848678eaf,6,2,3,1,0.4120807496501219,0.7202579898321494,0.257332394077127,0,-0.5282116109993853,0
69fdce52c07d954848678eaf,6,3,2,1,0.4120807496501219,0.7202579898321494,0.43137419466464355,0,-0.4139395218203192,-0.5282116109993853
69fdce52c07d954848678eaf,6,4,1,0,0.4120807496501219,0.7635920662410582,0.43137419466464355,0,-0.8593240553084216,-0.4139395218203192
69fdce52c07d954848678eaf,6,5,2,1,0.34824643713036557,0.7635920662410582,0.43137419466464355,-0.5282116109993853,-0.68399141731623,-0.33244027367638496
69fdce52c07d954848678eaf,6,6,3,1,0.34824643713036557,0.8002133781389126,0.43137419466464355,-0.4139395218203192,-1.081089502522384,-0.2658873627104894
69fdce52c07d954848678eaf,6,7,1,1,0.34824643713036557,0.8002133781389126,0.48956004726011243,-0.33244027367638496,-0.8568591504932256,-0.7493356012634435
69fdce52c07d954848678eaf,6,8,2,0,0.5214767326894576,0.8002133781389126,0.48956004726011243,-0.7967304648796872,-0.6884696525762384,-0.5942454195924902
69fdce52c07d954848678eaf,6,9,3,1,0.5214767326894576,0.5400266975363341,0.48956004726011243,-0.6331421820777637,-1.0913129328073756,-0.4736274435548544
69fdce52c07d954848678eaf,6,10,1,0,0.5214767326894576,0.5400266975363341,0.5517631649989679,-0.5061581470601242,-0.8696754859711823,-0.9223695772574328
69fdce52c07d954848678eaf,6,11,2,0,0.37962225170137015,0.5400266975363341,0.5517631649989679,-0.9464485872971615,-0.6932705353385082,-0.7298611094819536
69fdce52c07d954848678eaf,6,12,3,1,0.37962225170137015,0.4996708029018604,0.5517631649989679,-0.749838829611017,-1.102548830928407,-0.5809754395390726
69fdce52c07d954848678eaf,6,13,2,0,0.37962225170137015,0.4996708029018604,0.6211983188126982,-0.5971654914654766,-0.87534694858811,-1.012395421324814
69fdce52c07d954848678eaf,6,14,1,0,0.37962225170137015,0.48296856883087724,0.6211983188126982,-0.48095579060614035,-1.2514558434418364,-0.8032396410671603
69fdce52c07d954848678eaf,6,15,2,0,0.320815997006608,0.48296856883087724,0.6211983188126982,-0.9353438091880717,-0.9906763749001228,-0.6395576800024035
69fdce52c07d954848678eaf,6,16,3,0,0.320815997006608,0.4081532157671385,0.6211983188126982,-0.7394808594574855,-1.3404009753573405,-0.51209309473547
69fdce52c07d954848678eaf,6,17,1,1,0.320815997006608,0.4081532157671385,0.46885477672533066,-0.5905017799541566,-1.0631724001852436,-0.9656557284126527
69fdce52c07d954848678eaf,6,18,2,1,0.5103521268135499,0.4081532157671385,0.46885477672533066,-1.0248263719808293,-0.852013622411893,-0.7617071342778141
69fdce52c07d954848678eaf,6,19,3,0,0.5103521268135499,0.5025915332313989,0.46885477672533066,-0.8107875272714331,-1.2333389477217267,-0.6090761547055513
69fdce52c07d954848678eaf,6,20,1,0,0.5103521268135499,0.5025915332313989,0.42879379116031746,-0.6468521205170512,-0.9785340399986617,-1.0417213691178904
69fdce52c07d954848678eaf,6,21,2,0,0.360031933409355,0.5025915332313989,0.42879379116031746,-1.0715311024411562,-0.7810739194365004,-0.822624063508494
69fdce52c07d954848678eaf,6,22,3,0,0.360031933409355,0.42240657532860937,0.42879379116031746,-0.8459546548898254,-1.1799300417435195,-0.6573654177874402
69fdce52c07d954848678eaf,6,23,2,1,0.360031933409355,0.42240657532860937,0.3749240774758328,-0.6763084995191126,-0.9385968178940379,-1.0798550098059048
69fdce52c07d954848678eaf,6,24,1,1,0.360031933409355,0.5136826455989232,0.3749240774758328,-0.5401320620525442,-1.303129727973797,-0.8568560739268358
69fdce52c07d954848678eaf,6,25,3,1,0.5184788828627741,0.5136826455989232,0.3749240774758328,-0.988320737736597,-1.0326297643834428,-0.6812763247669584
6a0092581cd317f1ff1765a2,1,1,1,1,0.5,0.5,0.5,0,0,0
6a0092581cd317f1ff1765a2,1,2,3,0,0.9060078317738015,0.5,0.5,-0.7122933177450319,0,0
6a0092581cd317f1ff1765a2,1,3,1,1,0.9060078317738015,0.5,0.09399216822619849,-0.2531291090593097,0,-0.7122933177450319
6a0092581cd317f1ff1765a2,1,4,2,1,0.9823309445666241,0.5,0.09399216822619849,-0.8123141676928141,0,-0.2531291090593097
6a0092581cd317f1ff1765a2,1,5,1,0,0.9823309445666241,0.9060078317738015,0.09399216822619849,-0.2887559845965431,-0.7122933177450319,-0.09153034842803215
6a0092581cd317f1ff1765a2,1,6,2,0,0.18466283076933787,0.9060078317738015,0.09399216822619849,-0.830732978720064,-0.2531291090593097,-0.03297868370561399
6a0092581cd317f1ff1765a2,1,7,3,0,0.18466283076933787,0.17031528101902105,0.09399216822619849,-0.29400178712517155,-0.8123141676928141,-0.012000391597409652
6a0092581cd317f1ff1765a2,1,8,2,1,0.18466283076933787,0.17031528101902105,0.01766905543337593,-0.10542893079660448,-0.2887559845965431,-0.7228558384091633
6a0092581cd317f1ff1765a2,1,9,1,0,0.18466283076933787,0.8440322687312958,0.01766905543337593,-0.0382116556771279,-0.830732978720064,-0.2568789915227476
6a0092581cd317f1ff1765a2,1,10,2,0,0.03471371981878718,0.8440322687312958,0.01766905543337593,-0.7418836783479617,-0.29400178712517155,-0.09241642251565235
6a0092581cd317f1ff1765a2,1,11,1,0,0.03471371981878718,0.1586648459037987,0.01766905543337593,-0.2616994401161443,-0.8349536913795801,-0.03318025709958592
6a0092581cd317f1ff1765a2,1,12,2,0,0.006525635627747842,0.1586648459037987,0.01766905543337593,-0.819014090014968,-0.29514632687351916,-0.012074471362425118
6a0092581cd317f1ff1765a2,1,13,3,0,0.006525635627747842,0.029826505858192576,0.01766905543337593,-0.2898988824789459,-0.8362770747798306,-0.004389820380052268
6a0092581cd317f1ff1765a2,1,14,1,1,0.006525635627747842,0.029826505858192576,0.0033215056830591134,-0.10410641777525398,-0.2953236090305297,-0.7194122567562439
6a0092581cd317f1ff1765a2,1,15,1,0,0.8132423808428793,0.029826505858192576,0.0033215056830591134,-0.7675374101007488,-0.10576489221095411,-0.254977744462303
6a0092581cd317f1ff1765a2,1,16,2,0,0.15287682922539497,0.029826505858192576,0.0033215056830591134,-0.9928836255608321,-0.03830785903859972,-0.09196130503273192
6a0092581cd317f1ff1765a2,1,17,1,0,0.15287682922539497,0.005606915946276526,0.0033215056830591134,-0.35205333925903015,-0.7420368489002558,-0.03307830298048783
6a0092581cd317f1ff1765a2,1,18,3,0,0.028738449373537645,0.005606915946276526,0.0033215056830591134,-0.8598625930058397,-0.2617285941951014,-0.012027338887234996
6a0092581cd317f1ff1765a2,1,19,2,1,0.028738449373537645,0.005606915946276526,6.243910479646641e-4,-0.30261994413822946,-0.09373712038172197,-0.7230715763609928
6a0092581cd317f1ff1765a2,1,20,2,1,0.028738449373537645,0.8130696759311069,6.243910479646641e-4,-0.1086370766780972,-0.7606421184530574,-0.257067067129081
6a0092581cd317f1ff1765a2,1,21,3,0,0.028738449373537645,0.9648600269542623,6.243910479646641e-4,-0.03933771698053479,-0.9893721601930745,-0.09241739473750965
6a0092581cd317f1ff1765a2,1,22,2,1,0.028738449373537645,0.9648600269542623,1.1737573837038384e-4,-0.01417675885781067,-0.3514729366182133,-0.7588375920704018
6a0092581cd317f1ff1765a2,1,23,1,0,0.028738449373537645,0.9933942354412806,1.1737573837038384e-4,-0.0051657140675680216,-0.8592693375839953,-0.26838613409859535
6a0092581cd317f1ff1765a2,1,24,3,1,0.005402378367440636,0.9933942354412806,1.1737573837038384e-4,-0.7218316590452051,-0.30259529006481967,-0.09621409673466064
6a0092581cd317f1ff1765a2,1,25,3,0,0.005402378367440636,0.9933942354412806,0.8120377283482562,-0.2560857136951159,-0.10862088372300133,-0.7617747639217074
6a0092581cd317f1ff1765a2,2,1,2,1,0.005402378367440636,0.9933942354412806,0.15265037342263604,0,0,0
6a0092581cd317f1ff1765a2,2,2,3,1,0.005402378367440636,0.9987582197205782,0.15265037342263604,0,-0.7122933177450319,0
6a0092581cd317f1ff1765a2,2,3,2,0,0.005402378367440636,0.9987582197205782,0.840711542776639,0,-0.2531291090593097,-0.7122933177450319
6a0092581cd317f1ff1765a2,2,4,1,1,0.005402378367440636,0.18775090120751575,0.840711542776639,0,-0.8123141676928141,-0.2531291090593097
6a0092581cd317f1ff1765a2,2,5,3,1,0.813031226069466,0.18775090120751575,0.840711542776639,-0.7122933177450319,-0.2887559845965431,-0.09153034842803215
6a0092581cd317f1ff1765a2,2,6,1,1,0.813031226069466,0.18775090120751575,0.9700562649801672,-0.2531291090593097,-0.10375684573976424,-0.7577726474308684
6a0092581cd317f1ff1765a2,2,7,2,0,0.9648527989823978,0.18775090120751575,0.9700562649801672,-0.8123141676928141,-0.03752929568261718,-0.26790371659049794
6a0092581cd317f1ff1765a2,2,8,3,0,0.9648527989823978,0.03529422869642464,0.9700562649801672,-0.2887559845965431,-0.7399761461913859,-0.09615938710493796
6a0092581cd317f1ff1765a2,2,9,2,1,0.9648527989823978,0.03529422869642464,0.1823553832595975,-0.10375684573976424,-0.26134194961419344,-0.761543281578152
6a0092581cd317f1ff1765a2,2,10,1,1,0.9648527989823978,0.8186504257528892,0.1823553832595975,-0.03752929568261718,-0.8182987085334973,-0.2690050471184107
6a0092581cd317f1ff1765a2,2,11,2,0,0.9933928766957556,0.8186504257528892,0.1823553832595975,-0.7399761461913859,-0.2898944426188641,-0.0963950217557919
6a0092581cd317f1ff1765a2,2,12,1,0,0.9933928766957556,0.1538934569685138,0.1823553832595975,-0.26134194961419344,-0.8328263529765633,-0.03483480583387911
6a0092581cd317f1ff1765a2,2,13,2,1,0.18674230075009268,0.1538934569685138,0.1823553832595975,-0.8182987085334973,-0.2943167528965585,-0.012585771747681386
6a0092581cd317f1ff1765a2,2,14,3,0,0.18674230075009268,0.8409452230152041,0.1823553832595975,-0.2898944426188641,-0.8354439992560887,-0.004590963491299458
6a0092581cd317f1ff1765a2,2,15,1,0,0.18674230075009268,0.8409452230152041,0.034279955826002045,-0.1041002865330001,-0.29515694297954376,-0.7199619065568752
6a0092581cd317f1ff1765a2,2,16,2,0,0.03510462760636816,0.8409452230152041,0.034279955826002045,-0.7675059632859309,-0.10569430981290726,-0.2553049334793062
6a0092581cd317f1ff1765a2,2,17,1,0,0.03510462760636816,0.1580845296578674,0.034279955826002045,-0.2704808429110887,-0.7687912209914256,-0.09197714485477534
6a0092581cd317f1ff1765a2,2,18,3,1,0.0065991201696283565,0.1580845296578674,0.034279955826002045,-0.8240213650444996,-0.27059505501392417,-0.03308124639448777
6a0092581cd317f1ff1765a2,2,19,2,1,0.0065991201696283565,0.1580845296578674,0.8184597583380159,-0.2912909735411869,-0.09695510923334683,-0.7341542436845786
6a0092581cd317f1ff1765a2,2,20,3,0,0.0065991201696283565,0.8417330790400017,0.8184597583380159,-0.10454431072609566,-0.7633948799958519,-0.26024718533190183
6a0092581cd317f1ff1765a2,2,21,1,1,0.0065991201696283565,0.8417330790400017,0.15385761448048796,-0.03786389514927086,-0.2692980321709326,-0.8179685702116807
6a0092581cd317f1ff1765a2,2,22,2,0,0.8132561947859229,0.8417330790400017,0.15385761448048796,-0.7415472938406057,-0.09646776641656132,-0.28981909085737956
6a0092581cd317f1ff1765a2,2,23,2,0,0.8132561947859229,0.15823263425157014,0.15385761448048796,-0.2616147282320779,-0.7622294382391044,-0.10406979009207988
6a0092581cd317f1ff1765a2,2,24,3,1,0.8132561947859229,0.02974525683657464,0.15385761448048796,-0.09372536220185973,-0.9906857837554786,-0.03760128709469411
6a0092581cd317f1ff1765a2,2,25,2,1,0.8132561947859229,0.02974525683657464,0.8409384851887489,-0.03366741293832384,-0.3515739924481777,-0.7406487753214285
6a0092581cd317f1ff1765a2,3,1,2,0,0.8132561947859229,0.8176073059502317,0.8409384851887489,0,0,0
6a0092581cd317f1ff1765a2,3,2,1,0,0.8132561947859229,0.1536973667821282,0.8409384851887489,0,-0.7122933177450319,0
6a0092581cd317f1ff1765a2,3,3,2,1,0.1528794260303577,0.1536973667821282,0.8409384851887489,-0.7122933177450319,-0.2531291090593097,0
6a0092581cd317f1ff1765a2,3,4,3,1,0.1528794260303577,0.8409083611310522,0.8409384851887489,-0.2531291090593097,-0.8123141676928141,0
6a0092581cd317f1ff1765a2,3,5,1,0,0.1528794260303577,0.8409083611310522,0.9700989265996072,-0.09153034842803215,-0.2887559845965431,-0.7122933177450319
6a0092581cd317f1ff1765a2,3,6,1,0,0.028738937532205668,0.8409083611310522,0.9700989265996072,-0.7577726474308684,-0.10375684573976424,-0.2531291090593097
6a0092581cd317f1ff1765a2,3,7,1,0,0.005402470133626146,0.8409083611310522,0.9700989265996072,-0.9862825207981616,-0.03752929568261718,-0.09153034842803215
6a0092581cd317f1ff1765a2,3,8,1,0,0.0010155797724688887,0.8409083611310522,0.9700989265996072,-1.075689007245366,-0.013545785842124122,-0.03297868370561399
6a0092581cd317f1ff1765a2,3,9,2,0,0.00019091309199353559,0.8409083611310522,0.9700989265996072,-1.1052368525741185,-0.004953206849977563,-0.012000391597409652
6a0092581cd317f1ff1765a2,3,10,2,0,0.00019091309199353559,0.15807760020090317,0.9700989265996072,-0.3951981600396482,-0.7203132722449733,-0.004360665685884201
6a0092581cd317f1ff1765a2,3,11,3,1,0.00019091309199353559,0.029716112863000396,0.9700989265996072,-0.14141404908344735,-0.971259406886906,-0.0015699916273926773
6a0092581cd317f1ff1765a2,3,12,1,0,0.00019091309199353559,0.029716112863000396,0.9943790665235781,-0.0515280457665209,-0.3464887240045351,-0.7157169638290084
6a0092581cd317f1ff1765a2,3,13,3,1,3.588867147762474e-5,0.029716112863000396,0.9943790665235781,-0.7502234552124836,-0.12481677484341325,-0.2542338028418387
6a0092581cd317f1ff1765a2,3,14,2,0,3.588867147762474e-5,0.029716112863000396,0.9989433525403462,-0.26355636512296654,-0.04522868045206754,-0.8128594662762509
6a0092581cd317f1ff1765a2,3,15,3,1,3.588867147762474e-5,0.005586163791995662,0.9989433525403462,-0.09438375101449248,-0.7449628602151688,-0.2888742471004783
6a0092581cd317f1ff1765a2,3,16,3,1,3.588867147762474e-5,0.005586163791995662,0.9998013668259339,-0.03404231870790882,-0.2622021316439397,-0.8308540944344108
6a0092581cd317f1ff1765a2,3,17,1,0,3.588867147762474e-5,0.005586163791995662,0.9999626600739842,-0.012316307822309823,-0.09402467895661074,-1.0209773902685697
6a0092581cd317f1ff1765a2,3,18,3,1,6.746508221002786e-6,0.005586163791995662,0.9999626600739842,-0.7250452244699197,-0.03380050960722117,-0.3618745770555204
6a0092581cd317f1ff1765a2,3,19,3,0,6.746508221002786e-6,0.005586163791995662,0.9999929806786506,-0.2574278808521473,-0.012276858889072437,-0.8641842812902643
6a0092581cd317f1ff1765a2,3,20,2,1,6.746508221002786e-6,0.005586163791995662,0.18798301692990121,-0.09242765735284125,-0.004475800211213944,-1.0321252621109749
6a0092581cd317f1ff1765a2,3,21,2,1,6.746508221002786e-6,0.8130657748510797,0.18798301692990121,-0.033183479980835026,-0.7199380590208881,-0.3660941823419527
6a0092581cd317f1ff1765a2,3,22,2,1,6.746508221002786e-6,0.9648592936123055,0.18798301692990121,-0.012076422881408996,-0.9708921474493619,-0.13146381852012257
6a0092581cd317f1ff1765a2,3,23,2,1,6.746508221002786e-6,0.9933940975844759,0.18798301692990121,-0.004390647073105693,-1.070362156961006,-0.04764149716986542
6a0092581cd317f1ff1765a2,3,24,2,0,6.746508221002786e-6,0.9987581938056574,0.18798301692990121,-0.001579706720801652,-1.10243156892218,-0.01712897030310842
6a0092581cd317f1ff1765a2,3,25,1,1,6.746508221002786e-6,0.1877508963359164,0.18798301692990121,-5.68210207786664e-4,-1.1193260765606587,-0.006244852067332174
6a0092581cd317f1ff1765a2,4,1,1,1,0.8120169317855024,0.1877508963359164,0.18798301692990121,0,0,0
6a0092581cd317f1ff1765a2,4,2,1,0,0.9646621275421141,0.1877508963359164,0.18798301692990121,-0.7122933177450319,0,0
6a0092581cd317f1ff1765a2,4,3,3,1,0.18134136990341249,0.1877508963359164,0.18798301692990121,-0.9678479288284165,0,0
6a0092581cd317f1ff1765a2,4,4,3,0,0.18134136990341249,0.1877508963359164,0.8473535263647878,-0.34610485443304595,0,-0.7122933177450319
6a0092581cd317f1ff1765a2,4,5,2,0,0.18134136990341249,0.1877508963359164,0.1592891903223287,-0.12461681139854344,0,-0.9678479288284165
6a0092581cd317f1ff1765a2,4,6,1,0,0.18134136990341249,0.03529422778064023,0.1592891903223287,-0.04518985509809763,-0.7122933177450319,-0.34610485443304595
6a0092581cd317f1ff1765a2,4,7,3,1,0.034089337195741934,0.03529422778064023,0.1592891903223287,-0.7446789986346567,-0.2531291090593097,-0.12461681139854344
6a0092581cd317f1ff1765a2,4,8,3,0,0.034089337195741934,0.03529422778064023,0.8419595363785624,-0.2621812213506903,-0.09153034842803215,-0.7755415209088472
6a0092581cd317f1ff1765a2,4,9,1,0,0.034089337195741934,0.03529422778064023,0.15827520468477857,-0.0940235145746964,-0.03297868370561399,-0.9975402038051384
6a0092581cd317f1ff1765a2,4,10,2,1,0.006408261473130398,0.03529422778064023,0.15827520468477857,-0.7609307534743086,-0.012000391597409652,-0.35333342472328944
6a0092581cd317f1ff1765a2,4,11,3,1,0.006408261473130398,0.818650425580736,0.15827520468477857,-0.2687476214706118,-0.7228558384091633,-0.12719936147559457
6a0092581cd317f1ff1765a2,4,12,2,0,0.006408261473130398,0.818650425580736,0.8417689229589715,-0.09631611323847183,-0.2568789915227476,-0.7796526784588408
6a0092581cd317f1ff1765a2,4,13,3,1,0.006408261473130398,0.1538934569361517,0.8417689229589715,-0.03479242626610704,-0.8144428141788047,-0.27416914103319057
6a0092581cd317f1ff1765a2,4,14,1,1,0.006408261473130398,0.1538934569361517,0.9702550358946234,-0.012575184881283258,-0.2894798330888797,-0.8268290691533818
6a0092581cd317f1ff1765a2,4,15,3,0,0.8132203163399468,0.1538934569361517,0.9702550358946234,-0.724733675397873,-0.1038663853475845,-0.2920995554920689
6a0092581cd317f1ff1765a2,4,16,1,0,0.8132203163399468,0.1538934569361517,0.18239274907864989,-0.2574874473143,-0.03755086812559625,-0.8341669276670991
6a0092581cd317f1ff1765a2,4,17,2,0,0.15287268144437088,0.1538934569361517,0.18239274907864989,-0.8156218570783119,-0.013555103208399323,-0.294843402072886
6a0092581cd317f1ff1765a2,4,18,3,0,0.15287268144437088,0.0289295594615175,0.18239274907864989,-0.28949565664464627,-0.7260294095911533,-0.10556401542766927
6a0092581cd317f1ff1765a2,4,19,3,1,0.15287268144437088,0.0289295594615175,0.034286980014836904,-0.10387511627141903,-0.25753735313760795,-0.7686690673914491
6a0092581cd317f1ff1765a2,4,20,1,1,0.15287268144437088,0.0289295594615175,0.8184610787755227,-0.03755276437419776,-0.09247245437030599,-0.9936150171464433
6a0092581cd317f1ff1765a2,4,21,1,0,0.8407533332032593,0.0289295594615175,0.8184610787755227,-0.74023418025961,-0.03319845951345038,-0.35250539625396565
6a0092581cd317f1ff1765a2,4,22,3,0,0.15804845737833334,0.0289295594615175,0.8184610787755227,-0.9794716731605831,-0.012084213831368089,-0.12673847163368845
6a0092581cd317f1ff1765a2,4,23,2,0,0.15804845737833334,0.0289295594615175,0.15385786270206286,-0.34851926637533526,-0.004393783112525394,-0.7793957564226355
6a0092581cd317f1ff1765a2,4,24,3,0,0.15804845737833334,0.00543830407107865,0.15385786270206286,-0.1253756623951131,-0.7196648873327587,-0.27407832442023383
6a0092581cd317f1ff1765a2,4,25,3,1,0.15804845737833334,0.00543830407107865,0.02892286830291528,-0.045481477641508096,-0.2549792610456654,-0.8268191336320908
6a0092581cd317f1ff1765a2,5,1,3,1,0.15804845737833334,0.00543830407107865,0.817452709785644,0,0,0
6a0092581cd317f1ff1765a2,5,2,3,0,0.15804845737833334,0.00543830407107865,0.9656839686718834,0,0,-0.7122933177450319
6a0092581cd317f1ff1765a2,5,3,2,0,0.15804845737833334,0.00543830407107865,0.1815334600325289,0,0,-0.9678479288284165
6a0092581cd317f1ff1765a2,5,4,1,0,0.15804845737833334,0.0010223159915501625,0.1815334600325289,0,-0.7122933177450319,-0.34610485443304595
6a0092581cd317f1ff1765a2,5,5,3,1,0.02971063446873816,0.0010223159915501625,0.1815334600325289,-0.7122933177450319,-0.2531291090593097,-0.12461681139854344
6a0092581cd317f1ff1765a2,5,6,3,0,0.02971063446873816,0.0010223159915501625,0.8461411106793706,-0.2531291090593097,-0.09153034842803215,-0.7755415209088472
6a0092581cd317f1ff1765a2,5,7,2,1,0.02971063446873816,0.0010223159915501625,0.15906127516126695,-0.09153034842803215,-0.03297868370561399,-0.9975402038051384
6a0092581cd317f1ff1765a2,5,8,1,1,0.02971063446873816,0.8122078429432986,0.15906127516126695,-0.03297868370561399,-0.7334065490227228,-0.35333342472328944
6a0092581cd317f1ff1765a2,5,9,3,0,0.8176007974872666,0.8122078429432986,0.15906127516126695,-0.7334065490227228,-0.2600475754163953,-0.12719936147559457
6a0092581cd317f1ff1765a2,5,10,1,0,0.8176007974872666,0.8122078429432986,0.02990102834994833,-0.2600475754163953,-0.09344129497311834,-0.7796526784588408
6a0092581cd317f1ff1765a2,5,11,2,0,0.15369614329300962,0.8122078429432986,0.02990102834994833,-0.8179679943788025,-0.03357536239355809,-0.27416914103319057
6a0092581cd317f1ff1765a2,5,12,1,0,0.15369614329300962,0.15268235230238997,0.02990102834994833,-0.2898185884267477,-0.7354135998504525,-0.09792807022257136
6a0092581cd317f1ff1765a2,5,13,3,0,0.028892467586653182,0.15268235230238997,0.02990102834994833,-0.8325705028058157,-0.26042111834014525,-0.03545468717021007
6a0092581cd317f1ff1765a2,5,14,2,1,0.028892467586653182,0.15268235230238997,0.00562092500764368,-0.2942874768360111,-0.09346997852027297,-0.7390927212374299
6a0092581cd317f1ff1765a2,5,15,2,0,0.028892467586653182,0.8407175543052405,0.00562092500764368,-0.10544511023165398,-0.7595877765611936,-0.2611855622754818
6a0092581cd317f1ff1765a2,5,16,3,0,0.028892467586653182,0.15804173150580386,0.00562092500764368,-0.038224633033006133,-0.988066483517,-0.09358336810126319
6a0092581cd317f1ff1765a2,5,17,1,1,0.028892467586653182,0.15804173150580386,0.001056645867656207,-0.013771373987801783,-0.3514639568578104,-0.7599112319860734
6a0092581cd317f1ff1765a2,5,18,1,1,0.8174469949270647,0.15804173150580386,0.001056645867656207,-0.7270032429910241,-0.12650535134909713,-0.26867044125942785
6a0092581cd317f1ff1765a2,5,19,1,1,0.9656828943679622,0.15804173150580386,0.001056645867656207,-0.9748945766397237,-0.045867266442046764,-0.0963014786585078
6a0092581cd317f1ff1765a2,5,20,1,0,0.993548921627817,0.15804173150580386,0.001056645867656207,-1.0712696789862175,-0.01653737229811364,-0.034776899958457716
6a0092581cd317f1ff1765a2,5,21,3,0,0.18677163475353975,0.15804173150580386,0.001056645867656207,-1.1030523194924657,-0.00603308079301315,-0.012573187764932284
6a0092581cd317f1ff1765a2,5,22,2,1,0.18677163475353975,0.15804173150580386,1.9863287479545707e-4,-0.39467446978294873,-0.002159372653529026,-0.7246546701039942
6a0092581cd317f1ff1765a2,5,23,2,1,0.18677163475353975,0.8417250336576287,1.9863287479545707e-4,-0.14130887160735284,-0.7189890893866597,-0.25748525427590596
6a0092581cd317f1ff1765a2,5,24,2,1,0.18677163475353975,0.970246785393272,1.9863287479545707e-4,-0.05146336136476305,-0.9703814137843452,-0.092436839476585
6a0092581cd317f1ff1765a2,5,25,2,0,0.18677163475353975,0.9944068616611956,1.9863287479545707e-4,-0.01848994732434574,-1.0702064271197897,-0.03318657360422979
6a0092581cd317f1ff1765a2,6,1,1,1,0.18677163475353975,0.18693291404333728,1.9863287479545707e-4,0,0,0
6a0092581cd317f1ff1765a2,6,2,1,1,0.8471258054872448,0.18693291404333728,1.9863287479545707e-4,-0.7122933177450319,0,0
6a0092581cd317f1ff1765a2,6,3,1,1,0.97126204591118,0.18693291404333728,1.9863287479545707e-4,-0.9678479288284165,0,0
6a0092581cd317f1ff1765a2,6,4,1,1,0.9945977147383307,0.18693291404333728,1.9863287479545707e-4,-1.0694095284696281,0,0
6a0092581cd317f1ff1765a2,6,5,1,0,0.9989844549805642,0.18693291404333728,1.9863287479545707e-4,-1.1012864658844586,0,0
6a0092581cd317f1ff1765a2,6,6,2,1,0.1877934298934295,0.18693291404333728,1.9863287479545707e-4,-1.1185275323612451,0,0
6a0092581cd317f1ff1765a2,6,7,2,0,0.1877934298934295,0.8471561234679783,1.9863287479545707e-4,-0.39789861977055274,-0.7122933177450319,0
6a0092581cd317f1ff1765a2,6,8,1,1,0.1877934298934295,0.15925208166917248,1.9863287479545707e-4,-0.1427879100325924,-0.9678479288284165,0
6a0092581cd317f1ff1765a2,6,9,1,1,0.8473178869709839,0.15925208166917248,1.9863287479545707e-4,-0.7895540752560293,-0.34610485443304595,0
6a0092581cd317f1ff1765a2,6,10,1,0,0.9712981542220102,0.15925208166917248,1.9863287479545707e-4,-1.0049872481077564,-0.12461681139854344,0
6a0092581cd317f1ff1765a2,6,11,2,1,0.18258883898770772,0.15925208166917248,1.9863287479545707e-4,-1.0797980604905595,-0.04518985509809763,0
6a0092581cd317f1ff1765a2,6,12,1,1,0.18258883898770772,0.8419525605328892,1.9863287479545707e-4,-0.38456884055267104,-0.7446789986346567,0
6a0092581cd317f1ff1765a2,6,13,1,0,0.8463395053944587,0.8419525605328892,1.9863287479545707e-4,-0.8744772487234245,-0.2621812213506903,0
6a0092581cd317f1ff1765a2,6,14,2,0,0.1590985702607287,0.8419525605328892,1.9863287479545707e-4,-1.0362600780719609,-0.0940235145746964,0
6a0092581cd317f1ff1765a2,6,15,3,0,0.1590985702607287,0.15827389333502923,1.9863287479545707e-4,-0.3673276278807709,-0.7609307534743086,0
6a0092581cd317f1ff1765a2,6,16,1,1,0.1590985702607287,0.15827389333502923,3.733986975765255e-5,-0.1319894222509485,-0.2687476214706118,-0.7122933177450319
6a0092581cd317f1ff1765a2,6,17,1,1,0.8419237027922104,0.15827389333502923,3.733986975765255e-5,-0.7834514142762976,-0.09631611323847183,-0.2531291090593097
6a0092581cd317f1ff1765a2,6,18,1,1,0.9702841320793016,0.15827389333502923,3.733986975765255e-5,-1.0013754868621776,-0.03479242626610704,-0.09153034842803215
6a0092581cd317f1ff1765a2,6,19,1,0,0.9944138822533217,0.15827389333502923,3.733986975765255e-5,-1.078972674508389,-0.012575184881283258,-0.03297868370561399
6a0092581cd317f1ff1765a2,6,20,2,0,0.18693423380471913,0.15827389333502923,3.733986975765255e-5,-1.1084261283773729,-0.004586200910065144,-0.012000391597409652
6a0092581cd317f1ff1765a2,6,21,1,0,0.18693423380471913,0.029753012898149786,3.733986975765255e-5,-0.3953334855213375,-0.7199610343726457,-0.004360665685884201
6a0092581cd317f1ff1765a2,6,22,3,1,0.03514070801484925,0.029753012898149786,3.733986975765255e-5,-0.8796783985072341,-0.2553034749602501,-0.0015699916273926773
6a0092581cd317f1ff1765a2,6,23,1,0,0.03514070801484925,0.029753012898149786,0.8120226828583768,-0.3089455453060603,-0.09197663135653705,-0.7157169638290084
6a0092581cd317f1ff1765a2,6,24,3,0,0.0066059027214037305,0.029753012898149786,0.8120226828583768,-0.8466699095403369,-0.033081170518428404,-0.2542338028418387
6a0092581cd317f1ff1765a2,6,25,2,0,0.0066059027214037305,0.029753012898149786,0.1526475451061528,-0.29749236186846517,-0.01202846859746661,-0.8128594662762509
