participant,block_number,trial_number,choice,reward,Q1,Q2,Q3
60e46e6f6bc0c2cdf5d077ce,1,1,1,1,0.5,0.5,0.5
60e46e6f6bc0c2cdf5d077ce,1,2,1,1,0.9705004837200426,0.5,0.5
60e46e6f6bc0c2cdf5d077ce,1,3,2,1,0.9982595385015542,0.5,0.5
60e46e6f6bc0c2cdf5d077ce,1,4,2,0,0.9982595385015542,0.9705004837200426,0.5
60e46e6f6bc0c2cdf5d077ce,1,5,3,0,0.9982595385015542,0.05725857106146903,0.5
60e46e6f6bc0c2cdf5d077ce,1,6,2,0,0.9982595385015542,0.05725857106146903,0.029499516279957394
60e46e6f6bc0c2cdf5d077ce,1,7,1,1,0.9982595385015542,0.003378235260232055,0.029499516279957394
60e46e6f6bc0c2cdf5d077ce,1,8,1,1,0.9998973122633407,0.003378235260232055,0.029499516279957394
60e46e6f6bc0c2cdf5d077ce,1,9,3,1,0.999993941328888,0.003378235260232055,0.029499516279957394
60e46e6f6bc0c2cdf5d077ce,1,10,3,1,0.999993941328888,0.003378235260232055,0.942741428938531
60e46e6f6bc0c2cdf5d077ce,1,11,2,1,0.999993941328888,0.003378235260232055,0.9966217647397679
60e46e6f6bc0c2cdf5d077ce,1,12,1,1,0.999993941328888,0.941200284242292,0.9966217647397679
60e46e6f6bc0c2cdf5d077ce,1,13,2,1,0.9999996425290052,0.941200284242292,0.9966217647397679
60e46e6f6bc0c2cdf5d077ce,1,14,3,0,0.9999996425290052,0.9965308368743377,0.9966217647397679
60e46e6f6bc0c2cdf5d077ce,1,15,1,0,0.9999996425290052,0.9965308368743377,0.05879971575770804
60e46e6f6bc0c2cdf5d077ce,1,16,1,0,0.05899901146834646,0.9965308368743377,0.05879971575770804
60e46e6f6bc0c2cdf5d077ce,1,17,2,1,0.003480921752429627,0.9965308368743377,0.05879971575770804
60e46e6f6bc0c2cdf5d077ce,1,18,3,0,0.003480921752429627,0.9997953183771027,0.05879971575770804
60e46e6f6bc0c2cdf5d077ce,1,19,2,0,0.003480921752429627,0.9997953183771027,0.003469163125662287
60e46e6f6bc0c2cdf5d077ce,1,20,1,0,0.003480921752429627,0.05898695615636562,0.003469163125662287
60e46e6f6bc0c2cdf5d077ce,1,21,3,1,2.0537539989123324e-4,0.05898695615636562,0.003469163125662287
60e46e6f6bc0c2cdf5d077ce,1,22,3,0,2.0537539989123324e-4,0.05898695615636562,0.9412056490629825
60e46e6f6bc0c2cdf5d077ce,1,23,1,0,2.0537539989123324e-4,0.05898695615636562,0.055530185966572554
60e46e6f6bc0c2cdf5d077ce,1,24,2,0,1.2117337891501663e-5,0.05898695615636562,0.055530185966572554
60e46e6f6bc0c2cdf5d077ce,1,25,3,0,1.2117337891501663e-5,0.0034802104703977772,0.055530185966572554
60e46e6f6bc0c2cdf5d077ce,2,1,1,1,1.2117337891501663e-5,0.0034802104703977772,0.0032762600500663396
60e46e6f6bc0c2cdf5d077ce,2,2,1,0,0.9410016823818192,0.0034802104703977772,0.0032762600500663396
60e46e6f6bc0c2cdf5d077ce,2,3,2,1,0.05551815174614494,0.0034802104703977772,0.0032762600500663396
60e46e6f6bc0c2cdf5d077ce,2,4,2,1,0.05551815174614494,0.9412063008727898,0.0032762600500663396
60e46e6f6bc0c2cdf5d077ce,2,5,3,0,0.05551815174614494,0.9965311918648183,0.0032762600500663396
60e46e6f6bc0c2cdf5d077ce,2,6,2,0,0.05551815174614494,0.9965311918648183,1.933001717088715e-4
60e46e6f6bc0c2cdf5d077ce,2,7,1,0,0.05551815174614494,0.058794371882226915,1.933001717088715e-4
60e46e6f6bc0c2cdf5d077ce,2,8,3,1,0.003275550012495406,0.058794371882226915,1.933001717088715e-4
60e46e6f6bc0c2cdf5d077ce,2,9,1,1,0.003275550012495406,0.058794371882226915,0.9410123723208337
60e46e6f6bc0c2cdf5d077ce,2,10,3,1,0.9411942257180349,0.058794371882226915,0.9410123723208337
60e46e6f6bc0c2cdf5d077ce,2,11,1,1,0.9411942257180349,0.058794371882226915,0.9965197499083205
60e46e6f6bc0c2cdf5d077ce,2,12,3,0,0.9965304794120079,0.058794371882226915,0.9965197499083205
60e46e6f6bc0c2cdf5d077ce,2,13,2,1,0.9965304794120079,0.058794371882226915,0.05879369678944485
60e46e6f6bc0c2cdf5d077ce,2,14,1,0,0.9965304794120079,0.9444698152692534,0.05879369678944485
60e46e6f6bc0c2cdf5d077ce,2,15,2,1,0.05879432984596039,0.9444698152692534,0.05879369678944485
60e46e6f6bc0c2cdf5d077ce,2,16,3,1,0.05879432984596039,0.9967237400228517,0.05879369678944485
60e46e6f6bc0c2cdf5d077ce,2,17,2,0,0.05879432984596039,0.9967237400228517,0.9444697754373308
60e46e6f6bc0c2cdf5d077ce,2,18,3,0,0.05879432984596039,0.05880573239250836,0.9444697754373308
60e46e6f6bc0c2cdf5d077ce,2,19,1,0,0.05879432984596039,0.05880573239250836,0.05572277023257244
60e46e6f6bc0c2cdf5d077ce,2,20,3,1,0.0034688453489106277,0.05880573239250836,0.05572277023257244
60e46e6f6bc0c2cdf5d077ce,2,21,2,1,0.0034688453489106277,0.05880573239250836,0.9442885901309008
60e46e6f6bc0c2cdf5d077ce,2,22,2,1,0.0034688453489106277,0.944470485556482,0.9442885901309008
60e46e6f6bc0c2cdf5d077ce,2,23,2,1,0.0034688453489106277,0.9967237795712304,0.9442885901309008
60e46e6f6bc0c2cdf5d077ce,2,24,1,0,0.0034688453489106277,0.9998067021660573,0.9442885901309008
60e46e6f6bc0c2cdf5d077ce,2,25,3,1,2.0466287339935456e-4,0.9998067021660573,0.9442885901309008
60e46e6f6bc0c2cdf5d077ce,3,1,2,0,2.0466287339935456e-4,0.9998067021660573,0.9967130475877506
60e46e6f6bc0c2cdf5d077ce,3,2,3,0,2.0466287339935456e-4,0.05898762781710243,0.9967130475877506
60e46e6f6bc0c2cdf5d077ce,3,3,2,0,2.0466287339935456e-4,0.05898762781710243,0.05880510152314028
60e46e6f6bc0c2cdf5d077ce,3,4,1,0,2.0466287339935456e-4,0.0034802500998182793,0.05880510152314028
60e46e6f6bc0c2cdf5d077ce,3,5,3,0,1.2075297277471745e-5,0.0034802500998182793,0.05880510152314028
60e46e6f6bc0c2cdf5d077ce,3,6,2,0,1.2075297277471745e-5,0.0034802500998182793,0.003469480893780741
60e46e6f6bc0c2cdf5d077ce,3,7,1,0,1.2075297277471745e-5,2.0533577095017182e-4,0.003469480893780741
60e46e6f6bc0c2cdf5d077ce,3,8,3,1,7.124612199046689e-7,2.0533577095017182e-4,0.003469480893780741
60e46e6f6bc0c2cdf5d077ce,3,9,3,1,7.124612199046689e-7,2.0533577095017182e-4,0.9412056678119711
60e46e6f6bc0c2cdf5d077ce,3,10,3,1,7.124612199046689e-7,2.0533577095017182e-4,0.9965311545128994
60e46e6f6bc0c2cdf5d077ce,3,11,3,0,7.124612199046689e-7,2.0533577095017182e-4,0.9997953371184469
60e46e6f6bc0c2cdf5d077ce,3,12,2,0,7.124612199046689e-7,2.0533577095017182e-4,0.05898695726215625
60e46e6f6bc0c2cdf5d077ce,3,13,2,1,7.124612199046689e-7,1.2114999674245415e-5,0.05898695726215625
60e46e6f6bc0c2cdf5d077ce,3,14,3,1,7.124612199046689e-7,0.9410016822438565,0.05898695726215625
60e46e6f6bc0c2cdf5d077ce,3,15,1,0,7.124612199046689e-7,0.9410016822438565,0.9444811779757283
60e46e6f6bc0c2cdf5d077ce,3,16,3,1,4.203676272263846e-8,0.9410016822438565,0.9444811779757283
60e46e6f6bc0c2cdf5d077ce,3,17,2,0,4.203676272263846e-8,0.9410016822438565,0.9967244104396629
60e46e6f6bc0c2cdf5d077ce,3,18,3,0,4.203676272263846e-8,0.05551815173800456,0.9967244104396629
60e46e6f6bc0c2cdf5d077ce,3,19,1,1,4.203676272263846e-8,0.05551815173800456,0.05880577194853298
60e46e6f6bc0c2cdf5d077ce,3,20,1,1,0.9410009699203721,0.05551815173800456,0.05880577194853298
60e46e6f6bc0c2cdf5d077ce,3,21,1,1,0.996519077149454,0.05551815173800456,0.05880577194853298
60e46e6f6bc0c2cdf5d077ce,3,22,1,0,0.9997946245353162,0.05551815173800456,0.05880577194853298
60e46e6f6bc0c2cdf5d077ce,3,23,2,1,0.058986915218200264,0.05551815173800456,0.05880577194853298
60e46e6f6bc0c2cdf5d077ce,3,24,2,0,0.058986915218200264,0.9442765174521003,0.05880577194853298
60e46e6f6bc0c2cdf5d077ce,3,25,1,0,0.058986915218200264,0.05571136784094477,0.05880577194853298
60e46e6f6bc0c2cdf5d077ce,4,1,2,1,0.0034802080549317486,0.05571136784094477,0.05880577194853298
60e46e6f6bc0c2cdf5d077ce,4,2,3,1,0.0034802080549317486,0.9442879173725556,0.05880577194853298
60e46e6f6bc0c2cdf5d077ce,4,3,1,0,0.0034802080549317486,0.9442879173725556,0.9444704878903969
60e46e6f6bc0c2cdf5d077ce,4,4,2,1,2.0533329018386742e-4,0.9442879173725556,0.9444704878903969
60e46e6f6bc0c2cdf5d077ce,4,5,3,1,2.0533329018386742e-4,0.9967130078935675,0.9444704878903969
60e46e6f6bc0c2cdf5d077ce,4,6,3,0,2.0533329018386742e-4,0.9967130078935675,0.9967237797089392
60e46e6f6bc0c2cdf5d077ce,4,7,1,1,2.0533329018386742e-4,0.9967130078935675,0.0588057347340975
60e46e6f6bc0c2cdf5d077ce,4,8,2,0,0.9410130822933858,0.9967130078935675,0.0588057347340975
60e46e6f6bc0c2cdf5d077ce,4,9,1,0,0.9410130822933858,0.05880509918107346,0.0588057347340975
60e46e6f6bc0c2cdf5d077ce,4,10,3,1,0.055518824358158025,0.05880509918107346,0.0588057347340975
60e46e6f6bc0c2cdf5d077ce,4,11,3,1,0.055518824358158025,0.05880509918107346,0.9444704856946438
60e46e6f6bc0c2cdf5d077ce,4,12,3,1,0.055518824358158025,0.05880509918107346,0.9967237795793824
60e46e6f6bc0c2cdf5d077ce,4,13,2,0,0.055518824358158025,0.05880509918107346,0.9998067021665384
60e46e6f6bc0c2cdf5d077ce,4,14,1,0,0.055518824358158025,0.0034694807555908404,0.9998067021665384
60e46e6f6bc0c2cdf5d077ce,4,15,3,1,0.0032755896980442983,0.0034694807555908404,0.9998067021665384
60e46e6f6bc0c2cdf5d077ce,4,16,3,0,0.0032755896980442983,0.0034694807555908404,0.9999885952572161
60e46e6f6bc0c2cdf5d077ce,4,17,2,1,0.0032755896980442983,0.0034694807555908404,0.05899835966284328
60e46e6f6bc0c2cdf5d077ce,4,18,2,1,0.0032755896980442983,0.9412056678038174,0.05899835966284328
60e46e6f6bc0c2cdf5d077ce,4,19,1,0,0.0032755896980442983,0.9965311545124182,0.05899835966284328
60e46e6f6bc0c2cdf5d077ce,4,20,2,1,1.9326061950707758e-4,0.9965311545124182,0.05899835966284328
60e46e6f6bc0c2cdf5d077ce,4,21,3,0,1.9326061950707758e-4,0.9997953371184185,0.05899835966284328
60e46e6f6bc0c2cdf5d077ce,4,22,2,0,1.9326061950707758e-4,0.9997953371184185,0.0034808832945229483
60e46e6f6bc0c2cdf5d077ce,4,23,1,1,1.9326061950707758e-4,0.05898695726215453,0.0034808832945229483
60e46e6f6bc0c2cdf5d077ce,4,24,1,0,0.9410123699871444,0.05898695726215453,0.0034808832945229483
60e46e6f6bc0c2cdf5d077ce,4,25,2,0,0.055518782330539695,0.05898695726215453,0.0034808832945229483
60e46e6f6bc0c2cdf5d077ce,5,1,2,1,0.055518782330539695,0.0034802105356430448,0.0034808832945229483
60e46e6f6bc0c2cdf5d077ce,5,2,1,0,0.055518782330539695,0.9412063008766396,0.0034808832945229483
60e46e6f6bc0c2cdf5d077ce,5,3,2,1,0.003275587218296898,0.9412063008766396,0.0034808832945229483
60e46e6f6bc0c2cdf5d077ce,5,4,3,1,0.003275587218296898,0.9965311918650455,0.0034808832945229483
60e46e6f6bc0c2cdf5d077ce,5,5,2,0,0.003275587218296898,0.9965311918650455,0.9412063405708542
60e46e6f6bc0c2cdf5d077ce,5,6,3,1,0.003275587218296898,0.05879437188224029,0.9412063405708542
60e46e6f6bc0c2cdf5d077ce,5,7,3,1,0.003275587218296898,0.05879437188224029,0.9965311942071142
60e46e6f6bc0c2cdf5d077ce,5,8,1,0,0.003275587218296898,0.05879437188224029,0.9997953394605155
60e46e6f6bc0c2cdf5d077ce,5,9,2,1,1.932604731934625e-4,0.05879437188224029,0.9997953394605155
60e46e6f6bc0c2cdf5d077ce,5,10,3,1,1.932604731934625e-4,0.9444698152692543,0.9997953394605155
60e46e6f6bc0c2cdf5d077ce,5,11,2,0,1.932604731934625e-4,0.9444698152692543,0.9999879248404314
60e46e6f6bc0c2cdf5d077ce,5,12,3,0,1.932604731934625e-4,0.05572277258276648,0.9999879248404314
60e46e6f6bc0c2cdf5d077ce,5,13,1,1,1.932604731934625e-4,0.05572277258276648,0.05899832010682027
60e46e6f6bc0c2cdf5d077ce,5,14,1,1,0.9410123699785113,0.05572277258276648,0.05899832010682027
60e46e6f6bc0c2cdf5d077ce,5,15,2,0,0.9965197497701155,0.05572277258276648,0.05899832010682027
60e46e6f6bc0c2cdf5d077ce,5,16,3,1,0.9965197497701155,0.0032876228294850263,0.05899832010682027
60e46e6f6bc0c2cdf5d077ce,5,17,3,0,0.9965197497701155,0.0032876228294850263,0.9444818484006934
60e46e6f6bc0c2cdf5d077ce,5,18,2,0,0.9965197497701155,0.0032876228294850263,0.05572348255608345
60e46e6f6bc0c2cdf5d077ce,5,19,1,0,0.9965197497701155,1.939705928241393e-4,0.05572348255608345
60e46e6f6bc0c2cdf5d077ce,5,20,3,0,0.058793696781290206,1.939705928241393e-4,0.05572348255608345
60e46e6f6bc0c2cdf5d077ce,5,21,2,0,0.058793696781290206,1.939705928241393e-4,0.00328766471945292
60e46e6f6bc0c2cdf5d077ce,5,22,2,1,0.058793696781290206,1.1444437027059704e-5,0.00328766471945292
60e46e6f6bc0c2cdf5d077ce,5,23,1,0,0.058793696781290206,0.941001642679227,0.00328766471945292
60e46e6f6bc0c2cdf5d077ce,5,24,2,0,0.0034688079967643663,0.941001642679227,0.00328766471945292
60e46e6f6bc0c2cdf5d077ce,5,25,3,0,0.0034688079967643663,0.05551814940358196,0.00328766471945292
60e46e6f6bc0c2cdf5d077ce,6,1,2,0,0.0034688079967643663,0.05551814940358196,1.9397306444960912e-4
60e46e6f6bc0c2cdf5d077ce,6,2,1,0,0.0034688079967643663,0.0032755498742762235,1.9397306444960912e-4
60e46e6f6bc0c2cdf5d077ce,6,3,3,1,2.0466066952069492e-4,0.0032755498742762235,1.9397306444960912e-4
60e46e6f6bc0c2cdf5d077ce,6,4,2,1,2.0466066952069492e-4,0.0032755498742762235,0.9410124120229466
60e46e6f6bc0c2cdf5d077ce,6,5,2,1,2.0466066952069492e-4,0.9411942257098795,0.9410124120229466
60e46e6f6bc0c2cdf5d077ce,6,6,3,0,2.0466066952069492e-4,0.9965304794115266,0.9410124120229466
60e46e6f6bc0c2cdf5d077ce,6,7,1,0,2.0466066952069492e-4,0.9965304794115266,0.055518784810769994
60e46e6f6bc0c2cdf5d077ce,6,8,2,1,1.207516724122351e-5,0.9965304794115266,0.055518784810769994
60e46e6f6bc0c2cdf5d077ce,6,9,2,0,1.207516724122351e-5,0.9997952972860171,0.055518784810769994
60e46e6f6bc0c2cdf5d077ce,6,10,3,1,1.207516724122351e-5,0.05898695491193229,0.055518784810769994
60e46e6f6bc0c2cdf5d077ce,6,11,3,0,1.207516724122351e-5,0.05898695491193229,0.9442765548047242
60e46e6f6bc0c2cdf5d077ce,6,12,1,0,1.207516724122351e-5,0.05898695491193229,0.055711370044851605
60e46e6f6bc0c2cdf5d077ce,6,13,2,1,7.124535472471241e-7,0.05898695491193229,0.055711370044851605
60e46e6f6bc0c2cdf5d077ce,6,14,1,1,7.124535472471241e-7,0.9444811778370572,0.055711370044851605
60e46e6f6bc0c2cdf5d077ce,6,15,3,0,0.9410010094763952,0.9444811778370572,0.055711370044851605
60e46e6f6bc0c2cdf5d077ce,6,16,1,0,0.9410010094763952,0.9444811778370572,0.003286950062508235
60e46e6f6bc0c2cdf5d077ce,6,17,2,0,0.05551811204328361,0.9444811778370572,0.003286950062508235
60e46e6f6bc0c2cdf5d077ce,6,18,3,1,0.05551811204328361,0.05572344299139559,0.003286950062508235
60e46e6f6bc0c2cdf5d077ce,6,19,2,1,0.05551811204328361,0.05572344299139559,0.941194898338217
60e46e6f6bc0c2cdf5d077ce,6,20,1,1,0.05551811204328361,0.9442886298251121,0.941194898338217
60e46e6f6bc0c2cdf5d077ce,6,21,3,0,0.9442765151100018,0.9442886298251121,0.941194898338217
60e46e6f6bc0c2cdf5d077ce,6,22,2,0,0.9442765151100018,0.9442886298251121,0.055529551657953535
60e46e6f6bc0c2cdf5d077ce,6,23,1,0,0.9442765151100018,0.055712082489733916,0.055529551657953535
60e46e6f6bc0c2cdf5d077ce,6,24,3,0,0.05571136770275298,0.055712082489733916,0.055529551657953535
60e46e6f6bc0c2cdf5d077ce,6,25,2,1,0.05571136770275298,0.055712082489733916,0.0032762226245228177
60e6b55696dade249aa3249b,1,1,3,0,0.5,0.5,0.5
60e6b55696dade249aa3249b,1,2,3,1,0.5,0.5,0.015642731600425647
60e6b55696dade249aa3249b,1,3,3,1,0.5,0.5,0.9692039269153898
60e6b55696dade249aa3249b,1,4,3,1,0.5,0.5,0.9990365305647658
60e6b55696dade249aa3249b,1,5,3,0,0.5,0.5,0.9999698574109241
60e6b55696dade249aa3249b,1,6,2,0,0.5,0.5,0.031284520175918706
60e6b55696dade249aa3249b,1,7,2,1,0.5,0.015642731600425647,0.031284520175918706
60e6b55696dade249aa3249b,1,8,2,0,0.5,0.9692039269153898,0.031284520175918706
60e6b55696dade249aa3249b,1,9,1,1,0.5,0.030321993765617117,0.031284520175918706
60e6b55696dade249aa3249b,1,10,1,0,0.9843572683995744,0.030321993765617117,0.031284520175918706
60e6b55696dade249aa3249b,1,11,3,0,0.030796073084610187,0.030321993765617117,0.031284520175918706
60e6b55696dade249aa3249b,1,12,3,0,0.030796073084610187,0.030321993765617117,9.78750729507467e-4
60e6b55696dade249aa3249b,1,13,1,1,0.030796073084610187,0.030321993765617117,3.0620671481857125e-5
60e6b55696dade249aa3249b,1,14,1,1,0.9696780062343828,0.030321993765617117,3.0620671481857125e-5
60e6b55696dade249aa3249b,1,15,1,0,0.9990513623565936,0.030321993765617117,3.0620671481857125e-5
60e6b55696dade249aa3249b,1,16,3,1,0.03125578463128764,0.030321993765617117,3.0620671481857125e-5
60e6b55696dade249aa3249b,1,17,3,1,0.03125578463128764,0.030321993765617117,0.9687154947811123
60e6b55696dade249aa3249b,1,18,3,0,0.03125578463128764,0.030321993765617117,0.9990212497384302
60e6b55696dade249aa3249b,1,19,3,0,0.03125578463128764,0.030321993765617117,0.031254842544009065
60e6b55696dade249aa3249b,1,20,1,1,0.03125578463128764,0.030321993765617117,9.778222509766593e-4
60e6b55696dade249aa3249b,1,21,1,0,0.9696923885237652,0.030321993765617117,9.778222509766593e-4
60e6b55696dade249aa3249b,1,22,1,0,0.030337275514063622,0.030321993765617117,9.778222509766593e-4
60e6b55696dade249aa3249b,1,23,3,0,9.491157400212929e-4,0.030321993765617117,9.778222509766593e-4
60e6b55696dade249aa3249b,1,24,3,1,9.491157400212929e-4,0.030321993765617117,3.059162359802896e-5
60e6b55696dade249aa3249b,1,25,3,1,9.491157400212929e-4,0.030321993765617117,0.9687154938723357
60e6b55696dade249aa3249b,2,1,3,1,9.491157400212929e-4,0.030321993765617117,0.9990212497099987
60e6b55696dade249aa3249b,2,2,3,1,9.491157400212929e-4,0.030321993765617117,0.9999693793422684
60e6b55696dade249aa3249b,2,3,3,1,9.491157400212929e-4,0.030321993765617117,0.9999990420184666
60e6b55696dade249aa3249b,2,4,3,0,9.491157400212929e-4,0.030321993765617117,0.9999999700291009
60e6b55696dade249aa3249b,2,5,3,0,9.491157400212929e-4,0.030321993765617117,0.03128546226319773
60e6b55696dade249aa3249b,2,6,1,1,9.491157400212929e-4,0.030321993765617117,9.787802031473395e-4
60e6b55696dade249aa3249b,2,7,1,1,0.968744230326188,0.030321993765617117,9.787802031473395e-4
60e6b55696dade249aa3249b,2,8,1,1,0.9990221487433351,0.030321993765617117,9.787802031473395e-4
60e6b55696dade249aa3249b,2,9,1,0,0.9999694074689454,0.030321993765617117,9.787802031473395e-4
60e6b55696dade249aa3249b,2,10,1,0,0.03128450609927408,0.030321993765617117,9.787802031473395e-4
60e6b55696dade249aa3249b,2,11,1,1,9.787502891130655e-4,0.030321993765617117,9.787802031473395e-4
60e6b55696dade249aa3249b,2,12,1,0,0.9687451574568526,0.030321993765617117,9.787802031473395e-4
60e6b55696dade249aa3249b,2,13,1,1,0.03030764094990157,0.030321993765617117,9.787802031473395e-4
60e6b55696dade249aa3249b,2,14,1,1,0.9696627254080338,0.030321993765617117,9.787802031473395e-4
60e6b55696dade249aa3249b,2,15,1,0,0.9990508842888269,0.030321993765617117,9.787802031473395e-4
60e6b55696dade249aa3249b,2,16,2,0,0.03125576967471466,0.030321993765617117,9.787802031473395e-4
60e6b55696dade249aa3249b,2,17,2,1,0.03125576967471466,9.486376434063425e-4,9.787802031473395e-4
60e6b55696dade249aa3249b,2,18,2,0,0.03125576967471466,0.9687442153687124,9.787802031473395e-4
60e6b55696dade249aa3249b,2,19,2,0,0.03125576967471466,0.030307611476234786,9.787802031473395e-4
60e6b55696dade249aa3249b,2,20,3,0,0.03125576967471466,9.481876867876507e-4,9.787802031473395e-4
60e6b55696dade249aa3249b,2,21,3,1,0.03125576967471466,9.481876867876507e-4,3.062159357844908e-5
60e6b55696dade249aa3249b,2,22,3,0,0.03125576967471466,9.481876867876507e-4,0.9687154948099606
60e6b55696dade249aa3249b,2,23,3,0,0.03125576967471466,9.481876867876507e-4,0.030306712940184055
60e6b55696dade249aa3249b,2,24,3,1,0.03125576967471466,9.481876867876507e-4,9.481595756683e-4
60e6b55696dade249aa3249b,2,25,3,1,0.03125576967471466,9.481876867876507e-4,0.9687442004121402
60e6b55696dade249aa3249b,3,1,3,1,0.03125576967471466,9.481876867876507e-4,0.9990221478074601
60e6b55696dade249aa3249b,3,2,3,1,0.03125576967471466,9.481876867876507e-4,0.9999694074396661
60e6b55696dade249aa3249b,3,3,3,0,0.03125576967471466,9.481876867876507e-4,0.9999990428975067
60e6b55696dade249aa3249b,3,4,3,0,0.03125576967471466,9.481876867876507e-4,0.03128543325745342
60e6b55696dade249aa3249b,3,5,3,1,0.03125576967471466,9.481876867876507e-4,9.7877929568908e-4
60e6b55696dade249aa3249b,3,6,3,0,0.03125576967471466,9.481876867876507e-4,0.968745158364337
60e6b55696dade249aa3249b,3,7,3,1,0.03125576967471466,9.481876867876507e-4,0.030307640978292638
60e6b55696dade249aa3249b,3,8,3,1,0.03125576967471466,9.481876867876507e-4,0.9696627254089221
60e6b55696dade249aa3249b,3,9,3,0,0.03125576967471466,9.481876867876507e-4,0.9990508842888548
60e6b55696dade249aa3249b,3,10,3,0,0.03125576967471466,9.481876867876507e-4,0.031255769674715494
60e6b55696dade249aa3249b,3,11,3,0,0.03125576967471466,9.481876867876507e-4,9.778512566931703e-4
60e6b55696dade249aa3249b,3,12,3,0,0.03125576967471466,9.481876867876507e-4,3.0592531055419604e-5
60e6b55696dade249aa3249b,3,13,3,0,0.03125576967471466,9.481876867876507e-4,9.571015772339842e-7
60e6b55696dade249aa3249b,3,14,3,1,0.03125576967471466,9.481876867876507e-4,2.9943369206221666e-8
60e6b55696dade249aa3249b,3,15,3,1,0.03125576967471466,9.481876867876507e-4,0.968714537735941
60e6b55696dade249aa3249b,3,16,3,1,0.03125576967471466,9.481876867876507e-4,0.9990212197968258
60e6b55696dade249aa3249b,3,17,3,1,0.03125576967471466,9.481876867876507e-4,0.9999693784064208
60e6b55696dade249aa3249b,3,18,3,1,0.03125576967471466,9.481876867876507e-4,0.9999990419891881
60e6b55696dade249aa3249b,3,19,3,0,0.03125576967471466,9.481876867876507e-4,0.999999970028185
60e6b55696dade249aa3249b,3,20,3,0,0.03125576967471466,9.481876867876507e-4,0.03128546226316903
60e6b55696dade249aa3249b,3,21,2,0,0.03125576967471466,9.481876867876507e-4,9.787802031464427e-4
60e6b55696dade249aa3249b,3,22,3,1,0.03125576967471466,2.9664492460977968e-5,9.787802031464427e-4
60e6b55696dade249aa3249b,3,23,1,0,0.03125576967471466,2.9664492460977968e-5,0.9687451583927271
60e6b55696dade249aa3249b,3,24,3,0,9.778512566931442e-4,2.9664492460977968e-5,0.9687451583927271
60e6b55696dade249aa3249b,3,25,3,0,9.778512566931442e-4,2.9664492460977968e-5,0.030307640979180872
60e6b55696dade249aa3249b,4,2,3,1,9.778512566931442e-4,2.9664492460977968e-5,9.481886098011011e-4
60e6b55696dade249aa3249b,4,3,3,1,9.778512566931442e-4,2.9664492460977968e-5,0.9687442013204866
60e6b55696dade249aa3249b,4,4,3,0,9.778512566931442e-4,2.9664492460977968e-5,0.9990221478358782
60e6b55696dade249aa3249b,4,5,3,1,9.778512566931442e-4,2.9664492460977968e-5,0.031254870641406585
60e6b55696dade249aa3249b,4,6,3,0,9.778512566931442e-4,2.9664492460977968e-5,0.9696923599291656
60e6b55696dade249aa3249b,4,7,3,1,9.778512566931442e-4,2.9664492460977968e-5,0.03033727461946828
60e6b55696dade249aa3249b,4,8,3,1,9.778512566931442e-4,2.9664492460977968e-5,0.9696636525111821
60e6b55696dade249aa3249b,4,9,3,0,9.778512566931442e-4,2.9664492460977968e-5,0.9990509132936813
60e6b55696dade249aa3249b,4,10,3,0,9.778512566931442e-4,2.9664492460977968e-5,0.03125577058214507
60e6b55696dade249aa3249b,4,11,1,1,9.778512566931442e-4,2.9664492460977968e-5,9.778512850825288e-4
60e6b55696dade249aa3249b,4,12,1,0,0.9687451293302041,2.9664492460977968e-5,9.778512850825288e-4
60e6b55696dade249aa3249b,4,13,2,0,0.03030764006994624,2.9664492460977968e-5,9.778512850825288e-4
60e6b55696dade249aa3249b,4,14,2,1,0.03030764006994624,9.280674570208688e-7,9.778512850825288e-4
60e6b55696dade249aa3249b,4,15,2,0,0.03030764006994624,0.9687145658341718,9.778512850825288e-4
60e6b55696dade249aa3249b,4,16,3,0,0.03030764006994624,0.03030668387674329,9.778512850825288e-4
60e6b55696dade249aa3249b,4,17,3,1,0.03030764006994624,0.03030668387674329,3.059253194359401e-5
60e6b55696dade249aa3249b,4,18,3,0,0.03030764006994624,0.03030668387674329,0.9687154939007537
60e6b55696dade249aa3249b,4,19,3,0,0.03030764006994624,0.03030668387674329,0.030306712911739087
60e6b55696dade249aa3249b,4,20,3,1,0.03030764006994624,0.03030668387674329,9.481595747783851e-4
60e6b55696dade249aa3249b,4,21,3,1,0.03030764006994624,0.03030668387674329,0.9687442004121123
60e6b55696dade249aa3249b,4,22,3,1,0.03030764006994624,0.03030668387674329,0.9990221478074592
60e6b55696dade249aa3249b,4,23,3,1,0.03030764006994624,0.03030668387674329,0.9999694074396661
60e6b55696dade249aa3249b,4,24,3,0,0.03030764006994624,0.03030668387674329,0.9999990428975067
60e6b55696dade249aa3249b,4,25,3,1,0.03030764006994624,0.03030668387674329,0.03128543325745342
60e6b55696dade249aa3249b,5,1,3,1,0.03030764006994624,0.03030668387674329,0.9696933160948378
60e6b55696dade249aa3249b,5,2,3,0,0.03030764006994624,0.03030668387674329,0.9990518413327059
60e6b55696dade249aa3249b,5,3,3,0,0.03030764006994624,0.03030668387674329,0.03125579961627872
60e6b55696dade249aa3249b,5,4,3,1,0.03030764006994624,0.03030668387674329,9.778521934289634e-4
60e6b55696dade249aa3249b,5,5,3,0,0.03030764006994624,0.03030668387674329,0.9687451293595102
60e6b55696dade249aa3249b,5,6,3,1,0.03030764006994624,0.03030668387674329,0.030307640070863118
60e6b55696dade249aa3249b,5,7,3,0,0.03030764006994624,0.03030668387674329,0.9696627253805327
60e6b55696dade249aa3249b,5,8,3,1,0.03030764006994624,0.03030668387674329,0.03033634748881786
60e6b55696dade249aa3249b,5,9,3,0,0.03030764006994624,0.03030668387674329,0.9696636235054674
60e6b55696dade249aa3249b,5,10,3,0,0.03030764006994624,0.03030668387674329,0.030336375587075304
60e6b55696dade249aa3249b,5,11,3,0,0.03030764006994624,0.03030668387674329,9.49087585385807e-4
60e6b55696dade249aa3249b,5,12,1,1,0.03030764006994624,0.03030668387674329,2.9692646208262735e-5
60e6b55696dade249aa3249b,5,13,1,1,0.9696627253805039,0.03030668387674329,2.9692646208262735e-5
60e6b55696dade249aa3249b,5,14,1,0,0.9990508842879657,0.03030668387674329,2.9692646208262735e-5
60e6b55696dade249aa3249b,5,15,2,0,0.03125576967468774,0.03030668387674329,2.9692646208262735e-5
60e6b55696dade249aa3249b,5,16,3,1,0.03125576967468774,9.481586664049791e-4,2.9692646208262735e-5
60e6b55696dade249aa3249b,5,17,3,0,0.03125576967468774,9.481586664049791e-4,0.9687154657474089
60e6b55696dade249aa3249b,5,18,3,0,0.03125576967468774,9.481586664049791e-4,0.03030671203094859
60e6b55696dade249aa3249b,5,19,3,0,0.03125576967468774,9.481586664049791e-4,9.481595472224415e-4
60e6b55696dade249aa3249b,5,20,3,0,0.03125576967468774,9.481586664049791e-4,2.9663612101536046e-5
60e6b55696dade249aa3249b,5,21,1,1,0.03125576967468774,9.481586664049791e-4,9.280399145638046e-7
60e6b55696dade249aa3249b,5,22,3,1,0.969692388055841,9.481586664049791e-4,9.280399145638046e-7
60e6b55696dade249aa3249b,5,24,3,1,0.969692388055841,9.481586664049791e-4,0.9687145658333103
60e6b55696dade249aa3249b,5,25,3,1,0.969692388055841,9.481586664049791e-4,0.9990212206758651
60e6b55696dade249aa3249b,6,1,3,1,0.969692388055841,9.481586664049791e-4,0.9999693784339219
60e6b55696dade249aa3249b,6,2,3,1,0.969692388055841,9.481586664049791e-4,0.9999990419900485
60e6b55696dade249aa3249b,6,3,3,1,0.969692388055841,9.481586664049791e-4,0.9999999700282118
60e6b55696dade249aa3249b,6,4,3,1,0.969692388055841,9.481586664049791e-4,0.9999999990623186
60e6b55696dade249aa3249b,6,5,3,1,0.969692388055841,9.481586664049791e-4,0.9999999999706641
60e6b55696dade249aa3249b,6,6,3,0,0.969692388055841,9.481586664049791e-4,0.9999999999990823
60e6b55696dade249aa3249b,6,7,1,1,0.969692388055841,9.481586664049791e-4,0.031285463200822594
60e6b55696dade249aa3249b,6,8,1,0,0.9990518122985731,9.481586664049791e-4,0.031285463200822594
60e6b55696dade249aa3249b,6,9,2,0,0.031255798707932325,9.481586664049791e-4,0.031285463200822594
60e6b55696dade249aa3249b,6,10,2,0,0.031255798707932325,2.966358454474955e-5,0.031285463200822594
60e6b55696dade249aa3249b,6,11,3,0,0.031255798707932325,9.280390524368234e-7,0.031285463200822594
60e6b55696dade249aa3249b,6,12,3,1,0.031255798707932325,9.280390524368234e-7,9.787802324813712e-4
60e6b55696dade249aa3249b,6,13,3,1,0.031255798707932325,9.280390524368234e-7,0.9687451583936448
60e6b55696dade249aa3249b,6,14,3,1,0.031255798707932325,9.280390524368234e-7,0.9990221777783583
60e6b55696dade249aa3249b,6,15,3,0,0.031255798707932325,9.280390524368234e-7,0.9999694083773197
60e6b55696dade249aa3249b,6,16,3,1,0.031255798707932325,9.280390524368234e-7,0.03128450612769296
60e6b55696dade249aa3249b,6,17,3,1,0.031255798707932325,9.280390524368234e-7,0.9696932870891508
60e6b55696dade249aa3249b,6,18,3,1,0.031255798707932325,9.280390524368234e-7,0.9990518404252495
60e6b55696dade249aa3249b,6,19,3,1,0.031255798707932325,9.280390524368234e-7,0.9999703363870373
60e6b55696dade249aa3249b,6,21,3,1,0.031255798707932325,9.280390524368234e-7,0.9999990719600584
60e6b55696dade249aa3249b,6,23,3,0,0.031255798707932325,9.280390524368234e-7,0.9999999709658376
60e6b55696dade249aa3249b,6,25,3,0,0.031255798707932325,9.280390524368234e-7,0.03128546229250395
60e9f29fe1f58945339696d0,1,1,3,0,0.5,0.5,0.5
60e9f29fe1f58945339696d0,1,2,2,0,0.5,0.5,0.21241121384615005
60e9f29fe1f58945339696d0,1,3,1,1,0.5,0.21241121384615005,0.21241121384615005
60e9f29fe1f58945339696d0,1,4,1,1,0.78758878615385,0.21241121384615005,0.21241121384615005
60e9f29fe1f58945339696d0,1,5,1,0,0.9097629503569717,0.21241121384615005,0.21241121384615005
60e9f29fe1f58945339696d0,1,6,3,1,0.38648770340424404,0.21241121384615005,0.21241121384615005
60e9f29fe1f58945339696d0,1,7,2,0,0.38648770340424404,0.21241121384615005,0.6654146219507282
60e9f29fe1f58945339696d0,1,8,3,1,0.38648770340424404,0.09023704964302832,0.6654146219507282
60e9f29fe1f58945339696d0,1,9,1,1,0.38648770340424404,0.09023704964302832,0.8578606250019994
60e9f29fe1f58945339696d0,1,10,3,0,0.7393662198155588,0.09023704964302832,0.8578606250019994
60e9f29fe1f58945339696d0,1,11,3,1,0.7393662198155588,0.09023704964302832,0.3644384308943857
60e9f29fe1f58945339696d0,1,12,3,0,0.7393662198155588,0.09023704964302832,0.7299991938442681
60e9f29fe1f58945339696d0,1,13,1,1,0.7393662198155588,0.09023704964302832,0.3101200281589117
60e9f29fe1f58945339696d0,1,14,2,1,0.8892769234831484,0.09023704964302832,0.3101200281589117
60e9f29fe1f58945339696d0,1,15,1,0,0.8892769234831484,0.613512296595756,0.3101200281589117
60e9f29fe1f58945339696d0,1,16,2,0,0.3777847798822131,0.613512296595756,0.3101200281589117
60e9f29fe1f58945339696d0,1,17,3,0,0.3777847798822131,0.26063378018444117,0.3101200281589117
60e9f29fe1f58945339696d0,1,18,1,1,0.3777847798822131,0.26063378018444117,0.13174594564323672
60e9f29fe1f58945339696d0,1,19,1,1,0.7356690226935378,0.26063378018444117,0.13174594564323672
60e9f29fe1f58945339696d0,1,20,1,1,0.8877062711794972,0.26063378018444117,0.13174594564323672
60e9f29fe1f58945339696d0,1,21,1,0,0.9522951038298251,0.26063378018444117,0.13174594564323672
60e9f29fe1f58945339696d0,1,22,2,1,0.4045563167022192,0.26063378018444117,0.13174594564323672
60e9f29fe1f58945339696d0,1,23,3,0,0.4045563167022192,0.6859006488245515,0.13174594564323672
60e9f29fe1f58945339696d0,1,24,2,1,0.4045563167022192,0.6859006488245515,0.05596863479574093
60e9f29fe1f58945339696d0,1,25,1,0,0.4045563167022192,0.8665635485240304,0.05596863479574093
60e9f29fe1f58945339696d0,2,1,2,0,0.1718646001103114,0.8665635485240304,0.05596863479574093
60e9f29fe1f58945339696d0,2,2,2,1,0.1718646001103114,0.36813562801640665,0.05596863479574093
60e9f29fe1f58945339696d0,2,3,2,1,0.1718646001103114,0.7315698461479195,0.05596863479574093
60e9f29fe1f58945339696d0,2,4,2,0,0.1718646001103114,0.8859648488266996,0.05596863479574093
60e9f29fe1f58945339696d0,2,5,2,0,0.1718646001103114,0.3763777361393424,0.05596863479574093
60e9f29fe1f58945339696d0,2,6,2,0,0.1718646001103114,0.15989370657087226,0.05596863479574093
60e9f29fe1f58945339696d0,2,7,1,0,0.1718646001103114,0.06792643544861757,0.05596863479574093
60e9f29fe1f58945339696d0,2,8,3,0,0.07301193985009759,0.06792643544861757,0.05596863479574093
60e9f29fe1f58945339696d0,2,9,3,0,0.07301193985009759,0.06792643544861757,0.023776732853344612
60e9f29fe1f58945339696d0,2,10,2,0,0.07301193985009759,0.06792643544861757,0.010100890265558047
60e9f29fe1f58945339696d0,2,11,2,1,0.07301193985009759,0.028856675096765316,0.010100890265558047
60e9f29fe1f58945339696d0,2,12,3,0,0.07301193985009759,0.5874365361645815,0.010100890265558047
60e9f29fe1f58945339696d0,2,13,1,0,0.07301193985009759,0.5874365361645815,0.0042910852037332785
60e9f29fe1f58945339696d0,2,14,2,0,0.03101711162026985,0.5874365361645815,0.0042910852037332785
60e9f29fe1f58945339696d0,2,15,1,0,0.03101711162026985,0.24955621177641046,0.0042910852037332785
60e9f29fe1f58945339696d0,2,16,1,0,0.013176765851067597,0.24955621177641046,0.0042910852037332785
60e9f29fe1f58945339696d0,2,17,1,0,0.005597786295360039,0.24955621177641046,0.0042910852037332785
60e9f29fe1f58945339696d0,2,18,3,0,0.0023780654900183626,0.24955621177641046,0.0042910852037332785
60e9f29fe1f58945339696d0,2,19,2,0,0.0023780654900183626,0.24955621177641046,0.0018229494798692567
60e9f29fe1f58945339696d0,2,20,3,1,0.0023780654900183626,0.10601707666595854,0.0018229494798692567
60e9f29fe1f58945339696d0,2,21,3,0,0.0023780654900183626,0.10601707666595854,0.575952002253973
60e9f29fe1f58945339696d0,2,22,1,0,0.0023780654900183626,0.10601707666595854,0.24396587032455358
60e9f29fe1f58945339696d0,2,23,1,1,0.0010102557169077444,0.10601707666595854,0.24396587032455358
60e9f29fe1f58945339696d0,2,24,1,0,0.5756067516728893,0.10601707666595854,0.24396587032455358
60e9f29fe1f58945339696d0,2,25,2,1,0.24364081463919487,0.10601707666595854,0.24396587032455358
60e9f29fe1f58945339696d0,3,1,2,0,0.24364081463919487,0.6202160056423551,0.24396587032455358
60e9f29fe1f58945339696d0,3,2,1,0,0.24364081463919487,0.2634816660572533,0.24396587032455358
60e9f29fe1f58945339696d0,3,3,3,1,0.10388210650142206,0.2634816660572533,0.24396587032455358
60e9f29fe1f58945339696d0,3,4,1,0,0.10388210650142206,0.2634816660572533,0.6791219876154668
60e9f29fe1f58945339696d0,3,5,3,1,0.04413144998544938,0.2634816660572533,0.6791219876154668
60e9f29fe1f58945339696d0,3,6,3,0,0.04413144998544938,0.2634816660572533,0.8636838208829787
60e9f29fe1f58945339696d0,3,7,2,0,0.04413144998544938,0.2634816660572533,0.36691225496019975
60e9f29fe1f58945339696d0,3,8,2,1,0.04413144998544938,0.1119329223018695,0.36691225496019975
60e9f29fe1f58945339696d0,3,9,3,1,0.04413144998544938,0.6227291897510825,0.36691225496019975
60e9f29fe1f58945339696d0,3,10,3,0,0.04413144998544938,0.6227291897510825,0.7310501297524252
60e9f29fe1f58945339696d0,3,11,1,0,0.04413144998544938,0.6227291897510825,0.31056648929740405
60e9f29fe1f58945339696d0,3,12,2,0,0.01874803071388433,0.6227291897510825,0.31056648929740405
60e9f29fe1f58945339696d0,3,13,2,1,0.01874803071388433,0.2645493231430901,0.31056648929740405
60e9f29fe1f58945339696d0,3,14,1,1,0.01874803071388433,0.6875640593426925,0.31056648929740405
60e9f29fe1f58945339696d0,3,15,1,1,0.5831421568381205,0.6875640593426925,0.31056648929740405
60e9f29fe1f58945339696d0,3,16,1,1,0.8229094351870867,0.6875640593426925,0.31056648929740405
60e9f29fe1f58945339696d0,3,17,2,1,0.9247679529298474,0.6875640593426925,0.31056648929740405
60e9f29fe1f58945339696d0,3,18,3,0,0.9247679529298474,0.8672702026574968,0.31056648929740405
60e9f29fe1f58945339696d0,3,19,2,0,0.9247679529298474,0.8672702026574968,0.13193561235011464
60e9f29fe1f58945339696d0,3,20,1,0,0.9247679529298474,0.36843583056446305,0.13193561235011464
60e9f29fe1f58945339696d0,3,21,3,0,0.39286216462264917,0.36843583056446305,0.13193561235011464
60e9f29fe1f58945339696d0,3,22,3,0,0.39286216462264917,0.36843583056446305,0.05604920946940614
60e9f29fe1f58945339696d0,3,23,1,1,0.39286216462264917,0.36843583056446305,0.023810962783809356
60e9f29fe1f58945339696d0,3,24,1,1,0.7420742337980132,0.36843583056446305,0.023810962783809356
60e9f29fe1f58945339696d0,3,25,1,1,0.8904273485385701,0.36843583056446305,0.023810962783809356
60e9f29fe1f58945339696d0,4,1,1,0,0.9534510785582524,0.36843583056446305,0.023810962783809356
60e9f29fe1f58945339696d0,4,2,1,1,0.40504740072065804,0.36843583056446305,0.023810962783809356
60e9f29fe1f58945339696d0,4,3,2,1,0.7472507959396755,0.36843583056446305,0.023810962783809356
60e9f29fe1f58945339696d0,4,4,3,1,0.7472507959396755,0.7316973789361629,0.023810962783809356
60e9f29fe1f58945339696d0,4,5,3,0,0.7472507959396755,0.7316973789361629,0.5852930042166018
60e9f29fe1f58945339696d0,4,6,1,1,0.7472507959396755,0.7316973789361629,0.24864559122685206
60e9f29fe1f58945339696d0,4,7,1,1,0.8926264685241742,0.7316973789361629,0.24864559122685206
60e9f29fe1f58945339696d0,4,8,2,1,0.9543853141941249,0.7316973789361629,0.24864559122685206
60e9f29fe1f58945339696d0,4,9,2,0,0.9543853141941249,0.8860190276221908,0.24864559122685206
60e9f29fe1f58945339696d0,4,10,1,0,0.9543853141941249,0.37640075251019,0.24864559122685206
60e9f29fe1f58945339696d0,4,11,2,0,0.40544428504231184,0.37640075251019,0.24864559122685206
60e9f29fe1f58945339696d0,4,12,1,0,0.40544428504231184,0.15990348444309269,0.24864559122685206
60e9f29fe1f58945339696d0,4,13,1,1,0.1722418290270234,0.15990348444309269,0.24864559122685206
60e9f29fe1f58945339696d0,4,14,3,1,0.6483497674872982,0.15990348444309269,0.24864559122685206
60e9f29fe1f58945339696d0,4,15,1,1,0.6483497674872982,0.15990348444309269,0.6808077968880484
60e9f29fe1f58945339696d0,4,16,3,0,0.8506110924046837,0.15990348444309269,0.6808077968880484
60e9f29fe1f58945339696d0,4,17,1,0,0.8506110924046837,0.15990348444309269,0.28922241827236034
60e9f29fe1f58945339696d0,4,18,1,1,0.36135866691398877,0.15990348444309269,0.28922241827236034
60e9f29fe1f58945339696d0,4,19,3,0,0.7286908410271472,0.15990348444309269,0.28922241827236034
60e9f29fe1f58945339696d0,4,20,2,1,0.7286908410271472,0.15990348444309269,0.1228681715568405
60e9f29fe1f58945339696d0,4,21,1,0,0.7286908410271472,0.6431081616165426,0.1228681715568405
60e9f29fe1f58945339696d0,4,22,1,0,0.30956421052322614,0.6431081616165426,0.1228681715568405
60e9f29fe1f58945339696d0,4,23,1,0,0.13150982183373153,0.6431081616165426,0.1228681715568405
60e9f29fe1f58945339696d0,4,24,1,1,0.05586832409824241,0.6431081616165426,0.1228681715568405
60e9f29fe1f58945339696d0,4,25,1,1,0.5989116909228245,0.6431081616165426,0.1228681715568405
60e9f29fe1f58945339696d0,5,1,1,1,0.8296086874931656,0.6431081616165426,0.1228681715568405
60e9f29fe1f58945339696d0,5,2,1,0,0.9276139458594916,0.6431081616165426,0.1228681715568405
60e9f29fe1f58945339696d0,5,3,1,1,0.39407120640443644,0.6431081616165426,0.1228681715568405
60e9f29fe1f58945339696d0,5,4,1,1,0.7425878619412973,0.6431081616165426,0.1228681715568405
60e9f29fe1f58945339696d0,5,5,1,1,0.8906455493317188,0.6431081616165426,0.1228681715568405
60e9f29fe1f58945339696d0,5,6,1,1,0.9535437751673954,0.6431081616165426,0.1228681715568405
60e9f29fe1f58945339696d0,5,7,1,1,0.9802643526356606,0.6431081616165426,0.1228681715568405
60e9f29fe1f58945339696d0,5,8,1,1,0.9916158536904104,0.6431081616165426,0.1228681715568405
60e9f29fe1f58945339696d0,5,9,1,0,0.9964382262367736,0.6431081616165426,0.1228681715568405
60e9f29fe1f58945339696d0,5,10,3,1,0.4233093061211469,0.6431081616165426,0.1228681715568405
60e9f29fe1f58945339696d0,5,11,3,1,0.4233093061211469,0.6431081616165426,0.6273747291689792
60e9f29fe1f58945339696d0,5,12,3,1,0.4233093061211469,0.6431081616165426,0.8417004249501319
60e9f29fe1f58945339696d0,5,13,3,1,0.4233093061211469,0.6431081616165426,0.9327507874320269
60e9f29fe1f58945339696d0,5,14,3,0,0.4233093061211469,0.6431081616165426,0.971431024402767
60e9f29fe1f58945339696d0,5,15,2,1,0.4233093061211469,0.6431081616165426,0.4126856850514024
60e9f29fe1f58945339696d0,5,16,2,1,0.4233093061211469,0.8483843404640795,0.4126856850514024
60e9f29fe1f58945339696d0,5,17,2,0,0.4233093061211469,0.9355902649452799,0.4126856850514024
60e9f29fe1f58945339696d0,5,18,1,1,0.4233093061211469,0.39745972598045337,0.4126856850514024
60e9f29fe1f58945339696d0,5,19,1,0,0.7554999888061749,0.39745972598045337,0.4126856850514024
60e9f29fe1f58945339696d0,5,20,3,1,0.320744697646849,0.39745972598045337,0.4126856850514024
60e9f29fe1f58945339696d0,5,21,2,0,0.320744697646849,0.39745972598045337,0.7504957105453517
60e9f29fe1f58945339696d0,5,22,3,0,0.320744697646849,0.16884980892335555,0.7504957105453517
60e9f29fe1f58945339696d0,5,23,1,0,0.320744697646849,0.16884980892335555,0.3188274087970686
60e9f29fe1f58945339696d0,5,24,2,0,0.13625954401706103,0.16884980892335555,0.3188274087970686
60e9f29fe1f58945339696d0,5,25,1,1,0.13625954401706103,0.07173118878672033,0.3188274087970686
60e9f29fe1f58945339696d0,6,1,1,0,0.6330636851745657,0.07173118878672033,0.3188274087970686
60e9f29fe1f58945339696d0,6,2,3,0,0.268939649075033,0.07173118878672033,0.3188274087970686
60e9f29fe1f58945339696d0,6,3,3,1,0.268939649075033,0.07173118878672033,0.13544503658900586
60e9f29fe1f58945339696d0,6,4,3,0,0.268939649075033,0.07173118878672033,0.6327176640907162
60e9f29fe1f58945339696d0,6,5,1,1,0.268939649075033,0.07173118878672033,0.26879265152885823
60e9f29fe1f58945339696d0,6,6,1,1,0.6894291685182341,0.07173118878672033,0.26879265152885823
60e9f29fe1f58945339696d0,6,7,1,0,0.8680625429921032,0.07173118878672033,0.26879265152885823
60e9f29fe1f58945339696d0,6,8,1,0,0.3687724345706743,0.07173118878672033,0.26879265152885823
60e9f29fe1f58945339696d0,6,9,3,0,0.15666280358910667,0.07173118878672033,0.26879265152885823
60e9f29fe1f58945339696d0,6,10,2,0,0.15666280358910667,0.07173118878672033,0.11418914834219696
60e9f29fe1f58945339696d0,6,11,2,1,0.15666280358910667,0.030473019766825628,0.11418914834219696
60e9f29fe1f58945339696d0,6,12,3,1,0.15666280358910667,0.5881231956984061,0.11418914834219696
60e9f29fe1f58945339696d0,6,13,3,0,0.15666280358910667,0.5881231956984061,0.623687685324301
60e9f29fe1f58945339696d0,6,14,1,0,0.15666280358910667,0.5881231956984061,0.2649565136323933
60e9f29fe1f58945339696d0,6,15,3,1,0.06655387523819488,0.5881231956984061,0.2649565136323933
60e9f29fe1f58945339696d0,6,16,3,1,0.06655387523819488,0.5881231956984061,0.6877370430299257
60e9f29fe1f58945339696d0,6,17,3,1,0.06655387523819488,0.5881231956984061,0.8673436900240582
60e9f29fe1f58945339696d0,6,18,3,1,0.06655387523819488,0.5881231956984061,0.9436446219614114
60e9f29fe1f58945339696d0,6,19,3,1,0.06655387523819488,0.5881231956984061,0.9760589699153066
60e9f29fe1f58945339696d0,6,20,3,1,0.06655387523819488,0.5881231956984061,0.9898293125722197
60e9f29fe1f58945339696d0,6,21,3,0,0.06655387523819488,0.5881231956984061,0.9956792633899217
60e9f29fe1f58945339696d0,6,22,1,0,0.06655387523819488,0.5881231956984061,0.4229868816269712
60e9f29fe1f58945339696d0,6,23,2,1,0.028273580653547965,0.5881231956984061,0.4229868816269712
60e9f29fe1f58945339696d0,6,24,2,1,0.028273580653547965,0.8250254924895882,0.4229868816269712
60e9f29fe1f58945339696d0,6,25,2,0,0.028273580653547965,0.9256669016707949,0.4229868816269712
6661b6019ab530fb44632cc2,1,1,1,0,0.5,0.5,0.5
6661b6019ab530fb44632cc2,1,2,3,0,0.0596126944572804,0.5,0.5
6661b6019ab530fb44632cc2,1,3,2,1,0.0596126944572804,0.5,0.0596126944572804
6661b6019ab530fb44632cc2,1,4,2,0,0.0596126944572804,0.9403873055427195,0.0596126944572804
6661b6019ab530fb44632cc2,1,5,1,0,0.0596126944572804,0.1121180368924064,0.0596126944572804
6661b6019ab530fb44632cc2,1,6,3,0,0.00710735202215438,0.1121180368924064,0.0596126944572804
6661b6019ab530fb44632cc2,1,7,1,1,0.00710735202215438,0.1121180368924064,0.00710735202215438
6661b6019ab530fb44632cc2,1,8,1,1,0.8816219891680561,0.1121180368924064,0.00710735202215438
6661b6019ab530fb44632cc2,1,9,1,0,0.9858863251649213,0.1121180368924064,0.00710735202215438
6661b6019ab530fb44632cc2,1,10,2,1,0.11754267803229745,0.1121180368924064,0.00710735202215438
6661b6019ab530fb44632cc2,1,11,2,0,0.11754267803229745,0.8941419370471311,0.00710735202215438
6661b6019ab530fb44632cc2,1,12,3,0,0.11754267803229745,0.10660441182625591,0.00710735202215438
6661b6019ab530fb44632cc2,1,13,2,1,0.11754267803229745,0.10660441182625591,8.473780826169361e-4
6661b6019ab530fb44632cc2,1,14,3,1,0.11754267803229745,0.8934845721000035,8.473780826169361e-4
6661b6019ab530fb44632cc2,1,15,1,0,0.11754267803229745,0.8934845721000035,0.8808756402946691
6661b6019ab530fb44632cc2,1,16,3,1,0.014014081734791677,0.8934845721000035,0.8808756402946691
6661b6019ab530fb44632cc2,1,17,2,0,0.014014081734791677,0.8934845721000035,0.9857973412386618
6661b6019ab530fb44632cc2,1,18,3,1,0.014014081734791677,0.10652603707402403,0.9857973412386618
6661b6019ab530fb44632cc2,1,19,3,0,0.014014081734791677,0.10652603707402403,0.998306679943709
6661b6019ab530fb44632cc2,1,20,1,0,0.014014081734791677,0.10652603707402403,0.11902350171752007
6661b6019ab530fb44632cc2,1,21,1,1,0.0016708368207121078,0.10652603707402403,0.11902350171752007
6661b6019ab530fb44632cc2,1,22,3,0,0.880973817700061,0.10652603707402403,0.11902350171752007
6661b6019ab530fb44632cc2,1,23,1,1,0.880973817700061,0.10652603707402403,0.014190633892415407
6661b6019ab530fb44632cc2,1,24,1,0,0.9858090465126812,0.10652603707402403,0.014190633892415407
6661b6019ab530fb44632cc2,1,25,1,0,0.11753346442930052,0.10652603707402403,0.014190633892415407
6661b6019ab530fb44632cc2,2,1,1,0,0.014012983235509938,0.10652603707402403,0.014190633892415407
6661b6019ab530fb44632cc2,2,2,3,0,0.0016707058511468672,0.10652603707402403,0.014190633892415407
6661b6019ab530fb44632cc2,2,3,3,1,0.0016707058511468672,0.10652603707402403,0.001691886381235394
6661b6019ab530fb44632cc2,2,4,2,0,0.0016707058511468672,0.10652603707402403,0.8809763273512439
6661b6019ab530fb44632cc2,2,5,3,1,0.0016707058511468672,0.012700616728060471,0.8809763273512439
6661b6019ab530fb44632cc2,2,6,3,0,0.0016707058511468672,0.012700616728060471,0.9858093457281344
6661b6019ab530fb44632cc2,2,7,3,1,0.0016707058511468672,0.012700616728060471,0.11753350010356295
6661b6019ab530fb44632cc2,2,8,3,1,0.0016707058511468672,0.012700616728060471,0.8947875985742519
6661b6019ab530fb44632cc2,2,9,2,1,0.0016707058511468672,0.012700616728060471,0.9874560023139431
6661b6019ab530fb44632cc2,2,10,3,1,0.0016707058511468672,0.882288849209059,0.9874560023139431
6661b6019ab530fb44632cc2,2,11,1,1,0.0016707058511468672,0.882288849209059,0.9985044348948722
6661b6019ab530fb44632cc2,2,12,1,0,0.880973802085085,0.882288849209059,0.9985044348948722
6661b6019ab530fb44632cc2,2,13,3,0,0.1050344335655296,0.882288849209059,0.9985044348948722
6661b6019ab530fb44632cc2,2,14,3,1,0.1050344335655296,0.882288849209059,0.11904707919858676
6661b6019ab530fb44632cc2,2,15,2,1,0.1050344335655296,0.882288849209059,0.8949680560226752
6661b6019ab530fb44632cc2,2,16,2,1,0.1050344335655296,0.9859658319774656,0.8949680560226752
6661b6019ab530fb44632cc2,2,17,2,1,0.1050344335655296,0.9983267683751562,0.8949680560226752
6661b6019ab530fb44632cc2,2,18,2,0,0.1050344335655296,0.9998005078626766,0.8949680560226752
6661b6019ab530fb44632cc2,2,19,3,1,0.1050344335655296,0.11920160431584148,0.8949680560226752
6661b6019ab530fb44632cc2,2,20,3,1,0.1050344335655296,0.11920160431584148,0.9874775174863388
6661b6019ab530fb44632cc2,2,21,3,0,0.1050344335655296,0.11920160431584148,0.9985070000590986
6661b6019ab530fb44632cc2,2,22,2,0,0.1050344335655296,0.11920160431584148,0.1190473850326434
6661b6019ab530fb44632cc2,2,23,1,1,0.1050344335655296,0.014211868305672858,0.1190473850326434
6661b6019ab530fb44632cc2,2,24,1,0,0.8932973904225229,0.014211868305672858,0.1190473850326434
6661b6019ab530fb44632cc2,2,25,2,0,0.10650372020022308,0.014211868305672858,0.1190473850326434
6661b6019ab530fb44632cc2,3,1,3,1,0.10650372020022308,0.0016944180716738722,0.1190473850326434
6661b6019ab530fb44632cc2,3,2,2,1,0.10650372020022308,0.0016944180716738722,0.8949680924860484
6661b6019ab530fb44632cc2,3,3,2,1,0.10650372020022308,0.8809766291943517,0.8949680924860484
6661b6019ab530fb44632cc2,3,4,3,0,0.10650372020022308,0.985809381715682,0.8949680924860484
6661b6019ab530fb44632cc2,3,5,3,0,0.10650372020022308,0.985809381715682,0.1067029107482853
6661b6019ab530fb44632cc2,3,6,1,0,0.10650372020022308,0.985809381715682,0.012721704621729606
6661b6019ab530fb44632cc2,3,7,2,1,0.012697955980292705,0.985809381715682,0.012721704621729606
6661b6019ab530fb44632cc2,3,8,2,1,0.012697955980292705,0.9983081154796569,0.012721704621729606
6661b6019ab530fb44632cc2,3,9,3,1,0.012697955980292705,0.9997982839560624,0.012721704621729606
6661b6019ab530fb44632cc2,3,10,3,0,0.012697955980292705,0.9997982839560624,0.8822913634305534
6661b6019ab530fb44632cc2,3,11,2,1,0.012697955980292705,0.9997982839560624,0.10519152065238041
6661b6019ab530fb44632cc2,3,12,1,1,0.012697955980292705,0.9999759502540093,0.10519152065238041
6661b6019ab530fb44632cc2,3,13,3,1,0.8822885319789637,0.9999759502540093,0.10519152065238041
6661b6019ab530fb44632cc2,3,14,2,0,0.8822885319789637,0.9999759502540093,0.893316119244133
6661b6019ab530fb44632cc2,3,15,1,1,0.8822885319789637,0.11922252156347862,0.893316119244133
6661b6019ab530fb44632cc2,3,16,3,0,0.9859657941553877,0.11922252156347862,0.893316119244133
6661b6019ab530fb44632cc2,3,17,1,1,0.9859657941553877,0.11922252156347862,0.10650595315921119
6661b6019ab530fb44632cc2,3,18,2,0,0.9983267638657773,0.11922252156347862,0.10650595315921119
6661b6019ab530fb44632cc2,3,19,3,0,0.9983267638657773,0.014214362181720681,0.10650595315921119
6661b6019ab530fb44632cc2,3,20,1,0,0.9983267638657773,0.014214362181720681,0.012698222206844134
6661b6019ab530fb44632cc2,3,21,2,0,0.11902589623960147,0.014214362181720681,0.012698222206844134
6661b6019ab530fb44632cc2,3,22,3,1,0.11902589623960147,0.001694715406319598,0.012698222206844134
6661b6019ab530fb44632cc2,3,23,1,1,0.11902589623960147,0.001694715406319598,0.8822885637200886
6661b6019ab530fb44632cc2,3,24,1,0,0.8949655304669283,0.001694715406319598,0.8822885637200886
6661b6019ab530fb44632cc2,3,25,3,0,0.10670260528920755,0.001694715406319598,0.8822885637200886
6661b6019ab530fb44632cc2,4,1,3,1,0.10670260528920755,0.001694715406319598,0.1051911868543185
6661b6019ab530fb44632cc2,4,2,2,0,0.10670260528920755,0.001694715406319598,0.8933160794467214
6661b6019ab530fb44632cc2,4,3,2,1,0.10670260528920755,2.0205355893342276e-4,0.8933160794467214
6661b6019ab530fb44632cc2,4,4,3,0,0.10670260528920755,0.8807987010719973,0.8933160794467214
6661b6019ab530fb44632cc2,4,5,1,0,0.10670260528920755,0.8807987010719973,0.10650594841432098
6661b6019ab530fb44632cc2,4,6,3,1,0.012721668203063731,0.8807987010719973,0.10650594841432098
6661b6019ab530fb44632cc2,4,7,1,0,0.012721668203063731,0.8807987010719973,0.8934728327265682
6661b6019ab530fb44632cc2,4,8,3,1,0.0015167480030587668,0.8807987010719973,0.8934728327265682
6661b6019ab530fb44632cc2,4,9,1,0,0.0015167480030587668,0.8807987010719973,0.9872992485228924
6661b6019ab530fb44632cc2,4,10,3,1,1.8083526444163023e-4,0.8807987010719973,0.9872992485228924
6661b6019ab530fb44632cc2,4,11,3,1,1.8083526444163023e-4,0.8807987010719973,0.998485745810791
6661b6019ab530fb44632cc2,4,12,2,1,1.8083526444163023e-4,0.8807987010719973,0.9998194620627885
6661b6019ab530fb44632cc2,4,13,2,1,1.8083526444163023e-4,0.9857881681044994,0.9998194620627885
6661b6019ab530fb44632cc2,4,14,3,0,1.8083526444163023e-4,0.9983055862693688,0.9998194620627885
6661b6019ab530fb44632cc2,4,15,1,0,1.8083526444163023e-4,0.9983055862693688,0.11920386414580053
6661b6019ab530fb44632cc2,4,16,3,1,2.1560217897026828e-5,0.9983055862693688,0.11920386414580053
6661b6019ab530fb44632cc2,4,17,2,0,2.1560217897026828e-5,0.9983055862693688,0.8949867488213836
6661b6019ab530fb44632cc2,4,18,3,1,2.1560217897026828e-5,0.11902337132321422,0.8949867488213836
6661b6019ab530fb44632cc2,4,19,3,1,2.1560217897026828e-5,0.11902337132321422,0.9874797461504572
6661b6019ab530fb44632cc2,4,20,1,0,2.1560217897026828e-5,0.11902337132321422,0.9985072657735892
6661b6019ab530fb44632cc2,4,21,3,0,2.5705348264376747e-6,0.11902337132321422,0.9985072657735892
6661b6019ab530fb44632cc2,4,22,2,0,2.5705348264376747e-6,0.11902337132321422,0.11904741671271712
6661b6019ab530fb44632cc2,4,23,1,1,2.5705348264376747e-6,0.014190618346025453,0.11904741671271712
6661b6019ab530fb44632cc2,4,24,3,0,0.8807749175598121,0.014190618346025453,0.11904741671271712
6661b6019ab530fb44632cc2,4,25,1,1,0.8807749175598121,0.014190618346025453,0.014193485177700207
6661b6019ab530fb44632cc2,5,1,1,0,0.9857853324954069,0.014190618346025453,0.014193485177700207
6661b6019ab530fb44632cc2,5,2,3,0,0.11753063710581463,0.014190618346025453,0.014193485177700207
6661b6019ab530fb44632cc2,5,3,2,0,0.11753063710581463,0.014190618346025453,0.001692226328361363
6661b6019ab530fb44632cc2,5,4,2,0,0.11753063710581463,0.0016918845277002978,0.001692226328361363
6661b6019ab530fb44632cc2,5,5,3,0,0.11753063710581463,2.0171604481470913e-4,0.001692226328361363
6661b6019ab530fb44632cc2,5,6,3,0,0.11753063710581463,2.0171604481470913e-4,2.0175679634565076e-4
6661b6019ab530fb44632cc2,5,7,1,1,0.11753063710581463,2.0171604481470913e-4,2.4054604741637514e-5
6661b6019ab530fb44632cc2,5,8,1,0,0.8947872572306954,2.0171604481470913e-4,2.4054604741637514e-5
6661b6019ab530fb44632cc2,5,9,2,1,0.10668135053147187,2.0171604481470913e-4,2.4054604741637514e-5
6661b6019ab530fb44632cc2,5,10,2,1,0.10668135053147187,0.8807986608315346,2.4054604741637514e-5
6661b6019ab530fb44632cc2,5,11,3,0,0.10668135053147187,0.9857881633067859,2.4054604741637514e-5
6661b6019ab530fb44632cc2,5,12,2,0,0.10668135053147187,0.9857881633067859,2.8679303725603205e-6
6661b6019ab530fb44632cc2,5,13,3,0,0.10668135053147187,0.11753097461191653,2.8679303725603205e-6
6661b6019ab530fb44632cc2,5,14,3,1,0.10668135053147187,0.11753097461191653,3.419316547172587e-7
6661b6019ab530fb44632cc2,5,15,3,0,0.10668135053147187,0.11753097461191653,0.8807746518525881
6661b6019ab530fb44632cc2,5,16,2,1,0.10668135053147187,0.11753097461191653,0.10501068973076044
6661b6019ab530fb44632cc2,5,17,3,0,0.10668135053147187,0.8947872974702024,0.10501068973076044
6661b6019ab530fb44632cc2,5,18,2,0,0.10668135053147187,0.8947872974702024,0.012519948458574806
6661b6019ab530fb44632cc2,5,19,3,0,0.10668135053147187,0.10668135532907147,0.012519948458574806
6661b6019ab530fb44632cc2,5,20,2,1,0.10668135053147187,0.10668135532907147,0.0014926978158654692
6661b6019ab530fb44632cc2,5,21,1,0,0.10668135053147187,0.8934937457444712,0.0014926978158654692
6661b6019ab530fb44632cc2,5,22,1,1,0.01271913408703236,0.8934937457444712,0.0014926978158654692
6661b6019ab530fb44632cc2,5,23,1,0,0.8822910569561958,0.8934937457444712,0.0014926978158654692
6661b6019ab530fb44632cc2,5,24,2,1,0.10519148411266649,0.8934937457444712,0.0014926978158654692
6661b6019ab530fb44632cc2,5,25,3,0,0.10519148411266649,0.9873017418946453,0.0014926978158654692
6661b6019ab530fb44632cc2,6,1,3,0,0.10519148411266649,0.9873017418946453,1.7796786075652163e-4
6661b6019ab530fb44632cc2,6,2,3,0,0.10519148411266649,0.9873017418946453,2.1218349037294224e-5
6661b6019ab530fb44632cc2,6,3,1,0,0.10519148411266649,0.9873017418946453,2.529775164416294e-6
6661b6019ab530fb44632cc2,6,4,1,1,0.01254150380220631,0.9873017418946453,2.529775164416294e-6
6661b6019ab530fb44632cc2,6,5,3,1,0.882269878854991,0.9873017418946453,2.529775164416294e-6
6661b6019ab530fb44632cc2,6,6,2,0,0.882269878854991,0.9873017418946453,0.8807749127001963
6661b6019ab530fb44632cc2,6,7,1,1,0.882269878854991,0.11771143199987233,0.8807749127001963
6661b6019ab530fb44632cc2,6,8,3,0,0.9859635702215335,0.11771143199987233,0.8807749127001963
6661b6019ab530fb44632cc2,6,9,3,1,0.9859635702215335,0.11771143199987233,0.10501072083057428
6661b6019ab530fb44632cc2,6,10,1,0,0.9859635702215335,0.11771143199987233,0.8932945632519228
6661b6019ab530fb44632cc2,6,11,1,0,0.11755188762981911,0.11771143199987233,0.8932945632519228
6661b6019ab530fb44632cc2,6,12,3,1,0.014015179756515922,0.11771143199987233,0.8932945632519228
6661b6019ab530fb44632cc2,6,13,2,1,0.014015179756515922,0.11771143199987233,0.9872779942136365
6661b6019ab530fb44632cc2,6,14,2,1,0.014015179756515922,0.8948088126353888,0.9872779942136365
6661b6019ab530fb44632cc2,6,15,3,1,0.014015179756515922,0.9874585315778776,0.9872779942136365
6661b6019ab530fb44632cc2,6,16,3,0,0.014015179756515922,0.9874585315778776,0.9984832117482302
6661b6019ab530fb44632cc2,6,17,3,0,0.014015179756515922,0.9874585315778776,0.11904454885142224
6661b6019ab530fb44632cc2,6,18,1,1,0.014015179756515922,0.9874585315778776,0.014193143254281372
6661b6019ab530fb44632cc2,6,19,3,0,0.8824455788187792,0.9874585315778776,0.014193143254281372
6661b6019ab530fb44632cc2,6,20,3,0,0.8824455788187792,0.9874585315778776,0.0016921855621944582
6661b6019ab530fb44632cc2,6,21,2,1,0.8824455788187792,0.9874585315778776,2.0175193595434258e-4
6661b6019ab530fb44632cc2,6,22,2,0,0.8824455788187792,0.9985047364486773,2.0175193595434258e-4
6661b6019ab530fb44632cc2,6,23,2,0,0.8824455788187792,0.1190471151516419,2.0175193595434258e-4
6661b6019ab530fb44632cc2,6,24,3,1,0.8824455788187792,0.01419344922377827,2.0175193595434258e-4
6661b6019ab530fb44632cc2,6,25,3,0,0.8824455788187792,0.01419344922377827,0.8807986651106948
66912a96b8dba143ceba8276,1,1,2,0,0.5,0.5,0.5
66912a96b8dba143ceba8276,1,2,3,0,0.5,0.13761530359004207,0.5
66912a96b8dba143ceba8276,1,3,1,0,0.5,0.13761530359004207,0.13761530359004207
66912a96b8dba143ceba8276,1,4,2,0,0.13761530359004207,0.13761530359004207,0.13761530359004207
66912a96b8dba143ceba8276,1,5,2,0,0.13761530359004207,0.03787594359580412,0.13761530359004207
66912a96b8dba143ceba8276,1,6,1,0,0.13761530359004207,0.010424618970701167,0.13761530359004207
66912a96b8dba143ceba8276,1,7,3,0,0.03787594359580412,0.010424618970701167,0.13761530359004207
66912a96b8dba143ceba8276,1,8,1,1,0.03787594359580412,0.010424618970701167,0.03787594359580412
66912a96b8dba143ceba8276,1,9,1,1,0.735194011790617,0.010424618970701167,0.03787594359580412
66912a96b8dba143ceba8276,1,10,1,1,0.9271172870244649,0.010424618970701167,0.03787594359580412
66912a96b8dba143ceba8276,1,11,1,0,0.9799404466228154,0.010424618970701167,0.03787594359580412
66912a96b8dba143ceba8276,1,12,3,1,0.2697096041109303,0.010424618970701167,0.03787594359580412
66912a96b8dba143ceba8276,1,13,3,1,0.2697096041109303,0.010424618970701167,0.735194011790617
66912a96b8dba143ceba8276,1,14,3,1,0.2697096041109303,0.010424618970701167,0.9271172870244649
66912a96b8dba143ceba8276,1,15,3,0,0.2697096041109303,0.010424618970701167,0.9799404466228154
66912a96b8dba143ceba8276,1,16,1,0,0.2697096041109303,0.010424618970701167,0.2697096041109303
66912a96b8dba143ceba8276,1,17,3,0,0.07423233815969504,0.010424618970701167,0.2697096041109303
66912a96b8dba143ceba8276,1,18,2,0,0.07423233815969504,0.010424618970701167,0.07423233815969504
66912a96b8dba143ceba8276,1,19,1,1,0.07423233815969504,0.0028691742160732127,0.07423233815969504
66912a96b8dba143ceba8276,1,20,1,0,0.745200404356916,0.0028691742160732127,0.07423233815969504
66912a96b8dba143ceba8276,1,21,1,1,0.20510195971283413,0.0028691742160732127,0.07423233815969504
66912a96b8dba143ceba8276,1,22,1,1,0.7812197297588388,0.0028691742160732127,0.07423233815969504
66912a96b8dba143ceba8276,1,23,1,0,0.9397849733416854,0.0028691742160732127,0.07423233815969504
66912a96b8dba143ceba8276,1,24,2,1,0.25865758880655804,0.0028691742160732127,0.07423233815969504
66912a96b8dba143ceba8276,1,25,2,1,0.25865758880655804,0.7255590773841336,0.07423233815969504
66912a96b8dba143ceba8276,2,1,2,1,0.25865758880655804,0.9244654581713844,0.07423233815969504
66912a96b8dba143ceba8276,2,2,2,0,0.25865758880655804,0.9792105821551198,0.07423233815969504
66912a96b8dba143ceba8276,2,3,1,0,0.25865758880655804,0.2695087230695208,0.07423233815969504
66912a96b8dba143ceba8276,2,4,2,0,0.07119048527119011,0.2695087230695208,0.07423233815969504
66912a96b8dba143ceba8276,2,5,3,0,0.07119048527119011,0.07417704954842905,0.07423233815969504
66912a96b8dba143ceba8276,2,6,1,0,0.07119048527119011,0.07417704954842905,0.020431011537000204
66912a96b8dba143ceba8276,2,7,3,0,0.019593800517275394,0.07417704954842905,0.020431011537000204
66912a96b8dba143ceba8276,2,8,2,0,0.019593800517275394,0.07417704954842905,0.005623239724358218
66912a96b8dba143ceba8276,2,9,2,0,0.019593800517275394,0.020415794418864954,0.005623239724358218
66912a96b8dba143ceba8276,2,10,2,1,0.019593800517275394,0.005619051507667074,0.005623239724358218
66912a96b8dba143ceba8276,2,11,2,1,0.019593800517275394,0.7263159277832016,0.005623239724358218
66912a96b8dba143ceba8276,2,12,2,1,0.019593800517275394,0.9246737665671066,0.005623239724358218
66912a96b8dba143ceba8276,2,13,2,1,0.019593800517275394,0.9792679150016347,0.005623239724358218
66912a96b8dba143ceba8276,2,14,2,0,0.019593800517275394,0.9942938956436842,0.005623239724358218
66912a96b8dba143ceba8276,2,15,2,1,0.019593800517275394,0.273660112608276,0.005623239724358218
66912a96b8dba143ceba8276,2,16,2,0,0.019593800517275394,0.800089031835166,0.005623239724358218
66912a96b8dba143ceba8276,2,17,2,0,0.019593800517275394,0.22020899000125627,0.005623239724358218
66912a96b8dba143ceba8276,2,18,1,0,0.019593800517275394,0.06060825406693307,0.005623239724358218
66912a96b8dba143ceba8276,2,19,1,0,0.005392813626245671,0.06060825406693307,0.005623239724358218
66912a96b8dba143ceba8276,2,20,2,0,0.0014842673735462604,0.06060825406693307,0.005623239724358218
66912a96b8dba143ceba8276,2,21,2,0,0.0014842673735462604,0.016681246592478525,0.005623239724358218
66912a96b8dba143ceba8276,2,22,1,1,0.0014842673735462604,0.004591189639001864,0.005623239724358218
66912a96b8dba143ceba8276,2,23,1,0,0.7251779086320109,0.004591189639001864,0.005623239724358218
66912a96b8dba143ceba8276,2,24,1,0,0.19959115604403066,0.004591189639001864,0.005623239724358218
66912a96b8dba143ceba8276,2,25,2,1,0.054933595094222035,0.004591189639001864,0.005623239724358218
66912a96b8dba143ceba8276,3,1,2,1,0.054933595094222035,0.726033028735968,0.005623239724358218
66912a96b8dba143ceba8276,3,2,2,1,0.054933595094222035,0.9245959040902195,0.005623239724358218
66912a96b8dba143ceba8276,3,3,2,1,0.054933595094222035,0.9792464848647313,0.005623239724358218
66912a96b8dba143ceba8276,3,4,2,1,0.054933595094222035,0.9942879974140564,0.005623239724358218
66912a96b8dba143ceba8276,3,5,2,0,0.054933595094222035,0.9984278820548589,0.005623239724358218
66912a96b8dba143ceba8276,3,6,1,1,0.054933595094222035,0.27479791220169447,0.005623239724358218
66912a96b8dba143ceba8276,3,7,1,1,0.7398887995726657,0.27479791220169447,0.005623239724358218
66912a96b8dba143ceba8276,3,8,1,1,0.9284094363182185,0.27479791220169447,0.005623239724358218
66912a96b8dba143ceba8276,3,9,1,0,0.9802960856583258,0.27479791220169447,0.005623239724358218
66912a96b8dba143ceba8276,3,10,2,0,0.26980748685891864,0.27479791220169447,0.005623239724358218
66912a96b8dba143ceba8276,3,11,1,0,0.26980748685891864,0.07563279628939082,0.005623239724358218
66912a96b8dba143ceba8276,3,12,2,0,0.07425927848796342,0.07563279628939082,0.005623239724358218
66912a96b8dba143ceba8276,3,13,2,0,0.07425927848796342,0.020816460479885404,0.005623239724358218
66912a96b8dba143ceba8276,3,14,1,1,0.07425927848796342,0.005729327071451514,0.005623239724358218
66912a96b8dba143ceba8276,3,15,1,0,0.7452078191598586,0.005729327071451514,0.005623239724358218
66912a96b8dba143ceba8276,3,16,2,0,0.2051040004935616,0.005729327071451514,0.005623239724358218
66912a96b8dba143ceba8276,3,17,1,1,0.2051040004935616,0.0015768861738352504,0.005623239724358218
66912a96b8dba143ceba8276,3,18,1,1,0.7812202914441613,0.0015768861738352504,0.005623239724358218
66912a96b8dba143ceba8276,3,19,1,1,0.9397851279346789,0.0015768861738352504,0.005623239724358218
66912a96b8dba143ceba8276,3,20,1,1,0.9834270241751977,0.0015768861738352504,0.005623239724358218
66912a96b8dba143ceba8276,3,21,1,1,0.9954386097902931,0.0015768861738352504,0.005623239724358218
66912a96b8dba143ceba8276,3,22,1,1,0.9987445657990193,0.0015768861738352504,0.005623239724358218
66912a96b8dba143ceba8276,3,23,1,0,0.9996544660812077,0.0015768861738352504,0.005623239724358218
66912a96b8dba143ceba8276,3,24,2,1,0.2751355056693544,0.0015768861738352504,0.005623239724358218
66912a96b8dba143ceba8276,3,25,2,1,0.2751355056693544,0.7252034001607932,0.005623239724358218
66912a96b8dba143ceba8276,4,1,1,1,0.2751355056693544,0.9243675649129363,0.005623239724358218
66912a96b8dba143ceba8276,4,2,1,1,0.8004951051648341,0.9243675649129363,0.005623239724358218
66912a96b8dba143ceba8276,4,3,1,1,0.9450901466307999,0.9243675649129363,0.005623239724358218
66912a96b8dba143ceba8276,4,4,1,0,0.9848871276966846,0.9243675649129363,0.005623239724358218
66912a96b8dba143ceba8276,4,5,2,1,0.27107108215075576,0.9243675649129363,0.005623239724358218
66912a96b8dba143ceba8276,4,6,2,0,0.27107108215075576,0.9791836389340511,0.005623239724358218
66912a96b8dba143ceba8276,4,7,1,1,0.27107108215075576,0.269501307470391,0.005623239724358218
66912a96b8dba143ceba8276,4,8,1,1,0.7993764514086795,0.269501307470391,0.005623239724358218
66912a96b8dba143ceba8276,4,9,1,1,0.9447822588771072,0.269501307470391,0.005623239724358218
66912a96b8dba143ceba8276,4,10,1,0,0.9848023875629022,0.269501307470391,0.005623239724358218
66912a96b8dba143ceba8276,4,11,2,0,0.27104775907215556,0.269501307470391,0.005623239724358218
66912a96b8dba143ceba8276,4,12,2,1,0.27104775907215556,0.07417500854856646,0.005623239724358218
66912a96b8dba143ceba8276,4,13,2,1,0.27104775907215556,0.7451846254931458,0.005623239724358218
66912a96b8dba143ceba8276,4,14,2,1,0.27104775907215556,0.9298670097064654,0.005623239724358218
66912a96b8dba143ceba8276,4,15,2,1,0.27104775907215556,0.9806972544685908,0.005623239724358218
66912a96b8dba143ceba8276,4,16,2,0,0.27104775907215556,0.9946872936145997,0.005623239724358218
66912a96b8dba143ceba8276,4,17,1,0,0.27104775907215556,0.2737683877711934,0.005623239724358218
66912a96b8dba143ceba8276,4,18,1,1,0.07460063936363899,0.2737683877711934,0.005623239724358218
66912a96b8dba143ceba8276,4,19,1,0,0.7453017721213901,0.2737683877711934,0.005623239724358218
66912a96b8dba143ceba8276,4,20,2,1,0.20512985922435606,0.2737683877711934,0.005623239724358218
66912a96b8dba143ceba8276,4,21,2,0,0.20512985922435606,0.8001188324741658,0.005623239724358218
66912a96b8dba143ceba8276,4,22,2,1,0.20512985922435606,0.22021719204927548,0.005623239724358218
66912a96b8dba143ceba8276,4,23,2,1,0.20512985922435606,0.7853799043415218,0.005623239724358218
66912a96b8dba143ceba8276,4,24,2,1,0.20512985922435606,0.9409299807214957,0.005623239724358218
66912a96b8dba143ceba8276,4,25,2,0,0.20512985922435606,0.983742122704054,0.005623239724358218
66912a96b8dba143ceba8276,5,1,1,1,0.20512985922435606,0.2707559417302006,0.005623239724358218
66912a96b8dba143ceba8276,5,2,1,1,0.7812274085583848,0.2707559417302006,0.005623239724358218
66912a96b8dba143ceba8276,5,3,1,0,0.9397870867823623,0.2707559417302006,0.005623239724358218
66912a96b8dba143ceba8276,5,4,2,1,0.2586581704901235,0.2707559417302006,0.005623239724358218
66912a96b8dba143ceba8276,5,5,2,1,0.2586581704901235,0.7992897151189783,0.005623239724358218
66912a96b8dba143ceba8276,5,6,1,0,0.2586581704901235,0.9447583863952969,0.005623239724358218
66912a96b8dba143ceba8276,5,7,1,1,0.07119064536831246,0.9447583863952969,0.005623239724358218
66912a96b8dba143ceba8276,5,8,1,0,0.7443632374008199,0.9447583863952969,0.005623239724358218
66912a96b8dba143ceba8276,5,9,2,0,0.20487154574238098,0.9447583863952969,0.005623239724358218
66912a96b8dba143ceba8276,5,10,2,0,0.20487154574238098,0.2600264243052812,0.005623239724358218
66912a96b8dba143ceba8276,5,11,1,0,0.20487154574238098,0.0715672306981077,0.005623239724358218
66912a96b8dba143ceba8276,5,12,1,0,0.05638691996165526,0.0715672306981077,0.005623239724358218
66912a96b8dba143ceba8276,5,13,2,0,0.015519406240044054,0.0715672306981077,0.005623239724358218
66912a96b8dba143ceba8276,5,14,2,0,0.015519406240044054,0.019697492390370122,0.005623239724358218
66912a96b8dba143ceba8276,5,15,1,0,0.015519406240044054,0.005421352803596247,0.005623239724358218
66912a96b8dba143ceba8276,5,16,1,1,0.004271415612118269,0.005421352803596247,0.005623239724358218
66912a96b8dba143ceba8276,5,17,1,1,0.7259450171359749,0.005421352803596247,0.005623239724358218
66912a96b8dba143ceba8276,5,18,1,1,0.9245716806039805,0.005421352803596247,0.005623239724358218
66912a96b8dba143ceba8276,5,19,1,0,0.9792398178198634,0.005421352803596247,0.005623239724358218
66912a96b8dba143ceba8276,5,20,2,0,0.26951676961932025,0.005421352803596247,0.005623239724358218
66912a96b8dba143ceba8276,5,21,1,1,0.26951676961932025,0.0014921222287071823,0.005623239724358218
66912a96b8dba143ceba8276,5,22,1,1,0.798948657025145,0.0014921222287071823,0.005623239724358218
66912a96b8dba143ceba8276,5,23,1,1,0.9446645167685965,0.0014921222287071823,0.005623239724358218
66912a96b8dba143ceba8276,5,24,1,1,0.9847699813306992,0.0014921222287071823,0.005623239724358218
66912a96b8dba143ceba8276,5,25,1,0,0.9958082327050468,0.0014921222287071823,0.005623239724358218
66912a96b8dba143ceba8276,6,1,2,0,0.2740769045188363,0.0014921222287071823,0.005623239724358218
66912a96b8dba143ceba8276,6,2,1,1,0.2740769045188363,4.1067770866592707e-4,0.005623239724358218
66912a96b8dba143ceba8276,6,3,1,0,0.8002037457263366,4.1067770866592707e-4,0.005623239724358218
66912a96b8dba143ceba8276,6,4,2,1,0.2202405627753553,4.1067770866592707e-4,0.005623239724358218
66912a96b8dba143ceba8276,6,5,2,0,0.2202405627753553,0.7248824238955813,0.005623239724358218
66912a96b8dba143ceba8276,6,6,1,0,0.2202405627753553,0.19950982960023983,0.005623239724358218
66912a96b8dba143ceba8276,6,7,1,1,0.0606169438607755,0.19950982960023983,0.005623239724358218
66912a96b8dba143ceba8276,6,8,1,1,0.7414530311096474,0.19950982960023983,0.005623239724358218
66912a96b8dba143ceba8276,6,9,1,0,0.9288399607156862,0.19950982960023983,0.005623239724358218
66912a96b8dba143ceba8276,6,10,2,1,0.2556451863303174,0.19950982960023983,0.005623239724358218
66912a96b8dba143ceba8276,6,11,1,1,0.2556451863303174,0.7796806043875129,0.005623239724358218
66912a96b8dba143ceba8276,6,12,2,0,0.7951307727262718,0.7796806043875129,0.005623239724358218
66912a96b8dba143ceba8276,6,13,1,0,0.7951307727262718,0.21459196610956366,0.005623239724358218
66912a96b8dba143ceba8276,6,14,2,1,0.21884432533196913,0.21459196610956366,0.005623239724358218
66912a96b8dba143ceba8276,6,15,2,1,0.21884432533196913,0.7838316699855434,0.005623239724358218
66912a96b8dba143ceba8276,6,16,2,0,0.21884432533196913,0.9405038592378945,0.005623239724358218
66912a96b8dba143ceba8276,6,17,2,1,0.21884432533196913,0.2588554482088956,0.005623239724358218
66912a96b8dba143ceba8276,6,18,2,1,0.21884432533196913,0.7960143350547664,0.005623239724358218
66912a96b8dba143ceba8276,6,19,2,1,0.21884432533196913,0.9438569015489132,0.005623239724358218
66912a96b8dba143ceba8276,6,20,2,0,0.21884432533196913,0.9845477009026513,0.005623239724358218
66912a96b8dba143ceba8276,6,21,1,0,0.21884432533196913,0.27097766150769337,0.005623239724358218
66912a96b8dba143ceba8276,6,22,2,1,0.06023265657994291,0.27097766150769337,0.005623239724358218
66912a96b8dba143ceba8276,6,23,2,1,0.06023265657994291,0.7993507391882217,0.005623239724358218
66912a96b8dba143ceba8276,6,24,2,0,0.06023265657994291,0.9447751820870129,0.005623239724358218
66912a96b8dba143ceba8276,6,25,1,1,0.06023265657994291,0.2600310469937377,0.005623239724358218
66ab330c867b56b7333c7f26,1,1,2,0,0.5,0.5,0.5
66ab330c867b56b7333c7f26,1,2,3,0,0.5,0.39355158590218775,0.5
66ab330c867b56b7333c7f26,1,3,1,0,0.5,0.39355158590218775,0.39355158590218775
66ab330c867b56b7333c7f26,1,4,2,1,0.39355158590218775,0.39355158590218775,0.39355158590218775
66ab330c867b56b7333c7f26,1,5,2,0,0.39355158590218775,0.5226625316149723,0.39355158590218775
66ab330c867b56b7333c7f26,1,6,3,1,0.39355158590218775,0.41138933561393687,0.39355158590218775
66ab330c867b56b7333c7f26,1,7,3,1,0.39355158590218775,0.41138933561393687,0.5226625316149723
66ab330c867b56b7333c7f26,1,8,3,0,0.39355158590218775,0.41138933561393687,0.6242861638095614
66ab330c867b56b7333c7f26,1,9,3,0,0.39355158590218775,0.41138933561393687,0.4913776172140834
66ab330c867b56b7333c7f26,1,10,2,1,0.39355158590218775,0.41138933561393687,0.3867648815032386
66ab330c867b56b7333c7f26,1,11,3,1,0.39355158590218775,0.536702680444028,0.3867648815032386
66ab330c867b56b7333c7f26,1,12,3,0,0.39355158590218775,0.536702680444028,0.5173206953705249
66ab330c867b56b7333c7f26,1,13,1,1,0.39355158590218775,0.536702680444028,0.40718475958425937
66ab330c867b56b7333c7f26,1,14,1,0,0.5226625316149723,0.536702680444028,0.40718475958425937
66ab330c867b56b7333c7f26,1,15,2,0,0.41138933561393687,0.536702680444028,0.40718475958425937
66ab330c867b56b7333c7f26,1,16,3,0,0.41138933561393687,0.42244038092673686,0.40718475958425937
66ab330c867b56b7333c7f26,1,17,2,0,0.41138933561393687,0.42244038092673686,0.3204964172736021
66ab330c867b56b7333c7f26,1,18,3,1,0.41138933561393687,0.3325041648330118,0.3204964172736021
66ab330c867b56b7333c7f26,1,19,3,0,0.41138933561393687,0.3325041648330118,0.49591839032129204
66ab330c867b56b7333c7f26,1,20,1,0,0.41138933561393687,0.3325041648330118,0.36612936551687525
66ab330c867b56b7333c7f26,1,21,3,1,0.3238058522484035,0.3325041648330118,0.36612936551687525
66ab330c867b56b7333c7f26,1,22,3,1,0.3238058522484035,0.3325041648330118,0.5010784145025265
66ab330c867b56b7333c7f26,1,23,3,1,0.3238058522484035,0.3325041648330118,0.6072972362969153
66ab330c867b56b7333c7f26,1,24,3,1,0.3238058522484035,0.3325041648330118,0.69090240622531085
66ab330c867b56b7333c7f26,1,25,3,0,0.3238058522484035,0.3325041648330118,0.7567082997878318
66ab330c867b56b7333c7f26,2,1,3,1,0.3238058522484035,0.3325041648330118,0.5113086617287781
66ab330c867b56b7333c7f26,2,2,3,1,0.3238058522484035,0.3325041648330118,0.6817013792405474
66ab330c867b56b7333c7f26,2,3,2,1,0.3238058522484035,0.3325041648330118,0.7494661441871429
66ab330c867b56b7333c7f26,2,4,2,1,0.3238058522484035,0.4967177567151272,0.7494661441871429
66ab330c867b56b7333c7f26,2,5,3,1,0.3238058522484035,0.5864653700619415,0.7494661441871429
66ab330c867b56b7333c7f26,2,6,1,0,0.3238058522484035,0.5864653700619415,0.8028040048019229
66ab330c867b56b7333c7f26,2,7,3,1,0.2548686159610569,0.5864653700619415,0.8028040048019229
66ab330c867b56b7333c7f26,2,8,3,0,0.2548686159610569,0.5864653700619415,0.8447864036862852
66ab330c867b56b7333c7f26,2,9,2,0,0.2548686159610569,0.5864653700619415,0.5346832714480605
66ab330c867b56b7333c7f26,2,10,1,0,0.2548686159610569,0.4616087504910889,0.5346832714480605
66ab330c867b56b7333c7f26,2,11,3,0,0.2006078992908301,0.4616087504910889,0.5346832714480605
66ab330c867b56b7333c7f26,2,12,1,1,0.2006078992908301,0.4616087504910889,0.5021165317085442
66ab330c867b56b7333c7f26,2,13,1,0,0.4737671635564842,0.4616087504910889,0.5021165317085442
66ab330c867b56b7333c7f26,2,14,3,0,0.2918546646078467,0.4616087504910889,0.5021165317085442
66ab330c867b56b7333c7f26,2,15,1,0,0.2918546646078467,0.4616087504910889,0.41194753151664143
66ab330c867b56b7333c7f26,2,16,1,1,0.22971973343615534,0.4616087504910889,0.41194753151664143
66ab330c867b56b7333c7f26,2,17,3,0,0.4787132381368764,0.4616087504910889,0.41194753151664143
66ab330c867b56b7333c7f26,2,18,1,0,0.4787132381368764,0.4616087504910889,0.3242452130752064
66ab330c867b56b7333c7f26,2,19,3,1,0.3098903578424581,0.4616087504910889,0.3242452130752064
66ab330c867b56b7333c7f26,2,20,3,0,0.3098903578424581,0.4616087504910889,0.5242669981603882
66ab330c867b56b7333c7f26,2,21,3,1,0.3098903578424581,0.4616087504910889,0.3684518658841034
66ab330c867b56b7333c7f26,2,22,1,0,0.3098903578424581,0.4616087504910889,0.5256089329242226
66ab330c867b56b7333c7f26,2,23,3,0,0.24391568404315256,0.4616087504910889,0.5256089329242226
66ab330c867b56b7333c7f26,2,24,3,0,0.24391568404315256,0.4616087504910889,0.39583927230533567
66ab330c867b56b7333c7f26,2,25,1,0,0.24391568404315256,0.4616087504910889,0.31156634855553667
66ab330c867b56b7333c7f26,3,1,3,0,0.19198681010568222,0.4616087504910889,0.31156634855553667
66ab330c867b56b7333c7f26,3,2,1,1,0.19198681010568222,0.4616087504910889,0.245234864085754
66ab330c867b56b7333c7f26,3,3,2,0,0.4627018920075596,0.4616087504910889,0.245234864085754
66ab330c867b56b7333c7f26,3,4,3,1,0.4627018920075596,0.3633337119385908,0.245234864085754
66ab330c867b56b7333c7f26,3,5,3,0,0.4627018920075596,0.3633337119385908,0.496542881578745
66ab330c867b56b7333c7f26,3,6,3,0,0.4627018920075596,0.3633337119385908,0.3195024707756482
66ab330c867b56b7333c7f26,3,7,1,1,0.4627018920075596,0.3633337119385908,0.25148140958433196
66ab330c867b56b7333c7f26,3,8,1,1,0.4996451939872101,0.3633337119385908,0.25148140958433196
66ab330c867b56b7333c7f26,3,9,2,1,0.6059843779439353,0.3633337119385908,0.25148140958433196
66ab330c867b56b7333c7f26,3,10,1,0,0.6059843779439353,0.49983082015709235,0.25148140958433196
66ab330c867b56b7333c7f26,3,11,3,1,0.4313520002628317,0.49983082015709235,0.25148140958433196
66ab330c867b56b7333c7f26,3,12,1,1,0.4313520002628317,0.49983082015709235,0.4925513697093419
66ab330c867b56b7333c7f26,3,13,3,0,0.5883231751016296,0.49983082015709235,0.4925513697093419
66ab330c867b56b7333c7f26,3,14,1,0,0.5883231751016296,0.49983082015709235,0.3233724001186489
66ab330c867b56b7333c7f26,3,15,1,0,0.43542228549141415,0.49983082015709235,0.3233724001186489
66ab330c867b56b7333c7f26,3,16,1,0,0.3644846795603006,0.49983082015709235,0.3233724001186489
66ab330c867b56b7333c7f26,3,17,2,1,0.2868870489678232,0.49983082015709235,0.3233724001186489
66ab330c867b56b7333c7f26,3,18,1,0,0.2868870489678232,0.6055652419779043,0.3233724001186489
66ab330c867b56b7333c7f26,3,19,1,0,0.22580970883646437,0.6055652419779043,0.3233724001186489
66ab330c867b56b7333c7f26,3,20,1,0,0.17773554121350094,0.6055652419779043,0.3233724001186489
66ab330c867b56b7333c7f26,3,21,1,1,0.13989621157423304,0.6055652419779043,0.3233724001186489
66ab330c867b56b7333c7f26,3,22,1,0,0.4402735609527918,0.6055652419779043,0.3233724001186489
66ab330c867b56b7333c7f26,3,23,3,1,0.2542418669314963,0.6055652419779043,0.3233724001186489
66ab330c867b56b7333c7f26,3,24,3,1,0.2542418669314963,0.6055652419779043,0.49818393233400715
66ab330c867b56b7333c7f26,3,25,1,0,0.2542418669314963,0.6055652419779043,0.5808079523596488
66ab330c867b56b7333c7f26,4,1,1,1,0.20011458057687015,0.6055652419779043,0.5808079523596488
66ab330c867b56b7333c7f26,4,2,1,0,0.45747279950784236,0.6055652419779043,0.5808079523596488
66ab330c867b56b7333c7f26,4,3,1,1,0.293837463878435,0.6055652419779043,0.5808079523596488
66ab330c867b56b7333c7f26,4,4,1,1,0.48347820963504046,0.6055652419779043,0.5808079523596488
66ab330c867b56b7333c7f26,4,5,2,1,0.561092376911289,0.6055652419779043,0.5808079523596488
66ab330c867b56b7333c7f26,4,6,1,1,0.561092376911289,0.6895391483311664,0.5808079523596488
66ab330c867b56b7333c7f26,4,7,2,0,0.6545344135052455,0.6895391483311664,0.5808079523596488
66ab330c867b56b7333c7f26,4,8,2,1,0.6545344135052455,0.5008596032268335,0.5808079523596488
66ab330c867b56b7333c7f26,4,9,1,0,0.6545344135052455,0.6400879813164211,0.5808079523596488
66ab330c867b56b7333c7f26,4,10,1,1,0.43097137235289507,0.6400879813164211,0.5808079523596488
66ab330c867b56b7333c7f26,4,11,2,1,0.6184014463668197,0.6400879813164211,0.5808079523596488
66ab330c867b56b7333c7f26,4,12,1,0,0.6184014463668197,0.7167121066757426,0.5808079523596488
66ab330c867b56b7333c7f26,4,13,1,1,0.4308458812855415,0.7167121066757426,0.5808079523596488
66ab330c867b56b7333c7f26,4,14,1,0,0.5960159415702049,0.7167121066757426,0.5808079523596488
66ab330c867b56b7333c7f26,4,15,1,0,0.4339951834232668,0.7167121066757426,0.5808079523596488
66ab330c867b56b7333c7f26,4,16,1,1,0.3692505917198108,0.7167121066757426,0.5808079523596488
66ab330c867b56b7333c7f26,4,17,2,1,0.5035351424660106,0.7167121066757426,0.5808079523596488
66ab330c867b56b7333c7f26,4,18,2,0,0.5035351424660106,0.7770231978178366,0.5808079523596488
66ab330c867b56b7333c7f26,4,19,3,1,0.5035351424660106,0.5170414151258952,0.5808079523596488
66ab330c867b56b7333c7f26,4,20,1,1,0.5035351424660106,0.5170414151258952,0.6700526061671731
66ab330c867b56b7333c7f26,4,21,1,0,0.6092309354045466,0.5170414151258952,0.6700526061671731
66ab330c867b56b7333c7f26,4,22,1,1,0.44588793533490895,0.5170414151258952,0.6700526061671731
66ab330c867b56b7333c7f26,4,23,1,1,0.5903345230764003,0.5170414151258952,0.6700526061671731
66ab330c867b56b7333c7f26,4,24,1,1,0.6775510021554698,0.5170414151258952,0.6700526061671731
66ab330c867b56b7333c7f26,4,25,1,1,0.7461993682622705,0.5170414151258952,0.6700526061671731
66ab330c867b56b7333c7f26,5,1,1,1,0.8002327143409413,0.5170414151258952,0.6700526061671731
66ab330c867b56b7333c7f26,5,2,2,0,0.8427625321912513,0.5170414151258952,0.6700526061671731
66ab330c867b56b7333c7f26,5,3,2,1,0.8427625321912513,0.48139026972196264,0.6700526061671731
66ab330c867b56b7333c7f26,5,4,2,0,0.8427625321912513,0.5900731487297319,0.6700526061671731
66ab330c867b56b7333c7f26,5,5,2,0,0.8427625321912513,0.46580816007041403,0.6700526061671731
66ab330c867b56b7333c7f26,5,6,2,1,0.8427625321912513,0.36663908253668415,0.6700526061671731
66ab330c867b56b7333c7f26,5,7,1,0,0.8427625321912513,0.5198288024650292,0.6700526061671731
66ab330c867b56b7333c7f26,5,8,1,0,0.4986117047725551,0.5198288024650292,0.6700526061671731
66ab330c867b56b7333c7f26,5,9,1,1,0.48169496012540125,0.5198288024650292,0.6700526061671731
66ab330c867b56b7333c7f26,5,10,2,1,0.6175335703547427,0.5198288024650292,0.6700526061671731
66ab330c867b56b7333c7f26,5,11,1,1,0.6175335703547427,0.6076130253758827,0.6700526061671731
66ab330c867b56b7333c7f26,5,12,1,1,0.7039370045851316,0.6076130253758827,0.6700526061671731
66ab330c867b56b7333c7f26,5,13,3,1,0.7669678761276917,0.6076130253758827,0.6700526061671731
66ab330c867b56b7333c7f26,5,14,3,0,0.7669678761276917,0.6076130253758827,0.7402973554171907
66ab330c867b56b7333c7f26,5,15,1,1,0.7669678761276917,0.6076130253758827,0.5073718017594392
66ab330c867b56b7333c7f26,5,16,1,1,0.8165796741630493,0.6076130253758827,0.5073718017594392
66ab330c867b56b7333c7f26,5,17,2,0,0.8556292773028946,0.6076130253758827,0.5073718017594392
66ab330c867b56b7333c7f26,5,18,1,1,0.8556292773028946,0.4782541379472556,0.5073718017594392
66ab330c867b56b7333c7f26,5,19,1,0,0.8863653436228895,0.4782541379472556,0.5073718017594392
66ab330c867b56b7333c7f26,5,20,3,0,0.5338255729652162,0.4782541379472556,0.5073718017594392
66ab330c867b56b7333c7f26,5,21,1,0,0.5338255729652162,0.4782541379472556,0.4586374547075184
66ab330c867b56b7333c7f26,5,22,1,0,0.49876035399686325,0.4782541379472556,0.4586374547075184
66ab330c867b56b7333c7f26,5,23,1,0,0.43222288472280257,0.4782541379472556,0.4586374547075184
66ab330c867b56b7333c7f26,5,24,1,1,0.34020400843551074,0.4782541379472556,0.4586374547075184
66ab330c867b56b7333c7f26,5,25,2,1,0.5497356379290577,0.4782541379472556,0.4586374547075184
66ab330c867b56b7333c7f26,6,1,1,1,0.5497356379290577,0.5893321781711832,0.4586374547075184
66ab330c867b56b7333c7f26,6,2,1,1,0.5962011730588102,0.5893321781711832,0.4586374547075184
66ab330c867b56b7333c7f26,6,3,1,1,0.6782602986907305,0.5893321781711832,0.4586374547075184
66ab330c867b56b7333c7f26,6,4,2,0,0.7467576586688046,0.5893321781711832,0.4586374547075184
66ab330c867b56b7333c7f26,6,5,1,1,0.7467576586688046,0.4638652255569352,0.4586374547075184
66ab330c867b56b7333c7f26,6,6,2,0,0.8006721471654814,0.4638652255569352,0.4586374547075184
66ab330c867b56b7333c7f26,6,7,3,1,0.8006721471654814,0.36510979166202573,0.4586374547075184
66ab330c867b56b7333c7f26,6,8,2,0,0.8006721471654814,0.36510979166202573,0.573891825000884
66ab330c867b56b7333c7f26,6,9,1,0,0.8006721471654814,0.28737907787662187,0.573891825000884
66ab330c867b56b7333c7f26,6,10,3,0,0.5323730029722531,0.28737907787662187,0.573891825000884
66ab330c867b56b7333c7f26,6,11,1,1,0.5323730029722531,0.28737907787662187,0.45171207486564013
66ab330c867b56b7333c7f26,6,12,2,1,0.7089383650489937,0.28737907787662187,0.45171207486564013
66ab330c867b56b7333c7f26,6,13,2,1,0.7089383650489937,0.4987341252871269,0.45171207486564013
66ab330c867b56b7333c7f26,6,14,1,1,0.7089383650489937,0.5585089632160658,0.45171207486564013
66ab330c867b56b7333c7f26,6,15,1,0,0.7709044629953087,0.5585089632160658,0.45171207486564013
66ab330c867b56b7333c7f26,6,16,1,0,0.5207888936450571,0.5585089632160658,0.45171207486564013
66ab330c867b56b7333c7f26,6,17,1,0,0.47759952359850677,0.5585089632160658,0.45171207486564013
66ab330c867b56b7333c7f26,6,18,1,1,0.3759201033158692,0.5585089632160658,0.45171207486564013
66ab330c867b56b7333c7f26,6,19,2,0,0.5656627205509005,0.5585089632160658,0.45171207486564013
66ab330c867b56b7333c7f26,6,20,2,0,0.5656627205509005,0.4396041744149679,0.45171207486564013
66ab330c867b56b7333c7f26,6,21,2,1,0.5656627205509005,0.34601384054349466,0.45171207486564013
66ab330c867b56b7333c7f26,6,22,1,1,0.5656627205509005,0.49994733980204514,0.45171207486564013
66ab330c867b56b7333c7f26,6,23,1,0,0.6133629107265354,0.49994733980204514,0.45171207486564013
66ab330c867b56b7333c7f26,6,24,2,1,0.48277989158596685,0.49994733980204514,0.45171207486564013
66ab330c867b56b7333c7f26,6,25,1,0,0.48277989158596685,0.5948350378387843,0.45171207486564013
66ab9137e5573312997df691,1,1,3,0,0.5,0.5,0.5
66ab9137e5573312997df691,1,2,1,1,0.5,0.5,0.013354286039458735
66ab9137e5573312997df691,1,3,1,1,0.9866457139605412,0.5,0.013354286039458735
66ab9137e5573312997df691,1,4,2,1,0.9996433260774547,0.5,0.013354286039458735
66ab9137e5573312997df691,1,5,1,1,0.9996433260774547,0.9866457139605412,0.013354286039458735
66ab9137e5573312997df691,1,6,2,0,0.9999904737482275,0.9866457139605412,0.013354286039458735
66ab9137e5573312997df691,1,7,3,0,0.9999904737482275,0.026351898156372178,0.013354286039458735
66ab9137e5573312997df691,1,8,1,1,0.9999904737482275,0.026351898156372178,3.566739225453154e-4
66ab9137e5573312997df691,1,9,2,0,0.9999997455673937,0.026351898156372178,3.566739225453154e-4
66ab9137e5573312997df691,1,10,1,0,0.9999997455673937,7.038215933181553e-4,3.566739225453154e-4
66ab9137e5573312997df691,1,11,3,1,0.026708565283385,7.038215933181553e-4,3.566739225453154e-4
66ab9137e5573312997df691,1,12,3,0,0.026708565283385,7.038215933181553e-4,0.973300954172855
66ab9137e5573312997df691,1,13,2,1,0.026708565283385,7.038215933181553e-4,0.025995478666433147
66ab9137e5573312997df691,1,14,2,1,0.026708565283385,0.9733102259920212,0.025995478666433147
66ab9137e5573312997df691,1,15,2,1,0.026708565283385,0.9992871542245895,0.025995478666433147
66ab9137e5573312997df691,1,16,1,0,0.026708565283385,0.999980960906021,0.025995478666433147
66ab9137e5573312997df691,1,17,3,1,7.133476635916326e-4,0.999980960906021,0.025995478666433147
66ab9137e5573312997df691,1,18,3,0,7.133476635916326e-4,0.999980960906021,0.9739857300581607
66ab9137e5573312997df691,1,19,2,1,7.133476635916326e-4,0.999980960906021,0.026013768053658237
66ab9137e5573312997df691,1,20,2,0,7.133476635916326e-4,0.9999994914929378,0.026013768053658237
66ab9137e5573312997df691,1,21,1,1,7.133476635916326e-4,0.02670855849741821,0.026013768053658237
66ab9137e5573312997df691,1,22,1,0,0.9733104804197799,0.02670855849741821,0.026013768053658237
66ab9137e5573312997df691,1,23,3,1,0.025995733098909957,0.02670855849741821,0.026013768053658237
66ab9137e5573312997df691,1,24,3,0,0.025995733098909957,0.02670855849741821,0.9739862185416235
66ab9137e5573312997df691,1,25,2,1,0.025995733098909957,0.02670855849741821,0.026013781100355626
66ab9137e5573312997df691,2,1,2,1,0.025995733098909957,0.9740047754034307,0.026013781100355626
66ab9137e5573312997df691,2,2,2,1,0.025995733098909957,0.999305704648766,0.026013781100355626
66ab9137e5573312997df691,2,3,3,1,0.025995733098909957,0.9999814563614089,0.026013781100355626
66ab9137e5573312997df691,2,4,1,0,0.025995733098909957,0.9999814563614089,0.9739862188900821
66ab9137e5573312997df691,2,5,3,0,6.943089326071506e-4,0.9999814563614089,0.9739862188900821
66ab9137e5573312997df691,2,6,2,1,6.943089326071506e-4,0.9999814563614089,0.02601378110966246
66ab9137e5573312997df691,2,7,2,0,6.943089326071506e-4,0.9999995047258454,0.02601378110966246
66ab9137e5573312997df691,2,8,3,1,6.943089326071506e-4,0.026708558850850384,0.02601378110966246
66ab9137e5573312997df691,2,9,3,1,6.943089326071506e-4,0.026708558850850384,0.9739862188903308
66ab9137e5573312997df691,2,10,3,1,6.943089326071506e-4,0.026708558850850384,0.9993052090307517
66ab9137e5573312997df691,2,11,2,0,6.943089326071506e-4,0.026708558850850384,0.9999814431241578
66ab9137e5573312997df691,2,12,3,0,6.943089326071506e-4,7.133474917877906e-4,0.9999814431241578
66ab9137e5573312997df691,2,13,1,1,6.943089326071506e-4,7.133474917877906e-4,0.026708076451214813
66ab9137e5573312997df691,2,14,1,1,0.9733099719224128,7.133474917877906e-4,0.026708076451214813
66ab9137e5573312997df691,2,15,1,1,0.9992871474387521,7.133474917877906e-4,0.026708076451214813
66ab9137e5573312997df691,2,16,3,0,0.9999809607247809,7.133474917877906e-4,0.026708076451214813
66ab9137e5573312997df691,2,17,1,1,0.9999809607247809,7.133474917877906e-4,7.133346075807439e-4
66ab9137e5573312997df691,2,18,1,0,0.9999994914880972,7.133474917877906e-4,7.133346075807439e-4
66ab9137e5573312997df691,2,19,3,0,0.02670855849728898,7.133474917877906e-4,7.133346075807439e-4
66ab9137e5573312997df691,2,20,2,1,0.02670855849728898,7.133474917877906e-4,1.9052149989909415e-5
66ab9137e5573312997df691,2,21,2,0,0.02670855849728898,0.9733104804151913,1.9052149989909415e-5
66ab9137e5573312997df691,2,22,1,0,0.02670855849728898,0.025995733098787388,1.9052149989909415e-5
66ab9137e5573312997df691,2,23,3,1,7.13347482344669e-4,0.025995733098787388,1.9052149989909415e-5
66ab9137e5573312997df691,2,24,3,0,7.13347482344669e-4,0.025995733098787388,0.9732919367768522
66ab9137e5573312997df691,2,25,2,1,7.13347482344669e-4,0.025995733098787388,0.025995237824639528
66ab9137e5573312997df691,3,1,2,0,7.13347482344669e-4,0.9739857368536864,0.025995237824639528
66ab9137e5573312997df691,3,2,3,1,7.13347482344669e-4,0.026013768235156998,0.025995237824639528
66ab9137e5573312997df691,3,3,3,1,7.13347482344669e-4,0.026013768235156998,0.9739857236256195
66ab9137e5573312997df691,3,4,3,1,7.13347482344669e-4,0.026013768235156998,0.9993051958029368
66ab9137e5573312997df691,3,5,3,1,7.13347482344669e-4,0.026013768235156998,0.9999814427708617
66ab9137e5573312997df691,3,6,2,0,7.13347482344669e-4,0.026013768235156998,0.9999995043628613
66ab9137e5573312997df691,3,7,3,1,7.13347482344669e-4,6.947906253884743e-4,0.9999995043628613
66ab9137e5573312997df691,3,8,3,1,7.13347482344669e-4,6.947906253884743e-4,0.9999999867622381
66ab9137e5573312997df691,3,9,1,0,7.13347482344669e-4,6.947906253884743e-4,0.9999999996464383
66ab9137e5573312997df691,3,10,3,0,1.9052493856523526e-5,6.947906253884743e-4,0.9999999996464383
66ab9137e5573312997df691,3,11,2,0,1.9052493856523526e-5,6.947906253884743e-4,0.0267085720694743
66ab9137e5573312997df691,3,12,3,0,1.9052493856523526e-5,1.8556866658261083e-5,0.0267085720694743
66ab9137e5573312997df691,3,13,1,0,1.9052493856523526e-5,1.8556866658261083e-5,7.133478448384176e-4
66ab9137e5573312997df691,3,14,2,0,5.088649538062438e-7,1.8556866658261083e-5,7.133478448384176e-4
66ab9137e5573312997df691,3,15,2,1,5.088649538062438e-7,4.95627457390854e-7,7.133478448384176e-4
66ab9137e5573312997df691,3,16,2,1,5.088649538062438e-7,0.9732914411585859,7.133478448384176e-4
66ab9137e5573312997df691,3,17,2,0,5.088649538062438e-7,0.9992866525084643,7.133478448384176e-4
66ab9137e5573312997df691,3,18,1,1,5.088649538062438e-7,0.02668951958481547,7.133478448384176e-4
66ab9137e5573312997df691,3,19,3,1,0.9732914415121405,0.02668951958481547,7.133478448384176e-4
66ab9137e5573312997df691,3,20,3,1,0.9732914415121405,0.02668951958481547,0.9733104804246208
66ab9137e5573312997df691,3,21,1,1,0.9732914415121405,0.02668951958481547,0.9992871610201217
66ab9137e5573312997df691,3,22,1,1,0.9992866525179072,0.02668951958481547,0.9992871610201217
66ab9137e5573312997df691,3,23,1,1,0.9999809475061502,0.02668951958481547,0.9992871610201217
66ab9137e5573312997df691,3,24,3,1,0.9999994911350464,0.02668951958481547,0.9992871610201217
66ab9137e5573312997df691,3,25,3,1,0.9999994911350464,0.02668951958481547,0.99998096108752
66ab9137e5573312997df691,4,1,2,1,0.9999994911350464,0.02668951958481547,0.9999994914977854
66ab9137e5573312997df691,4,2,3,1,0.9999994911350464,0.9740042669012128,0.9999994914977854
66ab9137e5573312997df691,4,3,2,1,0.9999994911350464,0.9740042669012128,0.9999999864186302
66ab9137e5573312997df691,4,4,1,1,0.9999994911350464,0.9993056910673961,0.9999999864186302
66ab9137e5573312997df691,4,5,2,1,0.9999999864089419,0.9993056910673961,0.9999999864186302
66ab9137e5573312997df691,4,6,3,1,0.9999999864089419,0.9999814559986697,0.9999999864186302
66ab9137e5573312997df691,4,7,1,1,0.9999999864089419,0.9999814559986697,0.9999999996372609
66ab9137e5573312997df691,4,8,2,0,0.9999999996370021,0.9999814559986697,0.9999999996372609
66ab9137e5573312997df691,4,9,1,0,0.9999999996370021,0.026708076795074642,0.9999999996372609
66ab9137e5573312997df691,4,10,3,0,0.026708572069222336,0.026708076795074642,0.9999999996372609
66ab9137e5573312997df691,4,11,2,0,0.026708572069222336,0.026708076795074642,0.02670857206922922
66ab9137e5573312997df691,4,12,2,0,0.026708572069222336,7.133346167647516e-4,0.02670857206922922
66ab9137e5573312997df691,4,13,3,1,0.026708572069222336,1.9052150235201158e-5,0.02670857206922922
66ab9137e5573312997df691,4,14,3,1,0.026708572069222336,1.9052150235201158e-5,0.9740047757659144
66ab9137e5573312997df691,4,15,3,1,0.026708572069222336,1.9052150235201158e-5,0.9993057046584475
66ab9137e5573312997df691,4,16,2,1,0.026708572069222336,1.9052150235201158e-5,0.9999814563616675
66ab9137e5573312997df691,4,17,1,1,0.026708572069222336,0.9732919367768587,0.9999814563616675
66ab9137e5573312997df691,4,18,1,0,0.9740047757659143,0.9732919367768587,0.9999814563616675
66ab9137e5573312997df691,4,19,2,0,0.026014276737364894,0.9732919367768587,0.9999814563616675
66ab9137e5573312997df691,4,20,1,1,0.026014276737364894,0.02599523782463975,0.9999814563616675
66ab9137e5573312997df691,4,21,3,0,0.9739862321278405,0.02599523782463975,0.9999814563616675
66ab9137e5573312997df691,4,22,1,1,0.9739862321278405,0.02599523782463975,0.02670807680476983
66ab9137e5573312997df691,4,23,1,1,0.9993052093843067,0.02599523782463975,0.02670807680476983
66ab9137e5573312997df691,4,24,3,1,0.9999814431336007,0.02599523782463975,0.02670807680476983
66ab9137e5573312997df691,4,25,2,1,0.9999814431336007,0.02599523782463975,0.9740047625381063
66ab9137e5573312997df691,5,1,2,0,0.9999814431336007,0.9739857236256195,0.9740047625381063
66ab9137e5573312997df691,5,2,3,0,0.9999814431336007,0.026013767881854222,0.9740047625381063
66ab9137e5573312997df691,5,3,1,0,0.9999814431336007,0.026013767881854222,0.026014276384069
66ab9137e5573312997df691,5,4,2,1,0.026708076451467,0.026013767881854222,0.026014276384069
66ab9137e5573312997df691,5,5,2,1,0.026708076451467,0.9739862185370347,0.026014276384069
66ab9137e5573312997df691,5,6,1,0,0.026708076451467,0.9993052090213156,0.026014276384069
66ab9137e5573312997df691,5,7,2,0,7.133346075874798e-4,0.9993052090213156,0.026014276384069
66ab9137e5573312997df691,5,8,3,0,7.133346075874798e-4,0.02669001520282316,0.026014276384069
66ab9137e5573312997df691,5,9,2,1,7.133346075874798e-4,0.02669001520282316,6.94804197322034e-4
66ab9137e5573312997df691,5,10,2,0,7.133346075874798e-4,0.9740042801384637,6.94804197322034e-4
66ab9137e5573312997df691,5,11,1,0,7.133346075874798e-4,0.026014263499861745,6.94804197322034e-4
66ab9137e5573312997df691,5,12,1,0,1.9052149990089284e-5,0.026014263499861745,6.94804197322034e-4
66ab9137e5573312997df691,5,13,2,1,5.088557696230701e-7,0.026014263499861745,6.94804197322034e-4
66ab9137e5573312997df691,5,14,2,1,5.088557696230701e-7,0.9739862317742858,6.94804197322034e-4
66ab9137e5573312997df691,5,15,2,0,5.088557696230701e-7,0.9993052093748638,6.94804197322034e-4
66ab9137e5573312997df691,5,16,3,0,5.088557696230701e-7,0.02669001521226594,6.94804197322034e-4
66ab9137e5573312997df691,5,17,1,0,5.088557696230701e-7,0.02669001521226594,1.8557229145284228e-5
66ab9137e5573312997df691,5,18,2,0,1.3590812722728889e-8,0.02669001521226594,1.8557229145284228e-5
66ab9137e5573312997df691,5,19,2,1,1.3590812722728889e-8,7.128522176334199e-4,1.8557229145284228e-5
66ab9137e5573312997df691,5,20,2,0,1.3590812722728889e-8,0.9733104671871242,1.8557229145284228e-5
66ab9137e5573312997df691,5,21,3,0,1.3590812722728889e-8,0.025995732745484557,1.8557229145284228e-5
66ab9137e5573312997df691,5,22,2,0,1.3590812722728889e-8,0.025995732745484557,4.956371389034782e-7
66ab9137e5573312997df691,5,23,3,1,1.3590812722728889e-8,6.943089231676615e-4,4.956371389034782e-7
66ab9137e5573312997df691,5,24,3,0,1.3590812722728889e-8,6.943089231676615e-4,0.9732914411588445
66ab9137e5573312997df691,5,25,2,0,1.3590812722728889e-8,6.943089231676615e-4,0.02599522458738862
66ab9137e5573312997df691,6,1,2,1,1.3590812722728889e-8,1.8544001078168754e-5,0.02599522458738862
66ab9137e5573312997df691,6,2,2,0,1.3590812722728889e-8,0.9732919232049186,0.02599522458738862
66ab9137e5573312997df691,6,3,1,1,1.3590812722728889e-8,0.025995237462152543,0.02599522458738862
66ab9137e5573312997df691,6,4,1,0,0.9732914282840738,0.025995237462152543,0.02599522458738862
66ab9137e5573312997df691,6,5,2,0,0.025995224243521797,0.025995237462152543,0.02599522458738862
66ab9137e5573312997df691,6,6,3,0,0.025995224243521797,6.94295694855426e-4,0.02599522458738862
66ab9137e5573312997df691,6,7,2,1,0.025995224243521797,6.94295694855426e-4,6.942953509888102e-4
66ab9137e5573312997df691,6,8,2,0,0.025995224243521797,0.9733099715688514,6.942953509888102e-4
66ab9137e5573312997df691,6,9,1,1,0.025995224243521797,0.025995719508226545,6.942953509888102e-4
66ab9137e5573312997df691,6,10,1,0,0.9739857232628871,0.025995719508226545,6.942953509888102e-4
66ab9137e5573312997df691,6,11,3,1,0.026013767872166138,0.025995719508226545,6.942953509888102e-4
66ab9137e5573312997df691,6,12,3,1,0.026013767872166138,0.025995719508226545,0.9733099715596671
66ab9137e5573312997df691,6,13,3,0,0.026013767872166138,0.025995719508226545,0.9992871474290637
66ab9137e5573312997df691,6,14,2,0,0.026013767872166138,0.025995719508226545,0.026689532803439664
66ab9137e5573312997df691,6,15,2,1,0.026013767872166138,6.943085696193459e-4,0.026689532803439664
66ab9137e5573312997df691,6,16,2,1,0.026013767872166138,0.973309971912718,0.026689532803439664
66ab9137e5573312997df691,6,17,2,0,0.026013767872166138,0.9992871474384932,0.026689532803439664
66ab9137e5573312997df691,6,18,3,0,0.026013767872166138,0.026689532803691463,0.026689532803439664
66ab9137e5573312997df691,6,19,1,0,0.026013767872166138,0.026689532803691463,7.128393331809011e-4
66ab9137e5573312997df691,6,20,1,1,6.947906156935038e-4,0.026689532803691463,7.128393331809011e-4
66ab9137e5573312997df691,6,21,1,0,0.9733099847874818,0.026689532803691463,7.128393331809011e-4
66ab9137e5573312997df691,6,22,2,0,0.0259957198612773,0.026689532803691463,7.128393331809011e-4
66ab9137e5573312997df691,6,23,1,1,0.0259957198612773,7.128393331876249e-4,7.128393331809011e-4
66ab9137e5573312997df691,6,24,1,0,0.9739857365001314,7.128393331876249e-4,7.128393331809011e-4
66ab9137e5573312997df691,6,25,3,0,0.02601376822571405,7.128393331876249e-4,7.128393331809011e-4
677009b08130c3028f6a8a6d,1,1,2,0,0.5,0.5,0.5
677009b08130c3028f6a8a6d,1,2,2,0,0.5,0.01589115931390339,0.5
677009b08130c3028f6a8a6d,1,3,1,1,0.5,5.05058388614206e-4,0.5
677009b08130c3028f6a8a6d,1,4,1,1,0.9841088406860966,5.05058388614206e-4,0.5
677009b08130c3028f6a8a6d,1,5,1,1,0.9994949416113859,5.05058388614206e-4,0.5
677009b08130c3028f6a8a6d,1,6,3,1,0.9999839480415893,5.05058388614206e-4,0.5
677009b08130c3028f6a8a6d,1,7,2,0,0.9999839480415893,5.05058388614206e-4,0.9841088406860966
677009b08130c3028f6a8a6d,1,8,3,0,0.9999839480415893,1.6051958410737843e-5,0.9841088406860966
677009b08130c3028f6a8a6d,1,9,1,0,0.9999839480415893,1.6051958410737843e-5,0.031277260239192584
677009b08130c3028f6a8a6d,1,10,2,1,0.03178180845783496,1.6051958410737843e-5,0.031277260239192584
677009b08130c3028f6a8a6d,1,11,2,1,0.03178180845783496,0.968218191542165,0.031277260239192584
677009b08130c3028f6a8a6d,1,12,2,0,0.03178180845783496,0.9989898994372204,0.031277260239192584
677009b08130c3028f6a8a6d,1,13,3,1,0.03178180845783496,0.0317502152263206,0.031277260239192584
677009b08130c3028f6a8a6d,1,14,3,0,0.03178180845783496,0.0317502152263206,0.9692117461910108
677009b08130c3028f6a8a6d,1,15,1,0,0.03178180845783496,0.0317502152263206,0.030803795597428074
677009b08130c3028f6a8a6d,1,16,2,1,0.0010101005627796145,0.0317502152263206,0.030803795597428074
677009b08130c3028f6a8a6d,1,17,3,0,0.0010101005627796145,0.9692267778258568,0.030803795597428074
677009b08130c3028f6a8a6d,1,18,2,1,0.0010101005627796145,0.9692267778258568,9.790169859017137e-4
677009b08130c3028f6a8a6d,1,19,2,1,0.0010101005627796145,0.999021954711216,9.790169859017137e-4
677009b08130c3028f6a8a6d,1,20,2,1,0.0010101005627796145,0.999968915392468,9.790169859017137e-4
677009b08130c3028f6a8a6d,1,21,2,0,0.0010101005627796145,0.9999990120561972,9.790169859017137e-4
677009b08130c3028f6a8a6d,1,22,2,1,0.0010101005627796145,0.031782287228538764,9.790169859017137e-4
677009b08130c3028f6a8a6d,1,23,2,0,0.0010101005627796145,0.9692277971514751,9.790169859017137e-4
677009b08130c3028f6a8a6d,1,24,1,1,0.0010101005627796145,0.030804305735682658,9.790169859017137e-4
677009b08130c3028f6a8a6d,1,25,3,1,0.9682497847736794,0.030804305735682658,9.790169859017137e-4
677009b08130c3028f6a8a6d,2,1,2,0,0.9682497847736794,0.030804305735682658,0.9682487968626334
677009b08130c3028f6a8a6d,2,2,2,1,0.9682497847736794,9.790331993424564e-4,0.9682487968626334
677009b08130c3028f6a8a6d,2,3,2,0,0.9682497847736794,0.9682487973779367,0.9682487968626334
677009b08130c3028f6a8a6d,2,4,1,1,0.9682497847736794,0.03077319079229396,0.9682487968626334
677009b08130c3028f6a8a6d,2,5,1,0,0.9989909035463365,0.03077319079229396,0.9682487968626334
677009b08130c3028f6a8a6d,2,6,3,0,0.031750247139362364,0.03077319079229396,0.9682487968626334
677009b08130c3028f6a8a6d,2,7,2,1,0.031750247139362364,0.03077319079229396,0.030773190775916393
677009b08130c3028f6a8a6d,2,8,2,1,0.031750247139362364,0.9691957256635844,0.030773190775916393
677009b08130c3028f6a8a6d,2,9,2,1,0.031750247139362364,0.9990209677986039,0.030773190775916393
677009b08130c3028f6a8a6d,2,10,2,0,0.031750247139362364,0.9999688840259737,0.030773190775916393
677009b08130c3028f6a8a6d,2,11,1,1,0.031750247139362364,0.031781329687099236,0.030773190775916393
677009b08130c3028f6a8a6d,2,12,1,0,0.9692267788401322,0.031781329687099236,0.030773190775916393
677009b08130c3028f6a8a6d,2,13,3,0,0.030804273371259017,0.031781329687099236,0.030773190775916393
677009b08130c3028f6a8a6d,2,14,2,0,0.030804273371259017,0.031781329687099236,9.780442908706184e-4
677009b08130c3028f6a8a6d,2,15,2,0,0.030804273371259017,0.0010100853462762498,9.780442908706184e-4
677009b08130c3028f6a8a6d,2,16,1,0,0.030804273371259017,3.2102917868025616e-5,9.780442908706184e-4
677009b08130c3028f6a8a6d,2,17,1,1,9.790321707209455e-4,3.2102917868025616e-5,9.780442908706184e-4
677009b08130c3028f6a8a6d,2,18,1,1,0.9682487973452445,3.2102917868025616e-5,9.780442908706184e-4
677009b08130c3028f6a8a6d,2,19,1,0,0.9989908721634482,3.2102917868025616e-5,9.780442908706184e-4
677009b08130c3028f6a8a6d,2,20,3,1,0.0317502461419365,3.2102917868025616e-5,9.780442908706184e-4
677009b08130c3028f6a8a6d,2,21,3,1,0.0317502461419365,3.2102917868025616e-5,0.968248765948009
677009b08130c3028f6a8a6d,2,22,3,0,0.0317502461419365,3.2102917868025616e-5,0.9989908711655664
677009b08130c3028f6a8a6d,2,23,3,1,0.0317502461419365,3.2102917868025616e-5,0.031750246110221314
677009b08130c3028f6a8a6d,2,24,3,1,0.0317502461419365,3.2102917868025616e-5,0.9692267788074235
677009b08130c3028f6a8a6d,2,25,3,1,0.0317502461419365,3.2102917868025616e-5,0.9990219547424126
677009b08130c3028f6a8a6d,3,1,2,1,0.0317502461419365,3.2102917868025616e-5,0.9999689153934594
677009b08130c3028f6a8a6d,3,2,2,0,0.0317502461419365,0.9682187016803876,0.9999689153934594
677009b08130c3028f6a8a6d,3,3,1,0,0.0317502461419365,0.03077223427846687,0.9999689153934594
677009b08130c3028f6a8a6d,3,4,1,1,0.0010090974362382595,0.03077223427846687,0.9999689153934594
677009b08130c3028f6a8a6d,3,5,1,0,0.9682497528918663,0.03077223427846687,0.9999689153934594
677009b08130c3028f6a8a6d,3,6,2,1,0.030773221160860342,0.03077223427846687,0.9999689153934594
677009b08130c3028f6a8a6d,3,7,2,1,0.030773221160860342,0.9691956952632388,0.9999689153934594
677009b08130c3028f6a8a6d,3,8,2,0,0.030773221160860342,0.9990209668324057,0.9999689153934594
677009b08130c3028f6a8a6d,3,9,2,1,0.030773221160860342,0.03175120262307235,0.9999689153934594
677009b08130c3028f6a8a6d,3,10,2,1,0.030773221160860342,0.9692268092077381,0.9999689153934594
677009b08130c3028f6a8a6d,3,11,3,1,0.030773221160860342,0.9990219557086099,0.9999689153934594
677009b08130c3028f6a8a6d,3,12,3,1,0.030773221160860342,0.9990219557086099,0.9999990120562288
677009b08130c3028f6a8a6d,3,13,2,0,0.030773221160860342,0.9990219557086099,0.999999968600733
677009b08130c3028f6a8a6d,3,14,2,1,0.030773221160860342,0.03175123405197444,0.999999968600733
677009b08130c3028f6a8a6d,3,15,3,1,0.030773221160860342,0.9692268102066264,0.999999968600733
677009b08130c3028f6a8a6d,3,16,3,1,0.030773221160860342,0.9692268102066264,0.9999999990020536
677009b08130c3028f6a8a6d,3,17,2,1,0.030773221160860342,0.9692268102066264,0.9999999999682827
677009b08130c3028f6a8a6d,3,18,3,1,0.030773221160860342,0.999021955740357,0.9999999999682827
677009b08130c3028f6a8a6d,3,19,1,0,0.030773221160860342,0.999021955740357,0.9999999999989919
677009b08130c3028f6a8a6d,3,20,3,0,9.780452565793032e-4,0.999021955740357,0.9999999999989919
677009b08130c3028f6a8a6d,3,21,2,0,9.780452565793032e-4,0.999021955740357,0.03178231862777475
677009b08130c3028f6a8a6d,3,22,2,1,9.780452565793032e-4,0.03175123405298347,0.03178231862777475
677009b08130c3028f6a8a6d,3,23,2,1,9.780452565793032e-4,0.9692268102066585,0.03178231862777475
677009b08130c3028f6a8a6d,3,24,2,1,9.780452565793032e-4,0.9990219557403581,0.03178231862777475
677009b08130c3028f6a8a6d,3,25,2,1,9.780452565793032e-4,0.9999689154251767,0.03178231862777475
677009b08130c3028f6a8a6d,4,1,2,0,9.780452565793032e-4,0.9999990120572368,0.03178231862777475
677009b08130c3028f6a8a6d,4,2,2,1,9.780452565793032e-4,0.03178228722857179,0.03178231862777475
677009b08130c3028f6a8a6d,4,3,2,1,9.780452565793032e-4,0.9692277971514762,0.03178231862777475
677009b08130c3028f6a8a6d,4,4,2,0,9.780452565793032e-4,0.9990219871078758,0.03178231862777475
677009b08130c3028f6a8a6d,4,5,2,1,9.780452565793032e-4,0.031751235049920834,0.03178231862777475
677009b08130c3028f6a8a6d,4,6,2,1,9.780452565793032e-4,0.9692268102383437,0.03178231862777475
677009b08130c3028f6a8a6d,4,7,2,1,9.780452565793032e-4,0.9990219557413651,0.03178231862777475
677009b08130c3028f6a8a6d,4,8,1,0,9.780452565793032e-4,0.9999689154252087,0.03178231862777475
677009b08130c3028f6a8a6d,4,9,3,1,3.1084606508469874e-5,0.9999689154252087,0.03178231862777475
677009b08130c3028f6a8a6d,4,10,1,0,3.1084606508469874e-5,0.9999689154252087,0.9692277981494206
677009b08130c3028f6a8a6d,4,11,3,1,9.879437702191736e-7,0.9999689154252087,0.9692277981494206
677009b08130c3028f6a8a6d,4,12,3,1,9.879437702191736e-7,0.9999689154252087,0.999021987139593
677009b08130c3028f6a8a6d,4,13,3,1,9.879437702191736e-7,0.9999689154252087,0.999968916423122
677009b08130c3028f6a8a6d,4,14,2,0,9.879437702191736e-7,0.9999689154252087,0.9999990120889539
677009b08130c3028f6a8a6d,4,15,3,1,9.879437702191736e-7,0.03178133068504457,0.9999990120889539
677009b08130c3028f6a8a6d,4,16,3,1,9.879437702191736e-7,0.03178133068504457,0.9999999686017731
677009b08130c3028f6a8a6d,4,17,3,0,9.879437702191736e-7,0.03178133068504457,0.9999999990020867
677009b08130c3028f6a8a6d,4,18,2,0,9.879437702191736e-7,0.03178133068504457,0.0317823185960906
677009b08130c3028f6a8a6d,4,19,2,1,9.879437702191736e-7,0.0010100853779934534,0.0317823185960906
677009b08130c3028f6a8a6d,4,20,2,0,9.879437702191736e-7,0.9682497842910693,0.0317823185960906
677009b08130c3028f6a8a6d,4,21,2,1,9.879437702191736e-7,0.030773222158804736,0.0317823185960906
677009b08130c3028f6a8a6d,4,22,2,0,9.879437702191736e-7,0.9691957266604897,0.0317823185960906
677009b08130c3028f6a8a6d,4,23,1,0,9.879437702191736e-7,0.030803286458094936,0.0317823185960906
677009b08130c3028f6a8a6d,4,24,3,1,3.139926699624364e-8,0.030803286458094936,0.0317823185960906
677009b08130c3028f6a8a6d,4,25,3,0,3.139926699624364e-8,0.030803286458094936,0.9692277981484136
677009b08130c3028f6a8a6d,5,1,3,1,3.139926699624364e-8,0.030803286458094936,0.030804305767367812
677009b08130c3028f6a8a6d,5,2,3,0,3.139926699624364e-8,0.030803286458094936,0.9691967145725426
677009b08130c3028f6a8a6d,5,3,2,1,3.139926699624364e-8,0.030803286458094936,0.030803317856353873
677009b08130c3028f6a8a6d,5,4,2,1,3.139926699624364e-8,0.9691966821764024,0.030803317856353873
677009b08130c3028f6a8a6d,5,5,2,0,3.139926699624364e-8,0.9990209981989175,0.030803317856353873
677009b08130c3028f6a8a6d,5,6,2,0,3.139926699624364e-8,0.03175120361997774,0.030803317856353873
677009b08130c3028f6a8a6d,5,7,1,0,3.139926699624364e-8,0.0010091278672290163,0.030803317856353873
677009b08130c3028f6a8a6d,5,8,3,1,9.97946415080359e-10,0.0010091278672290163,0.030803317856353873
677009b08130c3028f6a8a6d,5,9,3,0,9.97946415080359e-10,0.0010091278672290163,0.9691966831743168
677009b08130c3028f6a8a6d,5,10,3,0,9.97946415080359e-10,0.0010091278672290163,0.03080331685844051
677009b08130c3028f6a8a6d,5,11,2,0,9.97946415080359e-10,0.0010091278672290163,9.79001770407384e-4
677009b08130c3028f6a8a6d,5,12,2,1,9.97946415080359e-10,3.207248684529543e-5,9.79001770407384e-4
677009b08130c3028f6a8a6d,5,13,2,0,9.97946415080359e-10,0.9682187007132144,9.79001770407384e-4
677009b08130c3028f6a8a6d,5,14,1,1,9.97946415080359e-10,0.030772234247727737,9.79001770407384e-4
677009b08130c3028f6a8a6d,5,15,1,1,0.9682176814039105,0.030772234247727737,9.79001770407384e-4
677009b08130c3028f6a8a6d,5,16,1,1,0.9989898832237796,0.030772234247727737,9.79001770407384e-4
677009b08130c3028f6a8a6d,5,17,1,0,0.9999678960832106,0.030772234247727737,9.79001770407384e-4
677009b08130c3028f6a8a6d,5,18,3,0,0.031781298287864246,0.030772234247727737,9.79001770407384e-4
677009b08130c3028f6a8a6d,5,19,3,0,0.031781298287864246,0.030772234247727737,3.1115006854117225e-5
677009b08130c3028f6a8a6d,5,20,3,0,0.031781298287864246,0.030772234247727737,9.88909968410073e-7
677009b08130c3028f6a8a6d,5,21,2,0,0.031781298287864246,0.030772234247727737,3.142997519538596e-8
677009b08130c3028f6a8a6d,5,22,2,0,0.031781298287864246,9.780138900685551e-4,3.142997519538596e-8
677009b08130c3028f6a8a6d,5,23,2,1,0.031781298287864246,3.108360960313154e-5,3.142997519538596e-8
677009b08130c3028f6a8a6d,5,24,2,0,0.031781298287864246,0.9682186692842792,3.142997519538596e-8
677009b08130c3028f6a8a6d,5,25,1,0,0.031781298287864246,0.030772233248838377,3.142997519538596e-8
677009b08130c3028f6a8a6d,6,1,3,1,0.0010100843483308516,0.030772233248838377,3.142997519538596e-8
677009b08130c3028f6a8a6d,6,2,3,0,0.0010100843483308516,0.030772233248838377,0.9682176823711156
677009b08130c3028f6a8a6d,6,3,3,0,0.0010100843483308516,0.030772233248838377,0.0307722018823266
677009b08130c3028f6a8a6d,6,4,3,0,0.0010100843483308516,0.030772233248838377,9.780128614159753e-4
677009b08130c3028f6a8a6d,6,5,2,0,0.0010100843483308516,0.030772233248838377,3.108357690997346e-5
677009b08130c3028f6a8a6d,6,6,2,0,0.0010100843483308516,9.780138583213478e-4,3.108357690997346e-5
677009b08130c3028f6a8a6d,6,7,2,0,0.0010100843483308516,3.1083608594124695e-5,3.108357690997346e-5
677009b08130c3028f6a8a6d,6,8,3,0,0.0010100843483308516,9.879120540001586e-7,3.108357690997346e-5
677009b08130c3028f6a8a6d,6,9,1,1,0.0010100843483308516,9.879120540001586e-7,9.879110469974261e-7
677009b08130c3028f6a8a6d,6,10,1,0,0.968249784258344,9.879120540001586e-7,9.879110469974261e-7
677009b08130c3028f6a8a6d,6,11,3,0,0.030773222157764624,9.879120540001586e-7,9.879110469974261e-7
677009b08130c3028f6a8a6d,6,12,2,0,0.030773222157764624,9.879120540001586e-7,3.1398226969179545e-8
677009b08130c3028f6a8a6d,6,13,2,1,0.030773222157764624,3.139825897431353e-8,3.1398226969179545e-8
677009b08130c3028f6a8a6d,6,14,2,1,0.030773222157764624,0.9682176823701076,3.1398226969179545e-8
677009b08130c3028f6a8a6d,6,15,2,0,0.030773222157764624,0.9989898832544879,3.1398226969179545e-8
677009b08130c3028f6a8a6d,6,16,1,0,0.030773222157764624,0.031750214711993296,3.1398226969179545e-8
677009b08130c3028f6a8a6d,6,17,3,0,9.780452882634204e-4,0.031750214711993296,3.1398226969179545e-8
677009b08130c3028f6a8a6d,6,18,1,0,9.780452882634204e-4,0.031750214711993296,9.979133603471507e-10
677009b08130c3028f6a8a6d,6,19,2,0,3.108460751547154e-5,0.031750214711993296,9.979133603471507e-10
677009b08130c3028f6a8a6d,6,20,2,1,3.108460751547154e-5,0.0010090964373168764,9.979133603471507e-10
677009b08130c3028f6a8a6d,6,21,2,0,3.108460751547154e-5,0.9682497528601182,9.979133603471507e-10
677009b08130c3028f6a8a6d,6,22,1,0,3.108460751547154e-5,0.030773221159851316,9.979133603471507e-10
677009b08130c3028f6a8a6d,6,23,1,0,9.879438022242746e-7,0.030773221159851316,9.979133603471507e-10
677009b08130c3028f6a8a6d,6,24,3,1,3.1399268013448946e-8,0.030773221159851316,9.979133603471507e-10
677009b08130c3028f6a8a6d,6,25,3,0,3.1399268013448946e-8,0.030773221159851316,0.9682176814039094
678cc86b7a22ead21c11ea4d,1,1,2,1,0.5,0.5,0.5
678cc86b7a22ead21c11ea4d,1,2,1,0,0.5,0.5885394864407043,0.5
678cc86b7a22ead21c11ea4d,1,3,2,0,0.41146051355929575,0.5885394864407043,0.5
678cc86b7a22ead21c11ea4d,1,4,3,0,0.41146051355929575,0.4843215186723442,0.5
678cc86b7a22ead21c11ea4d,1,5,2,0,0.41146051355929575,0.4843215186723442,0.41146051355929575
678cc86b7a22ead21c11ea4d,1,6,1,0,0.41146051355929575,0.3985583616047712,0.41146051355929575
678cc86b7a22ead21c11ea4d,1,7,2,0,0.3385995084462473,0.3985583616047712,0.41146051355929575
678cc86b7a22ead21c11ea4d,1,8,2,1,0.3385995084462473,0.3279820563102056,0.41146051355929575
678cc86b7a22ead21c11ea4d,1,9,2,0,0.3385995084462473,0.46403346166081194,0.41146051355929575
678cc86b7a22ead21c11ea4d,1,10,1,1,0.3385995084462473,0.3678311363457851,0.41146051355929575
678cc86b7a22ead21c11ea4d,1,11,3,0,0.4702602634839628,0.3678311363457851,0.41146051355929575
678cc86b7a22ead21c11ea4d,1,12,1,1,0.4702602634839628,0.3678311363457851,0.3385995084462473
678cc86b7a22ead21c11ea4d,1,13,2,0,0.5521002373727466,0.3678311363457851,0.3385995084462473
678cc86b7a22ead21c11ea4d,1,14,1,0,0.5521002373727466,0.30269597653743896,0.3385995084462473
678cc86b7a22ead21c11ea4d,1,15,3,0,0.4543348944013293,0.30269597653743896,0.3385995084462473
678cc86b7a22ead21c11ea4d,1,16,1,0,0.4543348944013293,0.30269597653743896,0.2786406552877234
678cc86b7a22ead21c11ea4d,1,17,2,1,0.37388173795869317,0.30269597653743896,0.2786406552877234
678cc86b7a22ead21c11ea4d,1,18,3,1,0.37388173795869317,0.4477417692258633,0.2786406552877234
678cc86b7a22ead21c11ea4d,1,19,2,1,0.37388173795869317,0.4477417692258633,0.4327299753913641
678cc86b7a22ead21c11ea4d,1,20,1,1,0.37388173795869317,0.5277864008601763,0.4327299753913641
678cc86b7a22ead21c11ea4d,1,21,2,0,0.48862682039232064,0.5277864008601763,0.4327299753913641
678cc86b7a22ead21c11ea4d,1,22,1,1,0.48862682039232064,0.4343922003866452,0.4327299753913641
678cc86b7a22ead21c11ea4d,1,23,1,0,0.5759933285039718,0.4343922003866452,0.4327299753913641
678cc86b7a22ead21c11ea4d,1,24,3,1,0.47399702149370654,0.4343922003866452,0.4327299753913641
678cc86b7a22ead21c11ea4d,1,25,2,1,0.47399702149370654,0.4343922003866452,0.5114961609656901
678cc86b7a22ead21c11ea4d,2,1,2,0,0.47399702149370654,0.5344954046544493,0.5114961609656901
678cc86b7a22ead21c11ea4d,2,2,1,0,0.47399702149370654,0.43984750737827283,0.5114961609656901
678cc86b7a22ead21c11ea4d,2,3,3,0,0.3900621157793832,0.43984750737827283,0.5114961609656901
678cc86b7a22ead21c11ea4d,2,4,2,1,0.3900621157793832,0.43984750737827283,0.4209209461398258
678cc86b7a22ead21c11ea4d,2,5,3,1,0.3900621157793832,0.539038735430279,0.4209209461398258
678cc86b7a22ead21c11ea4d,2,6,1,0,0.3900621157793832,0.539038735430279,0.5234636702163915
678cc86b7a22ead21c11ea4d,2,7,3,1,0.3209903169665441,0.539038735430279,0.5234636702163915
678cc86b7a22ead21c11ea4d,2,8,2,1,0.3209903169665441,0.539038735430279,0.607848234025929
678cc86b7a22ead21c11ea4d,2,9,3,0,0.3209903169665441,0.6206652826893029,0.607848234025929
678cc86b7a22ead21c11ea4d,2,10,2,1,0.3209903169665441,0.6206652826893029,0.4902263469032744
678cc86b7a22ead21c11ea4d,2,11,2,1,0.3209903169665441,0.6878374847928909,0.4902263469032744
678cc86b7a22ead21c11ea4d,2,12,2,0,0.3209903169665441,0.7431149023375883,0.4902263469032744
678cc86b7a22ead21c11ea4d,2,13,3,1,0.3209903169665441,0.5742473430641621,0.4902263469032744
678cc86b7a22ead21c11ea4d,2,14,1,0,0.3209903169665441,0.5742473430641621,0.5887131993565491
678cc86b7a22ead21c11ea4d,2,15,3,1,0.26414968134814915,0.5742473430641621,0.5887131993565491
678cc86b7a22ead21c11ea4d,2,16,2,1,0.26414968134814915,0.5742473430641621,0.6615434435630467
678cc86b7a22ead21c11ea4d,2,17,3,1,0.26414968134814915,0.6803156541456084,0.6615434435630467
678cc86b7a22ead21c11ea4d,2,18,2,0,0.26414968134814915,0.6803156541456084,0.7214769829250851
678cc86b7a22ead21c11ea4d,2,19,3,0,0.26414968134814915,0.5355221441523561,0.7214769829250851
678cc86b7a22ead21c11ea4d,2,20,2,1,0.26414968134814915,0.5355221441523561,0.561544188838321
678cc86b7a22ead21c11ea4d,2,21,3,0,0.26414968134814915,0.6377880650271677,0.561544188838321
678cc86b7a22ead21c11ea4d,2,22,2,1,0.26414968134814915,0.6377880650271677,0.48858350351433444
678cc86b7a22ead21c11ea4d,2,23,1,0,0.26414968134814915,0.7019281824322705,0.48858350351433444
678cc86b7a22ead21c11ea4d,2,24,2,0,0.21737432710630727,0.7019281824322705,0.48858350351433444
678cc86b7a22ead21c11ea4d,2,25,1,1,0.21737432710630727,0.5543569085237073,0.48858350351433444
678cc86b7a22ead21c11ea4d,3,1,1,0,0.3897255481470776,0.5543569085237073,0.48858350351433444
678cc86b7a22ead21c11ea4d,3,2,3,0,0.2929276908729359,0.5543569085237073,0.48858350351433444
678cc86b7a22ead21c11ea4d,3,3,3,0,0.2929276908729359,0.5543569085237073,0.4020656385536573
678cc86b7a22ead21c11ea4d,3,4,2,1,0.2929276908729359,0.5543569085237073,0.33086826826369087
678cc86b7a22ead21c11ea4d,3,5,2,0,0.2929276908729359,0.6524240479354604,0.33086826826369087
678cc86b7a22ead21c11ea4d,3,6,2,0,0.2929276908729359,0.5265293506594552,0.33086826826369087
678cc86b7a22ead21c11ea4d,3,7,1,0,0.2929276908729359,0.4418209238513259,0.33086826826369087
678cc86b7a22ead21c11ea4d,3,8,2,0,0.24105635625276978,0.4418209238513259,0.33086826826369087
678cc86b7a22ead21c11ea4d,3,9,3,1,0.24105635625276978,0.36358372847504306,0.33086826826369087
678cc86b7a22ead21c11ea4d,3,10,2,1,0.24105635625276978,0.36358372847504306,0.4689230261491445
678cc86b7a22ead21c11ea4d,3,11,2,0,0.24105635625276978,0.5011145088831321,0.4689230261491445
678cc86b7a22ead21c11ea4d,3,12,1,1,0.24105635625276978,0.39194055374379994,0.4689230261491445
678cc86b7a22ead21c11ea4d,3,13,2,0,0.40289792005756264,0.39194055374379994,0.4689230261491445
678cc86b7a22ead21c11ea4d,3,14,3,0,0.40289792005756264,0.3225361230703305,0.4689230261491445
678cc86b7a22ead21c11ea4d,3,15,2,1,0.40289792005756264,0.3225361230703305,0.3697856762491849
678cc86b7a22ead21c11ea4d,3,16,3,1,0.40289792005756264,0.47291318114468295,0.3697856762491849
678cc86b7a22ead21c11ea4d,3,17,2,0,0.40289792005756264,0.47291318114468295,0.4876017251745607
678cc86b7a22ead21c11ea4d,3,18,1,1,0.40289792005756264,0.3641431557126585,0.4876017251745607
678cc86b7a22ead21c11ea4d,3,19,2,0,0.4885282845223704,0.3641431557126585,0.4876017251745607
678cc86b7a22ead21c11ea4d,3,20,3,1,0.4885282845223704,0.29966105972789214,0.4876017251745607
678cc86b7a22ead21c11ea4d,3,21,1,0,0.4885282845223704,0.29966105972789214,0.5732194795443039
678cc86b7a22ead21c11ea4d,3,22,2,1,0.40304696633757375,0.29966105972789214,0.5732194795443039
678cc86b7a22ead21c11ea4d,3,23,3,1,0.40304696633757375,0.45459180360293316,0.5732194795443039
678cc86b7a22ead21c11ea4d,3,24,3,1,0.40304696633757375,0.45459180360293316,0.6487933357413208
678cc86b7a22ead21c11ea4d,3,25,1,1,0.40304696633757375,0.45459180360293316,0.7109846511003148
678cc86b7a22ead21c11ea4d,4,1,2,1,0.5062275667197885,0.45459180360293316,0.7109846511003148
678cc86b7a22ead21c11ea4d,4,2,3,0,0.5062275667197885,0.5257311581817223,0.7109846511003148
678cc86b7a22ead21c11ea4d,4,3,2,1,0.5062275667197885,0.5257311581817223,0.5598462543354193
678cc86b7a22ead21c11ea4d,4,4,3,0,0.5062275667197885,0.6097141975496481,0.5598462543354193
678cc86b7a22ead21c11ea4d,4,5,3,1,0.5062275667197885,0.6097141975496481,0.4814781067169714
678cc86b7a22ead21c11ea4d,4,6,2,0,0.5062275667197885,0.6097141975496481,0.5732974310038781
678cc86b7a22ead21c11ea4d,4,7,2,1,0.5062275667197885,0.49621359683111865,0.5732974310038781
678cc86b7a22ead21c11ea4d,4,8,1,1,0.5062275667197885,0.5899768280181492,0.5732974310038781
678cc86b7a22ead21c11ea4d,4,9,3,0,0.5936642820283378,0.5899768280181492,0.5732974310038781
678cc86b7a22ead21c11ea4d,4,10,2,1,0.5936642820283378,0.5899768280181492,0.4717785107629676
678cc86b7a22ead21c11ea4d,4,11,1,0,0.5936642820283378,0.662583310158291,0.4717785107629676
678cc86b7a22ead21c11ea4d,4,12,3,0,0.46748054027517116,0.662583310158291,0.4717785107629676
678cc86b7a22ead21c11ea4d,4,13,2,0,0.46748054027517116,0.662583310158291,0.388236456657563
678cc86b7a22ead21c11ea4d,4,14,2,0,0.46748054027517116,0.5269693406279187,0.388236456657563
678cc86b7a22ead21c11ea4d,4,15,2,1,0.46748054027517116,0.44870076621980537,0.388236456657563
678cc86b7a22ead21c11ea4d,4,16,1,0,0.46748054027517116,0.5463242682963327,0.388236456657563
678cc86b7a22ead21c11ea4d,4,17,2,1,0.40202886811990424,0.5463242682963327,0.388236456657563
678cc86b7a22ead21c11ea4d,4,18,1,0,0.40202886811990424,0.6266607008843297,0.388236456657563
678cc86b7a22ead21c11ea4d,4,19,3,0,0.33083800908876937,0.6266607008843297,0.388236456657563
678cc86b7a22ead21c11ea4d,4,20,2,1,0.33083800908876937,0.6266607008843297,0.31948794369289013
678cc86b7a22ead21c11ea4d,4,21,2,1,0.33083800908876937,0.6927712404968457,0.31948794369289013
678cc86b7a22ead21c11ea4d,4,22,1,0,0.33083800908876937,0.7471749936531809,0.31948794369289013
678cc86b7a22ead21c11ea4d,4,23,3,0,0.2722535542601355,0.7471749936531809,0.31948794369289013
678cc86b7a22ead21c11ea4d,4,24,2,1,0.2722535542601355,0.7471749936531809,0.262913346795617
678cc86b7a22ead21c11ea4d,4,25,2,0,0.2722535542601355,0.7919449860768444,0.262913346795617
678cc86b7a22ead21c11ea4d,5,1,1,0,0.2722535542601355,0.6132591987968934,0.262913346795617
678cc86b7a22ead21c11ea4d,5,2,1,1,0.22404317452358288,0.6132591987968934,0.262913346795617
678cc86b7a22ead21c11ea4d,5,3,2,1,0.38155398093934423,0.6132591987968934,0.262913346795617
678cc86b7a22ead21c11ea4d,5,4,3,1,0.38155398093934423,0.7133833388521693,0.262913346795617
678cc86b7a22ead21c11ea4d,5,5,2,1,0.38155398093934423,0.7133833388521693,0.426632155839593
678cc86b7a22ead21c11ea4d,5,6,1,0,0.38155398093934423,0.7641371228108119,0.426632155839593
678cc86b7a22ead21c11ea4d,5,7,2,0,0.2974438277837773,0.7641371228108119,0.426632155839593
678cc86b7a22ead21c11ea4d,5,8,1,0,0.2974438277837773,0.5985717066272902,0.426632155839593
678cc86b7a22ead21c11ea4d,5,9,1,1,0.2447727802766288,0.5985717066272902,0.426632155839593
678cc86b7a22ead21c11ea4d,5,10,2,0,0.395680981237138,0.5985717066272902,0.426632155839593
678cc86b7a22ead21c11ea4d,5,11,3,1,0.395680981237138,0.5141491989280303,0.426632155839593
678cc86b7a22ead21c11ea4d,5,12,2,0,0.395680981237138,0.5141491989280303,0.5008456431220754
678cc86b7a22ead21c11ea4d,5,13,1,0,0.395680981237138,0.4258393372349782,0.5008456431220754
678cc86b7a22ead21c11ea4d,5,14,3,0,0.3114818964096647,0.4258393372349782,0.5008456431220754
678cc86b7a22ead21c11ea4d,5,15,2,0,0.3114818964096647,0.4258393372349782,0.4121564110584388
678cc86b7a22ead21c11ea4d,5,16,3,0,0.3114818964096647,0.35043214480705953,0.4121564110584388
678cc86b7a22ead21c11ea4d,5,17,2,0,0.3114818964096647,0.35043214480705953,0.3391721771248955
678cc86b7a22ead21c11ea4d,5,18,1,0,0.3114818964096647,0.28837798056613584,0.3391721771248955
678cc86b7a22ead21c11ea4d,5,19,1,0,0.2563250021252595,0.28837798056613584,0.3391721771248955
678cc86b7a22ead21c11ea4d,5,20,1,0,0.21093523403332537,0.28837798056613584,0.3391721771248955
678cc86b7a22ead21c11ea4d,5,21,1,0,0.1735830394577404,0.28837798056613584,0.3391721771248955
678cc86b7a22ead21c11ea4d,5,22,1,1,0.1428451331343423,0.28837798056613584,0.3391721771248955
678cc86b7a22ead21c11ea4d,5,23,2,1,0.32435691169019865,0.28837798056613584,0.3391721771248955
678cc86b7a22ead21c11ea4d,5,24,1,1,0.32435691169019865,0.45885333780898824,0.3391721771248955
678cc86b7a22ead21c11ea4d,5,25,3,1,0.43063184703842106,0.45885333780898824,0.3391721771248955
678cc86b7a22ead21c11ea4d,6,1,2,1,0.43063184703842106,0.45885333780898824,0.46911752844095056
678cc86b7a22ead21c11ea4d,6,2,3,0,0.43063184703842106,0.528383044911571,0.46911752844095056
678cc86b7a22ead21c11ea4d,6,3,1,1,0.43063184703842106,0.528383044911571,0.37540907514926175
678cc86b7a22ead21c11ea4d,6,4,2,0,0.5223236124559567,0.528383044911571,0.37540907514926175
678cc86b7a22ead21c11ea4d,6,5,1,1,0.5223236124559567,0.42634737555106816,0.37540907514926175
678cc86b7a22ead21c11ea4d,6,6,1,0,0.6069100565075553,0.42634737555106816,0.37540907514926175
678cc86b7a22ead21c11ea4d,6,7,3,0,0.46317537104413664,0.42634737555106816,0.37540907514926175
678cc86b7a22ead21c11ea4d,6,8,2,1,0.46317537104413664,0.42634737555106816,0.3089320217167964
678cc86b7a22ead21c11ea4d,6,9,2,1,0.46317537104413664,0.5279291930865444,0.3089320217167964
678cc86b7a22ead21c11ea4d,6,10,1,1,0.46317537104413664,0.6115230066974562,0.3089320217167964
678cc86b7a22ead21c11ea4d,6,11,3,0,0.5880778664428379,0.6115230066974562,0.3089320217167964
678cc86b7a22ead21c11ea4d,6,12,2,0,0.5880778664428379,0.6115230066974562,0.2542266566323655
678cc86b7a22ead21c11ea4d,6,13,2,1,0.5880778664428379,0.5031819812067876,0.2542266566323655
678cc86b7a22ead21c11ea4d,6,14,2,1,0.5880778664428379,0.5912017518033768,0.2542266566323655
678cc86b7a22ead21c11ea4d,6,15,3,0,0.5880778664428379,0.6635913257013603,0.2542266566323655
678cc86b7a22ead21c11ea4d,6,16,3,1,0.5880778664428379,0.6635913257013603,0.20920846141191612
678cc86b7a22ead21c11ea4d,6,17,2,1,0.5880778664428379,0.6635913257013603,0.3827718421439941
678cc86b7a22ead21c11ea4d,6,18,2,0,0.5880778664428379,0.7231622282000582,0.3827718421439941
678cc86b7a22ead21c11ea4d,6,19,2,0,0.5880778664428379,0.5755678429529125,0.3827718421439941
678cc86b7a22ead21c11ea4d,6,20,1,1,0.5880778664428379,0.48972474996093884,0.3827718421439941
678cc86b7a22ead21c11ea4d,6,21,1,1,0.6610206147406295,0.48972474996093884,0.3827718421439941
678cc86b7a22ead21c11ea4d,6,22,2,0,0.7210467360865245,0.48972474996093884,0.3827718421439941
678cc86b7a22ead21c11ea4d,6,23,3,1,0.7210467360865245,0.40300479425304825,0.3827718421439941
678cc86b7a22ead21c11ea4d,6,24,2,0,0.7210467360865245,0.40300479425304825,0.4728909095836948
678cc86b7a22ead21c11ea4d,6,25,1,1,0.7210467360865245,0.3316411192375949,0.4728909095836948
67acd3c9faab3a14dfe87135,1,1,1,0,0.5,0.5,0.5
67acd3c9faab3a14dfe87135,1,2,3,0,0.3496146260475699,0.5,0.5
67acd3c9faab3a14dfe87135,1,3,2,0,0.3496146260475699,0.5,0.3496146260475699
67acd3c9faab3a14dfe87135,1,4,3,0,0.3496146260475699,0.3496146260475699,0.3496146260475699
67acd3c9faab3a14dfe87135,1,5,2,1,0.3496146260475699,0.3496146260475699,0.24446079371952126
67acd3c9faab3a14dfe87135,1,6,1,1,0.3496146260475699,0.5452315416243814,0.24446079371952126
67acd3c9faab3a14dfe87135,1,7,2,0,0.5452315416243814,0.5452315416243814,0.24446079371952126
67acd3c9faab3a14dfe87135,1,8,3,1,0.5452315416243814,0.3812418309014627,0.24446079371952126
67acd3c9faab3a14dfe87135,1,9,2,0,0.5452315416243814,0.3812418309014627,0.4978133930627354
67acd3c9faab3a14dfe87135,1,10,1,1,0.5452315416243814,0.2665754538374576,0.4978133930627354
67acd3c9faab3a14dfe87135,1,11,2,0,0.6820125788063228,0.2665754538374576,0.4978133930627354
67acd3c9faab3a14dfe87135,1,12,1,0,0.6820125788063228,0.18639738011000917,0.4978133930627354
67acd3c9faab3a14dfe87135,1,13,3,1,0.4768831184935549,0.18639738011000917,0.4978133930627354
67acd3c9faab3a14dfe87135,1,14,2,1,0.4768831184935549,0.18639738011000917,0.6306006114501033
67acd3c9faab3a14dfe87135,1,15,3,1,0.4768831184935549,0.49212010198640077,0.6306006114501033
67acd3c9faab3a14dfe87135,1,16,1,1,0.4768831184935549,0.49212010198640077,0.7417051129068393
67acd3c9faab3a14dfe87135,1,17,2,1,0.6342213829631811,0.49212010198640077,0.7417051129068393
67acd3c9faab3a14dfe87135,1,18,3,0,0.6342213829631811,0.6022121549643735,0.7417051129068393
67acd3c9faab3a14dfe87135,1,19,2,1,0.6342213829631811,0.6022121549643735,0.5000346227236883
67acd3c9faab3a14dfe87135,1,20,1,0,0.6342213829631811,0.7218550703793687,0.5000346227236883
67acd3c9faab3a14dfe87135,1,21,2,1,0.4434661282475014,0.7218550703793687,0.5000346227236883
67acd3c9faab3a14dfe87135,1,22,3,1,0.4434661282475014,0.8055128902495634,0.5000346227236883
67acd3c9faab3a14dfe87135,1,23,2,0,0.4434661282475014,0.8055128902495634,0.6634063399486656
67acd3c9faab3a14dfe87135,1,24,3,0,0.4434661282475014,0.5003881843407357,0.6634063399486656
67acd3c9faab3a14dfe87135,1,25,1,1,0.4434661282475014,0.5003881843407357,0.46387310323347924
67acd3c9faab3a14dfe87135,2,1,2,0,0.6108552522397395,0.5003881843407357,0.46387310323347924
67acd3c9faab3a14dfe87135,2,2,1,0,0.6108552522397395,0.39383258748640265,0.46387310323347924
67acd3c9faab3a14dfe87135,2,3,3,1,0.42712784924214886,0.39383258748640265,0.46387310323347924
67acd3c9faab3a14dfe87135,2,4,2,1,0.42712784924214886,0.39383258748640265,0.6251244068162634
67acd3c9faab3a14dfe87135,2,5,3,1,0.42712784924214886,0.5761500403632618,0.6251244068162634
67acd3c9faab3a14dfe87135,2,6,1,1,0.42712784924214886,0.5761500403632618,0.737876008758249
67acd3c9faab3a14dfe87135,2,7,2,0,0.5994310508559997,0.5761500403632618,0.737876008758249
67acd3c9faab3a14dfe87135,2,8,3,0,0.5994310508559997,0.40286095607719763,0.737876008758249
67acd3c9faab3a14dfe87135,2,9,2,0,0.5994310508559997,0.40286095607719763,0.501061441261013
67acd3c9faab3a14dfe87135,2,10,1,0,0.5994310508559997,0.2816921843094968,0.501061441261013
67acd3c9faab3a14dfe87135,2,11,2,1,0.4191397136489129,0.2816921843094968,0.501061441261013
67acd3c9faab3a14dfe87135,2,12,3,1,0.4191397136489129,0.4996329975605569,0.501061441261013
67acd3c9faab3a14dfe87135,2,13,2,1,0.4191397136489129,0.4996329975605569,0.6615342258759584
67acd3c9faab3a14dfe87135,2,14,1,0,0.4191397136489129,0.6488038441394287,0.6615342258759584
67acd3c9faab3a14dfe87135,2,15,3,1,0.29307476454961684,0.6488038441394287,0.6615342258759584
67acd3c9faab3a14dfe87135,2,16,2,0,0.29307476454961684,0.6488038441394287,0.763334820154169
67acd3c9faab3a14dfe87135,2,17,1,0,0.29307476454961684,0.45366260062134506,0.763334820154169
67acd3c9faab3a14dfe87135,2,18,3,1,0.2049264766033518,0.45366260062134506,0.763334820154169
67acd3c9faab3a14dfe87135,2,19,2,0,0.2049264766033518,0.45366260062134506,0.8345167627931266
67acd3c9faab3a14dfe87135,2,20,1,0,0.2049264766033518,0.31721416895158655,0.8345167627931266
67acd3c9faab3a14dfe87135,2,21,3,0,0.14329061852959357,0.31721416895158655,0.8345167627931266
67acd3c9faab3a14dfe87135,2,22,2,1,0.14329061852959357,0.31721416895158655,0.5119766381528206
67acd3c9faab3a14dfe87135,2,23,1,1,0.14329061852959357,0.5225761979718389,0.5119766381528206
67acd3c9faab3a14dfe87135,2,24,3,0,0.49046396308632256,0.5225761979718389,0.5119766381528206
67acd3c9faab3a14dfe87135,2,25,2,0,0.49046396308632256,0.5225761979718389,0.4080132269685963
67acd3c9faab3a14dfe87135,3,1,1,0,0.49046396308632256,0.36540055320090525,0.4080132269685963
67acd3c9faab3a14dfe87135,3,2,3,0,0.2803655837863975,0.36540055320090525,0.4080132269685963
67acd3c9faab3a14dfe87135,3,3,1,1,0.2803655837863975,0.36540055320090525,0.28529481905756393
67acd3c9faab3a14dfe87135,3,4,2,0,0.4997009827767963,0.36540055320090525,0.28529481905756393
67acd3c9faab3a14dfe87135,3,5,3,0,0.4997009827767963,0.2554987690694749,0.28529481905756393
67acd3c9faab3a14dfe87135,3,6,1,0,0.4997009827767963,0.2554987690694749,0.19948652429800234
67acd3c9faab3a14dfe87135,3,7,2,0,0.34738446049527205,0.2554987690694749,0.19948652429800234
67acd3c9faab3a14dfe87135,3,8,3,1,0.34738446049527205,0.17865223745673736,0.19948652429800234
67acd3c9faab3a14dfe87135,3,9,1,1,0.34738446049527205,0.17865223745673736,0.5066118413658739
67acd3c9faab3a14dfe87135,3,10,2,1,0.5436721274875842,0.17865223745673736,0.5066118413658739
67acd3c9faab3a14dfe87135,3,11,1,1,0.5436721274875842,0.48882641985392694,0.5066118413658739
67acd3c9faab3a14dfe87135,3,12,2,1,0.6809221787468094,0.48882641985392694,0.5066118413658739
67acd3c9faab3a14dfe87135,3,13,3,1,0.6809221787468094,0.5984253862638373,0.5066118413658739
67acd3c9faab3a14dfe87135,3,14,2,1,0.6809221787468094,0.5984253862638373,0.6086117372590505
67acd3c9faab3a14dfe87135,3,15,3,0,0.6809221787468094,0.7192072500545135,0.6086117372590505
67acd3c9faab3a14dfe87135,3,16,2,1,0.6809221787468094,0.7192072500545135,0.4255591043490411
67acd3c9faab3a14dfe87135,3,17,1,1,0.6809221787468094,0.8036614560566563,0.4255591043490411
67acd3c9faab3a14dfe87135,3,18,3,0,0.7768914182712892,0.8036614560566563,0.4255591043490411
67acd3c9faab3a14dfe87135,3,19,2,0,0.7768914182712892,0.8036614560566563,0.29756338103875346
67acd3c9faab3a14dfe87135,3,20,1,0,0.7768914182712892,0.4963940889970918,0.29756338103875346
67acd3c9faab3a14dfe87135,3,21,2,1,0.49241596528198783,0.4963940889970918,0.29756338103875346
67acd3c9faab3a14dfe87135,3,22,3,1,0.49241596528198783,0.6936981283463622,0.29756338103875346
67acd3c9faab3a14dfe87135,3,23,3,1,0.49241596528198783,0.6936981283463622,0.5088357902373695
67acd3c9faab3a14dfe87135,3,24,1,0,0.49241596528198783,0.6936981283463622,0.6565636038893384
67acd3c9faab3a14dfe87135,3,25,2,1,0.3798389328088808,0.6936981283463622,0.6565636038893384
67acd3c9faab3a14dfe87135,4,1,1,1,0.3798389328088808,0.7858247573548756,0.6565636038893384
67acd3c9faab3a14dfe87135,4,2,2,1,0.5663652663424363,0.7858247573548756,0.6565636038893384
67acd3c9faab3a14dfe87135,4,3,1,1,0.5663652663424363,0.8502423830783814,0.6565636038893384
67acd3c9faab3a14dfe87135,4,4,1,1,0.6967899022678772,0.8502423830783814,0.6565636038893384
67acd3c9faab3a14dfe87135,4,5,2,0,0.787986607534612,0.8502423830783814,0.6565636038893384
67acd3c9faab3a14dfe87135,4,6,3,1,0.787986607534612,0.5056675455792634,0.6565636038893384
67acd3c9faab3a14dfe87135,4,7,1,0,0.787986607534612,0.5056675455792634,0.7598591966023356
67acd3c9faab3a14dfe87135,4,8,2,0,0.5004593603364083,0.5056675455792634,0.7598591966023356
67acd3c9faab3a14dfe87135,4,9,3,0,0.5004593603364083,0.4157018218282741,0.7598591966023356
67acd3c9faab3a14dfe87135,4,10,1,0,0.5004593603364083,0.4157018218282741,0.5050375339279953
67acd3c9faab3a14dfe87135,4,11,2,1,0.38526362378345136,0.4157018218282741,0.5050375339279953
67acd3c9faab3a14dfe87135,4,12,2,0,0.38526362378345136,0.5944829319441292,0.5050375339279953
67acd3c9faab3a14dfe87135,4,13,3,1,0.38526362378345136,0.41355331001950485,0.5050375339279953
67acd3c9faab3a14dfe87135,4,14,2,0,0.38526362378345136,0.41355331001950485,0.6722822647484128
67acd3c9faab3a14dfe87135,4,15,1,0,0.38526362378345136,0.2891685968019667,0.6722822647484128
67acd3c9faab3a14dfe87135,4,16,3,0,0.2693876263725352,0.2891685968019667,0.6722822647484128
67acd3c9faab3a14dfe87135,4,17,2,1,0.2693876263725352,0.2891685968019667,0.4700794110026455
67acd3c9faab3a14dfe87135,4,18,2,0,0.2693876263725352,0.5181524020129122,0.4700794110026455
67acd3c9faab3a14dfe87135,4,19,1,0,0.2693876263725352,0.3516884820164376,0.4700794110026455
67acd3c9faab3a14dfe87135,4,20,3,0,0.1883637456721171,0.3516884820164376,0.4700794110026455
67acd3c9faab3a14dfe87135,4,21,2,0,0.1883637456721171,0.3516884820164376,0.32869329226585853
67acd3c9faab3a14dfe87135,4,22,1,0,0.1883637456721171,0.2459108912633441,0.32869329226585853
67acd3c9faab3a14dfe87135,4,23,3,1,0.13170947788916373,0.2459108912633441,0.32869329226585853
67acd3c9faab3a14dfe87135,4,24,2,0,0.13170947788916373,0.2459108912633441,0.5306027439272556
67acd3c9faab3a14dfe87135,4,25,3,1,0.13170947788916373,0.17194811470280066,0.5306027439272556
67acd3c9faab3a14dfe87135,5,1,1,0,0.13170947788916373,0.17194811470280066,0.6717837022919115
67acd3c9faab3a14dfe87135,5,2,2,1,0.09209515312653788,0.17194811470280066,0.6717837022919115
67acd3c9faab3a14dfe87135,5,3,3,1,0.09209515312653788,0.49252060506954953,0.6717837022919115
67acd3c9faab3a14dfe87135,5,4,1,0,0.09209515312653788,0.49252060506954953,0.7705015408573551
67acd3c9faab3a14dfe87135,5,5,3,0,0.0643956537303979,0.49252060506954953,0.7705015408573551
67acd3c9faab3a14dfe87135,5,6,3,0,0.0643956537303979,0.49252060506954953,0.5074572670948839
67acd3c9faab3a14dfe87135,5,7,1,0,0.0643956537303979,0.49252060506954953,0.3767147956459177
67acd3c9faab3a14dfe87135,5,8,2,0,0.04502734858124397,0.49252060506954953,0.3767147956459177
67acd3c9faab3a14dfe87135,5,9,3,1,0.04502734858124397,0.2943768493094355,0.3767147956459177
67acd3c9faab3a14dfe87135,5,10,1,0,0.04502734858124397,0.2943768493094355,0.5641807820305079
67acd3c9faab3a14dfe87135,5,11,2,1,0.031484458508600655,0.2943768493094355,0.5641807820305079
67acd3c9faab3a14dfe87135,5,12,3,1,0.031484458508600655,0.5066076594844078,0.5641807820305079
67acd3c9faab3a14dfe87135,5,13,1,0,0.031484458508600655,0.5066076594844078,0.6952624494529193
67acd3c9faab3a14dfe87135,5,14,3,0,0.022014869647694623,0.5066076594844078,0.6952624494529193
67acd3c9faab3a14dfe87135,5,15,2,0,0.022014869647694623,0.5066076594844078,0.4861478216117081
67acd3c9faab3a14dfe87135,5,16,1,0,0.022014869647694623,0.3542348714782614,0.4861478216117081
67acd3c9faab3a14dfe87135,5,17,2,1,0.015393452791089269,0.3542348714782614,0.4861478216117081
67acd3c9faab3a14dfe87135,5,18,2,1,0.015393452791089269,0.548462136308611,0.4861478216117081
67acd3c9faab3a14dfe87135,5,19,3,0,0.015393452791089269,0.6842714940595542,0.4861478216117081
67acd3c9faab3a14dfe87135,5,20,1,0,0.015393452791089269,0.6842714940595542,0.33992879120481223
67acd3c9faab3a14dfe87135,5,21,1,0,0.010763561730293605,0.6842714940595542,0.33992879120481223
67acd3c9faab3a14dfe87135,5,22,3,1,0.007526204307757321,0.6842714940595542,0.33992879120481223
67acd3c9faab3a14dfe87135,5,23,2,0,0.007526204307757321,0.6842714940595542,0.5384589314446984
67acd3c9faab3a14dfe87135,5,24,1,0,0.007526204307757321,0.47049101398172044,0.5384589314446984
67acd3c9faab3a14dfe87135,5,25,2,0,0.005262547601631255,0.47049101398172044,0.5384589314446984
67acd3c9faab3a14dfe87135,6,1,3,1,0.005262547601631255,0.33455505686580933,0.5384589314446984
67acd3c9faab3a14dfe87135,6,2,2,1,0.005262547601631255,0.33455505686580933,0.6772769774683207
67acd3c9faab3a14dfe87135,6,3,3,0,0.005262547601631255,0.5347014519441944,0.6772769774683207
67acd3c9faab3a14dfe87135,6,4,1,1,0.005262547601631255,0.5347014519441944,0.4735718513021757
67acd3c9faab3a14dfe87135,6,5,2,1,0.4492110393504199,0.5347014519441944,0.4735718513021757
67acd3c9faab3a14dfe87135,6,6,1,1,0.4492110393504199,0.6746496325952486,0.4735718513021757
67acd3c9faab3a14dfe87135,6,7,2,0,0.5136513913870211,0.6746496325952486,0.4735718513021757
67acd3c9faab3a14dfe87135,6,8,3,1,0.5136513913870211,0.4717347310591367,0.4735718513021757
67acd3c9faab3a14dfe87135,6,9,3,0,0.5136513913870211,0.4717347310591367,0.6319060505402616
67acd3c9faab3a14dfe87135,6,10,3,1,0.5136513913870211,0.4717347310591367,0.4418471816743813
67acd3c9faab3a14dfe87135,6,11,1,0,0.5136513913870211,0.4717347310591367,0.6097232384530662
67acd3c9faab3a14dfe87135,6,12,1,1,0.3121269866303344,0.4717347310591367,0.6097232384530662
67acd3c9faab3a14dfe87135,6,13,1,0,0.551905925660258,0.4717347310591367,0.6097232384530662
67acd3c9faab3a14dfe87135,6,14,1,0,0.32922183098206803,0.4717347310591367,0.6097232384530662
67acd3c9faab3a14dfe87135,6,15,3,0,0.2698386682405512,0.4717347310591367,0.6097232384530662
67acd3c9faab3a14dfe87135,6,16,3,1,0.2698386682405512,0.4717347310591367,0.4263363127328397
67acd3c9faab3a14dfe87135,6,17,3,1,0.2698386682405512,0.4717347310591367,0.5988775857791745
67acd3c9faab3a14dfe87135,6,18,1,1,0.2698386682405512,0.4717347310591367,0.7195234628329211
67acd3c9faab3a14dfe87135,6,19,2,1,0.4951312651198666,0.4717347310591367,0.7195234628329211
67acd3c9faab3a14dfe87135,6,20,2,1,0.4951312651198666,0.6306214795266851,0.7195234628329211
67acd3c9faab3a14dfe87135,6,21,3,0,0.4951312651198666,0.7417197179179764,0.7195234628329211
67acd3c9faab3a14dfe87135,6,22,1,1,0.4951312651198666,0.7417197179179764,0.5011337472823443
67acd3c9faab3a14dfe87135,6,23,3,0,0.6430083803158338,0.7417197179179764,0.5011337472823443
67acd3c9faab3a14dfe87135,6,24,1,1,0.6430083803158338,0.7417197179179764,0.3517905197367354
67acd3c9faab3a14dfe87135,6,25,1,0,0.7503809816542751,0.7417197179179764,0.3517905197367354
67dae998d8f2cfb8a8e3bf03,1,1,2,0,0.5,0.5,0.5
67dae998d8f2cfb8a8e3bf03,1,2,3,0,0.5,0.2508157911617629,0.5
67dae998d8f2cfb8a8e3bf03,1,3,1,0,0.5,0.2508157911617629,0.2508157911617629
67dae998d8f2cfb8a8e3bf03,1,4,2,1,0.2508157911617629,0.2508157911617629,0.2508157911617629
67dae998d8f2cfb8a8e3bf03,1,5,2,0,0.2508157911617629,0.624185545452348,0.2508157911617629
67dae998d8f2cfb8a8e3bf03,1,6,1,1,0.2508157911617629,0.3131111772632831,0.2508157911617629
67dae998d8f2cfb8a8e3bf03,1,7,3,1,0.624185545452348,0.3131111772632831,0.2508157911617629
67dae998d8f2cfb8a8e3bf03,1,8,2,1,0.624185545452348,0.3131111772632831,0.624185545452348
67dae998d8f2cfb8a8e3bf03,1,9,3,1,0.624185545452348,0.6554348771489251,0.624185545452348
67dae998d8f2cfb8a8e3bf03,1,10,2,1,0.624185545452348,0.6554348771489251,0.8114795949397574
67dae998d8f2cfb8a8e3bf03,1,11,3,1,0.624185545452348,0.827155246636154,0.8114795949397574
67dae998d8f2cfb8a8e3bf03,1,12,2,0,0.624185545452348,0.827155246636154,0.9054322039207034
67dae998d8f2cfb8a8e3bf03,1,13,1,0,0.624185545452348,0.41492718855304705,0.9054322039207034
67dae998d8f2cfb8a8e3bf03,1,14,3,1,0.3131111772632831,0.41492718855304705,0.9054322039207034
67dae998d8f2cfb8a8e3bf03,1,15,2,0,0.3131111772632831,0.41492718855304705,0.9525618012048918
67dae998d8f2cfb8a8e3bf03,1,16,3,1,0.3131111772632831,0.20814058804707633,0.9525618012048918
67dae998d8f2cfb8a8e3bf03,1,17,3,1,0.3131111772632831,0.20814058804707633,0.9762034974051049
67dae998d8f2cfb8a8e3bf03,1,18,3,1,0.3131111772632831,0.20814058804707633,0.9880629202781193
67dae998d8f2cfb8a8e3bf03,1,19,3,1,0.3131111772632831,0.20814058804707633,0.9940119823052961
67dae998d8f2cfb8a8e3bf03,1,20,3,1,0.3131111772632831,0.20814058804707633,0.9969962203203151
67dae998d8f2cfb8a8e3bf03,1,21,3,1,0.3131111772632831,0.20814058804707633,0.9984932087337539
67dae998d8f2cfb8a8e3bf03,1,22,3,1,0.3131111772632831,0.20814058804707633,0.9992441456222139
67dae998d8f2cfb8a8e3bf03,1,23,3,1,0.3131111772632831,0.20814058804707633,0.99962083940983
67dae998d8f2cfb8a8e3bf03,1,24,3,1,0.3131111772632831,0.20814058804707633,0.9998098009831746
67dae998d8f2cfb8a8e3bf03,1,25,3,1,0.3131111772632831,0.20814058804707633,0.9999045901168404
67dae998d8f2cfb8a8e3bf03,2,1,3,0,0.3131111772632831,0.20814058804707633,0.9999521393624402
67dae998d8f2cfb8a8e3bf03,2,2,2,0,0.3131111772632831,0.20814058804707633,0.5016075739016157
67dae998d8f2cfb8a8e3bf03,2,3,1,0,0.3131111772632831,0.10440990012315121,0.5016075739016157
67dae998d8f2cfb8a8e3bf03,2,4,3,0,0.1570664594724508,0.10440990012315121,0.5016075739016157
67dae998d8f2cfb8a8e3bf03,2,5,2,1,0.1570664594724508,0.10440990012315121,0.2516222121612374
67dae998d8f2cfb8a8e3bf03,2,6,2,1,0.1570664594724508,0.5507437272199354,0.2516222121612374
67dae998d8f2cfb8a8e3bf03,2,7,2,1,0.1570664594724508,0.7746388580924352,0.2516222121612374
67dae998d8f2cfb8a8e3bf03,2,8,2,1,0.1570664594724508,0.8869517253003096,0.2516222121612374
67dae998d8f2cfb8a8e3bf03,2,9,2,1,0.1570664594724508,0.9432914083077307,0.2516222121612374
67dae998d8f2cfb8a8e3bf03,2,10,2,1,0.1570664594724508,0.9715531747567047,0.2516222121612374
67dae998d8f2cfb8a8e3bf03,2,11,2,0,0.1570664594724508,0.9857301710695534,0.2516222121612374
67dae998d8f2cfb8a8e3bf03,2,12,2,1,0.1570664594724508,0.49447338364935023,0.2516222121612374
67dae998d8f2cfb8a8e3bf03,2,13,2,0,0.1570664594724508,0.7470017677877624,0.2516222121612374
67dae998d8f2cfb8a8e3bf03,2,14,2,1,0.1570664594724508,0.374423778690379,0.2516222121612374
67dae998d8f2cfb8a8e3bf03,2,15,2,1,0.1570664594724508,0.6861912182857428,0.2516222121612374
67dae998d8f2cfb8a8e3bf03,2,16,2,1,0.1570664594724508,0.8425836013313914,0.2516222121612374
67dae998d8f2cfb8a8e3bf03,2,17,2,0,0.1570664594724508,0.921034957867837,0.2516222121612374
67dae998d8f2cfb8a8e3bf03,2,18,2,0,0.1570664594724508,0.4620202190322906,0.2516222121612374
67dae998d8f2cfb8a8e3bf03,2,19,2,1,0.1570664594724508,0.2317639416880786,0.2516222121612374
67dae998d8f2cfb8a8e3bf03,2,20,2,1,0.1570664594724508,0.6146285397185618,0.2516222121612374
67dae998d8f2cfb8a8e3bf03,2,21,2,1,0.1570664594724508,0.8066855006564064,0.2516222121612374
67dae998d8f2cfb8a8e3bf03,2,22,2,1,0.1570664594724508,0.9030273355280447,0.2516222121612374
67dae998d8f2cfb8a8e3bf03,2,23,2,0,0.1570664594724508,0.9513554435696746,0.2516222121612374
67dae998d8f2cfb8a8e3bf03,2,24,2,1,0.1570664594724508,0.47722993276380116,0.2516222121612374
67dae998d8f2cfb8a8e3bf03,2,25,2,1,0.1570664594724508,0.7377620327258532,0.2516222121612374
67dae998d8f2cfb8a8e3bf03,3,1,3,1,0.1570664594724508,0.8684531520797418,0.2516222121612374
67dae998d8f2cfb8a8e3bf03,3,2,3,1,0.1570664594724508,0.8684531520797418,0.6282947121384926
67dae998d8f2cfb8a8e3bf03,3,3,3,1,0.1570664594724508,0.8684531520797418,0.8116825237218597
67dae998d8f2cfb8a8e3bf03,3,4,3,0,0.1570664594724508,0.8684531520797418,0.9055340008289592
67dae998d8f2cfb8a8e3bf03,3,5,3,0,0.1570664594724508,0.8684531520797418,0.45424444878826353
67dae998d8f2cfb8a8e3bf03,3,6,3,0,0.1570664594724508,0.8684531520797418,0.22786336926409623
67dae998d8f2cfb8a8e3bf03,3,7,2,0,0.1570664594724508,0.8684531520797418,0.1143034713910957
67dae998d8f2cfb8a8e3bf03,3,8,1,1,0.1570664594724508,0.43564352519513366,0.1143034713910957
67dae998d8f2cfb8a8e3bf03,3,9,1,0,0.5771579198643757,0.43564352519513366,0.1143034713910957
67dae998d8f2cfb8a8e3bf03,3,10,1,1,0.2895206339843093,0.43564352519513366,0.1143034713910957
67dae998d8f2cfb8a8e3bf03,3,11,1,1,0.643601114547967,0.43564352519513366,0.1143034713910957
67dae998d8f2cfb8a8e3bf03,3,12,1,0,0.8212190567886133,0.43564352519513366,0.1143034713910957
67dae998d8f2cfb8a8e3bf03,3,13,2,0,0.4119494077188225,0.43564352519513366,0.1143034713910957
67dae998d8f2cfb8a8e3bf03,3,14,3,1,0.4119494077188225,0.21853255873674193,0.1143034713910957
67dae998d8f2cfb8a8e3bf03,3,15,3,0,0.4119494077188225,0.21853255873674193,0.5557066559114219
67dae998d8f2cfb8a8e3bf03,3,16,1,0,0.4119494077188225,0.21853255873674193,0.2787600027411117
67dae998d8f2cfb8a8e3bf03,3,17,2,1,0.2066468388042237,0.21853255873674193,0.2787600027411117
67dae998d8f2cfb8a8e3bf03,3,18,3,1,0.2066468388042237,0.6079912597146608,0.2787600027411117
67dae998d8f2cfb8a8e3bf03,3,19,2,1,0.2066468388042237,0.6079912597146608,0.6382032419496549
67dae998d8f2cfb8a8e3bf03,3,20,3,1,0.2066468388042237,0.803356031018405,0.6382032419496549
67dae998d8f2cfb8a8e3bf03,3,21,2,0,0.2066468388042237,0.803356031018405,0.8185113132350827
67dae998d8f2cfb8a8e3bf03,3,22,3,0,0.2066468388042237,0.4029887504703814,0.8185113132350827
67dae998d8f2cfb8a8e3bf03,3,23,1,1,0.2066468388042237,0.4029887504703814,0.4105911178845344
67dae998d8f2cfb8a8e3bf03,3,24,2,0,0.6020290058039606,0.4029887504703814,0.4105911178845344
67dae998d8f2cfb8a8e3bf03,3,25,3,0,0.6020290058039606,0.2021518902484581,0.4105911178845344
67dae998d8f2cfb8a8e3bf03,4,1,2,1,0.6020290058039606,0.2021518902484581,0.20596547761940898
67dae998d8f2cfb8a8e3bf03,4,2,3,1,0.6020290058039606,0.5997741976068098,0.20596547761940898
67dae998d8f2cfb8a8e3bf03,4,3,2,1,0.6020290058039606,0.5997741976068098,0.6016872134463533
67dae998d8f2cfb8a8e3bf03,4,4,3,0,0.6020290058039606,0.7992340922386133,0.6016872134463533
67dae998d8f2cfb8a8e3bf03,4,5,2,0,0.6020290058039606,0.7992340922386133,0.3018253037534438
67dae998d8f2cfb8a8e3bf03,4,6,1,0,0.6020290058039606,0.4009210552484922,0.3018253037534438
67dae998d8f2cfb8a8e3bf03,4,7,2,1,0.30199675763650435,0.4009210552484922,0.3018253037534438
67dae998d8f2cfb8a8e3bf03,4,8,3,0,0.30199675763650435,0.6994830863773147,0.3018253037534438
67dae998d8f2cfb8a8e3bf03,4,9,2,0,0.30199675763650435,0.6994830863773147,0.15140510882215444
67dae998d8f2cfb8a8e3bf03,4,10,2,0,0.30199675763650435,0.3508828034314975,0.15140510882215444
67dae998d8f2cfb8a8e3bf03,4,11,3,1,0.30199675763650435,0.17601390170205475,0.15140510882215444
67dae998d8f2cfb8a8e3bf03,4,12,1,0,0.30199675763650435,0.17601390170205475,0.5743180074216159
67dae998d8f2cfb8a8e3bf03,4,13,3,0,0.15149111552963884,0.17601390170205475,0.5743180074216159
67dae998d8f2cfb8a8e3bf03,4,14,2,1,0.15149111552963884,0.17601390170205475,0.2880960440695257
67dae998d8f2cfb8a8e3bf03,4,15,3,1,0.15149111552963884,0.5866625565294152,0.2880960440695257
67dae998d8f2cfb8a8e3bf03,4,16,2,0,0.15149111552963884,0.5866625565294152,0.6428864951516745
67dae998d8f2cfb8a8e3bf03,4,17,3,1,0.15149111552963884,0.29428846074682624,0.6428864951516745
67dae998d8f2cfb8a8e3bf03,4,18,3,1,0.15149111552963884,0.29428846074682624,0.820860581062426
67dae998d8f2cfb8a8e3bf03,4,19,3,1,0.15149111552963884,0.29428846074682624,0.9101380026076211
67dae998d8f2cfb8a8e3bf03,4,20,3,1,0.15149111552963884,0.29428846074682624,0.954922378437923
67dae998d8f2cfb8a8e3bf03,4,21,3,1,0.15149111552963884,0.29428846074682624,0.9773876375460533
67dae998d8f2cfb8a8e3bf03,4,22,3,1,0.15149111552963884,0.29428846074682624,0.9886569224213294
67dae998d8f2cfb8a8e3bf03,4,23,3,0,0.15149111552963884,0.29428846074682624,0.9943099525789111
67dae998d8f2cfb8a8e3bf03,4,24,3,0,0.15149111552963884,0.29428846074682624,0.49877727396968263
67dae998d8f2cfb8a8e3bf03,4,25,3,1,0.15149111552963884,0.29428846074682624,0.25020244383956675
67dae998d8f2cfb8a8e3bf03,5,1,2,1,0.15149111552963884,0.29428846074682624,0.6250768085634362
67dae998d8f2cfb8a8e3bf03,5,2,3,0,0.15149111552963884,0.6459928075550048,0.6250768085634362
67dae998d8f2cfb8a8e3bf03,5,3,2,0,0.15149111552963884,0.6459928075550048,0.31295684342321706
67dae998d8f2cfb8a8e3bf03,5,4,1,0,0.15149111552963884,0.32405038817574616,0.31295684342321706
67dae998d8f2cfb8a8e3bf03,5,5,3,0,0.07599273344027718,0.32405038817574616,0.31295684342321706
67dae998d8f2cfb8a8e3bf03,5,6,2,1,0.07599273344027718,0.32405038817574616,0.156989042080738
67dae998d8f2cfb8a8e3bf03,5,7,1,1,0.07599273344027718,0.6609223308299389,0.156989042080738
67dae998d8f2cfb8a8e3bf03,5,8,3,1,0.5364887772224487,0.6609223308299389,0.156989042080738
67dae998d8f2cfb8a8e3bf03,5,9,2,1,0.5364887772224487,0.6609223308299389,0.5771190855244717
67dae998d8f2cfb8a8e3bf03,5,10,1,1,0.5364887772224487,0.8299079268320646,0.5771190855244717
67dae998d8f2cfb8a8e3bf03,5,11,3,0,0.7674881237945177,0.8299079268320646,0.5771190855244717
67dae998d8f2cfb8a8e3bf03,5,12,2,1,0.7674881237945177,0.8299079268320646,0.28950115378756147
67dae998d8f2cfb8a8e3bf03,5,13,1,0,0.7674881237945177,0.9146764376747958,0.28950115378756147
67dae998d8f2cfb8a8e3bf03,5,14,2,1,0.3849962727147214,0.9146764376747958,0.28950115378756147
67dae998d8f2cfb8a8e3bf03,5,15,3,1,0.3849962727147214,0.9571990012505693,0.28950115378756147
67dae998d8f2cfb8a8e3bf03,5,16,2,0,0.3849962727147214,0.9571990012505693,0.6435913428334741
67dae998d8f2cfb8a8e3bf03,5,17,1,1,0.3849962727147214,0.4801612460491683,0.6435913428334741
67dae998d8f2cfb8a8e3bf03,5,18,3,1,0.6914947110833309,0.4801612460491683,0.6435913428334741
67dae998d8f2cfb8a8e3bf03,5,19,2,1,0.6914947110833309,0.4801612460491683,0.8212141550717786
67dae998d8f2cfb8a8e3bf03,5,20,3,1,0.6914947110833309,0.739232472212811,0.8212141550717786
67dae998d8f2cfb8a8e3bf03,5,21,2,1,0.6914947110833309,0.739232472212811,0.9103153665812367
67dae998d8f2cfb8a8e3bf03,5,22,3,1,0.6914947110833309,0.8691907710819666,0.9103153665812367
67dae998d8f2cfb8a8e3bf03,5,23,2,0,0.6914947110833309,0.8691907710819666,0.9550113498546582
67dae998d8f2cfb8a8e3bf03,5,24,3,1,0.6914947110833309,0.43601353825681693,0.9550113498546582
67dae998d8f2cfb8a8e3bf03,5,25,2,1,0.6914947110833309,0.43601353825681693,0.977432268443669
67dae998d8f2cfb8a8e3bf03,6,1,1,1,0.6914947110833309,0.7170865866964101,0.977432268443669
67dae998d8f2cfb8a8e3bf03,6,2,3,0,0.8452439988721752,0.7170865866964101,0.977432268443669
67dae998d8f2cfb8a8e3bf03,6,3,2,0,0.8452439988721752,0.7170865866964101,0.49031089302620967
67dae998d8f2cfb8a8e3bf03,6,4,3,0,0.8452439988721752,0.359713276817016,0.49031089302620967
67dae998d8f2cfb8a8e3bf03,6,5,2,0,0.8452439988721752,0.359713276817016,0.24595543880696197
67dae998d8f2cfb8a8e3bf03,6,6,1,1,0.8452439988721752,0.1804435470714097,0.24595543880696197
67dae998d8f2cfb8a8e3bf03,6,7,1,0,0.9223694963803295,0.1804435470714097,0.24595543880696197
67dae998d8f2cfb8a8e3bf03,6,8,1,1,0.46268966526844957,0.1804435470714097,0.24595543880696197
67dae998d8f2cfb8a8e3bf03,6,9,1,0,0.7304681745387132,0.1804435470714097,0.24595543880696197
67dae998d8f2cfb8a8e3bf03,6,10,1,0,0.3664259042179143,0.1804435470714097,0.24595543880696197
67dae998d8f2cfb8a8e3bf03,6,11,2,0,0.1838108132848068,0.1804435470714097,0.24595543880696197
67dae998d8f2cfb8a8e3bf03,6,12,3,1,0.1838108132848068,0.09051618948515552,0.24595543880696197
67dae998d8f2cfb8a8e3bf03,6,13,3,1,0.1838108132848068,0.09051618948515552,0.6217474439714785
67dae998d8f2cfb8a8e3bf03,6,14,3,0,0.1838108132848068,0.09051618948515552,0.8102565685702947
67dae998d8f2cfb8a8e3bf03,6,15,2,0,0.1838108132848068,0.09051618948515552,0.4064502787349991
67dae998d8f2cfb8a8e3bf03,6,16,1,0,0.1838108132848068,0.04540578510838848,0.4064502787349991
67dae998d8f2cfb8a8e3bf03,6,17,3,1,0.0922053167937205,0.04540578510838848,0.4064502787349991
67dae998d8f2cfb8a8e3bf03,6,18,2,0,0.0922053167937205,0.04540578510838848,0.7022567202505527
67dae998d8f2cfb8a8e3bf03,6,19,3,0,0.0922053167937205,0.022776979726298493,0.7022567202505527
67dae998d8f2cfb8a8e3bf03,6,20,2,0,0.0922053167937205,0.022776979726298493,0.3522741462164215
67dae998d8f2cfb8a8e3bf03,6,21,1,0,0.0922053167937205,0.01142565484193998,0.3522741462164215
67dae998d8f2cfb8a8e3bf03,6,22,1,0,0.04625310486582525,0.01142565484193998,0.3522741462164215
67dae998d8f2cfb8a8e3bf03,6,23,3,0,0.023202022172515727,0.01142565484193998,0.3522741462164215
67dae998d8f2cfb8a8e3bf03,6,24,2,1,0.023202022172515727,0.01142565484193998,0.17671184343464935
67dae998d8f2cfb8a8e3bf03,6,25,2,0,0.023202022172515727,0.5040998884829362,0.17671184343464935
67f6a640d2046b13fcf33328,1,1,3,1,0.5,0.5,0.5
67f6a640d2046b13fcf33328,1,2,2,1,0.5,0.5,0.6897811406603811
67f6a640d2046b13fcf33328,1,3,1,0,0.5,0.6897811406603811,0.6897811406603811
67f6a640d2046b13fcf33328,1,4,3,1,0.31021885933961885,0.6897811406603811,0.6897811406603811
67f6a640d2046b13fcf33328,1,5,3,0,0.31021885933961885,0.6897811406603811,0.8075285186075372
67f6a640d2046b13fcf33328,1,6,2,1,0.31021885933961885,0.6897811406603811,0.5002230276634021
67f6a640d2046b13fcf33328,1,7,2,0,0.31021885933961885,0.8075285186075372,0.5002230276634021
67f6a640d2046b13fcf33328,1,8,1,1,0.31021885933961885,0.5002230276634021,0.5002230276634021
67f6a640d2046b13fcf33328,1,9,3,0,0.5720337627132251,0.5002230276634021,0.5002230276634021
67f6a640d2046b13fcf33328,1,10,1,1,0.5720337627132251,0.5002230276634021,0.31085242046683803
67f6a640d2046b13fcf33328,1,11,2,1,0.734473604056556,0.5002230276634021,0.31085242046683803
67f6a640d2046b13fcf33328,1,12,3,1,0.734473604056556,0.6904147017876003,0.31085242046683803
67f6a640d2046b13fcf33328,1,13,1,0,0.734473604056556,0.6904147017876003,0.5724268479402286
67f6a640d2046b13fcf33328,1,14,2,0,0.45569512731436174,0.6904147017876003,0.5724268479402286
67f6a640d2046b13fcf33328,1,15,1,0,0.45569512731436174,0.4283593225137784,0.5724268479402286
67f6a640d2046b13fcf33328,1,16,3,0,0.2827304452122476,0.4283593225137784,0.5724268479402286
67f6a640d2046b13fcf33328,1,17,1,1,0.2827304452122476,0.4283593225137784,0.35515520764138553
67f6a640d2046b13fcf33328,1,18,3,1,0.5549789137658332,0.4283593225137784,0.35515520764138553
67f6a640d2046b13fcf33328,1,19,1,1,0.5549789137658332,0.4283593225137784,0.5999139681378133
67f6a640d2046b13fcf33328,1,20,3,1,0.7238921324849517,0.4283593225137784,0.5999139681378133
67f6a640d2046b13fcf33328,1,21,1,0,0.7238921324849517,0.4283593225137784,0.751771535106668
67f6a640d2046b13fcf33328,1,22,2,0,0.4491299832328555,0.4283593225137784,0.751771535106668
67f6a640d2046b13fcf33328,1,23,3,0,0.4491299832328555,0.26577028084903564,0.751771535106668
67f6a640d2046b13fcf33328,1,24,3,1,0.4491299832328555,0.26577028084903564,0.4664274161937685
67f6a640d2046b13fcf33328,1,25,3,0,0.4491299832328555,0.26577028084903564,0.6689514433624877
67f6a640d2046b13fcf33328,2,1,3,1,0.4491299832328555,0.26577028084903564,0.41504270741924204
67f6a640d2046b13fcf33328,2,2,1,1,0.4491299832328555,0.26577028084903564,0.6370704318783377
67f6a640d2046b13fcf33328,2,3,2,1,0.6582194635164176,0.26577028084903564,0.6370704318783377
67f6a640d2046b13fcf33328,2,4,3,0,0.6582194635164176,0.5444561880826395,0.6370704318783377
67f6a640d2046b13fcf33328,2,5,3,0,0.6582194635164176,0.5444561880826395,0.39526252538535145
67f6a640d2046b13fcf33328,2,6,3,0,0.6582194635164176,0.5444561880826395,0.2452357795409342
67f6a640d2046b13fcf33328,2,7,2,0,0.6582194635164176,0.5444561880826395,0.15215352761390016
67f6a640d2046b13fcf33328,2,8,1,0,0.6582194635164176,0.3378011552482983,0.15215352761390016
67f6a640d2046b13fcf33328,2,9,1,0,0.40838418232570917,0.3378011552482983,0.15215352761390016
67f6a640d2046b13fcf33328,2,10,3,0,0.2533769504379325,0.3378011552482983,0.15215352761390016
67f6a640d2046b13fcf33328,2,11,2,0,0.2533769504379325,0.3378011552482983,0.09440178757845108
67f6a640d2046b13fcf33328,2,12,1,0,0.2533769504379325,0.20958457813906656,0.09440178757845108
67f6a640d2046b13fcf33328,2,13,3,1,0.15720461711271122,0.20958457813906656,0.09440178757845108
67f6a640d2046b13fcf33328,2,14,3,1,0.15720461711271122,0.20958457813906656,0.4927986224973592
67f6a640d2046b13fcf33328,2,15,3,0,0.15720461711271122,0.20958457813906656,0.651396341035287
67f6a640d2046b13fcf33328,2,16,2,0,0.15720461711271122,0.20958457813906656,0.4041508597652612
67f6a640d2046b13fcf33328,2,17,1,0,0.15720461711271122,0.13003417754536467,0.4041508597652612
67f6a640d2046b13fcf33328,2,18,2,0,0.0975356740242036,0.13003417754536467,0.4041508597652612
67f6a640d2046b13fcf33328,2,19,3,0,0.0975356740242036,0.0806781084807643,0.4041508597652612
67f6a640d2046b13fcf33328,2,20,3,1,0.0975356740242036,0.0806781084807643,0.25075043743724645
67f6a640d2046b13fcf33328,2,21,2,0,0.0975356740242036,0.0806781084807643,0.5351373106936507
67f6a640d2046b13fcf33328,2,22,2,1,0.0975356740242036,0.05005574158521839,0.5351373106936507
67f6a640d2046b13fcf33328,2,23,1,1,0.0975356740242036,0.4804453914601473,0.5351373106936507
67f6a640d2046b13fcf33328,2,24,3,1,0.48910302121571003,0.4804453914601473,0.5351373106936507
67f6a640d2046b13fcf33328,2,25,2,0,0.48910302121571003,0.4804453914601473,0.711581653536057
67f6a640d2046b13fcf33328,3,1,3,1,0.48910302121571003,0.2547691316508164,0.711581653536057
67f6a640d2046b13fcf33328,3,2,1,1,0.48910302121571003,0.2547691316508164,0.8210543790758309
67f6a640d2046b13fcf33328,3,3,2,1,0.652602708569108,0.2547691316508164,0.8210543790758309
67f6a640d2046b13fcf33328,3,4,3,0,0.652602708569108,0.5376270800553173,0.8210543790758309
67f6a640d2046b13fcf33328,3,5,2,0,0.652602708569108,0.5376270800553173,0.49792078809466256
67f6a640d2046b13fcf33328,3,6,1,0,0.652602708569108,0.3321677560685272,0.49792078809466256
67f6a640d2046b13fcf33328,3,7,3,0,0.40489933568604314,0.3321677560685272,0.49792078809466256
67f6a640d2046b13fcf33328,3,8,3,0,0.40489933568604314,0.3321677560685272,0.31605910526552394
67f6a640d2046b13fcf33328,3,9,3,0,0.40489933568604314,0.3321677560685272,0.19609499025696378
67f6a640d2046b13fcf33328,3,10,2,0,0.40489933568604314,0.3321677560685272,0.12166472841867357
67f6a640d2046b13fcf33328,3,11,2,1,0.40489933568604314,0.20695576104612778,0.12166472841867357
67f6a640d2046b13fcf33328,3,12,1,0,0.40489933568604314,0.5079654415810694,0.12166472841867357
67f6a640d2046b13fcf33328,3,13,2,0,0.2512148201301828,0.5079654415810694,0.12166472841867357
67f6a640d2046b13fcf33328,3,14,3,0,0.2512148201301828,0.3151609197283851,0.12166472841867357
67f6a640d2046b13fcf33328,3,15,1,1,0.2512148201301828,0.3151609197283851,0.07548538656064095
67f6a640d2046b13fcf33328,3,16,3,0,0.5354254312323683,0.3151609197283851,0.07548538656064095
67f6a640d2046b13fcf33328,3,17,2,0,0.5354254312323683,0.3151609197283851,0.046833981044791625
67f6a640d2046b13fcf33328,3,18,2,1,0.5354254312323683,0.19553772205711684,0.046833981044791625
67f6a640d2046b13fcf33328,3,19,1,1,0.5354254312323683,0.5008812595199766,0.046833981044791625
67f6a640d2046b13fcf33328,3,20,3,1,0.7117604143858884,0.5008812595199766,0.046833981044791625
67f6a640d2046b13fcf33328,3,21,2,1,0.7117604143858884,0.5008812595199766,0.47514397720698925
67f6a640d2046b13fcf33328,3,22,1,0,0.7117604143858884,0.690327907292814,0.47514397720698925
67f6a640d2046b13fcf33328,3,23,3,0,0.4416030077289872,0.690327907292814,0.47514397720698925
67f6a640d2046b13fcf33328,3,24,2,0,0.4416030077289872,0.690327907292814,0.25396661517487423
67f6a640d2046b13fcf33328,3,25,2,1,0.4416030077289872,0.406849029083869,0.25396661517487423
67f6a640d2046b13fcf33328,4,1,3,0,0.4416030077289872,0.6452991512211222,0.25396661517487423
67f6a640d2046b13fcf33328,4,2,1,0,0.4416030077289872,0.6452991512211222,0.15729533556958353
67f6a640d2046b13fcf33328,4,3,2,1,0.2739871626834238,0.6452991512211222,0.15729533556958353
67f6a640d2046b13fcf33328,4,4,2,1,0.2739871626834238,0.7799302145583727,0.15729533556958353
67f6a640d2046b13fcf33328,4,5,2,1,0.2739871626834238,0.8634604043542485,0.15729533556958353
67f6a640d2046b13fcf33328,4,6,2,0,0.2739871626834238,0.9152856847526556,0.15729533556958353
67f6a640d2046b13fcf33328,4,7,3,0,0.2739871626834238,0.4923685664243576,0.15729533556958353
67f6a640d2046b13fcf33328,4,8,1,1,0.2739871626834238,0.4923685664243576,0.09759195916563468
67f6a640d2046b13fcf33328,4,9,3,1,0.5495542514983384,0.4923685664243576,0.09759195916563468
67f6a640d2046b13fcf33328,4,10,2,1,0.5495542514983384,0.4923685664243576,0.4790443757201839
67f6a640d2046b13fcf33328,4,11,1,0,0.5495542514983384,0.7318950645878983,0.4790443757201839
67f6a640d2046b13fcf33328,4,12,3,1,0.3409641860811632,0.7318950645878983,0.4790443757201839
67f6a640d2046b13fcf33328,4,13,2,0,0.3409641860811632,0.7318950645878983,0.6526243751297507
67f6a640d2046b13fcf33328,4,14,1,1,0.3409641860811632,0.45409530418388727,0.6526243751297507
67f6a640d2046b13fcf33328,4,15,3,0,0.591109323092489,0.45409530418388727,0.6526243751297507
67f6a640d2046b13fcf33328,4,16,2,0,0.591109323092489,0.45409530418388727,0.37077216899358223
67f6a640d2046b13fcf33328,4,17,1,1,0.591109323092489,0.2817378546081178,0.37077216899358223
67f6a640d2046b13fcf33328,4,18,1,1,0.7463088012188914,0.2817378546081178,0.37077216899358223
67f6a640d2046b13fcf33328,4,19,3,1,0.842600411361939,0.2817378546081178,0.37077216899358223
67f6a640d2046b13fcf33328,4,20,3,0,0.842600411361939,0.2817378546081178,0.6307854418377378
67f6a640d2046b13fcf33328,4,21,1,1,0.842600411361939,0.2817378546081178,0.38664215550234005
67f6a640d2046b13fcf33328,4,22,2,0,0.9023433582872623,0.2817378546081178,0.38664215550234005
67f6a640d2046b13fcf33328,4,23,2,0,0.9023433582872623,0.17480079180075,0.38664215550234005
67f6a640d2046b13fcf33328,4,24,3,0,0.9023433582872623,0.1084530045089491,0.38664215550234005
67f6a640d2046b13fcf33328,4,25,3,0,0.9023433582872623,0.1084530045089491,0.242816416844727
67f6a640d2046b13fcf33328,5,1,3,0,0.9023433582872623,0.1084530045089491,0.15065246373905006
67f6a640d2046b13fcf33328,5,2,1,1,0.9023433582872623,0.1084530045089491,0.09347047093045163
67f6a640d2046b13fcf33328,5,3,2,0,0.9394101359873314,0.1084530045089491,0.09347047093045163
67f6a640d2046b13fcf33328,5,4,1,0,0.9394101359873314,0.06728833471870137,0.09347047093045163
67f6a640d2046b13fcf33328,5,5,1,1,0.5102903243589041,0.06728833471870137,0.09347047093045163
67f6a640d2046b13fcf33328,5,6,3,0,0.741181602323687,0.06728833471870137,0.09347047093045163
67f6a640d2046b13fcf33328,5,7,3,1,0.741181602323687,0.06728833471870137,0.05799260576090963
67f6a640d2046b13fcf33328,5,8,1,1,0.741181602323687,0.06728833471870137,0.4644423695667655
67f6a640d2046b13fcf33328,5,9,2,0,0.8394193037932257,0.06728833471870137,0.4644423695667655
67f6a640d2046b13fcf33328,5,10,3,0,0.8394193037932257,0.041748220900019166,0.4644423695667655
67f6a640d2046b13fcf33328,5,11,1,1,0.8394193037932257,0.041748220900019166,0.25770728798139964
67f6a640d2046b13fcf33328,5,12,1,1,0.9003696791749016,0.041748220900019166,0.25770728798139964
67f6a640d2046b13fcf33328,5,13,3,1,0.9381855910278545,0.041748220900019166,0.25770728798139964
67f6a640d2046b13fcf33328,5,14,2,1,0.9381855910278545,0.041748220900019166,0.5395226661990207
67f6a640d2046b13fcf33328,5,15,1,1,0.9381855910278545,0.46965526397277785,0.5395226661990207
67f6a640d2046b13fcf33328,5,16,3,0,0.961648009108272,0.46965526397277785,0.5395226661990207
67f6a640d2046b13fcf33328,5,17,2,1,0.961648009108272,0.46965526397277785,0.3265979871086173
67f6a640d2046b13fcf33328,5,18,1,0,0.961648009108272,0.6311277210717513,0.3265979871086173
67f6a640d2046b13fcf33328,5,19,3,0,0.5288324927081733,0.6311277210717513,0.3265979871086173
67f6a640d2046b13fcf33328,5,20,2,1,0.5288324927081733,0.6311277210717513,0.20768545359304208
67f6a640d2046b13fcf33328,5,21,1,1,0.5288324927081733,0.7711377247518391,0.20768545359304208
67f6a640d2046b13fcf33328,5,22,1,0,0.7570515356614851,0.7711377247518391,0.20768545359304208
67f6a640d2046b13fcf33328,5,23,2,1,0.46516816340243133,0.7711377247518391,0.20768545359304208
67f6a640d2046b13fcf33328,5,24,3,0,0.46516816340243133,0.8580052120279853,0.20768545359304208
67f6a640d2046b13fcf33328,5,25,1,1,0.46516816340243133,0.8580052120279853,0.1288558890396792
67f6a640d2046b13fcf33328,6,1,3,0,0.6886984250996782,0.8580052120279853,0.1288558890396792
67f6a640d2046b13fcf33328,6,2,1,1,0.6886984250996782,0.8580052120279853,0.07994705384528651
67f6a640d2046b13fcf33328,6,3,2,0,0.7941202482535925,0.8580052120279853,0.07994705384528651
67f6a640d2046b13fcf33328,6,4,1,1,0.7941202482535925,0.4761591527060528,0.07994705384528651
67f6a640d2046b13fcf33328,6,5,1,0,0.8722644364954069,0.4761591527060528,0.07994705384528651
67f6a640d2046b13fcf33328,6,6,3,0,0.51825965870071,0.4761591527060528,0.07994705384528651
67f6a640d2046b13fcf33328,6,7,2,1,0.51825965870071,0.4761591527060528,0.049602167713021963
67f6a640d2046b13fcf33328,6,8,1,0,0.51825965870071,0.7098453496971326,0.049602167713021963
67f6a640d2046b13fcf33328,6,9,3,1,0.3357720565032932,0.7098453496971326,0.049602167713021963
67f6a640d2046b13fcf33328,6,10,2,1,0.3357720565032932,0.7098453496971326,0.4550727626295437
67f6a640d2046b13fcf33328,6,11,1,1,0.3357720565032932,0.8199771106952869,0.4550727626295437
67f6a640d2046b13fcf33328,6,12,3,1,0.6301843587388775,0.8199771106952869,0.4550727626295437
67f6a640d2046b13fcf33328,6,13,2,0,0.6301843587388775,0.8199771106952869,0.6341510426253587
67f6a640d2046b13fcf33328,6,14,1,0,0.6301843587388775,0.4879290712762091,0.6341510426253587
67f6a640d2046b13fcf33328,6,15,3,0,0.36474784617362244,0.4879290712762091,0.6341510426253587
67f6a640d2046b13fcf33328,6,16,2,1,0.36474784617362244,0.4879290712762091,0.34099546320725904
67f6a640d2046b13fcf33328,6,17,1,1,0.36474784617362244,0.6952066997135131,0.34099546320725904
67f6a640d2046b13fcf33328,6,18,2,0,0.6189016170844185,0.6952066997135131,0.34099546320725904
67f6a640d2046b13fcf33328,6,19,3,0,0.6189016170844185,0.4313324587768326,0.34099546320725904
67f6a640d2046b13fcf33328,6,20,2,0,0.6189016170844185,0.4313324587768326,0.2441119811686851
67f6a640d2046b13fcf33328,6,21,1,1,0.6189016170844185,0.26761492673075926,0.2441119811686851
67f6a640d2046b13fcf33328,6,22,1,0,0.7554641538070164,0.26761492673075926,0.2441119811686851
67f6a640d2046b13fcf33328,6,23,2,1,0.46871845611733887,0.26761492673075926,0.2441119811686851
67f6a640d2046b13fcf33328,6,24,3,1,0.46871845611733887,0.5456006759661802,0.2441119811686851
67f6a640d2046b13fcf33328,6,25,1,1,0.46871845611733887,0.5456006759661802,0.5310185620288905
68598a1d4cebd213b2abb1d9,1,1,3,1,0.5,0.5,0.5
68598a1d4cebd213b2abb1d9,1,2,3,1,0.5,0.5,0.5647698375727761
68598a1d4cebd213b2abb1d9,1,3,3,1,0.5,0.5,0.6211494113457408
68598a1d4cebd213b2abb1d9,1,4,3,0,0.5,0.5,0.6702255933869969
68598a1d4cebd213b2abb1d9,1,5,1,0,0.5,0.5,0.5826123000494834
68598a1d4cebd213b2abb1d9,1,6,2,1,0.4352301624272239,0.5,0.5826123000494834
68598a1d4cebd213b2abb1d9,1,7,2,0,0.4352301624272239,0.5647698375727761,0.5826123000494834
68598a1d4cebd213b2abb1d9,1,8,3,1,0.4352301624272239,0.4916097362001885,0.5826123000494834
68598a1d4cebd213b2abb1d9,1,9,2,1,0.4352301624272239,0.4916097362001885,0.6373703959950412
68598a1d4cebd213b2abb1d9,1,10,1,0,0.4352301624272239,0.5574664458410677,0.6373703959950412
68598a1d4cebd213b2abb1d9,1,11,3,1,0.37885058865425925,0.5574664458410677,0.6373703959950412
68598a1d4cebd213b2abb1d9,1,12,2,0,0.37885058865425925,0.5574664458410677,0.6843453169829571
68598a1d4cebd213b2abb1d9,1,13,3,0,0.37885058865425925,0.48525242347785846,0.6843453169829571
68598a1d4cebd213b2abb1d9,1,14,3,1,0.37885058865425925,0.48525242347785846,0.5928641129561079
68598a1d4cebd213b2abb1d9,1,15,2,0,0.37885058865425925,0.48525242347785846,0.6480689272350167
68598a1d4cebd213b2abb1d9,1,16,2,0,0.37885058865425925,0.4223929822116367,0.6480689272350167
68598a1d4cebd213b2abb1d9,1,17,1,0,0.37885058865425925,0.3676763326213811,0.6480689272350167
68598a1d4cebd213b2abb1d9,1,18,1,0,0.32977440661300306,0.3676763326213811,0.6480689272350167
68598a1d4cebd213b2abb1d9,1,19,3,1,0.28705553729407685,0.3676763326213811,0.6480689272350167
68598a1d4cebd213b2abb1d9,1,20,2,0,0.28705553729407685,0.3676763326213811,0.6936579639864846
68598a1d4cebd213b2abb1d9,1,21,2,1,0.28705553729407685,0.3200476600987232,0.6936579639864846
68598a1d4cebd213b2abb1d9,1,22,3,1,0.28705553729407685,0.4087928339436141,0.6936579639864846
68598a1d4cebd213b2abb1d9,1,23,2,0,0.28705553729407685,0.4087928339436141,0.7333414116810885
68598a1d4cebd213b2abb1d9,1,24,3,1,0.28705553729407685,0.3552596367500399,0.7333414116810885
68598a1d4cebd213b2abb1d9,1,25,3,1,0.28705553729407685,0.3552596367500399,0.7678842784201629
68598a1d4cebd213b2abb1d9,2,1,3,0,0.28705553729407685,0.3552596367500399,0.7979524734014197
68598a1d4cebd213b2abb1d9,2,2,3,0,0.28705553729407685,0.3552596367500399,0.6907427550196417
68598a1d4cebd213b2abb1d9,2,3,2,0,0.28705553729407685,0.3552596367500399,0.6033311085456389
68598a1d4cebd213b2abb1d9,2,4,1,0,0.28705553729407685,0.30923941893660434,0.6033311085456389
68598a1d4cebd213b2abb1d9,2,5,1,1,0.24987045645902956,0.30923941893660434,0.6033311085456389
68598a1d4cebd213b2abb1d9,2,6,1,0,0.34860892681875677,0.30923941893660434,0.6033311085456389
68598a1d4cebd213b2abb1d9,2,7,2,1,0.3020862869863614,0.30923941893660434,0.6033311085456389
68598a1d4cebd213b2abb1d9,2,8,3,1,0.3020862869863614,0.4015632021376315,0.6033311085456389
68598a1d4cebd213b2abb1d9,2,9,2,1,0.3020862869863614,0.4015632021376315,0.6520948180011918
68598a1d4cebd213b2abb1d9,2,10,3,1,0.3020862869863614,0.47662142205700986,0.6520948180011918
68598a1d4cebd213b2abb1d9,2,11,2,1,0.3020862869863614,0.47662142205700986,0.7004121741339645
68598a1d4cebd213b2abb1d9,2,12,3,0,0.3020862869863614,0.5444096789121511,0.7004121741339645
68598a1d4cebd213b2abb1d9,2,13,2,0,0.3020862869863614,0.5444096789121511,0.6088671662977568
68598a1d4cebd213b2abb1d9,2,14,3,1,0.3020862869863614,0.47385544653743183,0.6088671662977568
68598a1d4cebd213b2abb1d9,2,15,2,0,0.3020862869863614,0.47385544653743183,0.6586437812699886
68598a1d4cebd213b2abb1d9,2,16,3,0,0.3020862869863614,0.41249985439468706,0.6586437812699886
68598a1d4cebd213b2abb1d9,2,17,2,1,0.3020862869863614,0.41249985439468706,0.574698607653917
68598a1d4cebd213b2abb1d9,2,18,1,1,0.3020862869863614,0.48860443244759716,0.574698607653917
68598a1d4cebd213b2abb1d9,2,19,3,0,0.3968147758998142,0.48860443244759716,0.574698607653917
68598a1d4cebd213b2abb1d9,2,20,2,1,0.3968147758998142,0.48860443244759716,0.5002667498800446
68598a1d4cebd213b2abb1d9,2,21,1,0,0.3968147758998142,0.554850448081194,0.5002667498800446
68598a1d4cebd213b2abb1d9,2,22,3,0,0.34165028306578615,0.554850448081194,0.5002667498800446
68598a1d4cebd213b2abb1d9,2,23,2,1,0.34165028306578615,0.554850448081194,0.43546235779620324
68598a1d4cebd213b2abb1d9,2,24,3,1,0.34165028306578615,0.6125149762941837,0.43546235779620324
68598a1d4cebd213b2abb1d9,2,25,2,0,0.34165028306578615,0.6125149762941837,0.5087492101892855
68598a1d4cebd213b2abb1d9,3,1,3,1,0.34165028306578615,0.5327043502012361,0.5087492101892855
68598a1d4cebd213b2abb1d9,3,2,2,0,0.34165028306578615,0.5327043502012361,0.5745347013300747
68598a1d4cebd213b2abb1d9,3,3,3,1,0.34165028306578615,0.4641033183283302,0.5745347013300747
68598a1d4cebd213b2abb1d9,3,4,2,0,0.34165028306578615,0.4641033183283302,0.6276598686078172
68598a1d4cebd213b2abb1d9,3,5,3,0,0.34165028306578615,0.4039835252685789,0.6276598686078172
68598a1d4cebd213b2abb1d9,3,6,1,0,0.34165028306578615,0.4039835252685789,0.5463530130755949
68598a1d4cebd213b2abb1d9,3,7,2,0,0.29739301644546995,0.4039835252685789,0.5463530130755949
68598a1d4cebd213b2abb1d9,3,8,3,1,0.29739301644546995,0.3516516307432177,0.5463530130755949
68598a1d4cebd213b2abb1d9,3,9,3,1,0.29739301644546995,0.3516516307432177,0.6051182964504525
68598a1d4cebd213b2abb1d9,3,10,2,1,0.29739301644546995,0.3516516307432177,0.6562711440257354
68598a1d4cebd213b2abb1d9,3,11,3,1,0.29739301644546995,0.4359194836834964,0.6562711440257354
68598a1d4cebd213b2abb1d9,3,12,2,0,0.29739301644546995,0.4359194836834964,0.7007976682820938
68598a1d4cebd213b2abb1d9,3,13,3,1,0.29739301644546995,0.3792060024317295,0.7007976682820938
68598a1d4cebd213b2abb1d9,3,14,2,1,0.29739301644546995,0.3792060024317295,0.7395562410059333
68598a1d4cebd213b2abb1d9,3,15,3,0,0.29739301644546995,0.45986930602293796,0.7395562410059333
68598a1d4cebd213b2abb1d9,3,16,2,0,0.29739301644546995,0.45986930602293796,0.6425279902348822
68598a1d4cebd213b2abb1d9,3,17,2,1,0.29739301644546995,0.400083982198399,0.6425279902348822
68598a1d4cebd213b2abb1d9,3,18,3,1,0.29739301644546995,0.47779690831878185,0.6425279902348822
68598a1d4cebd213b2abb1d9,3,19,2,0,0.29739301644546995,0.47779690831878185,0.6899023093602736
68598a1d4cebd213b2abb1d9,3,20,3,1,0.29739301644546995,0.4159032519839567,0.6899023093602736
68598a1d4cebd213b2abb1d9,3,21,3,1,0.29739301644546995,0.4159032519839567,0.7300722633934922
68598a1d4cebd213b2abb1d9,3,22,2,0,0.29739301644546995,0.4159032519839567,0.7650386145899475
68598a1d4cebd213b2abb1d9,3,23,3,0,0.29739301644546995,0.36202727986801925,0.7650386145899475
68598a1d4cebd213b2abb1d9,3,24,2,1,0.29739301644546995,0.36202727986801925,0.663242912513168
68598a1d4cebd213b2abb1d9,3,25,3,1,0.29739301644546995,0.4452639223802318,0.663242912513168
68598a1d4cebd213b2abb1d9,4,1,2,0,0.29739301644546995,0.4452639223802318,0.7092103338540459
68598a1d4cebd213b2abb1d9,4,2,3,0,0.29739301644546995,0.38706764389526016,0.7092103338540459
68598a1d4cebd213b2abb1d9,4,3,1,0,0.29739301644546995,0.38706764389526016,0.6173127629092071
68598a1d4cebd213b2abb1d9,4,4,2,1,0.2588688218136477,0.38706764389526016,0.6173127629092071
68598a1d4cebd213b2abb1d9,4,5,3,0,0.2588688218136477,0.4664720111339576,0.6173127629092071
68598a1d4cebd213b2abb1d9,4,6,3,1,0.2588688218136477,0.4664720111339576,0.5373695048231047
68598a1d4cebd213b2abb1d9,4,7,2,1,0.2588688218136477,0.4664720111339576,0.5973300290301062
68598a1d4cebd213b2abb1d9,4,8,3,1,0.2588688218136477,0.5355804322705906,0.5973300290301062
68598a1d4cebd213b2abb1d9,4,9,2,1,0.2588688218136477,0.5355804322705906,0.6494643294217397
68598a1d4cebd213b2abb1d9,4,10,3,0,0.2588688218136477,0.5957411920760045,0.6494643294217397
68598a1d4cebd213b2abb1d9,4,11,2,0,0.2588688218136477,0.5957411920760045,0.5653329311588631
68598a1d4cebd213b2abb1d9,4,12,2,1,0.2588688218136477,0.51837221456221,0.5653329311588631
68598a1d4cebd213b2abb1d9,4,13,3,1,0.2588688218136477,0.5809334774248561,0.5653329311588631
68598a1d4cebd213b2abb1d9,4,14,2,0,0.2588688218136477,0.5809334774248561,0.6222294551208517
68598a1d4cebd213b2abb1d9,4,15,2,1,0.2588688218136477,0.5038200229603951,0.6222294551208517
68598a1d4cebd213b2abb1d9,4,16,3,0,0.2588688218136477,0.5697136546904,0.6222294551208517
68598a1d4cebd213b2abb1d9,4,17,3,1,0.2588688218136477,0.5697136546904,0.5411125752237471
68598a1d4cebd213b2abb1d9,4,18,2,1,0.2588688218136477,0.5697136546904,0.6013770719507969
68598a1d4cebd213b2abb1d9,4,19,3,0,0.2588688218136477,0.6254528079796817,0.6013770719507969
68598a1d4cebd213b2abb1d9,4,20,3,1,0.2588688218136477,0.6254528079796817,0.5227607830452541
68598a1d4cebd213b2abb1d9,4,21,2,0,0.2588688218136477,0.6254528079796817,0.5857855368192033
68598a1d4cebd213b2abb1d9,4,22,2,0,0.2588688218136477,0.542377275654973,0.5857855368192033
68598a1d4cebd213b2abb1d9,4,23,3,1,0.2588688218136477,0.47390632868106275,0.5857855368192033
68598a1d4cebd213b2abb1d9,4,24,2,1,0.2588688218136477,0.47390632868106275,0.63839528366099
68598a1d4cebd213b2abb1d9,4,25,3,1,0.2588688218136477,0.5420563320169743,0.63839528366099
68598a1d4cebd213b2abb1d9,5,1,2,0,0.2588688218136477,0.5420563320169743,0.6852374411007731
68598a1d4cebd213b2abb1d9,5,2,2,1,0.2588688218136477,0.47183853082097915,0.6852374411007731
68598a1d4cebd213b2abb1d9,5,3,3,1,0.2588688218136477,0.5402563960198055,0.6852374411007731
68598a1d4cebd213b2abb1d9,5,4,2,1,0.2588688218136477,0.5402563960198055,0.7260116806297601
68598a1d4cebd213b2abb1d9,5,5,3,1,0.2588688218136477,0.5998114330932538,0.7260116806297601
68598a1d4cebd213b2abb1d9,5,6,2,1,0.2588688218136477,0.5998114330932538,0.7615040383774081
68598a1d4cebd213b2abb1d9,5,7,3,0,0.2588688218136477,0.6516517299407905,0.7615040383774081
68598a1d4cebd213b2abb1d9,5,8,3,1,0.2588688218136477,0.6516517299407905,0.6614281583253034
68598a1d4cebd213b2abb1d9,5,9,2,1,0.2588688218136477,0.6516517299407905,0.7065321812636607
68598a1d4cebd213b2abb1d9,5,10,3,0,0.2588688218136477,0.6967766515238941,0.7065321812636607
68598a1d4cebd213b2abb1d9,5,11,3,1,0.2588688218136477,0.6967766515238941,0.6149995726285675
68598a1d4cebd213b2abb1d9,5,12,2,0,0.2588688218136477,0.6967766515238941,0.6646324737157114
68598a1d4cebd213b2abb1d9,5,13,2,1,0.2588688218136477,0.6053450101084064,0.6646324737157114
68598a1d4cebd213b2abb1d9,5,14,3,1,0.2588688218136477,0.6574881639883059,0.6646324737157114
68598a1d4cebd213b2abb1d9,5,15,2,1,0.2588688218136477,0.6574881639883059,0.7082912841878564
68598a1d4cebd213b2abb1d9,5,16,3,0,0.2588688218136477,0.7018570358463482,0.7082912841878564
68598a1d4cebd213b2abb1d9,5,17,3,1,0.2588688218136477,0.7018570358463482,0.6165304268130563
68598a1d4cebd213b2abb1d9,5,18,2,0,0.2588688218136477,0.7018570358463482,0.6662128149319592
68598a1d4cebd213b2abb1d9,5,19,2,1,0.2588688218136477,0.6074111145870913,0.6662128149319592
68598a1d4cebd213b2abb1d9,5,20,3,1,0.2588688218136477,0.6613375772411569,0.6662128149319592
68598a1d4cebd213b2abb1d9,5,21,2,0,0.2588688218136477,0.6613375772411569,0.7094514984390998
68598a1d4cebd213b2abb1d9,5,22,2,0,0.2588688218136477,0.5734482616940828,0.7094514984390998
68598a1d4cebd213b2abb1d9,5,23,3,1,0.2588688218136477,0.501096260734236,0.7094514984390998
68598a1d4cebd213b2abb1d9,5,24,2,1,0.2588688218136477,0.501096260734236,0.7470890568785163
68598a1d4cebd213b2abb1d9,5,25,3,1,0.2588688218136477,0.5645199097569518,0.7470890568785163
68598a1d4cebd213b2abb1d9,6,1,2,1,0.2588688218136477,0.5645199097569518,0.7798510581857699
68598a1d4cebd213b2abb1d9,6,2,3,0,0.2588688218136477,0.6219800496151475,0.7798510581857699
68598a1d4cebd213b2abb1d9,6,3,3,1,0.2588688218136477,0.6219800496151475,0.6770292881889426
68598a1d4cebd213b2abb1d9,6,4,2,0,0.2588688218136477,0.6219800496151475,0.720433739826708
68598a1d4cebd213b2abb1d9,6,5,2,0,0.2588688218136477,0.5413842809115527,0.720433739826708
68598a1d4cebd213b2abb1d9,6,6,3,0,0.2588688218136477,0.47127501577665676,0.720433739826708
68598a1d4cebd213b2abb1d9,6,7,2,1,0.2588688218136477,0.47127501577665676,0.6271002847495573
68598a1d4cebd213b2abb1d9,6,8,3,0,0.2588688218136477,0.5399625326317281,0.6271002847495573
68598a1d4cebd213b2abb1d9,6,9,3,0,0.2588688218136477,0.5399625326317281,0.5458734927654438
68598a1d4cebd213b2abb1d9,6,10,2,0,0.2588688218136477,0.5399625326317281,0.4751612180140159
68598a1d4cebd213b2abb1d9,6,11,3,1,0.2588688218136477,0.4698447820829286,0.4751612180140159
68598a1d4cebd213b2abb1d9,6,12,2,1,0.2588688218136477,0.4698447820829286,0.5432822067947622
68598a1d4cebd213b2abb1d9,6,13,3,0,0.2588688218136477,0.539668060903348,0.5432822067947622
68598a1d4cebd213b2abb1d9,6,14,2,0,0.2588688218136477,0.539668060903348,0.4727893622618309
68598a1d4cebd213b2abb1d9,6,15,2,1,0.2588688218136477,0.4687610922920744,0.4727893622618309
68598a1d4cebd213b2abb1d9,6,16,3,1,0.2588688218136477,0.5389287730478987,0.4727893622618309
68598a1d4cebd213b2abb1d9,6,17,2,0,0.2588688218136477,0.5389287730478987,0.5418934555643466
68598a1d4cebd213b2abb1d9,6,18,2,0,0.2588688218136477,0.46793997923274633,0.5418934555643466
68598a1d4cebd213b2abb1d9,6,19,3,1,0.2588688218136477,0.40732318642619547,0.5418934555643466
68598a1d4cebd213b2abb1d9,6,20,2,1,0.2588688218136477,0.40732318642619547,0.6034471132567525
68598a1d4cebd213b2abb1d9,6,21,3,1,0.2588688218136477,0.4853978374715062,0.6034471132567525
68598a1d4cebd213b2abb1d9,6,22,2,0,0.2588688218136477,0.4853978374715062,0.6522788500024993
68598a1d4cebd213b2abb1d9,6,23,2,1,0.2588688218136477,0.42138840571645847,0.6522788500024993
68598a1d4cebd213b2abb1d9,6,24,3,0,0.2588688218136477,0.4989635782405853,0.6522788500024993
68598a1d4cebd213b2abb1d9,6,25,3,0,0.2588688218136477,0.4989635782405853,0.5677828596022416
697ccad66fdf3bbcccb90fe4,1,1,2,0,0.5,0.5,0.5
697ccad66fdf3bbcccb90fe4,1,2,1,0,0.5,0.4338813726364361,0.5
697ccad66fdf3bbcccb90fe4,1,3,3,0,0.4338813726364361,0.4338813726364361,0.5
697ccad66fdf3bbcccb90fe4,1,4,2,0,0.4338813726364361,0.4338813726364361,0.4338813726364361
697ccad66fdf3bbcccb90fe4,1,5,2,1,0.4338813726364361,0.3765060914006811,0.4338813726364361
697ccad66fdf3bbcccb90fe4,1,6,2,1,0.4338813726364361,0.48302223186991056,0.4338813726364361
697ccad66fdf3bbcccb90fe4,1,7,3,0,0.4338813726364361,0.530501492003374,0.4338813726364361
697ccad66fdf3bbcccb90fe4,1,8,3,0,0.4338813726364361,0.530501492003374,0.3765060914006811
697ccad66fdf3bbcccb90fe4,1,9,2,1,0.4338813726364361,0.530501492003374,0.32671796010873777
697ccad66fdf3bbcccb90fe4,1,10,2,1,0.4338813726364361,0.5925866854916211,0.32671796010873777
697ccad66fdf3bbcccb90fe4,1,11,2,1,0.4338813726364361,0.6464619031374408,0.32671796010873777
697ccad66fdf3bbcccb90fe4,1,12,2,0,0.4338813726364361,0.6932128096913666,0.32671796010873777
697ccad66fdf3bbcccb90fe4,1,13,1,1,0.4338813726364361,0.5419197512669119,0.32671796010873777
697ccad66fdf3bbcccb90fe4,1,14,1,0,0.5087433461278088,0.5419197512669119,0.32671796010873777
697ccad66fdf3bbcccb90fe4,1,15,3,1,0.44146852258024794,0.5419197512669119,0.32671796010873777
697ccad66fdf3bbcccb90fe4,1,16,3,1,0.44146852258024794,0.5419197512669119,0.4625903568738645
697ccad66fdf3bbcccb90fe4,1,17,3,0,0.44146852258024794,0.5419197512669119,0.4975210667486728
697ccad66fdf3bbcccb90fe4,1,18,2,1,0.44146852258024794,0.5419197512669119,0.42781607780230985
697ccad66fdf3bbcccb90fe4,1,19,2,0,0.44146852258024794,0.6542349440283661,0.42781607780230985
697ccad66fdf3bbcccb90fe4,1,20,1,0,0.44146852258024794,0.5273647696332687,0.42781607780230985
697ccad66fdf3bbcccb90fe4,1,21,2,0,0.38308993738862285,0.5273647696332687,0.42781607780230985
697ccad66fdf3bbcccb90fe4,1,22,2,1,0.38308993738862285,0.49264688226297093,0.42781607780230985
697ccad66fdf3bbcccb90fe4,1,23,2,0,0.38308993738862285,0.5550752432609192,0.42781607780230985
697ccad66fdf3bbcccb90fe4,1,24,2,1,0.38308993738862285,0.4857196672926289,0.42781607780230985
697ccad66fdf3bbcccb90fe4,1,25,3,0,0.38308993738862285,0.5537266870212623,0.42781607780230985
697ccad66fdf3bbcccb90fe4,2,1,2,1,0.38308993738862285,0.5537266870212623,0.37124285430144977
697ccad66fdf3bbcccb90fe4,2,2,2,0,0.38308993738862285,0.6127406447405372,0.37124285430144977
697ccad66fdf3bbcccb90fe4,2,3,2,1,0.38308993738862285,0.5169458679934648,0.37124285430144977
697ccad66fdf3bbcccb90fe4,2,4,2,0,0.38308993738862285,0.5936384244875217,0.37124285430144977
697ccad66fdf3bbcccb90fe4,2,5,2,1,0.38308993738862285,0.5078467108738911,0.37124285430144977
697ccad66fdf3bbcccb90fe4,2,6,1,1,0.38308993738862285,0.5792542201522763,0.37124285430144977
697ccad66fdf3bbcccb90fe4,2,7,2,0,0.4853345569338398,0.5792542201522763,0.37124285430144977
697ccad66fdf3bbcccb90fe4,2,8,1,1,0.4853345569338398,0.501372771980278,0.37124285430144977
697ccad66fdf3bbcccb90fe4,2,9,2,0,0.53545920813683,0.501372771980278,0.37124285430144977
697ccad66fdf3bbcccb90fe4,2,10,1,0,0.53545920813683,0.4361854844555791,0.37124285430144977
697ccad66fdf3bbcccb90fe4,2,11,2,0,0.46465155208932374,0.4361854844555791,0.37124285430144977
697ccad66fdf3bbcccb90fe4,2,12,2,1,0.46465155208932374,0.3785055140489909,0.37124285430144977
697ccad66fdf3bbcccb90fe4,2,13,2,1,0.46465155208932374,0.5000331347097969,0.37124285430144977
697ccad66fdf3bbcccb90fe4,2,14,1,1,0.46465155208932374,0.5320070819965732,0.37124285430144977
697ccad66fdf3bbcccb90fe4,2,15,1,0,0.5354445612483487,0.5320070819965732,0.37124285430144977
697ccad66fdf3bbcccb90fe4,2,16,1,1,0.46463884209965867,0.5320070819965732,0.37124285430144977
697ccad66fdf3bbcccb90fe4,2,17,1,0,0.5354335320227459,0.5320070819965732,0.37124285430144977
697ccad66fdf3bbcccb90fe4,2,18,2,0,0.4646292713745269,0.5320070819965732,0.37124285430144977
697ccad66fdf3bbcccb90fe4,2,19,3,1,0.4646292713745269,0.46165592583780957,0.37124285430144977
697ccad66fdf3bbcccb90fe4,2,20,3,0,0.4646292713745269,0.46165592583780957,0.47810769760140914
697ccad66fdf3bbcccb90fe4,2,21,2,1,0.4646292713745269,0.46165592583780957,0.3943009553061524
697ccad66fdf3bbcccb90fe4,2,22,3,1,0.4646292713745269,0.5328450685639222,0.3943009553061524
697ccad66fdf3bbcccb90fe4,2,23,1,0,0.4646292713745269,0.5328450685639222,0.4875300415208922
697ccad66fdf3bbcccb90fe4,2,24,2,0,0.403187972199419,0.5328450685639222,0.4875300415208922
697ccad66fdf3bbcccb90fe4,2,25,3,0,0.403187972199419,0.46238309934155813,0.4875300415208922
697ccad66fdf3bbcccb90fe4,3,1,2,1,0.403187972199419,0.46238309934155813,0.411663985971694
697ccad66fdf3bbcccb90fe4,3,2,3,1,0.403187972199419,0.5334760826226926,0.411663985971694
697ccad66fdf3bbcccb90fe4,3,3,2,0,0.403187972199419,0.5334760826226926,0.49501104332201384
697ccad66fdf3bbcccb90fe4,3,4,3,0,0.403187972199419,0.462930669819158,0.49501104332201384
697ccad66fdf3bbcccb90fe4,3,5,3,1,0.403187972199419,0.462930669819158,0.4247385594146955
697ccad66fdf3bbcccb90fe4,3,6,1,0,0.403187972199419,0.462930669819158,0.5008095531770023
697ccad66fdf3bbcccb90fe4,3,7,2,1,0.34987150206947026,0.462930669819158,0.5008095531770023
697ccad66fdf3bbcccb90fe4,3,8,3,0,0.34987150206947026,0.5339512438715703,0.5008095531770023
697ccad66fdf3bbcccb90fe4,3,9,2,0,0.34987150206947026,0.5339512438715703,0.43458387240533264
697ccad66fdf3bbcccb90fe4,3,10,1,0,0.34987150206947026,0.4633429970389158,0.43458387240533264
697ccad66fdf3bbcccb90fe4,3,11,2,0,0.3036054558108117,0.4633429970389158,0.43458387240533264
697ccad66fdf3bbcccb90fe4,3,12,3,0,0.3036054558108117,0.40207179133626036,0.43458387240533264
697ccad66fdf3bbcccb90fe4,3,13,3,0,0.3036054558108117,0.40207179133626036,0.37711569425295755
697ccad66fdf3bbcccb90fe4,3,14,3,0,0.3036054558108117,0.40207179133626036,0.32724695051458735
697ccad66fdf3bbcccb90fe4,3,15,2,1,0.3036054558108117,0.40207179133626036,0.2839727127647828
697ccad66fdf3bbcccb90fe4,3,16,2,0,0.3036054558108117,0.5006609833335669,0.2839727127647828
697ccad66fdf3bbcccb90fe4,3,17,1,0,0.3036054558108117,0.41751552062129416,0.2839727127647828
697ccad66fdf3bbcccb90fe4,3,18,2,0,0.263457504657411,0.41751552062129416,0.2839727127647828
697ccad66fdf3bbcccb90fe4,3,19,1,0,0.263457504657411,0.3623044147373421,0.2839727127647828
697ccad66fdf3bbcccb90fe4,3,20,3,0,0.2286186084538958,0.3623044147373421,0.2839727127647828
697ccad66fdf3bbcccb90fe4,3,21,2,0,0.2286186084538958,0.3623044147373421,0.2464209415704554
697ccad66fdf3bbcccb90fe4,3,22,2,1,0.2286186084538958,0.31439427417685406,0.2464209415704554
697ccad66fdf3bbcccb90fe4,3,23,1,0,0.2286186084538958,0.46216180456920103,0.2464209415704554
697ccad66fdf3bbcccb90fe4,3,24,2,1,0.19838671230560204,0.46216180456920103,0.2464209415704554
697ccad66fdf3bbcccb90fe4,3,25,2,0,0.19838671230560204,0.497698605296637,0.2464209415704554
697ccad66fdf3bbcccb90fe4,4,1,2,0,0.19838671230560204,0.41976333871597415,0.2464209415704554
697ccad66fdf3bbcccb90fe4,4,2,2,1,0.19838671230560204,0.36425498729656225,0.2464209415704554
697ccad66fdf3bbcccb90fe4,4,3,2,1,0.19838671230560204,0.4794737904831241,0.2464209415704554
697ccad66fdf3bbcccb90fe4,4,4,1,1,0.19838671230560204,0.5212762609940567,0.2464209415704554
697ccad66fdf3bbcccb90fe4,4,5,3,0,0.4005909120936321,0.5212762609940567,0.2464209415704554
697ccad66fdf3bbcccb90fe4,4,6,3,1,0.4005909120936321,0.5212762609940567,0.21383491361247536
697ccad66fdf3bbcccb90fe4,4,7,2,1,0.4005909120936321,0.5212762609940567,0.39745884045654123
697ccad66fdf3bbcccb90fe4,4,8,1,1,0.4005909120936321,0.5845813735310716,0.39745884045654123
697ccad66fdf3bbcccb90fe4,4,9,2,0,0.45069634326989416,0.5845813735310716,0.39745884045654123
697ccad66fdf3bbcccb90fe4,4,10,3,1,0.45069634326989416,0.4911874211111099,0.39745884045654123
697ccad66fdf3bbcccb90fe4,4,11,1,0,0.45069634326989416,0.4911874211111099,0.44891340408670144
697ccad66fdf3bbcccb90fe4,4,12,1,1,0.361429381458221,0.4911874211111099,0.44891340408670144
697ccad66fdf3bbcccb90fe4,4,13,3,0,0.46422118709485727,0.4911874211111099,0.44891340408670144
697ccad66fdf3bbcccb90fe4,4,14,3,0,0.46422118709485727,0.4911874211111099,0.36656159496148477
697ccad66fdf3bbcccb90fe4,4,15,2,0,0.46422118709485727,0.4911874211111099,0.3072350799303013
697ccad66fdf3bbcccb90fe4,4,16,1,0,0.46422118709485727,0.4401968947855756,0.3072350799303013
697ccad66fdf3bbcccb90fe4,4,17,2,1,0.3806012521023923,0.4401968947855756,0.3072350799303013
697ccad66fdf3bbcccb90fe4,4,18,1,0,0.3806012521023923,0.5142237207615281,0.3072350799303013
697ccad66fdf3bbcccb90fe4,4,19,1,1,0.3243319717097718,0.5142237207615281,0.3072350799303013
697ccad66fdf3bbcccb90fe4,4,20,3,1,0.4479207099094828,0.5142237207615281,0.3072350799303013
697ccad66fdf3bbcccb90fe4,4,21,2,0,0.4479207099094828,0.5142237207615281,0.43855354554770004
697ccad66fdf3bbcccb90fe4,4,22,2,0,0.4479207099094828,0.4462241873448213,0.43855354554770004
697ccad66fdf3bbcccb90fe4,4,23,1,1,0.4479207099094828,0.3872167259543922,0.43855354554770004
697ccad66fdf3bbcccb90fe4,4,24,1,1,0.49527714948569923,0.3872167259543922,0.43855354554770004
697ccad66fdf3bbcccb90fe4,4,25,2,1,0.5584942407308522,0.3872167259543922,0.43855354554770004
697ccad66fdf3bbcccb90fe4,5,1,1,1,0.5584942407308522,0.4813729114351266,0.43855354554770004
697ccad66fdf3bbcccb90fe4,5,2,3,0,0.6168777493485864,0.4813729114351266,0.43855354554770004
697ccad66fdf3bbcccb90fe4,5,3,3,1,0.6168777493485864,0.4813729114351266,0.346102321155845
697ccad66fdf3bbcccb90fe4,5,4,2,0,0.6168777493485864,0.4813729114351266,0.4578060872254346
697ccad66fdf3bbcccb90fe4,5,5,2,0,0.6168777493485864,0.40632947526171626,0.4578060872254346
697ccad66fdf3bbcccb90fe4,5,6,2,0,0.6168777493485864,0.35259758122346607,0.4578060872254346
697ccad66fdf3bbcccb90fe4,5,7,3,1,0.6168777493485864,0.3059710455981094,0.4578060872254346
697ccad66fdf3bbcccb90fe4,5,8,3,1,0.6168777493485864,0.3059710455981094,0.5076070816589655
697ccad66fdf3bbcccb90fe4,5,9,1,0,0.6168777493485864,0.3059710455981094,0.5727197686710095
697ccad66fdf3bbcccb90fe4,5,10,1,1,0.4786209849814635,0.3059710455981094,0.5727197686710095
697ccad66fdf3bbcccb90fe4,5,11,3,1,0.5967537133286701,0.3059710455981094,0.5727197686710095
697ccad66fdf3bbcccb90fe4,5,12,3,1,0.5967537133286701,0.3059710455981094,0.629222132451241
697ccad66fdf3bbcccb90fe4,5,13,1,0,0.5967537133286701,0.3059710455981094,0.6782527785864025
697ccad66fdf3bbcccb90fe4,5,14,2,1,0.47602272046649113,0.3059710455981094,0.6782527785864025
697ccad66fdf3bbcccb90fe4,5,15,1,0,0.47602272046649113,0.4440929447323454,0.6782527785864025
697ccad66fdf3bbcccb90fe4,5,16,1,0,0.4493628148827398,0.4440929447323454,0.6782527785864025
697ccad66fdf3bbcccb90fe4,5,17,1,1,0.38994031000842644,0.4440929447323454,0.6782527785864025
697ccad66fdf3bbcccb90fe4,5,18,1,1,0.4700862172318606,0.4440929447323454,0.6782527785864025
697ccad66fdf3bbcccb90fe4,5,19,2,1,0.5406176219743692,0.4440929447323454,0.6782527785864025
697ccad66fdf3bbcccb90fe4,5,20,3,0,0.5406176219743692,0.4899466600216632,0.6782527785864025
697ccad66fdf3bbcccb90fe4,5,21,3,1,0.5406176219743692,0.4899466600216632,0.49730726961670113
697ccad66fdf3bbcccb90fe4,5,22,3,0,0.5406176219743692,0.4899466600216632,0.6429698577779064
697ccad66fdf3bbcccb90fe4,5,23,2,1,0.5406176219743692,0.4899466600216632,0.4910069402177043
697ccad66fdf3bbcccb90fe4,5,24,1,1,0.5406176219743692,0.5464965531513415,0.4910069402177043
697ccad66fdf3bbcccb90fe4,5,25,3,0,0.601365086090301,0.5464965531513415,0.4910069402177043
697ccad66fdf3bbcccb90fe4,6,1,2,0,0.601365086090301,0.5464965531513415,0.4692032899458875
697ccad66fdf3bbcccb90fe4,6,2,2,1,0.601365086090301,0.4657065360695204,0.4692032899458875
697ccad66fdf3bbcccb90fe4,6,3,3,0,0.601365086090301,0.5437558159732812,0.4692032899458875
697ccad66fdf3bbcccb90fe4,6,4,3,0,0.601365086090301,0.5437558159732812,0.42013959877731105
697ccad66fdf3bbcccb90fe4,6,5,3,0,0.601365086090301,0.5437558159732812,0.36458149212249114
697ccad66fdf3bbcccb90fe4,6,6,3,0,0.601365086090301,0.5437558159732812,0.3163702372063891
697ccad66fdf3bbcccb90fe4,6,7,3,0,0.601365086090301,0.5437558159732812,0.27453430645298726
697ccad66fdf3bbcccb90fe4,6,8,2,0,0.601365086090301,0.5437558159732812,0.23823064444050168
697ccad66fdf3bbcccb90fe4,6,9,3,0,0.601365086090301,0.46625650677375685,0.23823064444050168
697ccad66fdf3bbcccb90fe4,6,10,1,0,0.601365086090301,0.46625650677375685,0.2067276790937576
697ccad66fdf3bbcccb90fe4,6,11,2,1,0.4854801385376841,0.46625650677375685,0.2067276790937576
697ccad66fdf3bbcccb90fe4,6,12,2,0,0.4854801385376841,0.5416920077046512,0.2067276790937576
697ccad66fdf3bbcccb90fe4,6,13,3,1,0.4854801385376841,0.4678932724015541,0.2067276790937576
697ccad66fdf3bbcccb90fe4,6,14,2,1,0.4854801385376841,0.4678932724015541,0.39071107814592976
697ccad66fdf3bbcccb90fe4,6,15,2,0,0.4854801385376841,0.5401379350923616,0.39071107814592976
697ccad66fdf3bbcccb90fe4,6,16,3,0,0.4854801385376841,0.46871157700794996,0.39071107814592976
697ccad66fdf3bbcccb90fe4,6,17,3,0,0.4854801385376841,0.46871157700794996,0.27041902525349426
697ccad66fdf3bbcccb90fe4,6,18,2,0,0.4854801385376841,0.46871157700794996,0.23465955628284085
697ccad66fdf3bbcccb90fe4,6,19,3,0,0.4854801385376841,0.4067304448689486,0.23465955628284085
697ccad66fdf3bbcccb90fe4,6,20,1,1,0.4854801385376841,0.4067304448689486,0.20362882144011457
697ccad66fdf3bbcccb90fe4,6,21,2,0,0.5850724896533428,0.4067304448689486,0.20362882144011457
697ccad66fdf3bbcccb90fe4,6,22,1,1,0.5850724896533428,0.3529455278169753,0.20362882144011457
697ccad66fdf3bbcccb90fe4,6,23,3,1,0.6399413640382008,0.3529455278169753,0.20362882144011457
697ccad66fdf3bbcccb90fe4,6,24,2,0,0.6399413640382008,0.3529455278169753,0.3829632052635643
697ccad66fdf3bbcccb90fe4,6,25,1,1,0.6399413640382008,0.3062729807818899,0.3829632052635643
69b7e04340b00585acbb91ac,1,1,2,0,0.5,0.5,0.5
69b7e04340b00585acbb91ac,1,2,2,1,0.5,0.05235900654723458,0.5
69b7e04340b00585acbb91ac,1,3,2,1,0.5,0.9007649180622042,0.5
69b7e04340b00585acbb91ac,1,4,1,1,0.5,0.9896082993482245,0.5
69b7e04340b00585acbb91ac,1,5,3,0,0.9476409934527654,0.9896082993482245,0.5
69b7e04340b00585acbb91ac,1,6,3,0,0.9476409934527654,0.9896082993482245,0.05235900654723458
69b7e04340b00585acbb91ac,1,7,3,0,0.9476409934527654,0.9896082993482245,0.005482931156673327
69b7e04340b00585acbb91ac,1,8,3,1,0.9476409934527654,0.9896082993482245,5.741616615711573e-4
69b7e04340b00585acbb91ac,1,9,3,1,0.9476409934527654,0.9896082993482245,0.8953421119746969
69b7e04340b00585acbb91ac,1,10,2,0,0.9476409934527654,0.9896082993482245,0.9890404338645413
69b7e04340b00585acbb91ac,1,11,2,1,0.9476409934527654,0.10362981484049294,0.9890404338645413
69b7e04340b00585acbb91ac,1,12,2,0,0.9476409934527654,0.9061338952584332,0.9890404338645413
69b7e04340b00585acbb91ac,1,13,2,1,0.9476409934527654,0.09488854107174155,0.9890404338645413
69b7e04340b00585acbb91ac,1,14,3,0,0.9476409934527654,0.9052185264305849,0.9890404338645413
69b7e04340b00585acbb91ac,1,15,3,0,0.9476409934527654,0.9052185264305849,0.10357034909457946
69b7e04340b00585acbb91ac,1,16,3,1,0.9476409934527654,0.9052185264305849,0.01084568121803725
69b7e04340b00585acbb91ac,1,17,3,1,0.9476409934527654,0.9052185264305849,0.8964177251029457
69b7e04340b00585acbb91ac,1,18,1,0,0.9476409934527654,0.9052185264305849,0.9891530699355966
69b7e04340b00585acbb91ac,1,19,1,1,0.09923508193779584,0.9052185264305849,0.9891530699355966
69b7e04340b00585acbb91ac,1,20,1,1,0.9056736875573064,0.9052185264305849,0.9891530699355966
69b7e04340b00585acbb91ac,1,21,2,0,0.9901223359406296,0.9052185264305849,0.9891530699355966
69b7e04340b00585acbb91ac,1,22,2,0,0.9901223359406296,0.09479268546571135,0.9891530699355966
69b7e04340b00585acbb91ac,1,23,2,0,0.9901223359406296,0.009926501716285431,0.9891530699355966
69b7e04340b00585acbb91ac,1,24,2,1,0.9901223359406296,0.0010394835451774014,0.9891530699355966
69b7e04340b00585acbb91ac,1,25,2,0,0.9901223359406296,0.8953908395583785,0.9891530699355966
69b7e04340b00585acbb91ac,2,1,2,1,0.9901223359406296,0.09376354961483918,0.9891530699355966
69b7e04340b00585acbb91ac,2,2,2,0,0.9901223359406296,0.9051007195589786,0.9891530699355966
69b7e04340b00585acbb91ac,2,3,2,0,0.9901223359406296,0.09478034896397897,0.9891530699355966
69b7e04340b00585acbb91ac,2,4,2,1,0.9901223359406296,0.009925209862308076,0.9891530699355966
69b7e04340b00585acbb91ac,2,5,2,1,0.9901223359406296,0.8963213351703231,0.9891530699355966
69b7e04340b00585acbb91ac,2,6,3,1,0.9901223359406296,0.9891429761732076,0.9891530699355966
69b7e04340b00585acbb91ac,2,7,1,1,0.9901223359406296,0.9891429761732076,0.9988641310258717
69b7e04340b00585acbb91ac,2,8,2,1,0.9989656306373019,0.9891429761732076,0.9988641310258717
69b7e04340b00585acbb91ac,2,9,3,1,0.9989656306373019,0.9988630740271082,0.9988641310258717
69b7e04340b00585acbb91ac,2,10,1,1,0.9989656306373019,0.9988630740271082,0.9998810540563787
69b7e04340b00585acbb91ac,2,11,2,1,0.9998916828941911,0.9988630740271082,0.9998810540563787
69b7e04340b00585acbb91ac,2,12,3,0,0.9998916828941911,0.9998809433695657,0.9998810540563787
69b7e04340b00585acbb91ac,2,13,3,0,0.9998916828941911,0.9998809433695657,0.1047055573113756
69b7e04340b00585acbb91ac,2,14,3,1,0.9998916828941911,0.9998809433695657,0.01096455796846179
69b7e04340b00585acbb91ac,2,15,1,0,0.9998916828941911,0.9998809433695657,0.8964301736402649
69b7e04340b00585acbb91ac,2,16,1,0,0.10470667034217573,0.9998809433695657,0.8964301736402649
69b7e04340b00585acbb91ac,2,17,1,0,0.010964674522838593,0.9998809433695657,0.8964301736402649
69b7e04340b00585acbb91ac,2,18,1,0,0.0011481989400772023,0.9998809433695657,0.8964301736402649
69b7e04340b00585acbb91ac,2,19,1,1,1.2023711318435038e-4,0.9998809433695657,0.8964301736402649
69b7e04340b00585acbb91ac,2,20,1,1,0.8952945778973391,0.9998809433695657,0.8964301736402649
69b7e04340b00585acbb91ac,2,21,2,0,0.9890354561903265,0.9998809433695657,0.8964301736402649
69b7e04340b00585acbb91ac,2,22,2,0,0.9890354561903265,0.10470554572047214,0.8964301736402649
69b7e04340b00585acbb91ac,2,23,2,0,0.9890354561903265,0.01096455675468537,0.8964301736402649
69b7e04340b00585acbb91ac,2,24,2,0,0.9890354561903265,0.00114818660762983,0.8964301736402649
69b7e04340b00585acbb91ac,2,25,2,0,0.9890354561903265,1.2023582175492171e-4,0.8964301736402649
69b7e04340b00585acbb91ac,3,1,2,1,0.9890354561903265,1.2590856572299384e-5,0.8964301736402649
69b7e04340b00585acbb91ac,3,2,2,1,0.9890354561903265,0.8952833053950424,0.8964301736402649
69b7e04340b00585acbb91ac,3,3,3,0,0.9890354561903265,0.9890342757562589,0.8964301736402649
69b7e04340b00585acbb91ac,3,4,3,1,0.9890354561903265,0.9890342757562589,0.09387238661618752
69b7e04340b00585acbb91ac,3,5,1,1,0.9890354561903265,0.9890342757562589,0.9051121167537013
69b7e04340b00585acbb91ac,3,6,2,1,0.9988518147479462,0.9890342757562589,0.9051121167537013
69b7e04340b00585acbb91ac,3,7,3,0,0.9988518147479462,0.9988516911352329,0.9051121167537013
69b7e04340b00585acbb91ac,3,8,3,1,0.9988518147479462,0.9988516911352329,0.09478154245559017
69b7e04340b00585acbb91ac,3,9,1,0,0.9988518147479462,0.9988516911352329,0.9052073217479122
69b7e04340b00585acbb91ac,3,10,1,0,0.10459777741466747,0.9988516911352329,0.9052073217479122
69b7e04340b00585acbb91ac,3,11,1,0,0.010953271471639416,0.9988516911352329,0.9052073217479122
69b7e04340b00585acbb91ac,3,12,1,1,0.0011470048351873569,0.9988516911352329,0.9052073217479122
69b7e04340b00585acbb91ac,3,13,2,0,0.8954020989744205,0.9988516911352329,0.9052073217479122
69b7e04340b00585acbb91ac,3,14,2,0,0.8954020989744205,0.10459776447018937,0.9052073217479122
69b7e04340b00585acbb91ac,3,15,2,1,0.8954020989744205,0.010953270116119344,0.9052073217479122
69b7e04340b00585acbb91ac,3,16,2,1,0.8954020989744205,0.8964289915987709,0.9052073217479122
69b7e04340b00585acbb91ac,3,17,3,1,0.8954020989744205,0.9891542497406787,0.9052073217479122
69b7e04340b00585acbb91ac,3,18,3,1,0.8954020989744205,0.9891542497406787,0.9900734990391109
69b7e04340b00585acbb91ac,3,19,1,1,0.8954020989744205,0.9891542497406787,0.9989605165339261
69b7e04340b00585acbb91ac,3,20,1,1,0.9890467155840711,0.9891542497406787,0.9989605165339261
69b7e04340b00585acbb91ac,3,21,2,0,0.9988529938093123,0.9891542497406787,0.9989605165339261
69b7e04340b00585acbb91ac,3,22,2,1,0.9988529938093123,0.10358226766718803,0.9989605165339261
69b7e04340b00585acbb91ac,3,23,3,0,0.9988529938093123,0.906128916212837,0.9989605165339261
69b7e04340b00585acbb91ac,3,24,3,1,0.9988529938093123,0.906128916212837,0.10460916044990498
69b7e04340b00585acbb91ac,3,25,1,1,0.9988529938093123,0.906128916212837,0.9062364503860283
69b7e04340b00585acbb91ac,4,1,2,1,0.999879887789165,0.906128916212837,0.9062364503860283
69b7e04340b00585acbb91ac,4,2,2,1,0.999879887789165,0.9901700065814999,0.9062364503860283
69b7e04340b00585acbb91ac,4,3,3,1,0.999879887789165,0.9989706226121767,0.9062364503860283
69b7e04340b00585acbb91ac,4,4,3,1,0.999879887789165,0.9989706226121767,0.990181267346643
69b7e04340b00585acbb91ac,4,5,1,1,0.999879887789165,0.9989706226121767,0.9989718018171531
69b7e04340b00585acbb91ac,4,6,1,0,0.9999874220877181,0.9989706226121767,0.9989718018171531
69b7e04340b00585acbb91ac,4,7,1,1,0.10471669596045796,0.9989706226121767,0.9989718018171531
69b7e04340b00585acbb91ac,4,8,2,1,0.9062477112912173,0.9989706226121767,0.9989718018171531
69b7e04340b00585acbb91ac,4,9,3,1,0.9062477112912173,0.9998922056438919,0.9989718018171531
69b7e04340b00585acbb91ac,4,10,1,0,0.9062477112912173,0.9998922056438919,0.9998923291278973
69b7e04340b00585acbb91ac,4,11,1,1,0.09490045966075383,0.9998922056438919,0.9998923291278973
69b7e04340b00585acbb91ac,4,12,2,1,0.9052197745215715,0.9998922056438919,0.9998923291278973
69b7e04340b00585acbb91ac,4,13,3,0,0.9052197745215715,0.999988711989018,0.9998923291278973
69b7e04340b00585acbb91ac,4,14,3,1,0.9052197745215715,0.999988711989018,0.10470673801448716
69b7e04340b00585acbb91ac,4,15,1,0,0.9052197745215715,0.999988711989018,0.9062466685148796
69b7e04340b00585acbb91ac,4,16,1,1,0.09479281616332297,0.999988711989018,0.9062466685148796
69b7e04340b00585acbb91ac,4,17,1,1,0.9052085023082109,0.999988711989018,0.9062466685148796
69b7e04340b00585acbb91ac,4,18,2,1,0.9900736226650428,0.999988711989018,0.9062466685148796
69b7e04340b00585acbb91ac,4,19,3,1,0.9900736226650428,0.9999988179418935,0.9062466685148796
69b7e04340b00585acbb91ac,4,20,1,1,0.9900736226650428,0.9999988179418935,0.9901823373688159
69b7e04340b00585acbb91ac,4,21,2,0,0.9989605294797885,0.9999988179418935,0.9901823373688159
69b7e04340b00585acbb91ac,4,22,2,0,0.9989605294797885,0.1047178893116898,0.9901823373688159
69b7e04340b00585acbb91ac,4,23,2,0,0.9989605294797885,0.010965849351059556,0.9901823373688159
69b7e04340b00585acbb91ac,4,24,2,0,0.9989605294797885,0.0011483219657573186,0.9901823373688159
69b7e04340b00585acbb91ac,4,25,2,1,0.9989605294797885,1.2024999618951045e-4,0.9901823373688159
69b7e04340b00585acbb91ac,5,1,2,1,0.9989605294797885,0.8952945792464218,0.9901823373688159
69b7e04340b00585acbb91ac,5,2,2,0,0.9989605294797885,0.9890354563315998,0.9901823373688159
69b7e04340b00585acbb91ac,5,3,2,1,0.9989605294797885,0.10356982785720914,0.9901823373688159
69b7e04340b00585acbb91ac,5,4,2,1,0.9989605294797885,0.906127613540625,0.9901823373688159
69b7e04340b00585acbb91ac,5,5,3,1,0.9989605294797885,0.9901698701682506,0.9901823373688159
69b7e04340b00585acbb91ac,5,6,3,1,0.9989605294797885,0.9901698701682506,0.9989719138677517
69b7e04340b00585acbb91ac,5,7,1,1,0.9989605294797885,0.9901698701682506,0.9998923408616136
69b7e04340b00585acbb91ac,5,8,1,1,0.9998911487111009,0.9901698701682506,0.9998923408616136
69b7e04340b00585acbb91ac,5,9,2,1,0.9999886013091134,0.9901698701682506,0.9998923408616136
69b7e04340b00585acbb91ac,5,10,1,1,0.9999886013091134,0.9989706083272518,0.9998923408616136
69b7e04340b00585acbb91ac,5,11,3,1,0.9999988063517133,0.9989706083272518,0.9998923408616136
69b7e04340b00585acbb91ac,5,12,2,1,0.9999988063517133,0.9989706083272518,0.9999887261487496
69b7e04340b00585acbb91ac,5,13,3,1,0.9999988063517133,0.999892204148003,0.9999887261487496
69b7e04340b00585acbb91ac,5,14,1,0,0.9999988063517133,0.999892204148003,0.9999988194246725
69b7e04340b00585acbb91ac,5,15,1,1,0.1047178880979891,0.999892204148003,0.9999988194246725
69b7e04340b00585acbb91ac,5,16,2,0,0.9062478361294941,0.999892204148003,0.9999988194246725
69b7e04340b00585acbb91ac,5,17,2,1,0.9062478361294941,0.10470672492684058,0.9999988194246725
69b7e04340b00585acbb91ac,5,18,2,0,0.9062478361294941,0.9062466671443673,0.9999988194246725
69b7e04340b00585acbb91ac,5,19,2,0,0.9062478361294941,0.09490035031976768,0.9999988194246725
69b7e04340b00585acbb91ac,5,20,2,1,0.9062478361294941,0.009937776166069542,0.9999988194246725
69b7e04340b00585acbb91ac,5,21,3,1,0.9062478361294941,0.896322651088713,0.9999988194246725
69b7e04340b00585acbb91ac,5,22,1,0,0.9062478361294941,0.896322651088713,0.9999998763724942
69b7e04340b00585acbb91ac,5,23,1,1,0.0949004727335705,0.896322651088713,0.9999998763724942
69b7e04340b00585acbb91ac,5,24,2,1,0.9052197758905309,0.896322651088713,0.9999998763724942
69b7e04340b00585acbb91ac,5,25,1,1,0.9052197758905309,0.9891431139735702,0.9999998763724942
69b7e04340b00585acbb91ac,6,1,3,0,0.9900748032122084,0.9891431139735702,0.9999998763724942
69b7e04340b00585acbb91ac,6,2,3,0,0.9900748032122084,0.9891431139735702,0.10471800014844201
69b7e04340b00585acbb91ac,6,3,3,1,0.9900748032122084,0.9891431139735702,0.010965860957664372
69b7e04340b00585acbb91ac,6,4,3,1,0.9900748032122084,0.9891431139735702,0.8964303100867088
69b7e04340b00585acbb91ac,6,5,2,0,0.9900748032122084,0.9891431139735702,0.9891543878101192
69b7e04340b00585acbb91ac,6,6,2,0,0.9900748032122084,0.10358110155175793,0.9891543878101192
69b7e04340b00585acbb91ac,6,7,2,1,0.9900748032122084,0.010846807194012174,0.9891543878101192
69b7e04340b00585acbb91ac,6,8,2,1,0.9900748032122084,0.8964178430129155,0.9891543878101192
69b7e04340b00585acbb91ac,6,9,1,1,0.9900748032122084,0.9891530822828948,0.9891543878101192
69b7e04340b00585acbb91ac,6,10,1,0,0.9989606531043451,0.9891530822828948,0.9891543878101192
69b7e04340b00585acbb91ac,6,11,1,1,0.10460917475128834,0.9891530822828948,0.9891543878101192
69b7e04340b00585acbb91ac,6,12,3,1,0.9062364518836408,0.9891530822828948,0.9891543878101192
69b7e04340b00585acbb91ac,6,13,2,1,0.9062364518836408,0.9891530822828948,0.9988642690310767
69b7e04340b00585acbb91ac,6,14,3,0,0.9062364518836408,0.9988641323188563,0.9988642690310767
69b7e04340b00585acbb91ac,6,15,3,0,0.9062364518836408,0.9988641323188563,0.10459908160247916
69b7e04340b00585acbb91ac,6,16,3,0,0.9062364518836408,0.9988641323188563,0.010953408043599247
69b7e04340b00585acbb91ac,6,17,3,0,0.9062364518836408,0.9988641323188563,0.0011470191367320623
69b7e04340b00585acbb91ac,6,18,3,0,0.9062364518836408,0.9988641323188563,1.2011356651909805e-4
69b7e04340b00585acbb91ac,6,19,3,0,0.9062364518836408,0.9988641323188563,1.2578054246537953e-5
69b7e04340b00585acbb91ac,6,20,3,1,0.9062364518836408,0.9988641323188563,1.3171488774354052e-6
69b7e04340b00585acbb91ac,6,21,3,0,0.9062364518836408,0.9988641323188563,0.8952821248347478
69b7e04340b00585acbb91ac,6,22,3,1,0.9062364518836408,0.9988641323188563,0.09375216522479646
69b7e04340b00585acbb91ac,6,23,3,0,0.9062364518836408,0.9988641323188563,0.9050995274082481
69b7e04340b00585acbb91ac,6,24,3,0,0.9062364518836408,0.9988641323188563,0.09478022412432002
69b7e04340b00585acbb91ac,6,25,3,0,0.9062364518836408,0.9988641323188563,0.009925196789346655
69ef99a65d19811a9ddad38b,1,1,3,0,0.5,0.5,0.5
69ef99a65d19811a9ddad38b,1,2,1,0,0.5,0.5,0.4515221119895031
69ef99a65d19811a9ddad38b,1,3,2,1,0.4515221119895031,0.5,0.4515221119895031
69ef99a65d19811a9ddad38b,1,4,1,0,0.4515221119895031,0.5484778880104968,0.4515221119895031
69ef99a65d19811a9ddad38b,1,5,1,0,0.40774443622999457,0.5484778880104968,0.4515221119895031
69ef99a65d19811a9ddad38b,1,6,3,0,0.3682112598014847,0.5484778880104968,0.4515221119895031
69ef99a65d19811a9ddad38b,1,7,2,1,0.3682112598014847,0.5484778880104968,0.40774443622999457
69ef99a65d19811a9ddad38b,1,8,2,0,0.3682112598014847,0.5922555637700055,0.40774443622999457
69ef99a65d19811a9ddad38b,1,9,1,1,0.3682112598014847,0.5204183737757222,0.40774443622999457
69ef99a65d19811a9ddad38b,1,10,2,1,0.4566274296312474,0.5204183737757222,0.40774443622999457
69ef99a65d19811a9ddad38b,1,11,3,0,0.4566274296312474,0.5799335946690232,0.40774443622999457
69ef99a65d19811a9ddad38b,1,12,3,0,0.4566274296312474,0.5799335946690232,0.3682112598014847
69ef99a65d19811a9ddad38b,1,13,2,0,0.4566274296312474,0.5799335946690232,0.3325110538119597
69ef99a65d19811a9ddad38b,1,14,2,0,0.4566274296312474,0.5131512598698942,0.3325110538119597
69ef99a65d19811a9ddad38b,1,15,2,0,0.4566274296312474,0.47292939081210295,0.3325110538119597
69ef99a65d19811a9ddad38b,1,16,1,0,0.4566274296312474,0.4270761557292022,0.3325110538119597
69ef99a65d19811a9ddad38b,1,17,3,1,0.3878275410160356,0.4270761557292022,0.3325110538119597
69ef99a65d19811a9ddad38b,1,18,2,1,0.3878275410160356,0.4270761557292022,0.43553844260809726
69ef99a65d19811a9ddad38b,1,19,1,1,0.3878275410160356,0.4936929700701731,0.43553844260809726
69ef99a65d19811a9ddad38b,1,20,3,1,0.4691115358230109,0.4936929700701731,0.43553844260809726
69ef99a65d19811a9ddad38b,1,21,2,0,0.4691115358230109,0.4936929700701731,0.47557320315211826
69ef99a65d19811a9ddad38b,1,22,2,1,0.4691115358230109,0.4358312075573425,0.47557320315211826
69ef99a65d19811a9ddad38b,1,23,1,0,0.4691115358230109,0.49746917446645333,0.47557320315211826
69ef99a65d19811a9ddad38b,1,24,1,0,0.4038243987419521,0.49746917446645333,0.47557320315211826
69ef99a65d19811a9ddad38b,1,25,1,1,0.3646712919702174,0.49746917446645333,0.47557320315211826
69ef99a65d19811a9ddad38b,2,1,3,0,0.45342892676227775,0.49746917446645333,0.47557320315211826
69ef99a65d19811a9ddad38b,2,2,3,1,0.45342892676227775,0.49746917446645333,0.41149033961992165
69ef99a65d19811a9ddad38b,2,3,2,1,0.45342892676227775,0.49746917446645333,0.4822803886569173
69ef99a65d19811a9ddad38b,2,4,3,0,0.45342892676227775,0.5399266301788096,0.4822803886569173
69ef99a65d19811a9ddad38b,2,5,1,0,0.45342892676227775,0.5399266301788096,0.42312114623375885
69ef99a65d19811a9ddad38b,2,6,3,1,0.38494073561556563,0.5399266301788096,0.42312114623375885
69ef99a65d19811a9ddad38b,2,7,2,1,0.38494073561556563,0.5399266301788096,0.48813009443735944
69ef99a65d19811a9ddad38b,2,8,1,0,0.38494073561556563,0.5845333999166398,0.48813009443735944
69ef99a65d19811a9ddad38b,2,9,1,1,0.34761850910753195,0.5845333999166398,0.48813009443735944
69ef99a65d19811a9ddad38b,2,10,3,1,0.4410717742801791,0.5845333999166398,0.48813009443735944
69ef99a65d19811a9ddad38b,2,11,2,0,0.4410717742801791,0.5845333999166398,0.5295617150983369
69ef99a65d19811a9ddad38b,2,12,2,0,0.4410717742801791,0.5179257456837624,0.5295617150983369
69ef99a65d19811a9ddad38b,2,13,2,0,0.4410717742801791,0.47668048015062336,0.5295617150983369
69ef99a65d19811a9ddad38b,2,14,2,1,0.4410717742801791,0.43046355501020583,0.5295617150983369
69ef99a65d19811a9ddad38b,2,15,1,1,0.4410717742801791,0.4942297049676897,0.5295617150983369
69ef99a65d19811a9ddad38b,2,16,2,0,0.4814093677485869,0.4942297049676897,0.5295617150983369
69ef99a65d19811a9ddad38b,2,17,3,1,0.4814093677485869,0.43859359353480776,0.5295617150983369
69ef99a65d19811a9ddad38b,2,18,2,0,0.4814093677485869,0.43859359353480776,0.5751734224967674
69ef99a65d19811a9ddad38b,2,19,3,1,0.4814093677485869,0.396069412570443,0.5751734224967674
69ef99a65d19811a9ddad38b,2,20,1,0,0.4814093677485869,0.396069412570443,0.6163628106223342
69ef99a65d19811a9ddad38b,2,21,2,0,0.4282861327437109,0.396069412570443,0.6163628106223342
69ef99a65d19811a9ddad38b,2,22,3,1,0.4282861327437109,0.35766819732586386,0.6163628106223342
69ef99a65d19811a9ddad38b,2,23,3,0,0.4282861327437109,0.35766819732586386,0.6535586490393359
69ef99a65d19811a9ddad38b,2,24,1,0,0.4282861327437109,0.35766819732586386,0.5463312967556418
69ef99a65d19811a9ddad38b,2,25,2,0,0.3816407639645521,0.35766819732586386,0.5463312967556418
69ef99a65d19811a9ddad38b,3,1,3,1,0.3816407639645521,0.3229902023020558,0.5463312967556418
69ef99a65d19811a9ddad38b,3,2,3,0,0.3816407639645521,0.3229902023020558,0.6299255755520683
69ef99a65d19811a9ddad38b,3,3,1,1,0.3816407639645521,0.3229902023020558,0.532124981533708
69ef99a65d19811a9ddad38b,3,4,1,1,0.4607652321753512,0.3229902023020558,0.532124981533708
69ef99a65d19811a9ddad38b,3,5,2,1,0.49752192690352165,0.3229902023020558,0.532124981533708
69ef99a65d19811a9ddad38b,3,6,2,1,0.49752192690352165,0.43118520815753225,0.532124981533708
69ef99a65d19811a9ddad38b,3,7,3,0,0.49752192690352165,0.47225237553900645,0.532124981533708
69ef99a65d19811a9ddad38b,3,8,2,0,0.49752192690352165,0.47225237553900645,0.5026831227783886
69ef99a65d19811a9ddad38b,3,9,3,0,0.49752192690352165,0.4044789704680547,0.5026831227783886
69ef99a65d19811a9ddad38b,3,10,3,0,0.49752192690352165,0.4044789704680547,0.4638913734766502
69ef99a65d19811a9ddad38b,3,11,3,1,0.49752192690352165,0.4044789704680547,0.41891442663485057
69ef99a65d19811a9ddad38b,3,12,3,0,0.49752192690352165,0.4044789704680547,0.4869625613443388
69ef99a65d19811a9ddad38b,3,13,1,1,0.49752192690352165,0.4044789704680547,0.42917540868684145
69ef99a65d19811a9ddad38b,3,14,1,0,0.5446263358806407,0.4044789704680547,0.42917540868684145
69ef99a65d19811a9ddad38b,3,15,2,0,0.48052525734564355,0.4044789704680547,0.42917540868684145
69ef99a65d19811a9ddad38b,3,16,3,1,0.48052525734564355,0.36526239895012236,0.42917540868684145
69ef99a65d19811a9ddad38b,3,17,3,1,0.48052525734564355,0.36526239895012236,0.49101337269960504
69ef99a65d19811a9ddad38b,3,18,1,0,0.48052525734564355,0.36526239895012236,0.5344989005241461
69ef99a65d19811a9ddad38b,3,19,3,1,0.444136712459943,0.36526239895012236,0.5344989005241461
69ef99a65d19811a9ddad38b,3,20,2,1,0.444136712459943,0.36526239895012236,0.5796319200967577
69ef99a65d19811a9ddad38b,3,21,2,0,0.444136712459943,0.455011994684989,0.5796319200967577
69ef99a65d19811a9ddad38b,3,22,3,0,0.444136712459943,0.3854227763966953,0.5796319200967577
69ef99a65d19811a9ddad38b,3,23,3,1,0.444136712459943,0.3854227763966953,0.5131006813744174
69ef99a65d19811a9ddad38b,3,24,3,1,0.444136712459943,0.3854227763966953,0.5696391540537731
69ef99a65d19811a9ddad38b,3,25,3,0,0.444136712459943,0.3854227763966953,0.6113651226127941
69ef99a65d19811a9ddad38b,4,1,1,0,0.444136712459943,0.3854227763966953,0.5307735168629505
69ef99a65d19811a9ddad38b,4,2,1,0,0.401075092958478,0.3854227763966953,0.5307735168629505
69ef99a65d19811a9ddad38b,4,3,2,1,0.36218854706884546,0.3854227763966953,0.5307735168629505
69ef99a65d19811a9ddad38b,4,4,3,0,0.36218854706884546,0.46710298728332134,0.5307735168629505
69ef99a65d19811a9ddad38b,4,5,3,1,0.36218854706884546,0.46710298728332134,0.4985614509437154
69ef99a65d19811a9ddad38b,4,6,2,1,0.36218854706884546,0.46710298728332134,0.5471788151944835
69ef99a65d19811a9ddad38b,4,7,1,1,0.36218854706884546,0.49952843376859296,0.5471788151944835
69ef99a65d19811a9ddad38b,4,8,2,0,0.43782923060994183,0.49952843376859296,0.5471788151944835
69ef99a65d19811a9ddad38b,4,9,2,0,0.43782923060994183,0.4546796566982033,0.5471788151944835
69ef99a65d19811a9ddad38b,4,10,3,0,0.43782923060994183,0.4067814350578739,0.5471788151944835
69ef99a65d19811a9ddad38b,4,11,1,0,0.43782923060994183,0.4067814350578739,0.49412666808509276
69ef99a65d19811a9ddad38b,4,12,2,0,0.3829160844495736,0.4067814350578739,0.49412666808509276
69ef99a65d19811a9ddad38b,4,13,3,1,0.3829160844495736,0.3673416260504154,0.49412666808509276
69ef99a65d19811a9ddad38b,4,14,3,0,0.3829160844495736,0.3673416260504154,0.5431740102272044
69ef99a65d19811a9ddad38b,4,15,1,0,0.3829160844495736,0.3673416260504154,0.4905101521526254
69ef99a65d19811a9ddad38b,4,16,2,0,0.3457901594104599,0.3673416260504154,0.4905101521526254
69ef99a65d19811a9ddad38b,4,17,3,1,0.3457901594104599,0.3317257350763808,0.4905101521526254
69ef99a65d19811a9ddad38b,4,18,3,0,0.3457901594104599,0.3317257350763808,0.5399081364509033
69ef99a65d19811a9ddad38b,4,19,1,0,0.3457901594104599,0.3317257350763808,0.48756092373830773
69ef99a65d19811a9ddad38b,4,20,1,1,0.31226380790445707,0.3317257350763808,0.48756092373830773
69ef99a65d19811a9ddad38b,4,21,3,0,0.4089774113519955,0.3317257350763808,0.48756092373830773
69ef99a65d19811a9ddad38b,4,22,1,1,0.4089774113519955,0.3317257350763808,0.44028907677080187
69ef99a65d19811a9ddad38b,4,23,2,0,0.4568021331913487,0.3317257350763808,0.44028907677080187
69ef99a65d19811a9ddad38b,4,24,1,1,0.4568021331913487,0.2995630110443619,0.44028907677080187
69ef99a65d19811a9ddad38b,4,25,1,0,0.4958508847231691,0.2995630110443619,0.44028907677080187
69ef99a65d19811a9ddad38b,5,1,3,0,0.44589169555809116,0.2995630110443619,0.44028907677080187
69ef99a65d19811a9ddad38b,5,2,2,1,0.44589169555809116,0.2995630110443619,0.3976005093113739
69ef99a65d19811a9ddad38b,5,3,1,1,0.44589169555809116,0.4037352957475253,0.3976005093113739
69ef99a65d19811a9ddad38b,5,4,3,1,0.49966306667626303,0.4037352957475253,0.3976005093113739
69ef99a65d19811a9ddad38b,5,5,2,0,0.49966306667626303,0.4037352957475253,0.47876130732113864
69ef99a65d19811a9ddad38b,5,6,1,1,0.49966306667626303,0.3318456581481031,0.47876130732113864
69ef99a65d19811a9ddad38b,5,7,3,1,0.5479618432421858,0.3318456581481031,0.47876130732113864
69ef99a65d19811a9ddad38b,5,8,1,0,0.5479618432421858,0.3318456581481031,0.5087499228518988
69ef99a65d19811a9ddad38b,5,9,3,1,0.47664277519212206,0.3318456581481031,0.5087499228518988
69ef99a65d19811a9ddad38b,5,10,2,0,0.47664277519212206,0.3318456581481031,0.5563794550625503
69ef99a65d19811a9ddad38b,5,11,1,1,0.47664277519212206,0.29967130635523875,0.5563794550625503
69ef99a65d19811a9ddad38b,5,12,3,0,0.5438125573015153,0.29967130635523875,0.5563794550625503
69ef99a65d19811a9ddad38b,5,13,1,1,0.5438125573015153,0.29967130635523875,0.502672469086163
69ef99a65d19811a9ddad38b,5,14,3,0,0.5880425628047463,0.29967130635523875,0.502672469086163
69ef99a65d19811a9ddad38b,5,15,1,1,0.5880425628047463,0.29967130635523875,0.4537212523052194
69ef99a65d19811a9ddad38b,5,16,1,0,0.627984213084801,0.29967130635523875,0.4537212523052194
69ef99a65d19811a9ddad38b,5,17,3,1,0.5213818485813893,0.29967130635523875,0.4537212523052194
69ef99a65d19811a9ddad38b,5,18,3,0,0.5213818485813893,0.29967130635523875,0.5066861332426864
69ef99a65d19811a9ddad38b,5,19,1,0,0.5213818485813893,0.29967130635523875,0.45755998583450874
69ef99a65d19811a9ddad38b,5,20,3,1,0.48815236770537984,0.29967130635523875,0.45755998583450874
69ef99a65d19811a9ddad38b,5,21,2,0,0.48815236770537984,0.29967130635523875,0.5101526792202049
69ef99a65d19811a9ddad38b,5,22,1,1,0.48815236770537984,0.2706164443248942,0.5101526792202049
69ef99a65d19811a9ddad38b,5,23,3,1,0.5594174844448458,0.2706164443248942,0.5101526792202049
69ef99a65d19811a9ddad38b,5,24,2,1,0.5594174844448458,0.2706164443248942,0.5576462060376803
69ef99a65d19811a9ddad38b,5,25,1,0,0.5594174844448458,0.38570596925057177,0.5576462060376803
69ef99a65d19811a9ddad38b,6,1,2,0,0.48683012019777633,0.38570596925057177,0.5576462060376803
69ef99a65d19811a9ddad38b,6,2,1,0,0.48683012019777633,0.30824005496064155,0.5576462060376803
69ef99a65d19811a9ddad38b,6,3,3,1,0.4561987311850999,0.30824005496064155,0.5576462060376803
69ef99a65d19811a9ddad38b,6,4,2,1,0.4561987311850999,0.30824005496064155,0.6005349601569467
69ef99a65d19811a9ddad38b,6,5,1,1,0.4561987311850999,0.41182453784490913,0.6005349601569467
69ef99a65d19811a9ddad38b,6,6,1,0,0.5041168677269965,0.41182453784490913,0.6005349601569467
69ef99a65d19811a9ddad38b,6,7,2,1,0.4595803420878684,0.41182453784490913,0.6005349601569467
69ef99a65d19811a9ddad38b,6,8,1,0,0.4595803420878684,0.4580645673193673,0.6005349601569467
69ef99a65d19811a9ddad38b,6,9,3,0,0.4150213741605944,0.4580645673193673,0.6005349601569467
69ef99a65d19811a9ddad38b,6,10,1,0,0.4150213741605944,0.4580645673193673,0.5260719842717798
69ef99a65d19811a9ddad38b,6,11,2,1,0.37478265638971264,0.4580645673193673,0.5260719842717798
69ef99a65d19811a9ddad38b,6,12,3,0,0.37478265638971264,0.4944406520141228,0.5260719842717798
69ef99a65d19811a9ddad38b,6,13,1,1,0.37478265638971264,0.4944406520141228,0.4897295738957985
69ef99a65d19811a9ddad38b,6,14,1,1,0.45237793844739205,0.4944406520141228,0.4897295738957985
69ef99a65d19811a9ddad38b,6,15,2,0,0.49132605698868714,0.4944406520141228,0.4897295738957985
69ef99a65d19811a9ddad38b,6,16,3,1,0.49132605698868714,0.43887071071033623,0.4897295738957985
69ef99a65d19811a9ddad38b,6,17,1,1,0.49132605698868714,0.43887071071033623,0.5392032395650584
69ef99a65d19811a9ddad38b,6,18,2,1,0.5395758741404413,0.43887071071033623,0.5392032395650584
69ef99a65d19811a9ddad38b,6,19,3,1,0.5395758741404413,0.4983393969260062,0.5392032395650584
69ef99a65d19811a9ddad38b,6,20,1,0,0.5395758741404413,0.4983393969260062,0.5838801465161827
69ef99a65d19811a9ddad38b,6,21,1,1,0.48278251220555596,0.4983393969260062,0.5838801465161827
69ef99a65d19811a9ddad38b,6,22,2,0,0.536973894766563,0.4983393969260062,0.5838801465161827
69ef99a65d19811a9ddad38b,6,23,3,1,0.536973894766563,0.44106656284680756,0.5838801465161827
69ef99a65d19811a9ddad38b,6,24,1,1,0.536973894766563,0.44106656284680756,0.6242253684157271
69ef99a65d19811a9ddad38b,6,25,2,1,0.5818669489540653,0.44106656284680756,0.6242253684157271
69fdce52c07d954848678eaf,1,1,3,0,0.5,0.5,0.5
69fdce52c07d954848678eaf,1,2,2,1,0.5,0.5,0.4149738631722392
69fdce52c07d954848678eaf,1,3,2,0,0.5,0.5850261368277607,0.4149738631722392
69fdce52c07d954848678eaf,1,4,1,1,0.5,0.4855411120241485,0.4149738631722392
69fdce52c07d954848678eaf,1,5,1,1,0.5850261368277607,0.4855411120241485,0.4149738631722392
69fdce52c07d954848678eaf,1,6,2,1,0.6555933856796701,0.4855411120241485,0.4149738631722392
69fdce52c07d954848678eaf,1,7,3,1,0.6555933856796701,0.573026015656712,0.4149738631722392
69fdce52c07d954848678eaf,1,8,3,1,0.6555933856796701,0.573026015656712,0.5144588879758515
69fdce52c07d954848678eaf,1,9,2,1,0.6555933856796701,0.573026015656712,0.5970262579988096
69fdce52c07d954848678eaf,1,10,2,1,0.6555933856796701,0.6456339124202315,0.5970262579988096
69fdce52c07d954848678eaf,1,11,1,1,0.6555933856796701,0.7058946711896896,0.5970262579988096
69fdce52c07d954848678eaf,1,12,1,1,0.7141605133605307,0.7058946711896896,0.5970262579988096
69fdce52c07d954848678eaf,1,13,3,1,0.7627681677819527,0.7058946711896896,0.5970262579988096
69fdce52c07d954848678eaf,1,14,3,1,0.7627681677819527,0.7058946711896896,0.6655528589391086
69fdce52c07d954848678eaf,1,15,2,0,0.7627681677819527,0.7058946711896896,0.7224263555313716
69fdce52c07d954848678eaf,1,16,1,1,0.7627681677819527,0.5231906406456104,0.7224263555313716
69fdce52c07d954848678eaf,1,17,1,0,0.8031099800325336,0.5231906406456104,0.7224263555313716
69fdce52c07d954848678eaf,1,18,2,0,0.5510235974061517,0.5231906406456104,0.7224263555313716
69fdce52c07d954848678eaf,1,19,2,1,0.5510235974061517,0.4862295872597666,0.7224263555313716
69fdce52c07d954848678eaf,1,20,3,0,0.5510235974061517,0.5735974141724522,0.7224263555313716
69fdce52c07d954848678eaf,1,21,3,1,0.5510235974061517,0.5735974141724522,0.5263103868885886
69fdce52c07d954848678eaf,1,22,3,0,0.5510235974061517,0.5735974141724522,0.6676691037421416
69fdce52c07d954848678eaf,1,23,3,0,0.5510235974061517,0.5735974141724522,0.5109350909914597
69fdce52c07d954848678eaf,1,24,3,1,0.5510235974061517,0.5735974141724522,0.4598993108486852
69fdce52c07d954848678eaf,1,25,1,1,0.5510235974061517,0.5735974141724522,0.5497302258102272
69fdce52c07d954848678eaf,2,1,3,1,0.7232450516081684,0.5735974141724522,0.5497302258102272
69fdce52c07d954848678eaf,2,2,1,0,0.7232450516081684,0.5735974141724522,0.6279715007262822
69fdce52c07d954848678eaf,2,3,1,0,0.5258903508968649,0.5735974141724522,0.6279715007262822
69fdce52c07d954848678eaf,2,4,1,1,0.4981807589549839,0.5735974141724522,0.6279715007262822
69fdce52c07d954848678eaf,2,5,2,1,0.5785613813208584,0.5735974141724522,0.6279715007262822
69fdce52c07d954848678eaf,2,6,2,1,0.5785613813208584,0.6461081433685397,0.6279715007262822
69fdce52c07d954848678eaf,2,7,3,0,0.5785613813208584,0.7062882581280445,0.6279715007262822
69fdce52c07d954848678eaf,2,8,1,0,0.5785613813208584,0.7062882581280445,0.5053229623111803
69fdce52c07d954848678eaf,2,9,3,1,0.4842879949800043,0.7062882581280445,0.5053229623111803
69fdce52c07d954848678eaf,2,10,2,0,0.4842879949800043,0.7062882581280445,0.6026073504485556
69fdce52c07d954848678eaf,2,11,3,0,0.4842879949800043,0.5273988768611917,0.6026073504485556
69fdce52c07d954848678eaf,2,12,2,0,0.4842879949800043,0.5273988768611917,0.5000087879659223
69fdce52c07d954848678eaf,2,13,1,0,0.4842879949800043,0.4865006952062083,0.5000087879659223
69fdce52c07d954848678eaf,2,14,2,0,0.40193372046432624,0.4865006952062083,0.5000087879659223
69fdce52c07d954848678eaf,2,15,2,0,0.40193372046432624,0.40377014596431093,0.5000087879659223
69fdce52c07d954848678eaf,2,16,2,1,0.40193372046432624,0.33510811478833313,0.5000087879659223
69fdce52c07d954848678eaf,2,17,3,0,0.40193372046432624,0.5029215062194976,0.5000087879659223
69fdce52c07d954848678eaf,2,18,1,1,0.40193372046432624,0.5029215062194976,0.415083914597175
69fdce52c07d954848678eaf,2,19,1,0,0.530648943750205,0.5029215062194976,0.415083914597175
69fdce52c07d954848678eaf,2,20,1,0,0.41799176172374675,0.5029215062194976,0.415083914597175
69fdce52c07d954848678eaf,2,21,1,1,0.3469113124104675,0.5029215062194976,0.415083914597175
69fdce52c07d954848678eaf,2,22,2,0,0.5098952925520689,0.5029215062194976,0.415083914597175
69fdce52c07d954848678eaf,2,23,2,0,0.5098952925520689,0.3719614005602575,0.415083914597175
69fdce52c07d954848678eaf,2,24,3,0,0.5098952925520689,0.3087085188162533,0.415083914597175
69fdce52c07d954848678eaf,2,25,2,1,0.5098952925520689,0.3087085188162533,0.3444979513102565
69fdce52c07d954848678eaf,3,1,1,1,0.5098952925520689,0.49432937116735676,0.3444979513102565
69fdce52c07d954848678eaf,3,2,1,0,0.5501438728239787,0.49432937116735676,0.3444979513102565
69fdce52c07d954848678eaf,3,3,1,1,0.4565906563506441,0.49432937116735676,0.3444979513102565
69fdce52c07d954848678eaf,3,4,2,1,0.5489986508094309,0.49432937116735676,0.3444979513102565
69fdce52c07d954848678eaf,3,5,3,1,0.5489986508094309,0.523829283206604,0.3444979513102565
69fdce52c07d954848678eaf,3,6,2,0,0.5489986508094309,0.523829283206604,0.5032220253668604
69fdce52c07d954848678eaf,3,7,1,1,0.5489986508094309,0.4347509225090973,0.5032220253668604
69fdce52c07d954848678eaf,3,8,2,0,0.6256924556030088,0.4347509225090973,0.5032220253668604
69fdce52c07d954848678eaf,3,9,3,0,0.6256924556030088,0.36082053968780836,0.5032220253668604
69fdce52c07d954848678eaf,3,10,3,0,0.6256924556030088,0.36082053968780836,0.37842924413150936
69fdce52c07d954848678eaf,3,11,3,0,0.6256924556030088,0.36082053968780836,0.31407649086878797
69fdce52c07d954848678eaf,3,12,1,0,0.6256924556030088,0.36082053968780836,0.2606670696607634
69fdce52c07d954848678eaf,3,13,2,0,0.513027449561802,0.36082053968780836,0.2606670696607634
69fdce52c07d954848678eaf,3,14,2,0,0.513027449561802,0.2994621866298568,0.2606670696607634
69fdce52c07d954848678eaf,3,15,2,1,0.513027449561802,0.2485379610641849,0.2606670696607634
69fdce52c07d954848678eaf,3,16,1,1,0.513027449561802,0.4681042044909922,0.2606670696607634
69fdce52c07d954848678eaf,3,17,3,1,0.6010375139236757,0.4681042044909922,0.2606670696607634
69fdce52c07d954848678eaf,3,18,2,0,0.6010375139236757,0.4681042044909922,0.47943737785119983
69fdce52c07d954848678eaf,3,19,3,0,0.6010375139236757,0.31233073339102635,0.47943737785119983
69fdce52c07d954848678eaf,3,20,1,0,0.6010375139236757,0.31233073339102635,0.3206854238776867
69fdce52c07d954848678eaf,3,21,3,1,0.49882971804757925,0.31233073339102635,0.3206854238776867
69fdce52c07d954848678eaf,3,22,2,0,0.49882971804757925,0.31233073339102635,0.49224112962198996
69fdce52c07d954848678eaf,3,23,2,1,0.49882971804757925,0.2592181821208034,0.49224112962198996
69fdce52c07d954848678eaf,3,24,3,1,0.49882971804757925,0.469683066619563,0.49224112962198996
69fdce52c07d954848678eaf,3,25,1,1,0.49882971804757925,0.469683066619563,0.5320791337128301
69fdce52c07d954848678eaf,4,1,3,0,0.5840548640208048,0.469683066619563,0.5320791337128301
69fdce52c07d954848678eaf,4,2,2,1,0.5840548640208048,0.469683066619563,0.4463732379911995
69fdce52c07d954848678eaf,4,3,2,0,0.5840548640208048,0.4989279635234811,0.4463732379911995
69fdce52c07d954848678eaf,4,4,2,0,0.5840548640208048,0.4127298267534239,0.4463732379911995
69fdce52c07d954848678eaf,4,5,2,1,0.5840548640208048,0.3373391730511047,0.4463732379911995
69fdce52c07d954848678eaf,4,6,1,1,0.5840548640208048,0.48665815671716484,0.4463732379911995
69fdce52c07d954848678eaf,4,7,1,1,0.6547872800537375,0.48665815671716484,0.4463732379911995
69fdce52c07d954848678eaf,4,8,3,0,0.713491487855366,0.48665815671716484,0.4463732379911995
69fdce52c07d954848678eaf,4,9,3,0,0.713491487855366,0.48665815671716484,0.36650314576138515
69fdce52c07d954848678eaf,4,10,3,0,0.713491487855366,0.48665815671716484,0.30417845258564047
69fdce52c07d954848678eaf,4,11,3,0,0.713491487855366,0.48665815671716484,0.2524522152432321
69fdce52c07d954848678eaf,4,12,2,1,0.713491487855366,0.48665815671716484,0.2095221422023074
69fdce52c07d954848678eaf,4,13,2,0,0.713491487855366,0.5435504563783338,0.2095221422023074
69fdce52c07d954848678eaf,4,14,1,0,0.713491487855366,0.4431158023957826,0.2095221422023074
69fdce52c07d954848678eaf,4,15,1,1,0.5386551985992811,0.4431158023957826,0.2095221422023074
69fdce52c07d954848678eaf,4,16,3,0,0.6615146487464161,0.4431158023957826,0.2095221422023074
69fdce52c07d954848678eaf,4,17,1,1,0.6615146487464161,0.4431158023957826,0.17389242570909141
69fdce52c07d954848678eaf,4,18,2,0,0.7190748522481258,0.4431158023957826,0.17389242570909141
69fdce52c07d954848678eaf,4,19,1,1,0.7190748522481258,0.37440474452215255,0.17389242570909141
69fdce52c07d954848678eaf,4,20,3,1,0.7668468122258962,0.37440474452215255,0.17389242570909141
69fdce52c07d954848678eaf,4,21,1,0,0.7668468122258962,0.37440474452215255,0.4359328889045335
69fdce52c07d954848678eaf,4,22,3,0,0.5558097623598804,0.37440474452215255,0.4359328889045335
69fdce52c07d954848678eaf,4,23,2,0,0.5558097623598804,0.37440474452215255,0.2609139011874203
69fdce52c07d954848678eaf,4,24,1,1,0.5558097623598804,0.3107363664978703,0.2609139011874203
69fdce52c07d954848678eaf,4,25,1,0,0.698266502003989,0.3107363664978703,0.2609139011874203
69fdce52c07d954848678eaf,5,1,2,0,0.528860789349145,0.3107363664978703,0.2609139011874203
69fdce52c07d954848678eaf,5,2,2,0,0.528860789349145,0.2578949409742267,0.2609139011874203
69fdce52c07d954848678eaf,5,3,1,1,0.528860789349145,0.21403932004070025,0.2609139011874203
69fdce52c07d954848678eaf,5,4,3,1,0.6510274772576443,0.21403932004070025,0.2609139011874203
69fdce52c07d954848678eaf,5,5,1,1,0.6510274772576443,0.21403932004070025,0.46746561066911363
69fdce52c07d954848678eaf,5,6,3,0,0.7103710481819576,0.21403932004070025,0.46746561066911363
69fdce52c07d954848678eaf,5,7,1,0,0.7103710481819576,0.21403932004070025,0.32929033835622706
69fdce52c07d954848678eaf,5,8,2,1,0.5382803207351871,0.21403932004070025,0.32929033835622706
69fdce52c07d954848678eaf,5,9,3,1,0.5382803207351871,0.4357656742079654,0.32929033835622706
69fdce52c07d954848678eaf,5,10,1,1,0.5382803207351871,0.4357656742079654,0.4822909191262792
69fdce52c07d954848678eaf,5,11,1,0,0.6593652487688629,0.4357656742079654,0.4822909191262792
69fdce52c07d954848678eaf,5,12,2,1,0.5192367919168788,0.4357656742079654,0.4822909191262792
69fdce52c07d954848678eaf,5,13,3,0,0.5192367919168788,0.48900441144917217,0.4822909191262792
69fdce52c07d954848678eaf,5,14,2,1,0.5192367919168788,0.48900441144917217,0.36478133840884996
69fdce52c07d954848678eaf,5,15,1,1,0.5192367919168788,0.5506828057831321,0.36478133840884996
69fdce52c07d954848678eaf,5,16,3,0,0.6242565431694562,0.5506828057831321,0.36478133840884996
69fdce52c07d954848678eaf,5,17,2,0,0.6242565431694562,0.5506828057831321,0.3005605664269632
69fdce52c07d954848678eaf,5,18,1,1,0.6242565431694562,0.44080540398113294,0.3005605664269632
69fdce52c07d954848678eaf,5,19,1,0,0.6881320197556466,0.44080540398113294,0.3005605664269632
69fdce52c07d954848678eaf,5,20,2,1,0.5351496660282851,0.44080540398113294,0.3005605664269632
69fdce52c07d954848678eaf,5,21,3,0,0.5351496660282851,0.5493698747447124,0.3005605664269632
69fdce52c07d954848678eaf,5,22,2,1,0.5351496660282851,0.5493698747447124,0.24944955877961972
69fdce52c07d954848678eaf,5,23,1,0,0.5351496660282851,0.6260005519744452,0.24944955877961972
69fdce52c07d954848678eaf,5,24,2,1,0.4739944381555028,0.6260005519744452,0.24944955877961972
69fdce52c07d954848678eaf,5,25,1,0,0.4739944381555028,0.6896000082551575,0.24944955877961972
69fdce52c07d954848678eaf,6,1,2,1,0.3933906064055426,0.6896000082551575,0.24944955877961972
69fdce52c07d954848678eaf,6,2,3,1,0.3933906064055426,0.7423842323604882,0.24944955877961972
69fdce52c07d954848678eaf,6,3,2,1,0.3933906064055426,0.7423842323604882,0.4455254979939628
69fdce52c07d954848678eaf,6,4,1,0,0.3933906064055426,0.7861923791285574,0.4455254979939628
69fdce52c07d954848678eaf,6,5,2,1,0.32649363956662536,0.7861923791285574,0.4455254979939628
69fdce52c07d954848678eaf,6,6,3,1,0.32649363956662536,0.8225508509309316,0.4455254979939628
69fdce52c07d954848678eaf,6,7,1,1,0.32649363956662536,0.8225508509309316,0.49550178967022795
69fdce52c07d954848678eaf,6,8,2,0,0.5254244757834594,0.8225508509309316,0.49550178967022795
69fdce52c07d954848678eaf,6,9,3,1,0.5254244757834594,0.52508522355067,0.49550178967022795
69fdce52c07d954848678eaf,6,10,1,0,0.5254244757834594,0.52508522355067,0.5709260945553238
69fdce52c07d954848678eaf,6,11,2,0,0.3660276361157469,0.52508522355067,0.5709260945553238
69fdce52c07d954848678eaf,6,12,3,1,0.3660276361157469,0.498751187778367,0.5709260945553238
69fdce52c07d954848678eaf,6,13,2,0,0.3660276361157469,0.498751187778367,0.643891087520549
69fdce52c07d954848678eaf,6,14,1,0,0.3660276361157469,0.4702350254203621,0.643891087520549
69fdce52c07d954848678eaf,6,15,2,0,0.30378380452343545,0.4702350254203621,0.643891087520549
69fdce52c07d954848678eaf,6,16,3,0,0.30378380452343545,0.3902704903538509,0.643891087520549
69fdce52c07d954848678eaf,6,17,1,1,0.30378380452343545,0.3902704903538509,0.4665661436035806
69fdce52c07d954848678eaf,6,18,2,1,0.5153806741288964,0.3902704903538509,0.4665661436035806
69fdce52c07d954848678eaf,6,19,3,0,0.5153806741288964,0.501395888467476,0.4665661436035806
69fdce52c07d954848678eaf,6,20,1,0,0.5153806741288964,0.501395888467476,0.4285838241617801
69fdce52c07d954848678eaf,6,21,2,0,0.3503848012200014,0.501395888467476,0.4285838241617801
69fdce52c07d954848678eaf,6,22,3,0,0.3503848012200014,0.4099579745638366,0.4285838241617801
69fdce52c07d954848678eaf,6,23,2,1,0.3503848012200014,0.4099579745638366,0.36809899528033774
69fdce52c07d954848678eaf,6,24,1,1,0.3503848012200014,0.5139382816322162,0.36809899528033774
69fdce52c07d954848678eaf,6,25,3,1,0.5207489764744958,0.5139382816322162,0.36809899528033774
6a0092581cd317f1ff1765a2,1,1,1,1,0.5,0.5,0.5
6a0092581cd317f1ff1765a2,1,2,3,0,0.9368170344105138,0.5,0.5
6a0092581cd317f1ff1765a2,1,3,1,1,0.9368170344105138,0.5,0.06318296558948619
6a0092581cd317f1ff1765a2,1,4,2,1,0.9920158257186336,0.5,0.06318296558948619
6a0092581cd317f1ff1765a2,1,5,1,0,0.9920158257186336,0.9368170344105138,0.06318296558948619
6a0092581cd317f1ff1765a2,1,6,2,0,0.12535700356121182,0.9368170344105138,0.06318296558948619
6a0092581cd317f1ff1765a2,1,7,3,0,0.12535700356121182,0.11838175689760594,0.06318296558948619
6a0092581cd317f1ff1765a2,1,8,2,1,0.12535700356121182,0.11838175689760594,0.007984174281366396
6a0092581cd317f1ff1765a2,1,9,1,0,0.12535700356121182,0.8885934897659998,0.007984174281366396
6a0092581cd317f1ff1765a2,1,10,2,0,0.015840854484822205,0.8885934897659998,0.007984174281366396
6a0092581cd317f1ff1765a2,1,11,1,0,0.015840854484822205,0.11228794377385015,0.007984174281366396
6a0092581cd317f1ff1765a2,1,12,2,0,0.0020017443276461565,0.11228794377385015,0.007984174281366396
6a0092581cd317f1ff1765a2,1,13,3,0,0.0020017443276461565,0.014189370575157845,0.007984174281366396
6a0092581cd317f1ff1765a2,1,14,1,1,0.0020017443276461565,0.014189370575157845,0.0010089276177605742
6a0092581cd317f1ff1765a2,1,15,1,0,0.873887021106973,0.014189370575157845,0.0010089276177605742
6a0092581cd317f1ff1765a2,1,16,2,0,0.11042954716739695,0.014189370575157845,0.0010089276177605742
6a0092581cd317f1ff1765a2,1,17,1,0,0.11042954716739695,0.0017930530255741836,0.0010089276177605742
6a0092581cd317f1ff1765a2,1,18,3,0,0.01395453255748337,0.0017930530255741836,0.0010089276177605742
6a0092581cd317f1ff1765a2,1,19,2,1,0.01395453255748337,0.0017930530255741836,1.274940779105933e-4
6a0092581cd317f1ff1765a2,1,20,2,1,0.01395453255748337,0.8738606496362578,1.274940779105933e-4
6a0092581cd317f1ff1765a2,1,21,3,0,0.01395453255748337,0.984060283532971,1.274940779105933e-4
6a0092581cd317f1ff1765a2,1,22,2,1,0.01395453255748337,0.984060283532971,1.6110907874992767e-5
6a0092581cd317f1ff1765a2,1,23,1,0,0.01395453255748337,0.9979857628859141,1.6110907874992767e-5
6a0092581cd317f1ff1765a2,1,24,3,1,0.0017633775007944961,0.9979857628859141,1.6110907874992767e-5
6a0092581cd317f1ff1765a2,1,25,3,0,0.0017633775007944961,0.9979857628859141,0.8736361046909034
6a0092581cd317f1ff1765a2,2,1,2,1,0.0017633775007944961,0.9979857628859141,0.11039783988083218
6a0092581cd317f1ff1765a2,2,2,3,1,0.0017633775007944961,0.9997454690514631,0.11039783988083218
6a0092581cd317f1ff1765a2,2,3,2,0,0.0017633775007944961,0.9997454690514631,0.8875845946577191
6a0092581cd317f1ff1765a2,2,4,1,1,0.0017633775007944961,0.12633376713864664,0.8875845946577191
6a0092581cd317f1ff1765a2,2,5,3,1,0.8738568996609357,0.12633376713864664,0.8875845946577191
6a0092581cd317f1ff1765a2,2,6,1,1,0.8738568996609357,0.12633376713864664,0.9857945226250578
6a0092581cd317f1ff1765a2,2,7,2,0,0.9840598096638475,0.12633376713864664,0.9857945226250578
6a0092581cd317f1ff1765a2,2,8,3,0,0.9840598096638475,0.01596428412382655,0.9857945226250578
6a0092581cd317f1ff1765a2,2,9,2,1,0.9840598096638475,0.01596428412382655,0.12457084280264513
6a0092581cd317f1ff1765a2,2,10,1,1,0.9840598096638475,0.8756514104499417,0.12457084280264513
6a0092581cd317f1ff1765a2,2,11,2,0,0.997985703005001,0.8756514104499417,0.12457084280264513
6a0092581cd317f1ff1765a2,2,12,1,0,0.997985703005001,0.11065250586968356,0.12457084280264513
6a0092581cd317f1ff1765a2,2,13,2,1,0.12611139266352817,0.11065250586968356,0.12457084280264513
6a0092581cd317f1ff1765a2,2,14,3,0,0.12611139266352817,0.88761677576254,0.12457084280264513
6a0092581cd317f1ff1765a2,2,15,1,0,0.12611139266352817,0.88761677576254,0.015741510548509488
6a0092581cd317f1ff1765a2,2,16,2,0,0.01593618356620774,0.88761677576254,0.015741510548509488
6a0092581cd317f1ff1765a2,2,17,1,0,0.01593618356620774,0.11216452039930724,0.015741510548509488
6a0092581cd317f1ff1765a2,2,18,3,1,0.002013790675783887,0.11216452039930724,0.015741510548509488
6a0092581cd317f1ff1765a2,2,19,2,1,0.002013790675783887,0.11216452039930724,0.8756232594596547
6a0092581cd317f1ff1765a2,2,20,3,0,0.002013790675783887,0.8878078428865321,0.8756232594596547
6a0092581cd317f1ff1765a2,2,21,1,1,0.002013790675783887,0.8878078428865321,0.11064894854358237
6a0092581cd317f1ff1765a2,2,22,2,0,0.8738885433549728,0.8878078428865321,0.11064894854358237
6a0092581cd317f1ff1765a2,2,23,2,0,0.8738885433549728,0.1121886647743483,0.11064894854358237
6a0092581cd317f1ff1765a2,2,24,3,1,0.8738885433549728,0.014176825091939266,0.11064894854358237
6a0092581cd317f1ff1765a2,2,25,2,1,0.8738885433549728,0.014176825091939266,0.8876163262377146
6a0092581cd317f1ff1765a2,3,1,2,0,0.8738885433549728,0.8754255365249328,0.8876163262377146
6a0092581cd317f1ff1765a2,3,2,1,0,0.8738885433549728,0.11062396310082079,0.8876163262377146
6a0092581cd317f1ff1765a2,3,3,2,1,0.11042973952768292,0.11062396310082079,0.8876163262377146
6a0092581cd317f1ff1765a2,3,4,3,1,0.11042973952768292,0.8876131689289741,0.8876163262377146
6a0092581cd317f1ff1765a2,3,5,1,0,0.11042973952768292,0.8876131689289741,0.9857985324157118
6a0092581cd317f1ff1765a2,3,6,1,0,0.01395455686527003,0.8876131689289741,0.9857985324157118
6a0092581cd317f1ff1765a2,3,7,1,0,0.001763380572470592,0.8876131689289741,0.9857985324157118
6a0092581cd317f1ff1765a2,3,8,1,0,2.2283122806331568e-4,0.8876131689289741,0.9857985324157118
6a0092581cd317f1ff1765a2,3,9,2,0,2.8158275630002123e-5,0.8876131689289741,0.9857985324157118
6a0092581cd317f1ff1765a2,3,10,2,0,2.8158275630002123e-5,0.11216406461842515,0.9857985324157118
6a0092581cd317f1ff1765a2,3,11,3,1,2.8158275630002123e-5,0.014173716470328883,0.9857985324157118
6a0092581cd317f1ff1765a2,3,12,1,0,2.8158275630002123e-5,0.014173716470328883,0.9982054183246025
6a0092581cd317f1ff1765a2,3,13,3,1,3.5582467203837256e-6,0.014173716470328883,0.9982054183246025
6a0092581cd317f1ff1765a2,3,14,2,0,3.5582467203837256e-6,0.014173716470328883,0.9997732260155114
6a0092581cd317f1ff1765a2,3,15,3,1,3.5582467203837256e-6,0.0017910748800406967,0.9997732260155114
6a0092581cd317f1ff1765a2,3,16,3,1,3.5582467203837256e-6,0.0017910748800406967,0.999971343494283
6a0092581cd317f1ff1765a2,3,17,1,0,3.5582467203837256e-6,0.0017910748800406967,0.9999963787939707
6a0092581cd317f1ff1765a2,3,18,3,1,4.496411601864757e-7,0.0017910748800406967,0.9999963787939707
6a0092581cd317f1ff1765a2,3,19,3,0,4.496411601864757e-7,0.0017910748800406967,0.9999995424029282
6a0092581cd317f1ff1765a2,3,20,2,1,4.496411601864757e-7,0.0017910748800406967,0.12636587335429228
6a0092581cd317f1ff1765a2,3,21,2,1,4.496411601864757e-7,0.8738603996660554,0.12636587335429228
6a0092581cd317f1ff1765a2,3,22,2,1,4.496411601864757e-7,0.9840602519452537,0.12636587335429228
6a0092581cd317f1ff1765a2,3,23,2,1,4.496411601864757e-7,0.9979857588943027,0.12636587335429228
6a0092581cd317f1ff1765a2,3,24,2,0,4.496411601864757e-7,0.9997454685470595,0.12636587335429228
6a0092581cd317f1ff1765a2,3,25,1,1,4.496411601864757e-7,0.12633376707490718,0.12636587335429228
6a0092581cd317f1ff1765a2,4,1,1,1,0.8736341256403515,0.12633376707490718,0.12636587335429228
6a0092581cd317f1ff1765a2,4,2,1,0,0.9840316586172939,0.12633376707490718,0.12636587335429228
6a0092581cd317f1ff1765a2,4,3,3,1,0.12434807685076205,0.12633376707490718,0.12636587335429228
6a0092581cd317f1ff1765a2,4,4,3,0,0.12434807685076205,0.12633376707490718,0.8896024100766908
6a0092581cd317f1ff1765a2,4,5,2,0,0.12434807685076205,0.12633376707490718,0.11241543692839606
6a0092581cd317f1ff1765a2,4,6,1,0,0.12434807685076205,0.015964284115772054,0.11241543692839606
6a0092581cd317f1ff1765a2,4,7,3,1,0.01571336052156478,0.015964284115772054,0.11241543692839606
6a0092581cd317f1ff1765a2,4,8,3,0,0.01571336052156478,0.015964284115772054,0.8878395501873786
6a0092581cd317f1ff1765a2,4,9,1,0,0.01571336052156478,0.015964284115772054,0.11219267149694495
6a0092581cd317f1ff1765a2,4,10,2,1,0.001985633434259418,0.015964284115772054,0.11219267149694495
6a0092581cd317f1ff1765a2,4,11,3,1,0.001985633434259418,0.8756514104489239,0.11219267149694495
6a0092581cd317f1ff1765a2,4,12,2,0,0.001985633434259418,0.8756514104489239,0.8878114002261988
6a0092581cd317f1ff1765a2,4,13,3,1,0.001985633434259418,0.110652505869555,0.8878114002261988
6a0092581cd317f1ff1765a2,4,14,1,1,0.001985633434259418,0.110652505869555,0.9858231831219154
6a0092581cd317f1ff1765a2,4,15,3,0,0.8738849852389281,0.110652505869555,0.9858231831219154
6a0092581cd317f1ff1765a2,4,16,1,0,0.8738849852389281,0.110652505869555,0.12457446451301862
6a0092581cd317f1ff1765a2,4,17,2,0,0.11042928990303569,0.110652505869555,0.12457446451301862
6a0092581cd317f1ff1765a2,4,18,3,0,0.11042928990303569,0.01398270694149606,0.12457446451301862
6a0092581cd317f1ff1765a2,4,19,3,1,0.11042928990303569,0.01398270694149606,0.015741968209313298
6a0092581cd317f1ff1765a2,4,20,1,1,0.11042928990303569,0.01398270694149606,0.8756233172923882
6a0092581cd317f1ff1765a2,4,21,1,0,0.8875885688690605,0.01398270694149606,0.8756233172923882
6a0092581cd317f1ff1765a2,4,22,3,0,0.11216095600894704,0.01398270694149606,0.8756233172923882
6a0092581cd317f1ff1765a2,4,23,2,0,0.11216095600894704,0.01398270694149606,0.11064895585166962
6a0092581cd317f1ff1765a2,4,24,3,0,0.11216095600894704,0.0017669377830656571,0.11064895585166962
6a0092581cd317f1ff1765a2,4,25,3,1,0.11216095600894704,0.0017669377830656571,0.01398225834018027
6a0092581cd317f1ff1765a2,5,1,3,1,0.11216095600894704,0.0017669377830656571,0.8754009499161702
6a0092581cd317f1ff1765a2,5,2,3,0,0.11216095600894704,0.0017669377830656571,0.9842549250121375
6a0092581cd317f1ff1765a2,5,3,2,0,0.11216095600894704,0.0017669377830656571,0.12437629011664741
6a0092581cd317f1ff1765a2,5,4,1,0,0.11216095600894704,2.232807382925615e-4,0.12437629011664741
6a0092581cd317f1ff1765a2,5,5,3,1,0.014173323647997511,2.232807382925615e-4,0.12437629011664741
6a0092581cd317f1ff1765a2,5,6,3,0,0.014173323647997511,2.232807382925615e-4,0.8893509945382077
6a0092581cd317f1ff1765a2,5,7,2,1,0.014173323647997511,2.232807382925615e-4,0.11238366656976279
6a0092581cd317f1ff1765a2,5,8,1,1,0.014173323647997511,0.8736622838994363,0.11238366656976279
6a0092581cd317f1ff1765a2,5,9,3,0,0.8754250940617087,0.8736622838994363,0.11238366656976279
6a0092581cd317f1ff1765a2,5,10,1,0,0.8754250940617087,0.8736622838994363,0.014201466675398414
6a0092581cd317f1ff1765a2,5,11,2,0,0.11062390718854348,0.8736622838994363,0.014201466675398414
6a0092581cd317f1ff1765a2,5,12,1,0,0.11062390718854348,0.11040114804089601,0.014201466675398414
6a0092581cd317f1ff1765a2,5,13,3,0,0.01397909304253954,0.11040114804089601,0.014201466675398414
6a0092581cd317f1ff1765a2,5,14,2,1,0.01397909304253954,0.11040114804089601,0.001794581560544719
6a0092581cd317f1ff1765a2,5,15,2,0,0.01397909304253954,0.887585012696446,0.001794581560544719
6a0092581cd317f1ff1765a2,5,16,3,0,0.01397909304253954,0.11216050662988325,0.001794581560544719
6a0092581cd317f1ff1765a2,5,17,1,1,0.01397909304253954,0.11216050662988325,2.2677396997501165e-4
6a0092581cd317f1ff1765a2,5,18,1,1,0.8754005499303864,0.11216050662988325,2.2677396997501165e-4
6a0092581cd317f1ff1765a2,5,19,1,1,0.9842548744675615,0.11216050662988325,2.2677396997501165e-4
6a0092581cd317f1ff1765a2,5,20,1,0,0.9980103525505626,0.11216050662988325,2.2677396997501165e-4
6a0092581cd317f1ff1765a2,5,21,3,0,0.12611450752630615,0.11216050662988325,2.2677396997501165e-4
6a0092581cd317f1ff1765a2,5,22,2,1,0.12611450752630615,0.11216050662988325,2.8656503883072696e-5
6a0092581cd317f1ff1765a2,5,23,2,1,0.12611450752630615,0.8878073356828213,2.8656503883072696e-5
6a0092581cd317f1ff1765a2,5,24,2,1,0.12611450752630615,0.9858226695021066,2.8656503883072696e-5
6a0092581cd317f1ff1765a2,5,25,2,0,0.12611450752630615,0.9982084684300008,2.8656503883072696e-5
6a0092581cd317f1ff1765a2,6,1,1,1,0.12611450752630615,0.1261395426238927,2.8656503883072696e-5
6a0092581cd317f1ff1765a2,6,2,1,1,0.8895706459997708,0.1261395426238927,2.8656503883072696e-5
6a0092581cd317f1ff1765a2,6,3,1,1,0.9860454918522656,0.1261395426238927,2.8656503883072696e-5
6a0092581cd317f1ff1765a2,6,4,1,1,0.9982366255837662,0.1261395426238927,2.8656503883072696e-5
6a0092581cd317f1ff1765a2,6,5,1,0,0.9997771695498753,0.1261395426238927,2.8656503883072696e-5
6a0092581cd317f1ff1765a2,6,6,2,1,0.12633777300164728,0.1261395426238927,2.8656503883072696e-5
6a0092581cd317f1ff1765a2,6,7,2,0,0.12633777300164728,0.8895738095831894,2.8656503883072696e-5
6a0092581cd317f1ff1765a2,6,8,1,1,0.12633777300164728,0.11241182280040263,2.8656503883072696e-5
6a0092581cd317f1ff1765a2,6,9,1,1,0.8895988591494624,0.11241182280040263,2.8656503883072696e-5
6a0092581cd317f1ff1765a2,6,10,1,0,0.9860490570331979,0.11241182280040263,2.8656503883072696e-5
6a0092581cd317f1ff1765a2,6,11,2,1,0.1246030072801469,0.11241182280040263,2.8656503883072696e-5
6a0092581cd317f1ff1765a2,6,12,1,1,0.1246030072801469,0.8878390934847293,2.8656503883072696e-5
6a0092581cd317f1ff1765a2,6,13,1,0,0.8893796438636875,0.8878390934847293,2.8656503883072696e-5
6a0092581cd317f1ff1765a2,6,14,2,0,0.11238728686845467,0.8878390934847293,2.8656503883072696e-5
6a0092581cd317f1ff1765a2,6,15,3,0,0.11238728686845467,0.11219261378528939,2.8656503883072696e-5
6a0092581cd317f1ff1765a2,6,16,1,1,0.11238728686845467,0.11219261378528939,3.621205797522771e-6
6a0092581cd317f1ff1765a2,6,17,1,1,0.8878359929788414,0.11219261378528939,3.621205797522771e-6
6a0092581cd317f1ff1765a2,6,18,1,1,0.9858262908080033,0.11219261378528939,3.621205797522771e-6
6a0092581cd317f1ff1765a2,6,19,1,0,0.9982089260396925,0.11219261378528939,3.621205797522771e-6
6a0092581cd317f1ff1765a2,6,20,2,0,0.12613960045016753,0.11219261378528939,3.621205797522771e-6
6a0092581cd317f1ff1765a2,6,21,1,0,0.12613960045016753,0.014177324112384065,3.621205797522771e-6
6a0092581cd317f1ff1765a2,6,22,3,1,0.015939748069432928,0.014177324112384065,3.621205797522771e-6
6a0092581cd317f1ff1765a2,6,23,1,0,0.015939748069432928,0.014177324112384065,0.8736345264180703
6a0092581cd317f1ff1765a2,6,24,3,0,0.0020142411075531287,0.014177324112384065,0.8736345264180703
6a0092581cd317f1ff1765a2,6,25,2,0,0.0020142411075531287,0.014177324112384065,0.11039764044091599
