alpha,beta,p_stay_noreward,p_stay_reward
-0.62481748,0.24299293,0.34868659,0.40568691
-0.69492169,0.26441352,0.33293911,0.39400499
-0.67859295,0.41596044,0.33657541,0.43471669
-0.67711809,0.34464286,0.33690482,0.41763848
-0.65100165,0.34899796,0.34276385,0.42506774
-0.66432804,0.23899283,0.33976805,0.39524079
-0.60931069,0.2972074,0.35221646,0.42260143
-0.6124115,0.29235856,0.3515093,0.42066285
-0.69135007,0.29034842,0.33373281,0.40107171
-0.66311587,0.30648338,0.34004002,0.41177499
-0.65282822,0.26596749,0.34235249,0.40447324
-0.69103805,0.26426249,0.33380219,0.39489656
-0.69401274,0.34277806,0.33314101,0.41308305
-0.65437696,0.26876432,0.34200388,0.40477391
-0.6564257,0.24288053,0.34154299,0.39806236
-0.65400633,0.35364701,0.34208729,0.42546965
-0.6710062,0.37057658,0.33827157,0.42545246
-0.70805974,0.28780897,0.33002771,0.39645675
-0.67674233,0.35892956,0.33698877,0.42120889
-0.70428867,0.32917885,0.33086206,0.40730689
-0.67582015,0.36086635,0.33719484,0.42190603
-0.65673813,0.25819565,0.34147273,0.40166258
-0.66895255,0.35210264,0.33873142,0.42144364
-0.72260183,0.35487132,0.3268203,0.40908952
-0.63212476,0.28740248,0.34702891,0.41466284
-0.6922977,0.33969397,0.33352213000000003,0.41275117
-0.61960078,0.24789222,0.34987225,0.40812824
-0.59674367,0.23001686,0.35508904,0.40933218
-0.59039314,0.20798091,0.35654466,0.40554523
-0.58092137,0.22041191,0.35872061,0.41083624
-0.61334168,0.1940524,0.35129729,0.39668683
-0.62675985,0.27695702,0.34824559,0.41343023
-0.67538469,0.29282407,0.33729217,0.40550946
-0.61552835,0.30044245,0.35079914,0.42187382
-0.6418378,0.21411019,0.34483122,0.39466909
-0.66016562,0.35591824,0.34070241,0.42451951
-0.6035798,0.27080254,0.35352512,0.41756503
-0.63441733,0.21719841,0.3465096,0.39718243
-0.60538023,0.24569179,0.35311375,0.41103499
-0.69009431,0.31860469,0.33401209,0.40818113
-0.65843453,0.31886154,0.34109136,0.41591321
-0.6915962,0.34295917,0.33367808,0.41371298
-0.68429415,0.32543583,0.33530357,0.41123596
-0.68447794,0.34574933,0.33526261,0.41611834
-0.7334489,0.34281565,0.32443835,0.40356487
-0.72113938,0.40992916,0.32714213,0.42281936
-0.72795715,0.44498432,0.32564318,0.4297251
-0.71431236,0.40774681,0.32864667,0.42395327
-0.69224903,0.3512969,0.33353295,0.41557821
-0.67085229,0.39681746,0.33830603,0.43191682
-0.61053496,0.24601327,0.35193718,0.40986544
-0.62076488,0.21959936,0.34960751,0.40103234
-0.60759858,0.26032698,0.35260719,0.41404421
-0.63391833,0.27557415,0.3466226,0.41136045
-0.61968542,0.22818116,0.349853,0.40335523
-0.62787334,0.29860936,0.34799291,0.41841972
-0.62984891,0.26729049,0.3475448,0.41034038
-0.73595512,0.39679514,0.32388928,0.41601354
-0.597612,0.19437618,0.35489022,0.40053515
-0.73950879,0.42182448,0.32311157,0.4212402
-0.74007653,0.41388568,0.32298741,0.41916773
-0.74221922,0.41351371,0.32251905,0.41855563
-0.64916619,0.28559109,0.34317746,0.41009441
-0.69390353,0.3168235,0.33316528,0.40683135
-0.66435407,0.33773284,0.33976221,0.41906296
-0.64898094,0.29012359,0.34321922,0.4112362
-0.65549852,0.28890141,0.34175153,0.40936354
-0.66605032,0.31309115,0.3393818,0.41266502
-0.6660968,0.25068563,0.33937138,0.39761534
-0.70404104,0.38237851,0.33091689,0.42027063
-0.71120454,0.36231882,0.32933274,0.41365266
-0.6011592,0.32805549,0.35407853,0.4321453
-0.75049249,0.31684062,0.320714,0.39325464
-0.66901479,0.36880718,0.33871748,0.42550673
-0.6612308,0.24741041,0.34046318,0.39799642
-0.67261181,0.37113439,0.33791226,0.42519636
-0.66094937,0.255578,0.34052638,0.4000225
-0.71991706,0.42345,0.32741125,0.42642137
-0.65367431,0.2491481,0.34216202,0.40022535
-0.75222704,0.47519739,0.32033623,0.43118215
-0.75254296,0.41412564,0.32026745,0.41619398
-0.69999985,0.36794983,0.33181226,0.41774191
-0.65716626,0.28340564,0.34137646,0.40763263
-0.6465213,0.27742352,0.34377388,0.40875905
-0.67739016,0.23886798,0.33684404,0.39209316
-0.6921688,0.36523478,0.33355079,0.41898681
-0.68017215,0.32871595,0.33622288,0.41302934
-0.62581309,0.33830691,0.34846051,0.4286145
-0.67469551,0.31645091,0.33744624,0.41138456
-0.65102249,0.30893731,0.34275916,0.41530305
-0.60582349,0.26832195,0.3530125,0.41641651
-0.63651877,0.2988899,0.3460339,0.41638557
-0.63952119,0.26274777,0.34535478,0.40690534
-0.64811002,0.32928253,0.34341557,0.42096152
-0.6730815,0.34168835,0.33780718,0.41790169
-0.68183565,0.39016795,0.33585173,0.42759563
-0.70825471,0.36186206,0.3299846,0.41425747
-0.70319972,0.37449031,0.33110319,0.41855468
-0.72738153,0.43508459,0.3257696,0.42744163
-0.63186858,0.31146267,0.34708696,0.42057683
-0.70279,0.31426163,0.33119394,0.40407162
-0.6648429,0.33746461,0.33965256,0.41887866
-0.65925222000000006,0.3403686,0.34090761,0.42094784
-0.65635444,0.28056409,0.34155901,0.40714261
-0.60085191,0.25906498,0.35414881,0.41537548
-0.60060524,0.25873179,0.35420524,0.41535446
-0.63366797,0.19894599,0.3466793,0.39299933
-0.57766155,0.21467804,0.35947085,0.41023753
-0.58261269,0.21074745,0.35833164,0.40809039
-0.61410953,0.22870061,0.35112233,0.404823
-0.60633189,0.18338509,0.3528964,0.39581182
-0.64379753,0.32594335,0.34438861,0.42119879
-0.69515523,0.29507341,0.33288725,0.40129268
-0.64556057,0.34362041,0.34399065,0.42508326
-0.62634061,0.32348648,0.34834076,0.42485992
-0.72404689,0.32130115,0.32650245,0.40065283
-0.60117651,0.28823394,0.35407457,0.42239665
-0.67232224,0.21946655,0.33797705,0.38868202
-0.66081093,0.28615821,0.34055747,0.40741724
-0.67724225,0.36086581,0.33687708,0.42155909
-0.6932553,0.30840986,0.33330931,0.40495877
-0.68455865,0.30853071,0.33524462,0.40708527
-0.6851174,0.30925314,0.33512011,0.40712477
-0.61012008,0.26060779,0.35203181,0.41350069
-0.64681116,0.29108186,0.34370849,0.41199377
-0.68196126,0.27604536,0.33582371,0.39989182
-0.68196126,0.27604536,0.33582371,0.39989182
-0.68478203,0.26108475,0.33519484,0.39563236
-0.57862446,0.26310515,0.35924917,0.42176811
-0.57862446,0.26310515,0.35924917,0.42176811
-0.65145623,0.20998217,0.34266145,0.39138979
-0.63993411,0.26434864,0.34526143,0.40719207
-0.64411855,0.34008943,0.34431613,0.42457283
-0.6727641,0.25367624,0.33787819,0.39673504
-0.68064562,0.31076476,0.33611722,0.40856981
-0.72194638,0.30363461,0.32696452,0.3969208
-0.70066344,0.38085621,0.33166515,0.42072273
-0.69431095,0.39533296,0.33307477,0.42580734
-0.69831943,0.40278719,0.33218494,0.42665003
-0.71996154,0.36658035,0.32740145,0.41256273
-0.7206316,0.30643372,0.32725392,0.39790598
-0.69485996,0.49538826,0.33295282,0.45029677
-0.7132672,0.48063269,0.32887731,0.44210225
-0.71889406,0.48144143,0.32763657,0.44091421
-0.7703517,0.35314726,0.31640303,0.3971859
-0.57014884,0.1512479,0.36120248,0.39677978
-0.65323565,0.39854932,0.34226076,0.43667037
-0.66682651,0.32335267,0.3392078,0.41496589
-0.68996122,0.33838252,0.3340417,0.41299964
-0.68004657,0.33521766,0.33625091,0.41463696
-0.67339165,0.40419302,0.33773781,0.43310384
-0.6500124,0.30462576,0.34298674,0.41450159
-0.61869021,0.29887168,0.3500794,0.42071997
-0.61466834,0.25535618,0.35099502,0.41112608
-0.68894473,0.32145191,0.33426785999999997,0.40914698
-0.68756555,0.28945585,0.33457485,0.40176659
-0.68980371,0.27397203,0.33407674,0.39751462
-0.7104502,0.43454025,0.32949937,0.43145679
-0.66987885,0.25086953,0.33852397,0.39675384
-0.67753064,0.37427032,0.33681266,0.42476066
-0.64404137,0.30998419,0.34433355,0.41725378
-0.63692447,0.24978909,0.3459421,0.40440709
-0.67796371,0.35509743,0.33671593,0.41997737
-0.68963239,0.31539789,0.33411485,0.40751821
-0.65490192,0.26620713,0.34188575,0.40403154
-0.6352247,0.30889738,0.3463268,0.41913451
-0.69574878,0.28952854,0.33275545,0.39981878
-0.6650981,0.36619146,0.33959533,0.42582479
-0.70306098,0.30167829,0.33113392,0.40098018
-0.67561867,0.35096123,0.33723987,0.41954111
-0.67713752,0.32821767,0.33690048,0.41364438
-0.65595692,0.24722199,0.34164842,0.3992155
-0.67483604,0.27686125,0.33741482,0.40179902
-0.64544099,0.31824092,0.34401763,0.41892204
-0.68310954,0.31713687,0.33556764,0.40951452
-0.58472434,0.31356557,0.35784625,0.43262264
-0.59133629,0.31107495,0.35632831,0.43038971
-0.60115055,0.28455219,0.35408051,0.42150498
-0.63503915,0.24949842,0.34636881,0.40479124
-0.68315103,0.35328705,0.33555839,0.41827372
-0.72649231,0.3666729,0.32596494,0.41100328
-0.68226179,0.35691666,0.33575668,0.41937365
-0.75820049,0.33991682,0.31903709,0.39692753
-0.60793126,0.33654695,0.35253125,0.43256728
-0.73635268,0.29907444,0.32380223,0.3923897
-0.67659649,0.3266295,0.33702135,0.41339042
-0.64987634,0.34845817,0.34301741,0.42521084
-0.63614828,0.31598833,0.34611774,0.42063677
-0.66855918,0.27573311,0.33881954,0.40303717
-0.64363981,0.30127031,0.34442422,0.41523401
-0.64363981,0.30127031,0.34442422,0.41523401
-0.66471175,0.37083637,0.33968198,0.42705538
-0.66088781,0.36183621,0.34054021,0.42578935
-0.66860315,0.260661,0.33880969,0.39940566
-0.6054193,0.24677055,0.35310483,0.4112867
-0.60423463,0.22496024,0.35337548,0.40630192
-0.62135177,0.2488526,0.34947408,0.40793727
-0.64523538,0.26737496,0.34406403,0.40664304
-0.68100209,0.26070853,0.33603768,0.39644651
-0.64643182,0.26418775,0.34379407,0.40558577
-0.64628557,0.29350269,0.34382706,0.41270774
-0.63864027,0.28401813,0.34555397,0.41226201
-0.70334602,0.34768745,0.33107079,0.41201091
-0.58722404,0.16492745,0.35727204,0.39596733
-0.70464574,0.38013298,0.33078301,0.41957635
-0.64493783,0.27038803,0.34413119,0.40744209
-0.64660492,0.28937524,0.34375502,0.41163035
-0.75268766,0.3606868,0.32023596,0.40323573
-0.76526093,0.35160535,0.31750515,0.39803591
-0.72996178,0.46527609,0.32520311,0.43421221
-0.73360748,0.45452636,0.32440359,0.43067907
-0.72929007,0.44038203,0.32535054,0.42827122
-0.74184434,0.35165579,0.32260097,0.40367191
-0.68283125,0.3909572,0.33562969,0.42754513
-0.67109437,0.31583616,0.33825184,0.4121079
-0.62200516,0.35705209,0.34932555,0.43414653
-0.66315453,0.31721687,0.34003135,0.41436787
-0.68148868,0.22819476,0.33592913,0.38857789
-0.68583714,0.33729984,0.33495976,0.41373717
-0.69394783,0.28734147,0.33315544,0.39972613
-0.67818387,0.32415572,0.33666676,0.41240595
-0.64007268,0.32809334,0.34523011,0.42263168
-0.62948321,0.28162044,0.34762773,0.41390079
-0.63961021,0.25124102,0.34533466,0.40410995
-0.60227995,0.24013788,0.35382225,0.41044113
-0.5964664,0.2408165,0.35515254,0.41201301
-0.70069808,0.34646115,0.33165747,0.41235536
-0.69304915,0.35475636,0.33335512,0.41622424
-0.69974412,0.34732824,0.33186896,0.4127967
-0.65460065,0.36486646,0.34195354,0.42806894
-0.67395488,0.34079123,0.33761184,0.41747106
-0.6487257,0.31492478,0.34327675,0.41731609
-0.65272284,0.30864473,0.34237621,0.4148192
-0.70127623,0.37259001,0.33152933,0.41856032
-0.68076261,0.31595672,0.33609112,0.40979669
-0.65558161,0.3072368,0.34173284,0.41378386
-0.72122539,0.36686561,0.3271232,0.41232559
-0.67017181,0.36343104,0.33845837,0.42391048
-0.66840954,0.26610455,0.33885306,0.40075867
-0.69694078,0.2559521,0.33249084,0.39150541
-0.65653058,0.31750517,0.3415194,0.41604624
-0.68478724,0.34618494,0.33519368,0.41614904
-0.68766728,0.34987587,0.3345522,0.41634607
-0.62716196,0.24204571,0.34815433,0.40489352
-0.59213742,0.21974206,0.35614458,0.40796234
-0.57311178,0.16813681,0.36051911,0.40011764
-0.6252573,0.26425384,0.34858671,0.41071668
-0.62615304,0.24230021,0.34838333,0.40519798
-0.71217773,0.39447189,0.32911782,0.42123495
-0.67758185,0.30678874,0.33680122,0.40834939
-0.67822087,0.32166595,0.3366585,0.41179378
-0.66967073,0.2920438,0.33857057,0.40669938
-0.62956586,0.26501293,0.34760898,0.40985788
-0.65519697,0.2822024,0.34181937,0.40781763
-0.66123401,0.30634856,0.34046246,0.41219822
-0.68547121,0.40781539,0.33504128,0.43102858
-0.72207137,0.36192968,0.32693702,0.41092527
-0.63127272,0.24133667,0.34722201,0.40373269
-0.65923959,0.31275772,0.34091045,0.41423582
-0.67063332,0.32257279,0.33835504,0.41385282
-0.60619639,0.22031696,0.35292734,0.40470964
-0.64310721,0.22410428,0.34454449,0.39675536
-0.64627921,0.27947157,0.3438285,0.40931263
-0.64073568,0.27594263,0.34508026,0.4097998
-0.63139471,0.31570748,0.34719436,0.42172716
-0.69153651,0.3300878,0.33369136,0.41060892
-0.68625545,0.34914533,0.33486658,0.41651163
-0.6940256,0.36553968,0.33313816,0.41860907
-0.6476024,0.30767992,0.34353003,0.41582831
-0.59045399,0.20753309,0.3565307,0.40542261
-0.57937073,0.23359022,0.3590774,0.41440601
-0.5598239,0.16462169,0.36358821,0.4024656
-0.56887549,0.17151942,0.36149634,0.40194774
-0.61285574,0.19398278,0.35140804,0.39678647
-0.69765586,0.4154439,0.33233216,0.42991157
-0.70342067,0.43669093,0.33105426,0.43371011
-0.77716755,0.34259885,0.31493067,0.3930359
-0.74915589,0.40809301,0.32100526,0.41555131
-0.71964034,0.50031969,0.32747219,0.44538857
-0.72890626,0.3910177,0.32543479,0.41632246
-0.81423501,0.50333695,0.30698877,0.42289555
-0.80815325,0.4840182,0.30828417,0.41966833
-0.62460918,0.2138376,0.34873389,0.39872712
-0.63621953,0.19662852,0.34610162,0.39183843
-0.63888814,0.20227618,0.34549792,0.39254857
-0.57306439,0.24869996,0.36053003,0.41961247
-0.76894073,0.3585377,0.31670829,0.39881549
-0.67102918,0.30306558,0.33826643,0.40903318
-0.66539898,0.32430603,0.33952785,0.41554401
-0.70326978,0.34820392,0.33108767,0.4121545
-0.66245414,0.32195454,0.34018854,0.41568812
-0.67758484,0.28796283,0.33680055,0.4038083
-0.68540417,0.27297143,0.33505622,0.39832894
-0.63537132,0.27644066,0.34629361,0.41121845
-0.72038779,0.40321254,0.3273076,0.42136432
-0.73911814,0.3836823,0.32319701,0.41206487
-0.62020185,0.26107389,0.34973555,0.41117068
-0.64427481,0.23487941,0.34428085,0.3990571
-0.61177273,0.29695896,0.35165492,0.42194019
-0.71138829,0.3090718,0.32929215,0.40075591
-0.64655942,0.34821173,0.34376528,0.42596145
-0.68089625,0.21233499,0.3360613,0.38495683
-0.63304615,0.36489156,0.34682015,0.4333602
-0.68354081,0.24376459,0.33547149,0.39179429
-0.68509413,0.42321757,0.3351253,0.43490246
-0.70021409,0.32400794,0.33176476,0.40704225
-0.68756164,0.35672027,0.33457572,0.41803592
-0.64850848,0.2595544,0.34332573,0.40396911
-0.66200344,0.32415454,0.34028971,0.4163321
-0.68136811,0.3030969,0.33595602,0.40654393
-0.68622429,0.30865816,0.33487352,0.40671405
-0.73247366,0.38353349,0.32465213,0.41363945
-0.67478713,0.42276222,0.33742575,0.43732516
-0.75364553,0.32921627,0.32002748,0.39545736
-0.73723491,0.39516326,0.32360909,0.41530634
-0.67501302,0.27016223,0.33737525,0.40014744
-0.60283224,0.20294196,0.35369599,0.4013387
-0.60671718,0.2655391,0.35280842,0.41552334
-0.65858256,0.30306371,0.34105809,0.41204476
-0.63918316,0.28995197,0.34543121,0.41356887
-0.67986794,0.33351735,0.33629078,0.41426767
-0.72952278,0.31472955,0.32529946,0.39776335
-0.75643861,0.3969377,0.31941998,0.41108039
-0.78080865,0.34225752,0.31414563,0.39208626
-0.77160055,0.38121185,0.31613298,0.40362373
-0.66577075,0.34204582,0.33944449,0.41976822
-0.72942015,0.33526946,0.32532199,0.40271851
-0.69584047,0.3790127,0.33273509,0.42144904
-0.70077185,0.32757046,0.33164112,0.40776768
-0.67868499,0.33249059,0.33655486,0.41430557
-0.64932259,0.28576136,0.34314221,0.41009777
-0.66483597,0.31045021,0.33965412,0.41231929
-0.64645598,0.31236042,0.34378862,0.41724444
-0.69680286,0.32149446,0.33252146,0.40725895
-0.68982446,0.29513728,0.33407212,0.40258947
-0.63177591,0.30267485,0.34710796,0.41845937
-0.69596918,0.33784575,0.33270652,0.41141391
-0.65937149,0.3153327,0.34088081,0.41482874
-0.71204807,0.29729605,0.32914645,0.39777322
-0.71003879,0.33803308,0.32959027,0.40805646
-0.70860601,0.39836771,0.32990693,0.42305657
-0.61162689,0.25768069,0.35168817,0.41242581
-0.5980447,0.18864761,0.35479116,0.3990567
-0.66772967,0.33288203,0.33900539,0.41706159
-0.74299495,0.30982317,0.32234958,0.39336919
-0.69950098,0.33655809,0.33192288,0.41024736
-0.66427398,0.32092628,0.33978018,0.41499651
-0.62830498,0.33753201,0.34789498,0.42781464
-0.69052585,0.2695199,0.33391611,0.39627606
-0.67681944,0.45463788,0.33697154,0.44468199
-0.67377852,0.34847698,0.33765128,0.41938427
-0.69484902,0.32889372,0.33295526,0.40951873
-0.70415687,0.40262915,0.33089124,0.42518406
-0.72781294,0.36850108,0.32567485,0.41112615
-0.64545899,0.30815164,0.34401357,0.4164637
-0.64925853,0.26270843,0.34315664,0.40454807
-0.6478382,0.2664649,0.34347686,0.40579572
-0.70589643,0.3482328,0.33050621,0.41152525
-0.6154047,0.25853409,0.3508273,0.41171731
-0.63740621,0.33611754,0.3458331,0.42524249
-0.63130479,0.26374749,0.34721474,0.4091314
-0.6774091,0.29725996,0.33683981,0.40609093
-0.72402001,0.36358215,0.32650836,0.41085358
-0.65617747,0.30010115,0.34159881,0.41190971
-0.68766621000000006,0.29302766,0.33455244,0.40260117
-0.63833543,0.38044011,0.34562291,0.43588116
-0.70972792,0.32853642,0.32965896,0.40583955
-0.67107361,0.36638415,0.33825648,0.42441151
-0.61154271,0.27804086,0.35170736,0.41738881
-0.73012387,0.33225165,0.32516755,0.40182367
-0.65230238,0.35079644,0.34247088999999997,0.42518938
-0.65862326,0.34822309,0.34104895,0.42301706
-0.61710753,0.29185354,0.35043958,0.41939585
-0.70774095,0.25629894,0.3300982,0.38901797
-0.68670095,0.32326741,0.33476736,0.41012866
-0.63983645,0.30814352,0.34528351,0.41782876
-0.63776259,0.33403931,0.34575248,0.42464755
-0.73811993,0.34425556,0.3234154,0.40278738
-0.66838443,0.32537679,0.33885869,0.41507907
-0.66592085,0.32651532,0.33941083,0.41595389
-0.68299171,0.3678026,0.33559391,0.42184864
-0.72397734,0.36986028,0.32651775,0.4123844
-0.76126449,0.46258742,0.31837179,0.42588092
-0.76108024,0.47192051,0.31841178,0.42820959
-0.78567507,0.44895028,0.31309807,0.41660528
-0.76066823,0.54377174,0.3185012,0.44598746
-0.72356342,0.28691592,0.32660878,0.39254009
-0.6521181,0.32517475,0.34251239,0.41898454
-0.63212636,0.20410468,0.34702855,0.39459884
-0.58938878,0.19313629,0.35677511,0.40221305
-0.58972681,0.21404484,0.35669754,0.40716878
-0.56711736,0.25520911,0.36190224,0.42264903
-0.60884978,0.24986933,0.35232162,0.41120639
-0.66958017,0.29689647,0.33859086,0.40789271
-0.63765287,0.28855396,0.3457773,0.41360095
-0.63455194,0.28891591,0.34647912,0.41444107
-0.76738026,0.42158812,0.31704608,0.41440319
-0.73069185,0.48723934,0.32504292,0.43943571
-0.74202844,0.4730692,0.32256074,0.43316262
-0.79819179,0.38705991,0.31041244,0.39864075
-0.7981775,0.39543656,0.3104155,0.40065398
-0.59867281,0.31050304,0.35464739,0.428452
-0.61589669,0.30094161,0.35071526,0.42190572
-0.6210173,0.28579041,0.34955012,0.41696939
-0.6942178,0.35910795,0.33309546,0.41699784
-0.70776948,0.27533508,0.33009189,0.39354517
-0.57764205,0.20710314,0.35947534,0.40841081
-0.58840096,0.23593907,0.35700183,0.41278555
-0.61921954,0.22153812,0.34995898,0.40186953
-0.60630123,0.27684569,0.3529034,0.4183731
-0.70248079,0.30213251,0.33126244,0.40122867
-0.6295033,0.31677616,0.34762317,0.42244922
-0.63187846,0.31241055,0.34708473,0.42080543
-0.66501593,0.24290872,0.33961376,0.39601263
-0.69058652,0.27110845,0.33390261,0.39664165
-0.65430579,0.2761539,0.34201989,0.40657272
-0.65574275,0.28698455,0.34169659,0.40884112
-0.74167533,0.42393118,0.3226379,0.42122561
-0.75725822,0.43644962,0.31924183,0.4204787
-0.60235805,0.3095162,0.35380439,0.42730828
-0.60981482,0.31217419,0.35210144,0.42613435
-0.6771599,0.35527278,0.33689548,0.42021591
-0.61692957,0.33402336,0.35048009,0.42974142
-0.70192603,0.34494287,0.33138534,0.41169005
-0.65888057,0.25581663,0.34099112,0.40057642
-0.5846544,0.24094598,0.35786232,0.41490894
-0.58956279,0.23693387,0.35673518,0.41274506
-0.62141811,0.21247773,0.34945899,0.39916623
-0.59665864,0.25898105,0.35510852,0.41637373
-0.7021229,0.31924361,0.33134172,0.40543263
-0.66596863,0.34264799,0.33940012,0.4198667
-0.72057731,0.33111053,0.32726587,0.40384567
-0.66162607,0.36022933,0.34037443,0.42521607
-0.68812563,0.34973676,0.33445017,0.41620089
-0.6441661,0.36883871,0.34430539,0.4315997
-0.64838806,0.28992792,0.34335288,0.41133237
-0.68370312,0.35264235,0.33543531,0.41798254
-0.64844666,0.2681574,0.34333966,0.40605713
-0.69877699,0.28553646,0.33208344,0.39813536
-0.67741562,0.2810245,0.33683835,0.40217972
-0.67823192,0.36269559,0.33665603,0.42176396
-0.70331772,0.38384533,0.33107706,0.42080434
-0.68024466,0.30745613,0.3362067,0.40786739
-0.68874737,0.26824074,0.33431179,0.39639552
-0.61550819,0.26250752,0.35080373,0.41265496
-0.68703795,0.31567282,0.33469232,0.4082112
-0.68595005,0.27621679,0.33493461,0.39897608
-0.69699115,0.26122657,0.33247967,0.39275064
-0.67935833,0.41295163,0.33640453,0.43378946
-0.67054265,0.31143248,0.33837534,0.41117498
-0.69969174,0.35271972,0.33188058,0.41411689
-0.75864779,0.37586699,0.31893992,0.40545638
-0.69461354,0.37040454,0.33300755,0.41965033
-0.74958667,0.3844403,0.32091137,0.40971435
-0.75102618,0.38254821,0.32059774,0.40890885
-0.74200951,0.37171557,0.32256488,0.40847
-0.73154828,0.38725061,0.32485506,0.4147659
-0.73375339,0.36648806,0.32437161,0.40920198
-0.71895847,0.35878582999999997,0.32762238,0.41091777
-0.73123252,0.29275406,0.32492432,0.39210358
-0.68111391,0.33807834,0.33601274,0.41507229
-0.61865304,0.2918315,0.35008786,0.41901419
-0.7115554,0.32536438,0.32925525,0.40463457
-0.65218282,0.3393951,0.34249781,0.42243443
-0.66096066,0.25699875,0.34052385,0.40036082
-0.61511174,0.31141104,0.35089403,0.42465307
-0.66535545,0.28648356,0.33953761,0.40639901
-0.67758409,0.371923,0.33680072,0.42417417
-0.67990772,0.34563837,0.3362819,0.41720219
-0.72782511,0.35629356,0.32567217,0.408171
-0.7071594,0.39693717,0.33022681,0.4230605
-0.70543524,0.38627945,0.33060827,0.4208815
-0.67148073,0.34399249,0.33816536,0.4188519
-0.75963432,0.40163134,0.31872566,0.41144307
-0.72557132,0.44281969,0.32616732,0.42977931
-0.71999801,0.43273631,0.32739342,0.42867438
-0.71696973,0.44367123,0.32806062,0.4320975
-0.62500894,0.20184616,0.34864311,0.39576017
-0.71502407,0.42569116,0.32848966,0.42816719
-0.72478315,0.33821021,0.32634057,0.40454257
-0.68119991,0.38435481,0.33599355,0.4263289
-0.70282333,0.35784381,0.33118656,0.4146004
-0.6992115,0.33582906,0.33198707,0.41014102
-0.68289197,0.2799854,0.33561615,0.40061421
-0.64233231,0.43253715,0.34471951,0.44774274
-0.64128471,0.37863819,0.34495619,0.43471325
-0.66191355,0.27011477,0.34030989,0.40328435
-0.66882923,0.34316936,0.33875905,0.41929702
-0.68793464,0.35109673,0.33449268,0.41657779
-0.67113284,0.3385057,0.33824322,0.41760154
-0.66201117,0.34443986,0.34028798,0.42126775
-0.68030353,0.32412394,0.33619356,0.41188469
-0.60144256,0.26869781,0.35401373,0.41757293
-0.68972491,0.26495089,0.33409427,0.39537493
-0.68972491,0.26495089,0.33409427,0.39537493
-0.70349736,0.30697297,0.33103727,0.40214768
-0.67113184,0.30400196,0.33824345,0.40923472
-0.67952365,0.28205689,0.33636763,0.40192113
-0.6630189,0.36681188,0.34006178,0.42648497
-0.71819775,0.39888669,0.32778997,0.42084366
-0.72998537,0.3954548,0.32519794,0.41713868
-0.72071579,0.43629322,0.32723538,0.42936986
-0.67623353,0.27043921,0.33710246,0.39992099
-0.64259777,0.29190797,0.34465955,0.41321516
-0.61085562,0.26993638,0.35186404,0.4155862
-0.62978357,0.21957424,0.34755961,0.39886193
-0.76332582,0.42229773,0.31792463,0.41555976
-0.71557472,0.42512303,0.3283682,0.42789329
-0.67799417,0.33290905,0.33670913,0.41457477
-0.66707508,0.3268811,0.33915209,0.41576236
-0.62624188,0.30217505,0.34836317,0.41968495
-0.67228324,0.29975801,0.33798577,0.40793098
-0.66988692,0.30220481,0.33852216,0.40910123
-0.64714388,0.29654311,0.34363344,0.41323674
-0.66774144,0.32893882,0.33900276,0.41610037
-0.67997882,0.31533668,0.33626603,0.4098363
-0.63055013,0.2715141,0.34738581,0.41119294
-0.61588373,0.22854195,0.35071821,0.40435737
-0.60442885,0.27648623,0.3533311,0.4187413
-0.64135047,0.2265498,0.34494133,0.39776157
-0.63715653,0.31670931,0.34588959,0.42056676
-0.69856823,0.25369656,0.33212975,0.39058076
-0.66016486,0.33929698,0.34070258,0.42046425
-0.68464118,0.37175318,0.33522623,0.42240997
-0.72730855,0.29087717,0.32578563,0.39259163
-0.71381613,0.2994825,0.32875616,0.39787345
-0.70281196,0.39226404,0.33118907,0.422981
-0.69636207,0.38948585,0.3326193,0.4238774
-0.6712811,0.32624888,0.33821004,0.41458761
-0.71589021,0.30624259,0.32829863,0.39899662
-0.69220086,0.27477721,0.33354366,0.39713341
-0.67450036,0.30743432,0.33748987,0.40925016
-0.64710549,0.29513403,0.3436421,0.41290443
-0.65488008,0.28783857,0.34189067,0.40925609
-0.62889567,0.30273487,0.34776098,0.41917505
-0.67122155,0.31127877,0.33822337,0.41097342
-0.65044934,0.30324301,0.34288829,0.41406004
-0.67652333,0.32276064,0.3370377,0.41247028
-0.63551516,0.2675566,0.34626105,0.4090344
-0.66860441,0.27218018,0.33880941,0.40217176
-0.63774911,0.27659903,0.34575553,0.41068119
-0.71847387,0.29657379,0.32772914,0.39606217
-0.70428896,0.30119107,0.330862,0.40056827
-0.60780394,0.23551708,0.35256031,0.40798855
-0.60861667,0.22498633,0.35237482,0.4052516
-0.66593402,0.20562281,0.33940788,0.386912
-0.65319576,0.39972713,0.34226974,0.43696994
-0.66612793,0.25657134,0.3393644,0.39901845
-0.6631459,0.34508208,0.34003328,0.42114768
-0.65682859,0.30038533,0.34145238,0.41182082
-0.68543041,0.31421091,0.33505037,0.40824638
-0.69204363,0.36997091,0.33357861,0.4201707
-0.64827921,0.25703177,0.34337742,0.40341704
-0.63159978,0.25915841,0.34714788,0.40795123
-0.60078389,0.20873008,0.35416437,0.40322298
-0.67255589,0.28722933,0.33792477,0.40484284
-0.63438652,0.26631923,0.34651657,0.40900811
-0.6584529,0.29324156,0.34108723,0.40969863
-0.68876848,0.39935667,0.33430709,0.42814787
-0.72455918,0.35910038,0.32638981,0.40963879
-0.71862093,0.34674063,0.32769674,0.40808675
-0.72959001,0.3324745,0.3252847,0.40200557
-0.62058469,0.34020931,0.34964848,0.43036175
-0.65191683,0.40334297,0.34255771,0.43817455
-0.72059434,0.35914506,0.32726212,0.41060878
-0.56656434,0.22158793,0.36202996,0.41460115
-0.59042077,0.17970347,0.35653832,0.39874014
-0.70794049,0.38924661,0.33005408,0.42099409
-0.73193129,0.37849728,0.32477106,0.41254993
-0.74118278,0.43399869,0.32274556,0.42380222
-0.73776272,0.43685071,0.32349357,0.42533455
-0.73989253,0.42457706,0.32302765,0.42181783
-0.73146976,0.38546754,0.32487228,0.41435221
-0.71853334,0.39265085,0.32771603,0.41924281
-0.74893558,0.41527354,0.32105328,0.41734986
-0.74541688,0.42824633,0.32182076,0.42136546
-0.73384206,0.42035098,0.32435218,0.42226283
-0.75205334,0.36477601,0.32037405,0.4043729
-0.62667275,0.30943372,0.34826536,0.42134876
-0.62116311,0.31986282,0.34951697,0.42523965
-0.72444461,0.31270175,0.326415,0.39849429
-0.63944737,0.34746314,0.34537147,0.42751816
-0.73235709,0.39404963,0.32467769,0.41622067
-0.72522159,0.40671584,0.32624419,0.42103995
-0.72669284,0.34950372,0.32592088,0.40680502
-0.56241588,0.11747351,0.36298866,0.39056393
-0.56556723,0.13429472,0.36226029,0.39382251
-0.56479295,0.20678604,0.36243919,0.41144212
-0.57106242,0.13645067,0.36099171,0.39302563
-0.54061299,0.20164893,0.368045,0.41606114
-0.63307715,0.3502397,0.34681313,0.42975828
-0.62741236,0.18059798,0.34809751,0.39011844
-0.64513735,0.23615187,0.34408616,0.39915541
-0.69902018,0.32142999,0.3320295,0.40670824
-0.60203267,0.25320467,0.35387879,0.41366666
-0.58792129,0.23458338,0.35711195,0.41257322
-0.74289859,0.47697252,0.32237063,0.43390751
-0.76096687,0.44500292,0.31843638,0.42165968
-0.61100215,0.2259421,0.35183063,0.40490706
-0.67301133,0.33273346,0.33782288,0.41574198
-0.68355023,0.3536237,0.33546939,0.4182585
-0.68310624,0.31056812,0.33556838,0.40792787
-0.6624183,0.32723498,0.34019658,0.41697998
-0.66318769,0.29007331,0.3400239,0.40778869
-0.65797969,0.32130691,0.34119359,0.41661792
-0.63462013,0.25164718,0.34646368,0.40541006
-0.66844264,0.32670536,0.33884565,0.41538753
-0.66844264,0.32670536,0.33884565,0.41538753
-0.75587593,0.45878025,0.31954231,0.42626762
-0.82071159,0.44679268,0.30561263,0.40759442
-0.53815492,0.20024843,0.3686169,0.41631811
-0.5968902,0.11233757,0.35505549,0.38117766
-0.66457599999999994,0.39133383,0.33971243,0.43211132
-0.70489208,0.35217881,0.33072849,0.41272462
-0.62825872,0.26824663,0.34790547,0.41095664
-0.64020092,0.26269168,0.34520112,0.40672778
-0.66750766,0.26372033,0.33905514,0.40040273
-0.67238272,0.24259423,0.33796352,0.39417684
-0.68772603,0.22230238,0.33453912,0.38569997
-0.66735828,0.23424321,0.33908862,0.39338273
-0.63210021,0.33922378,0.34703448,0.42729982
-0.63334715,0.21709475,0.34675197,0.39741387
-0.63297663,0.34007294,0.3468359,0.42729314
-0.63291133,0.33929095,0.3468507,0.42711777
-0.69653549,0.32551353,0.3325808,0.4082941
-0.63308085,0.2501391,0.34681229,0.40541758
-0.67298005,0.3365587,0.33782988,0.41667903
-0.64344676,0.27561699,0.34446781,0.40906553
-0.66439998,0.28331691,0.33975191,0.4058657
-0.66299409,0.25961158,0.34006735,0.40049993
-0.65853364,0.26683451,0.34106909,0.40330834
-0.62772777,0.27083415,0.34802594,0.41171174
-0.62526188,0.25477924,0.34858567,0.4084244
-0.64888693,0.29029378,0.34324041,0.41130017
-0.65554925,0.25998723,0.34174012,0.40237908
-0.61993944,0.27917854,0.34979523,0.41562466
-0.60622708,0.30368725,0.35292033,0.42493672
-0.71816343,0.45128192,0.32779754,0.43367284
-0.7407909,0.38925432,0.32283122,0.41300986
-0.74591989,0.3956894,0.32171099,0.41332653
-0.74527152,0.43670246,0.32185248,0.42346405
-0.73626874,0.46458385,0.32382061,0.4324935
-0.69624593,0.29928803,0.33264508,0.40204346
-0.67195997,0.34146101,0.33805811,0.41811922
-0.68840021,0.29105888,0.33438905,0.40195128
-0.63087755,0.32404171,0.34731158,0.42388726
-0.64892944,0.28156497,0.34323083,0.40917801
-0.6316405,0.24606544,0.34713865,0.40478297
-0.63407923,0.34663598,0.34658616,0.42862992
-0.72149199,0.32660077,0.32706452,0.4025404
-0.6709263,0.38670879,0.33828946,0.4294201
-0.69826775,0.28134815,0.3321964,0.3972541
-0.71616934,0.31636153,0.32823708,0.40135852
-0.68031171,0.37711556,0.33619174,0.42477634
-0.66532316,0.38233983,0.33954485,0.42972253
-0.69561385,0.35222621,0.33278541,0.41498682
-0.67119496,0.34178374,0.33822932,0.41838389
-0.78841825,0.42587206,0.3125084,0.41034335
-0.73233383,0.45117992,0.32468279,0.4301709
-0.7176234,0.44177018,0.32791654,0.43147071
-0.59516468,0.2295054,0.35545072,0.40959031
-0.62318858,0.26912657,0.34905661,0.41239774
-0.71488693,0.35555456,0.32851991,0.41112119
-0.71754706,0.38968619,0.32793337,0.4187612
-0.71099681,0.372384,0.32937862,0.41614648
-0.69900267,0.40992754,0.33203339,0.42823031
-0.74280097,0.35660108,0.32239195,0.40463243
-0.69602583,0.39288071,0.33269394,0.42478881
-0.69088921,0.41103086,0.33383529,0.43048851
-0.67679757,0.32377385,0.33697643,0.41264937
-0.67806015,0.33325807,0.33669439,0.41464347
-0.69147907,0.33255265,0.33370413,0.41121947
-0.68256124,0.38830346,0.3356899,0.42696181
-0.73331426,0.33838917,0.32446786,0.40253225
-0.74326552,0.37648635,0.32229048,0.40931952
-0.70826973,0.37233507,0.32998128,0.41679733
-0.6781927,0.39675119,0.33666479,0.43010041
-0.69401789,0.34750265,0.33313987,0.41422772
-0.69274928,0.34860812,0.33342176,0.41480389
-0.60980387,0.24969509,0.35210394,0.41093323
-0.67030982,0.30207339,0.33842747,0.40896723
-0.63550401,0.28428619,0.34626357,0.41308713
-0.65615808,0.25427489,0.34160317,0.40085997
-0.69795102,0.39799545,0.33226667,0.42556834
-0.73559815,0.36564987,0.32396746,0.40855352
-0.67223057,0.34231726,0.33799756,0.41826171
-0.69127694,0.32050899,0.33374907,0.40835547
-0.67946706,0.29118588,0.33638026,0.40413114
-0.65171087,0.29817934,0.3426041,0.4125263
-0.72395473,0.3841699,0.32652272,0.41586175
-0.66759551,0.34758838,0.33903545,0.42067401
-0.68956925,0.33825329,0.3341289,0.41306334
-0.67381845,0.29530154,0.33764235,0.40648465
-0.73140197,0.41986212,0.32488715,0.42273893
-0.73140197,0.41986212,0.32488715,0.42273893
-0.75115719,0.39606429,0.32056921,0.41214795
-0.7228582,0.37380226,0.3267639,0.41361137
-0.65115508,0.32045548,0.34272929,0.41807041
-0.66944533,0.28172514,0.33862105,0.40426624
-0.7018742,0.3718164,0.33139683,0.41822656
-0.66916668,0.31164235,0.33868346,0.41155899
-0.67872507,0.27975219,0.33654591,0.40155914
-0.68171629,0.26414221,0.33587835,0.39709739
-0.65323994,0.28870656,0.3422598,0.40986261
-0.68788739,0.32413676,0.3345032,0.41005195
-0.67871148,0.32196149,0.33654895,0.41174653
-0.66260586,0.33736314,0.34015448,0.41939859
-0.65500025,0.33859368,0.34186363,0.42155174
-0.72699164,0.36637214,0.32585524,0.41080961
-0.69364937,0.38585167,0.33322174,0.42365239
-0.71268916,0.35134651,0.32900491,0.41063459
-0.7077103,0.35016242,0.33010498,0.41155329
-0.74154857,0.36586505,0.32266561,0.4071684
-0.62175475,0.29525762,0.34938247,0.41909317
-0.6838401,0.28130891,0.33540477,0.40070435
-0.69354679,0.34001981,0.33324454,0.4125274
-0.65661173,0.29056114,0.34150115,0.40949568
-0.64591587,0.27420378,0.34391047,0.40812738
-0.66580956,0.37501385,0.33943578,0.42780908
-0.65584911,0.39383337,0.34167267,0.43486826
-0.71237199,0.385554,0.32907493,0.41901506
-0.78535818,0.45253253,0.31316623,0.41755326
-0.65730224,0.3175847,0.34134588,0.41587809
-0.65050756,0.32243701,0.34287517,0.41871016
-0.66932203,0.35440239,0.33864867,0.42191437
-0.7408499,0.38550132,0.32281832,0.41208601
-0.68611143,0.40692637,0.33489866,0.43065358
-0.69210442,0.39042636,0.3335651,0.42514732
-0.67588173,0.23337844,0.33718108,0.39114465
-0.67918068,0.24340893,0.33644419,0.39274894
-0.63128288,0.33938084,0.34721971,0.42753828
-0.69434786,0.37048465,0.33306657,0.41973454
-0.67137763,0.27176748,0.33818844,0.40140601
-0.70879736,0.37732067,0.32986463,0.41788137
-0.72012086,0.40089668,0.32736637,0.42086483
-0.60993296,0.22840511,0.35207449,0.40575845
-0.63023291,0.1943357,0.34745773,0.39271902
-0.63030207,0.18438209,0.34744205,0.39033127
-0.63040925,0.33136229,0.34741775,0.42579048
-0.691449,0.29639965,0.33371081,0.40250237
-0.66586184,0.31937295,0.33942406,0.41423411
-0.65146684,0.39784764,0.34265906,0.43693289
-0.70306154,0.3129713,0.33113379,0.40369558
-0.67847839,0.36796125,0.33660099,0.42298852
-0.71409746,0.31463366,0.32869408,0.40144117
-0.63976084,0.32890321,0.3453006,0.42290542
-0.75729379,0.37087767,0.3192341,0.40458034
-0.71417729,0.37072543,0.32867647,0.41497122
-0.63907423,0.34499252,0.34545584,0.42700489
-0.69640179,0.3180644,0.33261048,0.40652796
-0.66202714,0.36204622,0.34028439,0.42556215
-0.65152419,0.224873,0.34264615,0.39492628
-0.64929494,0.24434778,0.34314844,0.40012431
-0.64929494,0.24434778,0.34314844,0.40012431
-0.67109969,0.25268957,0.33825065,0.39689726
-0.63138164,0.32416824,0.34719732,0.42379506
-0.7117895,0.31710738,0.32920355,0.40259069
-0.72377457,0.30325319,0.32656234,0.396392
-0.7239981,0.29908974,0.32651318,0.39534282
-0.71070554,0.31604236,0.32944296,0.40259524
-0.68040216,0.27702251,0.33617155,0.40050061
-0.70055501,0.37831062,0.33168919,0.42012887
-0.62233828,0.2476539,0.34924983,0.4074096
-0.68837575,0.43380414,0.33439449,0.43669859
-0.73016645,0.36160218,0.3251582,0.40888799
-0.73293136,0.36446338,0.32455179,0.40891126
-0.68021853,0.36999218,0.33621253,0.42305949
-0.73575807,0.36404391,0.32393243,0.40812689
-0.67202317,0.33185615,0.33804397,0.41576891
-0.65012147,0.29060565,0.34296216,0.41107678
-0.67657205,0.27172651,0.33702681,0.40014871
-0.66716932,0.34446688,0.33913097,0.42001729
-0.6937107,0.30779711,0.33320812,0.40470141
-0.7022151,0.35395026,0.33132129,0.41380326
-0.62616057,0.25881062,0.34838162,0.40918152
-0.65117664,0.21979324,0.34272443,0.39379604
-0.64406844,0.28510492,0.34432744,0.41121049
-0.65230222,0.2417227,0.34247093,0.39877317
-0.62354272,0.22602118,0.34897614,0.40190796
-0.61285602,0.25917742,0.35140798,0.41249065
-0.69214261,0.38045734,0.33355661,0.42270344
-0.696941,0.37753136,0.3324908,0.42081963
-0.67960284,0.35612361,0.33634995,0.41982807
-0.73029592,0.39043819,0.32512979,0.41584404
-0.68482944,0.32774327,0.33518427,0.4116651
-0.65906057,0.30684373,0.34095067,0.41284495
-0.69056212,0.3397412,0.33390804,0.41318336
-0.65784725,0.32444338,0.34122336,0.41741264
-0.65429689,0.4065573,0.3420219,0.43837994
-0.66864118,0.3870725,0.33880117,0.43006924
-0.6628042,0.33404586000000003,0.34010997,0.41854277
-0.67238885,0.23732588,0.33796214,0.39291799
-0.63632601,0.28283215,0.34607752,0.41253543
-0.70785174,0.32441707,0.3300737,0.40529876
-0.69432815,0.34919954,0.33307095,0.41456422
-0.65508183,0.31484223,0.34184527,0.41575128
-0.65883675,0.32730714,0.34100097,0.41786849
-0.6398546,0.24883417,0.34527941,0.40347168
-0.61964725,0.21250719,0.34986168,0.39959808
-0.62185032,0.28163238,0.34936074,0.41575654
-0.68617721,0.29461692,0.33488401,0.40334175
-0.65306006,0.37722131,0.34230029,0.43147426
-0.62485617,0.2485216,0.3486778,0.40701126
-0.64984762,0.26148743,0.34302388,0.40411211
-0.68633121,0.36446568,0.33484971,0.42022117
-0.70650895,0.36062125,0.33037069,0.41438
-0.66668328,0.29097238,0.33923991,0.40716179
-0.66682379,0.33593982,0.33920841,0.41802555
-0.59738003,0.18447785,0.35494333,0.39821644
-0.61415458,0.20706847,0.35111207,0.39961102
-0.58488153,0.22329944,0.35781013,0.41057664
-0.61759715,0.21975867,0.35032814,0.40183178
-0.59330649,0.26113253,0.35587655,0.41771176
-0.58870384,0.25673401,0.35693231,0.41776141
-0.60256678,0.26906714,0.35375667,0.41738935
-0.62680407,0.23360923,0.34823556,0.40294844
-0.60009509,0.24378899,0.35432194,0.41185405
-0.63777364,0.25257764,0.34574998,0.4048743
-0.60415464,0.31732254,0.35339375,0.4287796
-0.65676143,0.20375075,0.34146749,0.38864519
-0.62284206,0.34755703,0.34913534,0.43161009
-0.71080667,0.32782769,0.32942062,0.4054086
-0.69982014,0.39362735,0.33185211,0.42404431
-0.70501436,0.41708871,0.33070142,0.42851178
-0.669186,0.26266968,0.33867913,0.39974774
-0.68492271,0.38959332,0.33516349,0.42669965
-0.6774611,0.33607385,0.33682819,0.41547254
-0.71474283,0.36179318,0.3285517,0.41266732
-0.66314068,0.30286329,0.34003446,0.41089242
-0.66572161,0.35466575,0.3394555,0.42285704
-0.67658567,0.2856946,0.33702377,0.40350281
-0.63016722,0.2968391,0.34747262,0.41743106
-0.68515127,0.29709474,0.33511256,0.40418524
-0.70736733,0.33508406,0.33018082,0.40798942
-0.65052511,0.30672173,0.34287121,0.41488589
-0.59481772,0.29690683,0.35553021,0.42606826
-0.62746403,0.24610909,0.34808578,0.40580014
-0.6229895,0.25106497,0.34910184,0.40807607
-0.64309114,0.22737185,0.34454812,0.39754154
-0.64659739,0.29441978,0.34375672,0.41285446
-0.67364827,0.30983941,0.33768041,0.41003786
-0.66442573,0.31680765,0.33974613,0.41396015
-0.67189096,0.28627383,0.33807355,0.40477283
-0.69395991,0.31479314,0.33315275,0.40632788
-0.67558997,0.34918841,0.33724629,0.41911644
-0.69039387,0.38510522,0.33394546,0.42426514
-0.64164693,0.23723882,0.34487434,0.40025371
-0.72316635,0.35676304,0.32669611,0.40941039
-0.71785941,0.3127046,0.32786453,0.40007447
-0.59399547,0.27359029,0.35571863,0.42057701
-0.61905612,0.20673315,0.34999615,0.39835525
-0.61628244,0.21317068,0.35062742,0.40056493
-0.63338857,0.25171196,0.34674259,0.40572258
-0.62979074,0.22939086,0.34755799,0.40121627
-0.62903425,0.22713004,0.34772955,0.40085492
-0.64299032,0.30610172,0.34457089,0.41656547
-0.68426198,0.30134617,0.33531074,0.40542383
-0.69547321,0.37247012,0.33281664,0.41994405
-0.65977908,0.33579525,0.34078924,0.41970517
-0.62883142,0.243589,0.34777556,0.40486311
-0.57555478,0.19056215,0.35995608,0.4049233
-0.58276964,0.20551334,0.35829555,0.40678881
-0.57030536,0.20667406,0.36116637,0.41008082
-0.66387067,0.26196072,0.33987066,0.40085354
-0.68888695,0.33108352,0.33428072,0.4114914
-0.72353224,0.35614303,0.32661563,0.40917203
-0.64932509,0.37353751,0.34314164,0.43148681
-0.67897011,0.36617825,0.3364912,0.42243342
-0.70177355,0.33491671,0.33141913,0.40930074
-0.69786847,0.33861503,0.33228498,0.4111403
-0.66275718,0.28734495,0.34012052,0.40723389
-0.67848533,0.29741317,0.33659945,0.40586833
-0.67137637,0.3455247,0.33818872,0.41925031
-0.7160108,0.34540763,0.32827204,0.40839528
-0.71712642,0.32710246,0.32802608,0.40371153
-0.68009975,0.33375384,0.33623904,0.41426881
-0.64571195,0.31142987,0.34395649,0.41719909
-0.69651082,0.32143623,0.33258628,0.40731539
-0.66198555,0.33500447,0.34029373,0.41897535
-0.67690998,0.28705169,0.33695131,0.40375141
-0.63130084,0.27353614,0.34721563,0.41150078
-0.62791523,0.20515364,0.3479834,0.39585611
-0.56814733,0.2308937,0.36166443,0.41647676
-0.60069147,0.19984788,0.35418551,0.40110968
-0.60124923,0.1892748,0.35405794,0.39843878
-0.5639731,0.20138037,0.36262866,0.41033208
-0.70048925,0.31315345,0.33170376,0.40435882
-0.65920098,0.33749549,0.34091912,0.42026016
-0.70220832,0.34231844,0.3313228,0.41098622
-0.66808125,0.32691371,0.33892661,0.41552589
-0.669256,0.29984314,0.33866345,0.4086829
-0.62947176,0.2707107,0.34763033,0.41125951
-0.62291589,0.30614186,0.34911857,0.42146214
-0.66896982,0.30766126,0.33872755,0.41064284
-0.6640353,0.3560677,0.33983372,0.4236109
-0.57727772,0.24517685,0.35955923,0.41772954
-0.60319629,0.16353629,0.35361277,0.39182199
-0.55568719,0.1900868,0.36454595,0.40960455
-0.55136808,0.18917512,0.36554706,0.41042882
-0.68794617,0.3688855,0.33449011,0.42090469
-0.6850753,0.35691041,0.33512949,0.4186872
-0.70747787,0.28719087,0.33015638,0.39644808
-0.6367385,0.29659882,0.34598418,0.41577555
-0.62720522,0.2355069,0.34814452,0.40330853
-0.62306827,0.25066274,0.34908394,0.40795989
-0.64681525,0.27134048,0.34370757,0.40721879
-0.63697811,0.27533876,0.34592996,0.41056278
-0.63441676,0.27053846,0.34650973,0.41002106
-0.66367664,0.28714279,0.33991419,0.40696316
-0.59283008,0.21739598,0.35598577,0.40722861
-0.63678686,0.22336661,0.34597324,0.39809229
-0.62936746,0.23299757,0.34765398,0.40218482
-0.63192471,0.25447154,0.34707424,0.40674131
-0.58248907,0.19972445,0.35836006,0.40546028
-0.58167669,0.2019153,0.35854688,0.40618445
-0.64686557,0.28515982,0.34369622,0.41054672
-0.64679628,0.26053191,0.34371185,0.4046169
-0.69875383,0.32796115,0.33208858,0.4083495
-0.68518731,0.31004412,0.33510453,0.40729883
-0.67877971,0.32576169,0.33653371,0.41265075
-0.70967346,0.37520305,0.329671,0.4171533
-0.65526121,0.28333473,0.34180492,0.4080756
-0.62587531,0.22360206,0.34844639,0.40076629
-0.64884759,0.20591505,0.34324928,0.39104242
-0.61680799,0.24089033,0.35050777,0.40711189
-0.63693679,0.21526247,0.34593931,0.39611617
-0.65543234,0.28534746,0.34176642,0.40852051
-0.71575224,0.3824053,0.32832905,0.41742648
-0.58233807,0.19607732,0.35839478,0.40461777
-0.66216576,0.31944563,0.34025327,0.41514888
-0.65135501,0.28299082,0.34268425,0.40893635
-0.63127333,0.26719807,0.34722187,0.40997342
-0.63138325,0.26702289,0.34719696,0.40990446
-0.58919874,0.19515128,0.35681872,0.40274334
-0.72880041,0.40540615,0.32545802,0.41984876
-0.6485229,0.2703324,0.34332248,0.4065634
-0.61301363,0.23370946,0.35137206,0.40629474
-0.62093457,0.25771946,0.34956893,0.4101815
-0.59661388,0.22226057,0.35511877,0.40748953
-0.62421302,0.22362486,0.34882387,0.40117104
-0.63330739,0.28985765,0.34676097,0.41497174
-0.66087128,0.29490223,0.34054392,0.4095154
-0.6607318,0.23568291,0.34057524,0.39530923
-0.63823703,0.29386599,0.34564517,0.41474809
-0.62939326,0.29782025,0.34764813,0.41785793
-0.67726403,0.25268001,0.33687222,0.39542036
-0.63622981,0.30612646,0.34609929,0.41821548
-0.61093829,0.21259702,0.35184519,0.40171093
-0.61051151,0.265726,0.35194252,0.41464749
-0.6336422,0.27701091,0.34668514,0.41177528
-0.69457117,0.32878521,0.33301697,0.40955967
-0.70012363,0.33235246,0.33178482,0.40907969
-0.66300826,0.32478798,0.34006417,0.41624186
-0.67896399,0.28556451,0.33649257,0.40289921
-0.62879364,0.3023805,0.34778413,0.41911362
-0.6815082,0.28376847,0.33592477,0.40185551
-0.66581514,0.31737274,0.33943453,0.41376019000000003
-0.73928719,0.38853494,0.32316004,0.41320001
-0.68258018,0.31111259,0.33568568,0.40818645
-0.65668558,0.316385,0.34148454,0.41573646
-0.68930102,0.30426396,0.33418858,0.4049126
-0.67448297,0.34328977,0.33749376,0.41795033
-0.68424675,0.36296712,0.33531413,0.42036392
-0.62982184,0.23651259,0.34755094,0.40292092
-0.63503931,0.24771598,0.34636877,0.40436182
-0.68190419,0.4115813,0.33583644,0.43282783
-0.7366216,0.35625523,0.32374335,0.40603854
-0.75339127,0.42281676,0.32008281,0.41810084
-0.60743411,0.1618506,0.35264473,0.39041134
-0.58693934,0.2424051,0.35733742,0.41470848
-0.68126285,0.37770792,0.33597951,0.42468868
-0.59954146,0.21781754,0.35444861,0.40571117
-0.60050411,0.25331003,0.35422837,0.41406301
-0.62655346,0.22027822,0.34829244,0.39980558
-0.64157096,0.27055562,0.34489151,0.4082957
-0.63536933,0.34553626,0.34629406,0.42804473
-0.69786312,0.31032676,0.33228617,0.40431051
-0.70709179,0.29412968,0.33024177,0.39820208
-0.61613403,0.22974553,0.35066122,0.404587
-0.61533524,0.21925991,0.35084312,0.40225565
-0.59671899,0.29176087,0.35509469,0.42434588
-0.7120657,0.29327306,0.32914256,0.3968057
-0.70714748,0.35710719,0.33022945,0.41337265
-0.65605296,0.24976398,0.34162682,0.39980229
-0.63611775,0.31841095,0.34612465,0.42123472
-0.68494184,0.28257839,0.33515923,0.40074463
-0.67221163,0.3379052,0.3380018,0.41719317
-0.68257998,0.25850488,0.33568572,0.39554203
-0.61422299,0.30323503,0.35109648,0.42287361
-0.66036022,0.27896157,0.3406587,0.4057896
-0.62801323,0.26319318,0.34796117,0.40979327
-0.63715922,0.27437448,0.34588898,0.41028563
-0.65964437,0.29038563,0.3408195,0.40872015
-0.61067332,0.24822244,0.35190562,0.41036641
-0.66845449,0.30063024,0.33884299,0.40906686
-0.67270842,0.32543602,0.33789064,0.41404401
-0.72547734,0.38714545,0.32618798,0.41621474
-0.72361193,0.35078372,0.32659811,0.4078578
-0.70350143,0.39472244,0.33103637,0.4234128
-0.73392161,0.3799136,0.32433475,0.41241083
-0.72526374,0.37026322,0.32623493,0.41217034
-0.64968493,0.32026554,0.34306054,0.4183819
-0.68837552,0.32505982,0.33439454,0.41015717
-0.72867906,0.40729351,0.32548467,0.42033812
-0.7123657,0.35911155,0.32907632,0.41259352
-0.72560187,0.36062165,0.32616061,0.40975453
-0.72845752,0.47309763,0.32553331,0.43650469
-0.73286712,0.47671859,0.32456587,0.43631072
-0.77050053,0.37421827,0.31637084,0.40220589
-0.6192606,0.1530421,0.34994963,0.38551166
-0.58166359,0.1231057,0.35854989,0.38732799
-0.58158945,0.13914539,0.35856694,0.39115875
-0.75474423,0.40175377,0.31978844,0.41265743
-0.73704912,0.43903763,0.32364976,0.42604366
-0.67870142,0.26770244,0.33655119,0.39867261
-0.62549134,0.30990301,0.34853356,0.42175128
-0.71943142,0.34750001,0.3275182,0.40807441
-0.67938958,0.281645,0.33639756,0.40185435
-0.66838021,0.26665129,0.33885963,0.40089702
-0.66593689,0.3253319,0.33940724,0.41566253
-0.67237204,0.30869634,0.3379659,0.41007007
-0.73914243,0.39542115,0.3231917,0.41490582
-0.73430621,0.33232344,0.32425047,0.40083605
-0.71094982,0.36665659,0.329389,0.41476698
-0.72867684,0.37514857,0.32548515,0.41252709
-0.73506493,0.41341897,0.32408425,0.42027467
-0.64224645,0.26057987,0.3447389,0.405725
-0.63667039,0.20991507,0.34599959,0.3949014
-0.61824839,0.25878941,0.35017993,0.41109054
-0.67612993,0.25463952,0.33712561,0.39616016
-0.66677601,0.26502788,0.33921912,0.4008924
-0.7346198,0.38310429,0.32418176,0.41301496
-0.67862921,0.35308345,0.33656732,0.4193248
-0.66120734,0.37236426,0.34046845,0.42828712
-0.66726109,0.36648744,0.3391104,0.42536837
-0.68855118,0.33978196,0.33435545,0.41368091
-0.71797999,0.38786889,0.32783796,0.41821359
-0.73373477,0.3930688,0.32437569,0.41564771
-0.74648719,0.41802072,0.32158721,0.4186138
-0.72142299,0.38835618,0.32707971,0.41749461
-0.6985875,0.37335451,0.33212547,0.41940096
-0.70183019,0.41242097,0.33140658,0.42814851
-0.74133522,0.32824463,0.32271224,0.39817129
-0.74312712,0.38836022,0.32232071,0.41222694
-0.64995971,0.32135024,0.34299862,0.418579
-0.64995971,0.32135024,0.34299862,0.418579
-0.65688549,0.29647507,0.34143959,0.41086022
-0.70970948,0.25994383,0.32966304,0.38941649
-0.69489422,0.27797529,0.33294522,0.39725426
-0.61638148,0.30198209,0.35060488,0.42204126
-0.61638148,0.30198209,0.35060488,0.42204126
-0.67561013,0.30981286,0.33724178,0.40955694
-0.66149963,0.29351132,0.34040282,0.40902721
-0.65615239,0.21038466,0.34160445,0.3903675
-0.65701535,0.37509755,0.34141039,0.42998366
-0.68411809,0.22080962,0.33534281,0.38620126
-0.63877376,0.19459827,0.34552379,0.39074648
-0.65204304,0.2805934,0.34252929,0.40819078
-0.62749029,0.27590312,0.34807983,0.41299759
-0.61403456,0.22478565,0.35113941,0.40389812
-0.60033849,0.23507856,0.35426626,0.40968689
-0.60618932,0.23359335,0.35292896,0.40791389
-0.58203386,0.19202522,0.35846474,0.40371522
-0.67568574,0.32474488,0.33722488,0.41315428
-0.6037923,0.2203911,0.35347656,0.40530683
-0.62245145,0.3430192,0.34922411,0.43059298
-0.63777062,0.30336513,0.34575067,0.41716909
-0.59583687,0.23123537,0.35529673,0.40984613
-0.58781731,0.18965344,0.35713582,0.40175357
-0.64864992,0.34195594,0.34329384,0.42392191
-0.68367255,0.3204857,0.33544212,0.41018834
-0.69093624,0.36171523,0.33382483,0.41843017
-0.68221934,0.28975121,0.33576615,0.40312329
-0.67558222,0.24937562,0.33724802,0.39503252
-0.6220338,0.32058411,0.34931904,0.42520313
-0.62627493,0.30333804,0.34835567,0.41996017
-0.68451145,0.29891704,0.33525514,0.4047783
-0.66818799,0.34062151,0.3389027,0.41883285
-0.67028889,0.33405133,0.33843216,0.41672371
-0.64402668,0.2572345,0.34433687,0.40448976
-0.66126284,0.29782544,0.34045599,0.41012772
-0.65939062,0.29323509,0.34087651,0.40947031
-0.68587652,0.36410415,0.33495099,0.42024387
-0.63721374,0.24275508,0.34587665,0.40264443
-0.64911949,0.29061504,0.34318799,0.41132165
-0.67292831,0.29047896,0.33784145,0.40553628
-0.67986845,0.28655191,0.33629066,0.40291917
-0.65168294,0.31268163,0.34261039,0.41605209
-0.64097521,0.17786561,0.34502612,0.3862484
-0.63113491,0.18884033,0.34725325,0.39119435
-0.63531694,0.18662567,0.34630592,0.38967197
-0.63795082,0.30701531,0.34570991,0.41801302
-0.60137863,0.25592205,0.35402835,0.41448462
-0.63545862,0.27928737,0.34627385,0.41188672
-0.68366741,0.32099663,0.33544327,0.4103132
-0.69353318,0.28365768,0.33324756,0.39894197
-0.61906006,0.29587253,0.34999526,0.41989912
-0.6607571,0.20346673,0.34056956,0.38762882
-0.67568672,0.40902651,0.33722466,0.43372719
-0.68638138,0.41579838,0.33483854,0.43276398
-0.67704398,0.26628406,0.33692138,0.39872992
-0.65960588,0.35260872,0.34082815,0.42384787
-0.71898094,0.36584931,0.32761743,0.41262322
-0.69604512,0.47492049,0.33268966,0.444943
-0.70318985,0.43807606,0.33110538,0.43410704
-0.66437165,0.20839088,0.33975826,0.38793973
-0.59909279,0.22646825,0.35455128,0.40790699
-0.59518789,0.22321905,0.3554454,0.40806537
-0.61209697,0.2862082,0.351581,0.41924128
-0.67206509,0.33067517,0.33803459,0.41547189
-0.67960242,0.28514267,0.33635004,0.40264417
-0.645443,0.29375239,0.34401718,0.41297251
-0.67692685,0.31943091,0.33694754,0.41156586
-0.72239862,0.38583819,0.32686501,0.41664523
-0.71543109,0.35871247,0.32839988,0.41175413
-0.72014964,0.39020247,0.32736003,0.41825348
-0.72164873,0.37147363,0.32703003,0.41333996
-0.68540493,0.31889396,0.33505605,0.40938436
-0.66010535,0.35505764,0.34071595,0.42432399
-0.70335184,0.3914422,0.3310695,0.42264869
-0.72225029,0.28590744,0.32689765,0.39261274
-0.68027055,0.32155607,0.33620092,0.41127079
-0.67146036,0.29641558,0.33816992,0.40732259
-0.68248577,0.35847245,0.33570673,0.41969798
-0.69268211,0.33233203,0.33343669,0.41087482
-0.6671858,0.33989431,0.33912727,0.41889979
-0.66632409,0.27137847,0.33932043,0.40252731
-0.66396048,0.27737061,0.33985051,0.40453849
-0.64673715,0.26944834,0.34372519,0.40678097
-0.6153505,0.23511478,0.35083964,0.40607004
-0.62371506,0.25593977,0.34893699,0.4090787
-0.61333794,0.27737675,0.35129814,0.41679088
-0.61463017,0.27539906,0.35100372,0.41599626
-0.6499994,0.31246177,0.34298967,0.41640774
-0.61827341,0.27490752,0.35017424,0.41499209
-0.64874941,0.25194068,0.34327141,0.40207932
-0.63113728,0.38020054,0.34725271,0.43759295
-0.67671166,0.30632678,0.33699562,0.40844803
-0.67816446,0.30128073,0.3366711,0.40687872
-0.70025061,0.31139076,0.33175667,0.4039918
-0.66391803,0.33296124,0.33986003,0.41800784
-0.64548705,0.31567353,0.34400724,0.418286
-0.69070043,0.36086923,0.33387728,0.4182817
-0.68629835,0.31444922,0.33485703,0.40809428
-0.65025403,0.31486144,0.34293229,0.4169291
-0.65999692,0.29018068,0.3407403,0.40858542
-0.63322556,0.25619337,0.34677951,0.40684289
-0.62367392,0.2484503,0.34894634,0.40727942
-0.60181559,0.28675722,0.35392843,0.42188053
-0.73731822,0.37997584,0.32359085,0.41160305
-0.68130873,0.32448951,0.33596927,0.41172976
-0.70234194,0.29854848,0.33129319,0.40040126
-0.64313935,0.28291358,0.34453723000000003,0.41090492
-0.66510608,0.29537171,0.33959354,0.40860521
-0.66607683,0.35940708,0.33937586,0.42392782
-0.60891751,0.2164266,0.35230617,0.40311781
-0.59508008,0.25103784,0.3554701,0.4148279
-0.58079227,0.29101234,0.35875031,0.42805775
-0.67673533,0.26894093,0.33699033,0.3994411
-0.67459107,0.28343741,0.33746959,0.40343961
-0.64753024,0.33542564,0.34354631,0.42260112
-0.69930743,0.2953229,0.3319658,0.40035539
-0.67152233,0.30259855,0.33815605,0.4088011
-0.67457104,0.34634128,0.33747407,0.41867141
-0.66533889,0.33728487,0.33954133,0.41871419
-0.68838583,0.28153739,0.33439225,0.39966805
-0.66662763,0.36795269,0.33925238,0.42588144
-0.65047209,0.33708546,0.34288316,0.42228832
-0.69091403,0.34869145,0.33382977,0.41526969
-0.69630708,0.30332874,0.3326315,0.40300053
-0.68325401,0.34080764,0.33553543,0.41521535
-0.70588161,0.3590612,0.33050949,0.41415367
-0.6509341,0.27710827,0.34277907,0.40761689
-0.61691578,0.26821116,0.35048323,0.41369658
-0.6929508,0.3195956,0.33337698,0.40773054
-0.61679569,0.31186308,0.35051057,0.42435211
-0.69763328,0.27591851,0.33233717,0.39610649
-0.65719502,0.32973099,0.34136999,0.41885779
-0.72044918,0.3282748,0.32729408,0.40319397
-0.70251791,0.45596288,0.33125421,0.4386716
-0.72869002,0.32353795,0.32548226,0.40007513
-0.67176272,0.30136464,0.33810225,0.40844483
-0.6440413,0.2509114,0.34433357,0.40296407
-0.60073414,0.25265058,0.35417575,0.41384723
-0.60140448,0.24738117,0.35402244,0.41240712
-0.60501281,0.24998312,0.35319768,0.41216327
-0.59345689,0.24386465,0.35584208,0.41348131
-0.63978422,0.25869043,0.34529532,0.40586312
-0.63978422,0.25869043,0.34529532,0.40586312
-0.70066675,0.34726213,0.33166442,0.41255705
-0.70284039,0.2999589,0.33118278,0.40062023
-0.69629707,0.32315839,0.33263373,0.40778282
-0.60973327,0.26438243,0.35212005,0.41451028
-0.66986228,0.28923855,0.33852768,0.40597647
-0.67317798,0.28409661,0.3377856,0.40393846
-0.67279039,0.35126899,0.33787231,0.42030501
-0.6293119,0.25993375,0.34766658,0.40869129
-0.63964426,0.24605285,0.34532696,0.40285304
-0.65823527,0.35450457,0.34113615,0.42464574
-0.61668978,0.18006691,0.35053468,0.39254596
-0.65821037,0.28954596,0.34114174,0.40886379
-0.68371351,0.3244925,0.33543299,0.41114815
-0.63913935,0.32925259,0.34544112,0.42314238
-0.64051579,0.32994107,0.34512995,0.42297446
-0.63749007,0.34319059,0.34581413,0.42695161
-0.68302392,0.30818294,0.33558673,0.40737179
-0.67121791,0.32530363,0.33822419,0.41437355
-0.67914397,0.34938023,0.33645239,0.41829811
-0.65730057,0.31486786,0.34134626,0.41521866
-0.65616113,0.31555281,0.34160249,0.41566172
-0.60902906,0.23230511,0.35228071,0.40691728
-0.62969445,0.24920885,0.34757982,0.40600978
-0.58547724,0.21845203,0.35767326,0.40926003
-0.5731631,0.1937674,0.36050728,0.40627266
-0.61305622,0.18786576,0.35136235,0.39527539
-0.63203971,0.22524325,0.34704818,0.39968052
-0.62001281,0.21580605,0.34977854,0.40030204
-0.61763016,0.24345284,0.35032063,0.40753202
-0.61427349,0.27792775,0.35108498,0.41669741
-0.62470958,0.30884566,0.34871109,0.42168407
-0.62818881,0.27585434,0.34792133,0.41281643
-0.63226277,0.30053673,0.34699764,0.41782071
-0.64657268,0.2786113,0.34376229,0.40903371
-0.61168146,0.29211048,0.35167573,0.42078031
-0.63696033,0.24633978,0.34593398,0.40356793
-0.61370404,0.25015669,0.35121472,0.41010113
-0.6948403,0.33741076,0.33295719,0.41158194
-0.6963627,0.36123174,0.33261916,0.41699271
-0.67590245,0.27893426,0.33717645,0.40204098
-0.71546314,0.31869898,0.32839281,0.40209003
-0.6909557,0.31019749,0.33382051,0.40594404
-0.69853353,0.30630323,0.33213744,0.40318052
-0.6509018,0.32624418,0.34278635,0.41954107
-0.67115191,0.28170734,0.33823896,0.40385102
-0.670465,0.28523314,0.33839273,0.40486566
-0.69790244,0.41061382,0.33227745,0.42866779
-0.64666254,0.22453101,0.34374202,0.39600681
-0.67370942,0.38210085,0.33766674,0.42761011
-0.66397315,0.34291793,0.33984766,0.42041861
-0.66499745,0.35135356,0.3396179,0.42222556
-0.65345908,0.27378657,0.34221047,0.40620589
-0.71470232,0.40704548,0.32856063,0.42368678
-0.68919814,0.31602043,0.33421147,0.4077734
-0.63086408,0.34122501,0.34731464,0.42809223
-0.66190998,0.32950055,0.34031069,0.41765449
-0.67482135,0.30121459,0.3374181,0.40766979
-0.59705043,0.2451428,0.3550188,0.4129199
-0.68604651,0.28746265,0.33491312,0.40165263
-0.5700549,0.29878297,0.36122416,0.43259486
-0.63597875,0.23553185,0.34615611,0.40120497
-0.62289443,0.27402205,0.34912344,0.41365589
-0.68107936,0.27210169,0.33602044,0.39915728
-0.72068218,0.2657379,0.32724278,0.38818586
-0.61793914,0.36239737,0.35025031,0.43645995
-0.63242037,0.34582475,0.34696193,0.42883752
-0.66668729,0.20355578,0.33923901,0.38624321
-0.6196742,0.35446183,0.34985555,0.43408282
-0.63545976,0.2675636,0.34627359,0.40904948
-0.67497608,0.22186447,0.33738351,0.38862121
-0.6084501,0.33183762,0.35241283,0.43128447
-0.649444,0.29478145,0.34311484,0.41225222
-0.68855204,0.29843872,0.33435526,0.40369002
-0.72185647,0.38621794,0.32698431,0.41686932
-0.68866925,0.42797978,0.33432917,0.43519423
-0.73517509,0.39647545,0.32406012,0.41612538
-0.63563648,0.2372036,0.34623358,0.40168892
-0.64184484,0.23128295,0.34482963,0.3987774
-0.70146644,0.39692416,0.33148718,0.42444746
-0.60847064,0.23485837,0.35240814,0.40766846
-0.64424646,0.31245393,0.34428725,0.41780454
-0.64189291,0.33555416,0.34481877,0.42400866
-0.72978705,0.33532271,0.32524146,0.40264306
-0.68937698,0.31683447,0.33417168,0.40792681
-0.65849108,0.30540649,0.34107865,0.41263462
-0.62665876,0.26200252,0.34826854,0.40983289
-0.62830712,0.25059444,0.34789449,0.40667869
-0.7005554,0.36270475,0.3316891,0.41633167
-0.69909344,0.40879222,0.33201325,0.42793012
-0.68561346,0.26427653,0.33500959,0.39619688
-0.68477758,0.26588434,0.33519583,0.39678162
-0.63566356,0.31684216,0.34622745,0.42096301
-0.75013017,0.37836736,0.32079294,0.40811513
-0.6958787,0.4127202,0.33272661,0.4296796
-0.7217341,0.39507198,0.32701124,0.419053
-0.64706245,0.27491622,0.34365181,0.40802252
-0.69746979,0.23969204,0.33237345,0.38751314
-0.62041706,0.27939687,0.3496866,0.41556168
-0.67918617,0.24321146,0.33644297,0.39270053
-0.73813207,0.36506035,0.32341274,0.40779899
-0.71360591,0.35081309,0.32880256,0.41028367
-0.66612132,0.31946264,0.33936589,0.41419292
-0.6171144,0.2219866,0.35043802,0.4024835
-0.60903364,0.22565331,0.35227967,0.40531186
-0.62279352,0.2200428,0.34914638,0.40065163
-0.63280792,0.24167373,0.34687412,0.4034443
-0.71070943,0.37949647,0.3294421,0.41794552
-0.71758913,0.3587749,0.32792409,0.41124664
-0.72114046,0.38352462,0.3271419,0.41638874
-0.75052111,0.37332765,0.32070776,0.40680398
-0.7296398,0.42968996,0.32527378,0.42556975
-0.74123112,0.40259033,0.32273499,0.41613968
-0.70140943,0.40905917,0.33149981,0.42742858
-0.69664639,0.30363359,0.33255618,0.40299224
-0.66319343,0.29727251,0.34002262,0.40952704
-0.68488426,0.33434695,0.33517206,0.41325213
-0.6544341,0.29294565,0.34199102,0.4105993
-0.66256016,0.36459369,0.34016474,0.42605467
-0.68439292,0.35592779,0.33528155,0.41861413
-0.69725511,0.40544178,0.33242109,0.42755999
-0.71216919,0.32540439,0.32911971,0.40449635
-0.64744942,0.33667317,0.34356453,0.42292528
-0.70913584,0.28981359,0.32978982,0.39667894
-0.65294792,0.32442862,0.34232554,0.41860094
-0.63818726,0.31766415,0.34565643,0.42054827
-0.64954291,0.2916912,0.34309255,0.41147971
-0.64683526,0.27264317,0.34370306,0.40752845
-0.56995387,0.23240073,0.36124747,0.41640397
-0.70868125,0.37882108,0.3298903,0.41827465
-0.71042375,0.36741317,0.32950521,0.41507836
-0.66199761,0.36279977,0.34029102,0.42575359
-0.68843222,0.35127139,0.33438192,0.41649931
-0.64698243,0.26779868,0.34366986,0.40632378
-0.66406949,0.29505183,0.33982605,0.40877841
-0.6472255,0.30232456,0.34361504,0.41461947
-0.68999463,0.30298861,0.33403427,0.40443825
-0.68556078,0.32368299,0.33502133,0.41050508
-0.71325251,0.34015257,0.32888055,0.40779218
-0.6066685,0.2372243,0.35281953,0.40867533
-0.58995601,0.19857429,0.35664495,0.40338472
-0.57735863,0.20258932,0.3595406,0.40738909
-0.61797689,0.17605977,0.35024172,0.39128425
-0.54581914,0.19215687,0.36683494,0.41249461
-0.56779573,0.20256997,0.3617456,0.40969515
-0.78565814,0.49955189,0.31310171,0.42895739
-0.75769624,0.4775997,0.31914665,0.43043011
-0.60392095,0.26353322,0.35344715,0.41571529
-0.59413142,0.26491687,0.35568748,0.41843175
-0.67411213,0.22114906,0.33757668,0.3886565
-0.66870126,0.23389246,0.33878771,0.39297862
-0.72942978,0.27486393,0.32531987,0.38827574
-0.66659,0.40789343,0.33926082,0.43568415
-0.66387337,0.36685418,0.33987005,0.42628633
-0.62022466,0.19491352,0.34973036,0.39524654
-0.65760558,0.26490146,0.34127769,0.40306651
-0.66620938,0.30050423,0.33934614,0.40957921
-0.68178697,0.34650025,0.33586259,0.41695484
-0.66003606,0.26898055,0.34073151,0.40346323
-0.66259863,0.30796779,0.34015611,0.41225991
-0.6231983,0.27220662,0.3490544,0.41314196
-0.65332654,0.27733172,0.3422403,0.40709326
-0.61136788,0.26635803,0.35174723,0.41459304
-0.71502185,0.34084241,0.32849015,0.40753151
-0.63713676,0.31058354,0.34589406,0.41907951
-0.6344422,0.23106857,0.34650397,0.40050206
-0.69703386,0.30681199,0.33247019,0.40366389
-0.65663592,0.37717743,0.34149571,0.43058654
-0.71390887,0.35207278,0.3287357,0.41051517
-0.63076415,0.31297107,0.34733729,0.42121368
-0.65326443,0.25124008,0.34225428,0.40082607
-0.65298455,0.24496103,0.34231729,0.39938614
-0.64335229,0.31798804,0.34448914,0.419369
-0.66352665,0.33646611,0.33994784,0.41895601
-0.73408429,0.38226958,0.3242991,0.41294243
-0.70113468,0.34651021,0.3315607,0.41226145
-0.67593408,0.35098911,0.33716938,0.4194711
-0.68035707,0.356007,0.33618161,0.41961597
-0.68035707,0.356007,0.33618161,0.41961597
-0.67952016,0.35664886,0.33636841,0.41997615
-0.6711177,0.36356794,0.33824661,0.42371293
-0.70999053,0.31150571,0.32960093,0.40167643
-0.67111261,0.40320971,0.33824775,0.433422
-0.73436266,0.40504626,0.3242381,0.41840696
-0.74063309,0.39847591,0.32286572,0.41528557
-0.6452172,0.29510674,0.34406814,0.41335564
-0.65413368,0.29566759,0.34205863,0.41133093
-0.62310803,0.28686032,0.34907491,0.41672124
-0.62234452,0.28911428,0.34924842,0.41745486
-0.72468498,0.35377573,0.32636215,0.40832133
-0.75385531,0.4521747,0.31998183,0.42514669
-0.71014051,0.37886631,0.32956779,0.41793062
-0.60151254,0.24405731,0.35399772,0.41157572
-0.64401202,0.27170994,0.34434018,0.40798488
-0.63237337,0.34953069,0.34697258,0.42975699
-0.63237337,0.34953069,0.34697258,0.42975699
-0.62750861,0.33257023,0.34807567,0.4267953
-0.66311713,0.24263923,0.34003974,0.3964024
-0.67061383,0.23848708,0.33835941,0.3936186
-0.68231649,0.22541978,0.33574448,0.38772227
-0.6709947,0.24337704,0.33827415,0.39469535
-0.75396243,0.44429442,0.31995852,0.42319578
-0.63399227,0.18924267,0.34660585,0.39060982
-0.61834264,0.31797615,0.35015849,0.42546789
-0.68289391,0.25773757,0.33561572,0.39528354
-0.64230039,0.30302223,0.34472672,0.41598483000000003
-0.60543029,0.16754338,0.35310231,0.39224459
-0.60748916,0.22080521,0.35263217,0.40451583
-0.57057335,0.25715487,0.36110454,0.42228055
-0.57929051,0.26711322,0.35909586,0.42258337
-0.58511697,0.26186941,0.35775603,0.4198845
-0.69733027,0.3014164,0.33240441,0.40229447
-0.68191892,0.33556016,0.33583315,0.41426569
-0.68805879,0.33582963,0.33446505,0.41284196
-0.63217389,0.2617478,0.34701778,0.40843807
-0.64148512,0.28936617,0.3449109,0.41286868
-0.64498981,0.28733645,0.34411946,0.41152774
-0.63971472,0.30520163,0.34531103,0.41714292
-0.67392547,0.31496713,0.33761842,0.41121175
-0.66598937,0.30224735,0.33939547,0.41005403
-0.68105628,0.30669006,0.33602559,0.40748641
-0.66350902,0.2930371,0.3399518,0.40842699
-0.69400714,0.35231532,0.33314226,0.41539857
-0.68932196,0.35990985,0.33418392,0.41838367
-0.66418582,0.31763171,0.33979995,0.41421829
-0.64454406,0.26234314,0.34422007,0.40559617
-0.66001196,0.33149451,0.34073692,0.41860139
-0.67871742,0.35581105,0.33654762,0.41996761
-0.67594722,0.28054927,0.33716644,0.40241853
-0.67086375,0.28855434,0.33830346,0.40557002
-0.69624564,0.32349766,0.33264514,0.40787718
-0.68611554,0.2919529,0.33489775,0.40271563
-0.64715514,0.32422766,0.34363091,0.41996246
-0.67309407,0.26394537,0.33780437,0.39911626
-0.62070432,0.22285981,0.34962128,0.40183033
-0.74808708,0.37178888,0.32123826,0.40702004
-0.73915759,0.36255759,0.32318838,0.4069472
-0.64003867,0.32717723,0.3452378,0.42241645
-0.62343181,0.20627874,0.34900134,0.39719819
-0.65992456,0.20547012,0.34075656,0.38830221
-0.61093469,0.20567284,0.35184601,0.40004878
-0.66327046,0.32789236,0.34000533,0.41693263
-0.75061452,0.28765173,0.32068742,0.38628321
-0.64683448,0.30625864,0.34370323,0.4156696
-0.63975991,0.32536013,0.34530081,0.42204117
-0.62365884,0.339223,0.34894976,0.42936661
-0.66364824,0.31397973,0.33992056,0.41346281
-0.70147611,0.3416377,0.33148504,0.41099868
-0.68448577,0.32007839,0.33526086,0.40989308
-0.65238426,0.30364538,0.34245245,0.41368827
-0.67878068,0.32136917,0.3365335,0.41158631
-0.60438149,0.23564578,0.35334192,0.40884655
-0.60774504,0.21565032,0.35257376,0.40321314
-0.65781777,0.29093346,0.34122999,0.40929409
-0.62356917,0.22635985,0.34897014,0.40198302
-0.72442228,0.40529668,0.32641991,0.42088886
-0.69364519,0.34305667,0.33322267,0.41323971
-0.69565261,0.35403793,0.3327768,0.4154173
-0.6680401,0.37214706,0.33893583,0.42656177
-0.66270974,0.39201126,0.34013117,0.43273563
-0.67613092,0.37243458,0.33712539,0.42465413
-0.68669195,0.3642633,0.33476937,0.42008398
-0.71629531,0.30800476,0.3282093,0.39932209
-0.63706035,0.27682605,0.34591135,0.41090285
-0.66963633,0.38967768,0.33857828,0.43046391
-0.63022558,0.29593135,0.34745939,0.41719614
-0.58311114,0.2106546,0.35821704,0.40794757
-0.73905542,0.40402335,0.32321073,0.41701675
-0.73960095,0.42834711,0.32309141,0.42280872
-0.58995314,0.21488163,0.35664561,0.40731614
-0.56787518,0.25812055,0.36172726,0.42317463
-0.70966925,0.29269445,0.32967193,0.39724088
-0.69634697,0.32273721,0.33262265,0.40766907
-0.68992223,0.3222755,0.33405037,0.40910978
-0.68623626,0.34026862,0.33487086,0.4143606
-0.69998231,0.29295927,0.33181615,0.39962615
-0.73811822,0.44586363,0.32341577,0.427452
-0.64473529,0.33016433,0.34417691,0.42199941
-0.74446248,0.41908324,0.32202909,0.41936535
-0.84626682,0.54243802,0.30021656,0.42462177
-0.48591672,0.11671745,0.38085595,0.40873452
-0.47195455,0.036422763,0.38415373,0.39280617
-0.57695423,0.11000646,0.35963373,0.38533892
-0.6892248,0.42548839,0.33420554,0.43444544
-0.68041408,0.24833307,0.33616889,0.39362952
-0.64350695,0.28214005,0.34445422,0.41062872
-0.65402664,0.28509208,0.34208272,0.40879849
-0.68788207,0.34468462,0.33450438,0.41503299
-0.67317148,0.30897971,0.33778706,0.40994524
-0.6823241,0.33145458,0.33574279,0.41317158
-0.70071501,0.35096395,0.33165372,0.41344279
-0.6571949,0.30054377,0.34137002,0.41177047
-0.64589787,0.33134033,0.34391454,0.42200269
-0.67923807,0.31474783,0.33643138,0.40987304
-0.72510284,0.34565936,0.32627029,0.40626113
-0.64334413,0.32121229,0.34449099,0.42015629
-0.66622711,0.27476433,0.33934217,0.40336522
-0.68436843,0.37991733,0.33528701,0.42446974
-0.66476024,0.34094037,0.3396711,0.4197451
-0.68648442,0.3092608,0.33481559,0.4067967
-0.73963815,0.42269827,0.32308328,0.4214217
-0.72534392,0.36861355,0.3262173,0.41175128
-0.72941102,0.39743264,0.32532399,0.41775933
-0.64764226,0.30969148,0.34352105,0.41630734
-0.65131716,0.25635681,0.34269278,0.40252377
-0.6790346,0.26026437,0.3364768,0.39681106
-0.599684,0.28265738,0.35441599,0.42140055
-0.6975371,0.33795464,0.33235851,0.41106064
-0.68945871,0.33784951,0.3341535,0.41299225
-0.62146495,0.19731079,0.34944834,0.39552312
-0.63525365,0.31021415,0.34632024,0.41944808
-0.67400939,0.32224931,0.33759965,0.41295567
-0.67618808,0.26309157,0.33711261,0.39816987
-0.6864227,0.24989448,0.33482933,0.39256854
-0.67291025,0.31503502,0.33784549,0.41147401
-0.69169173,0.36671589,0.33365685,0.41946358
-0.76208412,0.35967572,0.31819395,0.40073383
-0.67056076,0.33494809,0.33837129,0.4168756
-0.64462729,0.24799165,0.34420129,0.40212093
-0.6458037,0.2478172,0.34393579,0.4017962
-0.62193819,0.26899318,0.34934077,0.41266845
-0.61662327,0.23212646,0.35054983,0.40504278
-0.62719245,0.18820872,0.34814741,0.39198315
-0.70648131,0.39202743,0.33037681,0.42202797
-0.72096718,0.3498433,0.32718004,0.40826948
-0.60899025,0.25819754,0.35228957,0.41319021
-0.71089196,0.37897665,0.32940178,0.41777467
-0.71374418,0.38242798,0.32877204,0.41792041
-0.68059654,0.30878673,0.33612817,0.40810378
-0.64450694,0.37059913,0.34422845,0.43194799
-0.66451895,0.31654793,0.33972522,0.41387453
-0.61704528,0.23208469,0.35045375,0.40493102
-0.63999605,0.24147716,0.34524743,0.40166824
-0.65085402,0.24080174,0.34279711,0.39889959
-0.6681385,0.24319543,0.33891379,0.39533452
-0.6854616,0.26774763,0.33504342,0.3970639
-0.69358165,0.32759849,0.33323679,0.40951199
-0.67817322,0.35104233,0.33666914,0.41893888
-0.6792358,0.2733382,0.33643188,0.39989621
-0.66594025,0.29893309,0.33940648,0.40926439
-0.70392962,0.39201376,0.33094156,0.42264717
-0.73050929,0.38068033,0.32508298,0.4134239
-0.60525797,0.22392131,0.35314168,0.40580455
-0.68491559,0.30262787,0.33516508,0.40557525
-0.68491559,0.30262787,0.33516508,0.40557525
-0.67362604,0.33762307,0.33768538,0.41678073
-0.69897103,0.38805041,0.3320404,0.42289004
-0.68142727,0.3660323,0.33594283,0.42179844
-0.68803004,0.32186271,0.33447144,0.40946745
-0.65819477,0.34502753,0.34114525,0.42234184
-0.70952153,0.34690424,0.32970457,0.41032614
-0.69593429,0.40470256,0.33271426,0.42770235
-0.72486904,0.419805,0.32632169,0.42432001
-0.71657384,0.43345665,0.32814789,0.42968972
-0.74757115,0.33661281,0.32135076,0.39868235
-0.64482909,0.35271671,0.34415573,0.4274868
-0.65481863,0.33888276,0.34190449,0.42166652
-0.69827691,0.38998445,0.33219437,0.42353159
-0.7089265,0.3848954,0.32983609,0.41969365
-0.69867051,0.34612201,0.33210706,0.41276455
-0.67239186,0.33783808,0.33796147,0.41713303
-0.70250366,0.40311436,0.33125737,0.42570678
-0.70237036,0.3415253,0.3312869,0.41075502
-0.71367722,0.40713665,0.32878682,0.42395937
-0.70861134,0.41631383,0.32990576,0.42744149
-0.69223572,0.27483238,0.33353591,0.39713827
-0.70413041,0.27355886,0.3308971,0.39398986
-0.66773663,0.31195598,0.33900383,0.41198133
-0.6040999,0.20311948,0.35340626,0.40107681
-0.60254733,0.22917992,0.35376112,0.40772759
-0.63939175,0.29028991,0.34538405,0.41360024
-0.70932562,0.36834596,0.32974787,0.41557153
-0.72341087,0.41142634,0.32664233,0.42263041
-0.72732951,0.36566846,0.32578102,0.41055753
-0.70361446,0.37065256,0.33101134,0.41752012
-0.68499151,0.30729077,0.33514816,0.40668157
-0.61132975,0.35747492,0.35175592,0.43687492
-0.64380622,0.25104227,0.34438665,0.40305211
-0.67964904,0.28896596,0.33633964,0.40355287
-0.66463262,0.34018028,0.33969973,0.41959106
-0.65003868,0.30838113,0.34298082,0.4154069
-0.65034917,0.36404541,0.34291086,0.42890901
-0.68684731,0.34249335,0.33473477,0.41475224
-0.70663109,0.343719,0.33034367,0.41025481
-0.72338343,0.34787085,0.32664836,0.40720966
-0.68820079,0.3691391,0.33443344,0.42090444
-0.60336898,0.27265742,0.3535733,0.4180675
-0.60360311,0.26836629,0.35351979,0.41696697
-0.63713793,0.33408668,0.3458938,0.42481175
-0.69061698,0.33426111,0.33389584,0.41184199
-0.70028587,0.35500999,0.33174885,0.41452847
-0.64292512,0.26298138,0.34458561,0.40614046
-0.62680011,0.24307387,0.34823646,0.40522849
-0.72234561,0.40675966,0.32687667,0.42175186
-0.72022354,0.35457311,0.32734376,0.40959245
-0.69645307,0.37961151,0.3325991,0.42144568
-0.65580181,0.27363901,0.34168331,0.40560536
-0.66077735,0.2636531,0.34056501,0.40200347
-0.64121705,0.32008996,0.34497147,0.42040109
-0.61431744,0.28589312,0.35107496,0.41862406
-0.60935614,0.19835095,0.35220609,0.39867112
-0.60455754,0.25042763,0.35330169,0.41238129
-0.61918836,0.2484735,0.34996607,0.4083683
-0.68465286,0.32899168,0.33522362,0.41201027
-0.69788289,0.33194221,0.33228178,0.40952226
-0.62366665,0.24961991,0.34894799,0.40756355
-0.68487114,0.33539428,0.33517498,0.41350929
-0.68013269,0.33679322,0.33623169,0.41499851
-0.73146308,0.36298804,0.32487375,0.40890956
-0.73559989,0.36508701,0.32396708,0.4084171
-0.73313204,0.40638239,0.3245078,0.41903169
-0.71822379,0.3575196,0.32778424,0.41078911
-0.64000846,0.30192654,0.34524463,0.41627548
-0.64086045,0.27615214,0.34505206,0.4098203
-0.70997908,0.35176959,0.32960346,0.41139307
-0.64647839,0.24392642,0.34378356,0.40069935
-0.63453574,0.20739099,0.34648278,0.39480834
-0.65935786,0.20025984,0.34088387,0.38719982
-0.59768,0.31801356,0.35487465,0.43053556
-0.68120873,0.29628031,0.33599158,0.40493877
-0.67728337,0.34223393,0.33686789,0.41701253
-0.66414123,0.33452508,0.33980996,0.41833402
-0.63830888,0.3364301,0.34562892,0.42509826
-0.63961976,0.33989259,0.3453325,0.42562418
-0.65848983,0.30798445,0.34107893,0.41325987
-0.64628414,0.35302532,0.34382739,0.42720624
-0.65290617,0.25051126,0.34233494,0.40073707
-0.6503551,0.30527824,0.34290952,0.41457678
-0.67066703,0.28447868,0.3383475,0.40463521
-0.61138627,0.26434468,0.35174304,0.41410001
-0.61898413,0.21559709,0.35001253,0.40049884
-0.62999791,0.2127786,0.34751101,0.39718234
-0.67910022,0.33852297,0.33646215,0.41566926
-0.6573348,0.26356978,0.34133857,0.40281128
-0.63724291,0.19971112,0.34587005,0.39232925
-0.64459511,0.2749047,0.34420855,0.40861583
-0.65068472,0.31191013,0.34283525,0.41610718
-0.69746088,0.30267288999999997,0.33237542,0.40256522
-0.63275896,0.32272282,0.34688522,0.42310592
-0.65526448,0.31864263,0.34180418,0.4166303
-0.65139563,0.29326958,0.3426751,0.41141327
-0.63981641,0.29860513,0.34528804,0.41551527
-0.65714906,0.28973929,0.34138033,0.40916706
-0.7272202,0.30718652,0.32580503,0.39650869
-0.74599687,0.27703308,0.32169419,0.38486153
-0.72852029,0.30558019,0.32551952,0.39581342
-0.66088642,0.26268737,0.34054052,0.40174511
-0.6631492,0.27685068,0.34003254,0.40460867
-0.71755824,0.40951269,0.3279309,0.42359187
-0.69318424,0.31464851,0.3333251,0.40648011
-0.70100695,0.37792426,0.33158901,0.41992466
-0.71058228,0.35421013,0.32947019,0.41183805
-0.66677572,0.31990484,0.33921919,0.41414143
-0.66921308,0.32318071,0.33867307,0.41434489
-0.6106249,0.20756892,0.35191666,0.40057833
-0.57935393,0.19343153,0.35908127,0.40469928
-0.59635108,0.13638641,0.35517895,0.38699421
-0.5944948,0.17366017,0.3556042,0.39631705
-0.59556421,0.25901544,0.35535919,0.41664807
-0.64493266,0.23521594,0.34413236,0.39898005
-0.67923844,0.28492811,0.3364313,0.40268011
-0.66272225,0.30821482,0.34012836,0.41228981
-0.64736394,0.26645063,0.34358381,0.40590664
-0.66694787,0.28956608,0.3391806,0.40675853
-0.65533206,0.28422862,0.34178898,0.40827442
-0.67024116,0.38672051,0.33844284,0.42959085
-0.64413272,0.33302439,0.34431293,0.42284423
-0.64322513,0.34065362,0.34451786,0.42492898
-0.67079921,0.36697443,0.33831791,0.42462275
-0.68963667,0.3392499,0.3341139,0.41328863
-0.63703994,0.26396026,0.34591597,0.40779707
-0.66605417,0.36553491,0.33938094,0.42543055
-0.66493231,0.36826701,0.33963251,0.42637288
-0.70228154,0.36280081,0.33130658,0.41593562
-0.70891171,0.38709942,0.32983936,0.42023414
-0.71474818,0.34041812,0.32855052,0.40749514
-0.70235788,0.40252122,0.33128966,0.42559741
-0.6727831,0.22492702,0.33787394,0.38987062
-0.64311805,0.35856515,0.34454204,0.42933793
-0.64243173,0.30344665,0.34469705,0.41605604
-0.64991758,0.23055382,0.34300811,0.39666901
-0.64004388,0.31916053,0.34523662,0.42046048
-0.65887049,0.3411154,0.34099339,0.42122295
-0.6469617,0.24122751,0.34367454,0.39993542
-0.66183956,0.29034736,0.3403265,0.4081805
-0.6885415,0.28886555,0.3343576,0.4013902
-0.72069522,0.33720508,0.32723991,0.40528539
-0.65785533,0.22456243,0.34122155,0.39334029
-0.65833646,0.2271246,0.3411134,0.39383699
-0.61529139,0.24369478,0.35085311,0.40815528
-0.57310987,0.19150004,0.36051955,0.40573868
-0.6887568,0.317699,0.33430969,0.40828544
-0.64408928,0.25460607,0.34432274,0.40384171
-0.59170874,0.14870836,0.35624289,0.39102627
-0.58772734,0.23734651,0.35715648,0.41329007
-0.62170428,0.21878185,0.34939394,0.4006104
-0.61521916,0.26368947,0.35086956,0.41301152
-0.61747125,0.27079408,0.35035679,0.41418843
-0.65279609,0.27808836,0.34235972,0.40740396
-0.70217627,0.29486579,0.3313299,0.39955719
-0.67862185,0.3743815,0.33656896,0.42452122
-0.71249835,0.34412532,0.32904703,0.40893421
-0.67024506,0.27925857,0.33844197,0.40347985
-0.65210698,0.25573255,0.34251489,0.40218373
-0.71726043,0.39071695,0.32799654,0.41908189
-0.65868053,0.28889267,0.34103607,0.40859228
-0.69677647,0.36832205,0.33252731,0.41861673
-0.69123145,0.32909678,0.33375919,0.41044292
-0.66529845,0.33602762,0.33955039,0.41841805
-0.70994352,0.31315198,0.32961132,0.40208345
-0.64039977,0.34864853,0.34515618,0.42757519
-0.57694108,0.25693914,0.35963675,0.42067527
-0.66802802,0.2691562,0.33893854,0.40158343
-0.66470079,0.35346387,0.33968444,0.42281285
-0.63837204,0.31118258,0.34561464,0.41892463
-0.68134659,0.27971347,0.33596082,0.40092003
-0.68540367,0.28389826,0.33505633,0.4009507
-0.63564535,0.25688806,0.34623158,0.40642666
-0.56937543,0.23615398,0.36138095,0.417457
-0.79984853,0.42952075,0.31005792,0.40846182
-0.58423864,0.19819129,0.35795787,0.40466918
-0.66288479,0.31630113,0.34009188,0.41421112
-0.63910597,0.27406271,0.34544866,0.40973929
-0.63524534,0.20286786,0.34632213,0.39355875
-0.73749465,0.38103857,0.32355224,0.41181772
-0.73205499,0.42964316,0.32474394,0.424968
-0.6785762,0.30999702,0.33657915,0.40888439
-0.59047596,0.24327342,0.35652566,0.41406096
-0.70775078,0.42915159,0.33009602,0.43079724
-0.71132625,0.31468791,0.32930585,0.40212028
-0.70428738,0.31595747,0.33086235,0.40411941
-0.68245501,0.35602858,0.33571359,0.41911038
-0.67997964,0.36105173,0.33626585,0.42093705
-0.63040372,0.25861986,0.347419,0.40811005
-0.68982328,0.31118785,0.33407239,0.40645606
-0.66842899,0.33689667,0.3388487,0.41786783
-0.6356905,0.25327921,0.34622136,0.40554546
-0.63579674,0.28392602,0.34619731,0.41292885
-0.673195,0.34495797,0.3377818,0.41866964
-0.6762755,0.30751298,0.33709308,0.40884007
-0.74893179,0.3716504,0.3210541,0.40678276
-0.72792744,0.3990892,0.3256497,0.41852332
-0.67278479,0.30782969,0.33787356,0.40976061
-0.6396861,0.28641673,0.3453175,0.41258983
-0.71675395,0.36305463,0.32810818,0.41248563
-0.69881219000000006,0.36128385,0.33207563,0.41641
-0.68194591,0.30402477,0.33582713,0.40662839
-0.67469706,0.32158142,0.33744589,0.41262709
-0.67865217,0.32824398,0.33656219,0.41328344
-0.69820201,0.33594476,0.33221099,0.41041326
-0.69366309,0.34445551,0.3332187,0.4135746
-0.72063896,0.36401565,0.32725229,0.41177721
-0.64136323,0.31947959,0.34493844,0.42021676
-0.65574813,0.29012964,0.34169538,0.40960017
-0.62391918,0.26032164,0.34889062,0.41008898
-0.63075859,0.26239052,0.34733855,0.40893541
-0.64811284,0.29132956,0.34341493,0.41173847
-0.68415322,0.33670707,0.33533498,0.41400186
-0.65542975,0.3099997,0.341767,0.41449106
-0.65689646,0.29973347,0.34143712,0.4116465
-0.72381007,0.33121145,0.32655453,0.40309189
-0.62821753,0.32074172,0.34791482,0.42373098
-0.71533088,0.30425608,0.32842198,0.39865443
-0.71725119,0.31429249,0.32799858,0.40060169
-0.71179308,0.3119516,0.32920276,0.40135043
-0.62001948,0.31746697,0.34977702,0.42493362
-0.68819027,0.27208261,0.33443578,0.39744853
-0.6548165,0.29069299,0.34190497,0.40996175
-0.63803508,0.2661126,0.34569085,0.40807656
-0.58638497,0.26794754,0.35746474,0.4210566
-0.71935629,0.41037043,0.32753475,0.4233623
-0.67942322,0.40626528,0.33639005,0.43213199
-0.71897736,0.2992206,0.32761822,0.39657496
-0.71872828,0.31298872,0.32767309,0.39993413
-0.70175827,0.37568785,0.33142251,0.41919706
-0.73201242,0.33700245,0.32475327,0.40251184
-0.7010179,0.38108838,0.33158658,0.42069292
-0.62604106,0.24041981,0.34840876,0.40477184
-0.60518999,0.25339839,0.35315721,0.41294803
-0.67646292,0.38034063,0.3370512,0.4265057
-0.65720381,0.23625323,0.34136802,0.39628931
-0.63649068,0.2701478,0.34604026,0.409425
-0.6341873,0.23670878,0.34656169,0.4019183
-0.63628261,0.29275933,0.34608734,0.41495389
-0.63628261,0.29275933,0.34608734,0.41495389
-0.6340023,0.27068549,0.34660358,0.4101569
-0.64354821,0.29257208,0.3444449,0.41314573
-0.63452961,0.3542722,0.34648417,0.43039067
-0.69629405,0.29263664,0.3326344,0.40043393
-0.61117591,0.2615707,0.351791,0.41347816
-0.72108058,0.3630747,0.32715508,0.41144237
-0.75868057,0.43050634,0.3189328,0.41868493
-0.67061546,0.23734758,0.33835904,0.39334626
-0.66978495,0.25031911,0.33854499,0.39664458
-0.67868347,0.26481163,0.3365552,0.39798409
-0.67550283,0.26892536,0.33726576,0.39973306
-0.63380843,0.26066264,0.34664749,0.40778111
-0.63069317,0.26234557,0.34735338,0.40894036
-0.70859956,0.34497713,0.32990836,0.41008296
-0.69365796,0.37816662,0.33321984,0.42177493
-0.72473988,0.33256268,0.32635008,0.40319329
-0.61600869,0.1922773,0.35068976,0.39562421
-0.56857382,0.2437241,0.36156597,0.41949429
-0.56313785,0.25740725,0.36282173,0.42415719
-0.59418847,0.31023875,0.3556744,0.42948572
-0.65040052,0.26640453,0.34289929,0.40516348
-0.6408731,0.22196577,0.3450492,0.39677825
-0.59452471,0.23611127,0.35559735,0.41134368
-0.59124558,0.23827844,0.35634911,0.41266308
-0.61965094,0.23347812,0.34986084,0.40463896
-0.69281108,0.33655458,0.33340803,0.41186606
-0.69840457,0.37460111,0.33216605,0.4197491
-0.68954657,0.29714436,0.33413395,0.40313915
-0.6385598,0.33802748,0.34557217,0.42542736
-0.74207292,0.35297904,0.32255102,0.40393545
-0.73442741,0.35058852,0.32422392,0.40520134
-0.73442741,0.35058852,0.32422392,0.40520134
-0.7481892,0.3313543,0.32121599,0.39727438
-0.67915009,0.30894176,0.33645102,0.40849068
-0.6803229,0.32852318,0.33618924,0.41294606
-0.71439558,0.35860778,0.32862831,0.4119796
-0.71542731,0.34477357,0.32840071,0.40838307
-0.73203987,0.45920157,0.32474725,0.43221043
-0.75251508,0.36064343,0.32027352,0.40326682
-0.7256718,0.36598958,0.32614524,0.41103649
-0.68082273,0.38352966,0.3360777,0.42621935
-0.70361503,0.36149565,0.33101122,0.41529475
-0.72504306,0.40076672,0.32628344,0.41963393
-0.71807888,0.41170947,0.32781617,0.42400117
-0.69208939,0.33383639,0.33356844,0.41138253
-0.66547599,0.2844413,0.33951058,0.40587737
-0.64186838,0.27209613,0.34482431,0.40859606
-0.64239154,0.28800677,0.34470613,0.41231953
-0.64728587,0.29592674,0.34360142,0.41305287
-0.64495716,0.32834759,0.34412683,0.42150224
-0.65859507,0.27903016,0.34105528,0.40623184
-0.63410468,0.31535853,0.3465804,0.42098135
-0.64161109,0.34145187,0.34488244,0.42551856
-0.73134892,0.35206306,0.32489879,0.40629915
-0.62408559,0.20007322,0.34885282,0.39555703
-0.67134653,0.37512189,0.3381954,0.42648066
-0.63474215,0.21419128,0.34643605,0.39638494
-0.59757051,0.2466277,0.35489972,0.41315381
-0.69900624,0.3167152,0.33203259,0.40557445
-0.68882955,0.28632837,0.3342935,0.40071155
-0.65454316,0.26307305,0.34196648,0.40336345
-0.68429809,0.36693929,0.33530269,0.42131956
-0.63459946,0.21180423,0.34646836,0.39584807
-0.61182683,0.24383689,0.35164259,0.40902681
-0.6606788,0.2196474,0.34058715,0.39149523
-0.64857586,0.36893086,0.34331054,0.43054081
-0.67348069,0.34682041,0.33771789,0.41905345
-0.64369728,0.25722635,0.34441124,0.40456714
-0.71146155,0.30322961,0.32927597,0.39933615
-0.71753671,0.46775806,0.32793565,0.43787798
-0.62801497,0.30007266,0.34796077,0.41874137
-0.67616386,0.32084871,0.33711803,0.41209411
-0.7291421,0.41541396,0.32538302,0.422205
-0.62090764,0.19640117,0.34957505,0.3954389
-0.57117667,0.19186889,0.36096536,0.40629386
-0.66865028,0.2886617,0.33879913,0.40612965
-0.61923779,0.26600078,0.34995482,0.41259767
-0.63283164,0.25618053,0.34686875,0.40693486
-0.62266154,0.2484899,0.34917637,0.40753339
-0.60704797,0.26400292,0.35273289,0.41506999
-0.70954086,0.3637685,0.3297003,0.41440799
-0.69920432,0.37429329,0.33198866,0.41947936
-0.75258998,0.32226401,0.32025722,0.3940485
-0.74260596,0.35825138,0.32243456,0.40507706
-0.63837064,0.2423259,0.34561495,0.402263
-0.60584369,0.32315898,0.35300789,0.42979571
-0.76751713,0.34576494,0.31701644,0.39609754
-0.63046525,0.19269175,0.34740505,0.39227163
-0.57057442,0.27892169,0.36110429,0.4275993
-0.58833833,0.26129714,0.35701621,0.41896072
-0.60036979,0.18394585,0.3542591,0.39737279
-0.58062378,0.15423308,0.35878907,0.39498853
-0.53090979,0.14819704,0.37030472,0.40547278
-0.63864423,0.2391788,0.34555308,0.40144078
-0.68102084,0.34372072,0.3360335,0.41646546
-0.69381208,0.33182227,0.33318559,0.41047798
-0.68819423,0.34113153,0.3344349,0.41409489
-0.71643297,0.36570604,0.32817895,0.41320616
-0.67801224,0.28609264,0.33670509,0.40325528
-0.66224112,0.37943268,0.34023636,0.42976539
-0.67740497,0.2664004,0.33684073,0.39867127
-0.68692576,0.26132008,0.3347173,0.39517614
-0.63997785,0.29541491,0.34525155,0.41470151
-0.67048791,0.31548247,0.3383876,0.41216914
-0.63735447,0.30669257,0.34584481,0.41807958
-0.7162942,0.35421705,0.32820955,0.41045684
-0.72898942,0.32589907,0.32541653,0.40057008
-0.67865693,0.35756012,0.33656113,0.42040847
-0.66625744,0.35909511,0.33933537,0.42380753
-0.63801829,0.24596152,0.34569464,0.40322227
-0.56367275,0.20059762,0.36269808,0.41021537
-0.58834884,0.14558573,0.3570138,0.39108277
-0.56134627,0.23795531,0.36323602,0.41984957
-0.65477616,0.23496681,0.34191405,0.39656237
-0.61279862,0.28090606,0.35142106,0.41778021
-0.65327057,0.3171998,0.3422529,0.41676425
-0.68089221,0.28511307,0.3360622,0.40232687
-0.59745807,0.27962069,0.35492546,0.42120288
-0.61782538,0.20948903,0.3502762,0.3993111
-0.67081982,0.3437228,0.33831329,0.41894713
-0.66845489,0.32630771,0.3388429,0.415288
-0.63919832,0.304654,0.34542778,0.41713533
-0.6862837,0.35919352,0.33486029,0.4189488
-0.67453767,0.27476248,0.33748153,0.40136635
-0.57510755,0.30897344,0.36005912,0.43385641
-0.62747604,0.27669522,0.34808306,0.41319309
-0.65316705,0.28274017,0.3422762,0.40843788
-0.69243932,0.31604523,0.33349065,0.40699689
-0.68155692,0.38607219,0.3359139,0.42666165
-0.66777518,0.26861561,0.33899519,0.40151428
-0.61981025,0.30808329,0.34982461,0.42269326
-0.64620919,0.24100946,0.3438443,0.40006369
-0.64845262,0.29573354,0.34333832,0.41272321
-0.67403334,0.3011356,0.3375943,0.40784101
-0.69146403,0.32208238,0.33370747,0.40869044
-0.61347697,0.29800919,0.35126646,0.42178068
-0.68679262,0.32418703,0.33474695,0.41032897
-0.67606505,0.30472961,0.33714011,0.40821837
-0.63545579,0.28470445,0.34627449,0.41320023
-0.61215542,0.25256873,0.35156767,0.41105962
-0.62856394,0.28743871,0.34783623,0.41553617
-0.59744047,0.27743704,0.35492949,0.42067491
-0.62969919,0.22015273,0.34757875,0.39902088
-0.62081239,0.28731526,0.34959671,0.41738996
-0.61943026,0.202992,0.34991104,0.39736936
-0.73846945,0.39419204,0.32333892,0.41477082
-0.73593534,0.374645,0.32389361,0.41064725
-0.70038935,0.39490186,0.33172591,0.42421657
-0.71525195,0.37770942,0.32843939,0.41640655
-0.71426866,0.37207204,0.32865631,0.41527599
-0.70864414,0.37843924,0.3298985,0.41819077
-0.61196308,0.26302503,0.35161152,0.41363996
-0.61783652,0.27264843,0.35027366,0.41454978
-0.6580789,0.31171547,0.34117129,0.41426456
-0.73975861,0.26093382,0.32305693,0.38252967
-0.72453022,0.29467164,0.32639618,0.3941601
-0.72843764,0.3495538,0.32553767,0.40639613
-0.60978157,0.20206814,0.35210903,0.39946052
-0.62671011,0.24940304,0.34825689,0.40677656
-0.61342019,0.21420774,0.3512794,0.40150157
-0.61010648,0.21913073,0.35203491,0.40348243
-0.73900215,0.35219702,0.32322238,0.40448664
-0.68943596,0.37141037,0.33415856,0.421157
-0.69508201,0.41138773,0.33290351,0.42954831
-0.71837498,0.35099853,0.32775092,0.40917512
-0.69717529,0.38702054,0.3324388,0.42307696
-0.66590257,0.29347368,0.33941493,0.40795425
-0.65695628,0.30142171,0.34142367,0.41204095
-0.66248506,0.2994077,0.3401816,0.41021483
-0.66480548,0.29411745,0.33966095,0.40837478
-0.66895936,0.29659233,0.3387299,0.40796919
-0.66173837,0.30567978,0.34034922,0.411914
-0.64714546,0.33105878,0.34363309,0.42162975
-0.64116991,0.32637993,0.34498213,0.42194599
-0.69214034,0.2885118,0.33355711,0.40044086
-0.67910692,0.28791915,0.33646066,0.4034314
-0.66312931,0.30850015,0.34003701,0.41226031
-0.69024202,0.33606281,0.33397924,0.41236934
-0.65819328,0.3462331,0.34114558,0.42263635
-0.69716395,0.27857192,0.33244132,0.39685371
-0.66551557,0.32710458,0.33950171,0.41619552
-0.64733438,0.30404763,0.34359048,0.41501131
-0.69836556,0.38373566,0.3321747,0.42198504
-0.57223221,0.14462503,0.36072191,0.39469786
-0.54916793,0.19061052,0.36605748,0.41130882
-0.56819493,0.17687588,0.36165344,0.40339981
-0.75596717,0.43784188,0.31952248,0.4211327
-0.72258612,0.35477328,0.32682376,0.40906962
-0.69515911,0.33670677,0.33288639,0.41133426
-0.67796771,0.3385896,0.33671504,0.41596055
-0.66639192,0.25914789,0.33930522,0.39957314
-0.67297767,0.2480807,0.33783041,0.39534555
-0.6793,0.21751693,0.33641755,0.38656291
-0.68604919,0.1777235,0.33491253,0.37558611
-0.65353002,0.31300909,0.3421945,0.41568294
-0.65622906,0.28700084,0.34158721,0.40872753
-0.64044295,0.35374856,0.34514642,0.42881333
-0.61367701,0.3742385,0.35122088,0.44042473
-0.63261974,0.35325289,0.34691676,0.43060901
-0.66682159,0.36444845,0.33920891,0.42497745
-0.63517828,0.38202524,0.34633731,0.43704758
-0.65144523,0.35646851,0.34266393,0.42678592
-0.65144523,0.35646851,0.34266393,0.42678592
-0.64791988,0.3309616,0.34345844,0.42141722
-0.6635775,0.30779901,0.33993643,0.41198186
-0.6502185,0.26174491,0.3429403,0.40408481
-0.62781966,0.200889,0.34800509,0.3948595
-0.62942857,0.20198886,0.34764012,0.39473787
-0.57075165,0.19075044,0.3610634,0.40612661
-0.56207837,0.19104117,0.3630667,0.40829042
-0.56004309,0.20598547,0.36353749,0.41239881
-0.63911251,0.23673535,0.34544718,0.40074134
-0.70535688,0.337497,0.33062561,0.40905825
-0.64434738,0.33706236,0.34426447,0.42377757
-0.6468893,0.32502673,0.34369087,0.42022189
-0.64268083,0.22604859,0.34464079,0.39732291
-0.63967888,0.21484817,0.34531913,0.39536138
-0.59664147,0.27223791,0.35511245,0.41960295
-0.64588512,0.26796332,0.34391741,0.40662823
-0.59099253,0.20733216,0.35640715,0.40524436
-0.6797174,0.31866694,0.33632438,0.4107053
-0.62355032,0.24299815,0.34897442,0.40599373
-0.67199735,0.30301739,0.33804974,0.40878752
-0.65642844,0.33208775,0.34154237,0.41961825
-0.61117682,0.28120309,0.3517908,0.41824701
-0.63993621,0.20877472,0.34526096,0.39384901
-0.63993621,0.20877472,0.34526096,0.39384901
-0.65872516,0.34192064,0.34102605,0.42145471
-0.66397639,0.30824009,0.33984694,0.41199208
-0.6921634,0.31258261,0.33355199,0.40622801
-0.72190971,0.35032371,0.32697259,0.40815784
-0.69155599,0.36132394,0.33368702,0.41818416
-0.69374938,0.30318313,0.33319952,0.40358099
-0.68906401,0.33779806,0.33424132,0.41307547
-0.6440731,0.27840761,0.34432639,0.40958881
-0.67652434,0.3347062,0.33703748,0.4153679
-0.70196257,0.29041799,0.33137725,0.39854182
-0.69059863,0.33813644,0.33389992,0.41278547
-0.70111867,0.3170733,0.33156425,0.40515157
-0.62940157,0.27165719,0.34764624,0.4115057
-0.6175597,0.23590186,0.35033666,0.40572711
-0.63282008,0.26562305,0.34687137,0.40921849
-0.69388773,0.35768195,0.33316879,0.41673143
-0.7045352,0.34134407,0.33080748,0.4101873
-0.74882171,0.41062287,0.3210781,0.41624707
-0.70277618,0.36911797,0.331197,0.41735079
-0.65538627,0.25270591,0.34177678,0.40066853
-0.61897593,0.2918287,0.3500144,0.41893491
-0.62592178,0.252066,0.34843584,0.40760966
-0.71521363,0.36362636,0.32844784,0.41299756
-0.72056576,0.41139301,0.32726841,0.42331667
-0.69167222,0.29686127,0.33366118,0.4025597
-0.59131772,0.24870404,0.35633257,0.41517472
-0.59933127,0.16373412,0.3544967,0.39279058
-0.59657678,0.16306318,0.35512726,0.39328763
-0.5641239,0.220503,0.36259381,0.41493019
-0.57454659,0.24128846,0.36018839,0.41744808
-0.61189879,0.18697324,0.35162618,0.39533871
-0.61957153,0.19431181,0.34987891,0.39525883
-0.59681482,0.2554489,0.35507275,0.41547772
-0.69917838,0.32094911,0.33199442,0.40655405
-0.68121108,0.3067187,0.33599106,0.40745595
-0.65166932,0.32086244,0.34261346,0.41804431
-0.64560289,0.30623025,0.3439811,0.41596188
-0.62209948,0.29147977,0.34930411,0.41808984
-0.66299183,0.24149195,0.34006786,0.3961579
-0.66714527,0.27967707,0.33913636,0.40432693
-0.6515666,0.31914699,0.34263659,0.41765201
-0.67687579,0.32432265,0.33695895,0.41276343
-0.67449772,0.29873519,0.33749046,0.40714933
-0.70175481,0.30705394,0.33142328,0.40258618
-0.69854128,0.31811379,0.33213572,0.4060238
-0.72222373,0.32323153,0.32690349,0.4015545
-0.7271007,0.35660264,0.32583128,0.40842068
-0.68646011,0.33155066,0.334821,0.4121924
-0.68646011,0.33155066,0.334821,0.4121924
-0.61185693,0.24825904,0.35163572,0.4100889
-0.6149745,0.23728606,0.35092528,0.40668454
-0.62070912,0.25979705,0.34962019,0.4107388
-0.66865888,0.30115432,0.3387972,0.40914414
-0.66390656,0.2366696,0.3398626,0.39478631
-0.66154219,0.26107748,0.34039327,0.40120069
-0.62375059,0.29302387,0.34892892,0.41806381
-0.76302011,0.39341677,0.31799093,0.40863687
-0.73918877,0.35010888,0.32318156,0.40393882
-0.67633233,0.35469272,0.33708038,0.42027621
-0.69055909,0.29297289,0.33390871,0.40189242
-0.66049182,0.29472246,0.34062914,0.40956369
-0.64675763,0.28589315,0.34372057,0.41075032
-0.66478812,0.33291044,0.33966485,0.41778382
-0.7155563,0.35257569,0.32837227,0.41023823
-0.70055105,0.31188959,0.33169007,0.40403957
-0.7707901,0.47562402,0.31630822,0.4267396
-0.75110639,0.40277921,0.32058027,0.41378813
-0.78834102,0.46668612,0.312525,0.42027249
-0.64211534,0.2737289,0.34476852,0.40893097
-0.64211534,0.2737289,0.34476852,0.40893097
-0.68417903,0.34684992,0.33532922,0.41645841
-0.65814862,0.27630324,0.34115562,0.40568189
-0.66254655,0.32554479,0.3401678,0.41653797
-0.62777877,0.26707068,0.34801436,0.41078817
-0.67432605,0.2693707,0.33752884,0.40012235
-0.70813976,0.36196534,0.33001002,0.41431042
-0.68889684,0.36517249,0.33427852,0.41976836
-0.65998573,0.37437392,0.34074282,0.42907851
-0.65874887,0.36841063,0.34102072,0.42792106
-0.62280685,0.24375129,0.34914335,0.4063547
-0.65190813,0.28656728,0.34255967,0.40966731
-0.72225165,0.42462948,0.32689735,0.42613887
-0.7306567,0.43300253,0.32505064,0.42613104
-0.74651814,0.46136323,0.32158045,0.42919044
-0.66650129,0.26918941,0.3392807,0.40195836
-0.73341096,0.4471068,0.32444666,0.42890891
-0.70165282,0.31838259,0.33144588,0.4053384
-0.63464769,0.31498833,0.34645744,0.42075877
-0.65004616,0.35461764,0.34297913,0.4266754
-0.71908569,0.30476318,0.32759435,0.39787612
-0.68230538,0.32809321,0.33574696,0.41236136
-0.70452963,0.3782255,0.33080872,0.41914016
-0.69082689,0.3502407,0.33384915,0.41566709
-0.72216432,0.38107044,0.32691656,0.41554378
-0.72715036,0.32061955,0.32582037,0.39974426
-0.72776102,0.31592261,0.32568625,0.39847139
-0.67853676,0.26953452,0.33658796,0.39915139
-0.68537271,0.24345159,0.33506323,0.3912833
-0.64987186,0.33920728,0.34301841,0.42295253
-0.74341517,0.33564043,0.32225779,0.39944582
-0.6918052,0.39564325,0.33363162,0.42649599
-0.6654673,0.36234565,0.33951253,0.42479455
-0.66566787,0.35907127,0.33946755,0.42394569
-0.69824681,0.31802085,0.33220105,0.4060724
-0.59441279,0.23939185,0.355623,0.41216539
-0.58290753,0.2374896,0.35826385,0.414494
-0.58995466,0.22043124,0.35664526,0.40865619
-0.62925747,0.26724245,0.34767892,0.41047187
-0.68199331,0.33468132,0.33581656,0.41403441
-0.70423771,0.32724501,0.33087334,0.40685242
-0.60069759,0.25842677,0.35418411,0.41525797
-0.61363469,0.25390925,0.35123052,0.41102603
-0.58796154,0.16107281,0.35710271,0.39486952
-0.66733233,0.34624144,0.33909443,0.42040991
-0.71277063,0.36217171,0.32898692,0.41323719
-0.61996545,0.24173557,0.34978931,0.4065539
-0.65474458,0.2907504,0.34192115,0.40999303
-0.69222081,0.32986255,0.33353922,0.41038882
-0.69730785,0.37552718,0.33240938,0.42024185
-0.72312733,0.34829419,0.3267047,0.40737368
-0.74596833,0.4584772,0.32170042,0.42861819
-0.69993213,0.37689991,0.33182728,0.41993695
-0.71898395,0.34029565,0.32761676,0.4064433
-0.66398056,0.35211651,0.339846,0.42265981
-0.64643473,0.36307804,0.34379341,0.42963103
-0.62744034,0.42065841,0.34809116,0.44848794
-0.74898695,0.31667317,0.32104208,0.39357396
-0.70121383,0.321696,0.33154316,0.4062432
-0.66211972,0.30926553,0.34026361,0.41269046
-0.62483728,0.30322076,0.34868209,0.42028184
-0.6462059,0.26588776,0.34384504,0.40605017
-0.66508835,0.27452094,0.33959751,0.40358071
-0.64729966,0.29967095,0.34359831,0.41395757
-0.70297524,0.34338212,0.33115291,0.41105806
-0.73577165,0.42970193,0.32392946,0.42407436
-0.74157949,0.41186312,0.32265885,0.41830964
-0.71154706,0.3779948,0.32925709,0.41737655
-0.64875447,0.29911286,0.34327027,0.41346933
-0.66039205,0.33901041,0.34065155,0.42033907
-0.65935557,0.35543623,0.34088439,0.42459965
-0.70354427,0.31028514,0.33102689,0.40293298
-0.67396247,0.38298005,0.33761015,0.42776337
-0.6810846,0.3666941,0.33601927,0.42204343
-0.71758605,0.35268571,0.32792477,0.40977385
-0.65527979,0.32905739,0.34180074,0.41916006
-0.66624694,0.29454648,0.33933772,0.40813019
-0.69009734,0.34116238,0.33401142,0.41364071
-0.70027218,0.2866617,0.33175188,0.39804671
-0.6772321,0.32642376,0.33687935,0.41318641
-0.70739107,0.32912152,0.33017557,0.40654433
-0.70227189,0.37142692,0.33130871,0.41803504
-0.71726935,0.29350586,0.32799457,0.39561653
-0.63605567,0.34724405,0.3461387,0.42829483
-0.68496282,0.33979561,0.33515455,0.41455485
-0.63190514,0.27924326,0.34707868,0.41273707
-0.63284199,0.28906257,0.34686641,0.4148917
-0.71903838,0.37319832,0.32760477,0.41439156
-0.7209379,0.38679205,0.32718648,0.41723222
-0.71845164,0.36762754,0.32773403,0.41318259
-0.72695736,0.36452991,0.32586277,0.41037208
-0.72500404,0.38425186,0.32629201,0.41562677
-0.72224861,0.39033147,0.32689802,0.41777423
-0.69046801,0.34754269,0.33392897,0.41509906
-0.6804143,0.32676527,0.33616884,0.41249782
-0.6742125,0.25271608,0.33755423,0.39615873
-0.6782955,0.39796972,0.33664184,0.43037391
-0.72997249,0.38346613,0.32520076,0.41422988
-0.66868886,0.31862749,0.33879049,0.41336754
-0.66433266,0.36403865,0.33976701,0.42548561
-0.6464286,0.34307821,0.34379479,0.42473866
-0.63665888,0.37560889,0.34600219,0.43510562
-0.638806,0.31299195,0.34551649,0.41925948
-0.63664681,0.31784189,0.34600492,0.42096702
-0.68068959,0.28390764,0.33610741,0.40208576
-0.63675683,0.27550122,0.34598003,0.41065565
-0.6421504,0.3062636,0.3447606,0.41680897
-0.71002992,0.32744225,0.32959223,0.40550293
-0.64266414,0.32787121,0.34464456,0.42194527
-0.73251482,0.34756352,0.32464311,0.40493326
-0.60884636,0.26495965,0.3523224,0.41486566
-0.65438539,0.284046,0.34200198,0.40845902
-0.67396938,0.27406599,0.3376086,0.40133555
-0.67790189,0.33783702,0.33672974,0.41579372
-0.68748744,0.32068312,0.33459224,0.40931343
-0.70449574,0.39645287,0.33081622,0.42359252
-0.72093547,0.34160499,0.32718702,0.40628839
-0.71197794,0.3100916,0.32916194,0.40085921
-0.71197794,0.3100916,0.32916194,0.40085921
-0.66225511,0.39540531,0.34023322,0.43368063
-0.67581129,0.27112328,0.33719682,0.40018652
-0.6631616,0.33951353,0.34002976,0.41978694
-0.65387291,0.26220192,0.34211732,0.40331511
-0.65534545,0.26073628,0.34178597,0.40260823
-0.62720105,0.2372742,0.34814546,0.40373491
-0.57952698,0.18221066,0.35904144,0.40195729
-0.60423247,0.24481005,0.35337597,0.41109939
-0.59433956,0.25930183,0.35563978,0.41701537
-0.63320144,0.28413186,0.34678498,0.41360806
-0.63320144,0.28413186,0.34678498,0.41360806
-0.69577012,0.34934207,0.33275071,0.41424888
-0.69933369,0.36861017,0.33195997,0.41806459
-0.70372047,0.35040129,0.33098787,0.41257776
-0.70271718,0.36997473,0.33121007,0.41757349
-0.71675154,0.3772267,0.32810872,0.4159249
-0.7601302,0.36885306,0.318618,0.40340989
-0.78238359,0.38992485,0.3138064,0.40312555
-0.63696075,0.35980098,0.34593389,0.43115023
-0.64248109,0.31621963,0.3446859,0.41915054
-0.63475647,0.3165589,0.34643281,0.42111508
-0.70895664,0.31794586,0.32982943,0.403474
-0.70626986,0.35998927,0.33042359,0.41428466
-0.70652915,0.36570131,0.33036622,0.4156084
-0.69903351,0.34307309,0.33202655,0.41193778
-0.63685999,0.2050386,0.34595669,0.39369148
-0.72013723,0.44913686,0.32736276,0.43266152
-0.71969326,0.45016796,0.32746053,0.43302364
-0.65782404,0.22641214,0.34122858,0.39378923
-0.68149109,0.28263694,0.33592859,0.40158767
-0.633601,0.28456784,0.34669447,0.4136169
-0.66299001,0.33474853,0.34006827,0.41866856
-0.702023,0.35983162,0.33136386,0.41527726
-0.68857872,0.32696631,0.33434932,0.4105693
-0.72465478,0.34957021,0.32636879,0.40731299
-0.72781512,0.347724,0.32567437,0.40610492
-0.62911273,0.31698272,0.34771175,0.42259491
-0.67172611,0.34098891,0.33811044,0.41806126
-0.72399417,0.38437166,0.32651405,0.41590118
-0.67555006,0.3166709,0.33725521,0.41123092
-0.6922942,0.33720288,0.33352291,0.41214834
-0.73371874,0.42499549,0.32437921,0.42342641
-0.72786366,0.37063098,0.32566371,0.41162962
-0.70224078,0.3552702,0.33131561,0.41411724
-0.74573524,0.43346447,0.32175128,0.42256057
-0.72000063,0.41593672,0.32739284,0.42456433
-0.67496404,0.41691987,0.3373862,0.43584455
-0.65320927,0.31046246,0.3422667,0.4151424
-0.70709017,0.35440377,0.33024212,0.41273113
-0.7049947,0.35977257,0.33070577,0.41454152
-0.73249915,0.40583389,0.32464655,0.41905224
-0.71526747,0.38219235,0.32843597,0.41749259
-0.6162707,0.22314577,0.3506301,0.40296526
-0.64203199,0.28534866,0.34478735,0.41176267
-0.69989168,0.33655358,0.33183624,0.41015175
-0.69824221,0.37093828,0.33220207,0.41889676
-0.7410222,0.38606562,0.32278066,0.41218098
-0.69916561,0.32893904,0.33199725,0.40848628
-0.65411713,0.36275992,0.34206235,0.42767163
-0.64544847,0.32589643,0.34401595,0.42078492
-0.6875832,0.3374878,0.33457092,0.41335929
-0.70216334,0.33972078,0.33133276,0.41036842
-0.71445514,0.29561708,0.32861516,0.39679482
-0.71342484,0.37681936,0.32884252,0.41663428
-0.620158,0.28789949,0.34974552,0.41769119
-0.68061494,0.3454956,0.33612407,0.41699553
-0.69404049,0.37445499,0.33313485,0.42077677
-0.70787259,0.36820658,0.33006909,0.41589061
-0.69973443,0.3050149,0.33187111,0.40258169
-0.72023428,0.2804887,0.32734139,0.39180159
-0.7055658,0.27523464,0.33057938,0.39404726
-0.70182639,0.35385348,0.33140742,0.41387407
-0.67429867,0.33185844,0.33753497,0.41521684
-0.6156996,0.22661183,0.35076014,0.40393692
-0.70314669,0.3719404,0.33111493,0.41794714
-0.63855955,0.25984607,0.34557223,0.40643723
-0.65226436,0.28108323,0.34247945,0.40825565
-0.62569334,0.209492,0.3484877,0.39742609
-0.55522859,0.2398779,0.36465219,0.42180923
-0.57190132,0.22313381,0.36079822,0.41368133
-0.57190132,0.22313381,0.36079822,0.41368133
-0.66938844,0.20514623,0.33863379,0.38597994
-0.67067732,0.244376,0.33834519,0.39500989
-0.67864973,0.37840119,0.33656273,0.42549673
-0.67813473,0.26220287,0.33667774,0.39749063
-0.63805316,0.28144567,0.34568676,0.41178104
-0.65708773,0.3505057,0.34139412,0.42394924
-0.65078906,0.26909666,0.34281175,0.40571878
-0.66071347,0.32504409,0.34057936,0.41686182
-0.63188278,0.28429271,0.34708375,0.41396694
-0.69246411,0.33503901,0.33348514,0.41158302
-0.70460867,0.37633863,0.33079122,0.41866161
-0.73862236,0.38868549,0.32330547,0.41339773
-0.74902932,0.37330427,0.32103284,0.40715838
-0.67976157,0.34466982,0.33631452,0.41700224
-0.68314262,0.27430551,0.33556026,0.39919099
-0.68989117,0.37824099,0.33405728,0.422712
-0.65739958,0.34431063,0.341324,0.42236094
-0.57645781,0.22943622,0.35974806,0.41410486
-0.62174105,0.17232412,0.34938558,0.38949941
-0.5859957,0.2291948,0.35755415,0.4117342
-0.64721971,0.25651304,0.34361634,0.4035472
-0.62537468,0.30408089,0.34856005,0.42036048
-0.62209204,0.31742855,0.3493058,0.42441785
-0.62209204,0.31742855,0.3493058,0.42441785
-0.71564657,0.3235592,0.32835236,0.40321491
-0.67111176,0.28326894,0.33824794,0.40423671
-0.52800853,0.23776148,0.37098149,0.42794339
-0.53746088,0.23951527,0.36877844,0.42605977
-0.68951446,0.24956631,0.33414109,0.39175332
-0.68494881,0.25792801,0.33515768,0.39483796
-0.69482887,0.32717866,0.33295973,0.40910893
-0.72762585,0.38108103,0.32571593,0.41422054
-0.68577995,0.38032064,0.3349725,0.42422345
-0.71792615,0.3855921,0.32784982,0.41767282
-0.68174837,0.31036954,0.3358712,0.40820789
-0.58238029,0.25726875,0.35838506999999997,0.41943053
-0.6142831,0.3016044,0.35108279,0.42246104
-0.63141547,0.25374081,0.34718965,0.40668786
-0.65829712,0.27736081,0.34112224,0.40590109
-0.73365799,0.38843576,0.32439252,0.4145415
-0.73557227,0.3879857,0.32397312,0.41396779
-0.72291061,0.41228514,0.32675237,0.42296207
-0.74550545,0.32881024,0.32180143,0.39730783
-0.69574484,0.39214598,0.33275632,0.42467795
-0.73775739,0.34235353,0.32349474,0.40241711
-0.72110377,0.42961003,0.32714997,0.42763821
-0.65173843,0.30250953,0.34259789,0.41356942
-0.68955272,0.31816798,0.33413258,0.40820646
-0.7299694,0.40440941,0.32520144,0.41932134
-0.74761235,0.36212188,0.32134178,0.40480335
-0.75594683,0.36422232,0.3195269,0.40330223
-0.74707292,0.365248,0.32145943,0.40568682
-0.7334898,0.36418951,0.32442938,0.40871011
-0.69083094,0.41675573,0.33384825,0.43190691
-0.73499522,0.320027,0.32409952,0.39772144
-0.73499522,0.320027,0.32409952,0.39772144
-0.70223505,0.39544486,0.33131687,0.42389841
-0.69653754,0.35419427,0.33258035,0.41524038
-0.71652496,0.43097541,0.32815867,0.42909376
-0.66625469,0.34020913,0.33933598,0.41920311
-0.65721892,0.26196789,0.34136462,0.40245386
-0.66177094,0.28444957,0.34034191,0.40677311
-0.67826441,0.27925596,0.33664878,0.40155059
-0.66030873,0.39023855,0.34067026,0.43288987
-0.76070753,0.3750992,0.31849267,0.40477495
-0.75932768,0.39572491,0.31879225,0.41008772
-0.69235628,0.32144154,0.33350911,0.40832001
-0.71687614,0.2809253,0.32808125,0.39270622
-0.69110263,0.31063953,0.33378783,0.40601521
-0.68784931,0.32308357,0.33451168,0.40980641
-0.66309163,0.35085531,0.34004546,0.42256897
-0.696959,0.32753833,0.3324868,0.40868101
-0.67693193,0.31440188,0.33694641,0.41034725
-0.64606486,0.30011008,0.34387686,0.41436372
-0.60390686,0.24545402,0.35345038,0.41133414
-0.59801309,0.18114803,0.3547984,0.39726715
-0.58930015,0.24215532,0.35679545,0.41407496
-0.65319263,0.24419967,0.34227045,0.39915361
-0.61602327,0.29345331,0.35068644,0.42004956
-0.64599744,0.29805945,0.34389207,0.41388254
-0.63091861,0.33566358,0.34730227,0.42671784
-0.6054763,0.34469832,0.3530918,0.43517247
-0.67586022,0.19750204,0.33718588,0.38263989
-0.77288305,0.42156805,0.31585578,0.41306357
-0.64097686,0.30607887,0.34502575,0.41704935
-0.65684908,0.21750083,0.34144778,0.39189628
-0.68940077,0.40596313,0.33416639,0.42961119
-0.72264697,0.32275844,0.32681037,0.40133912
-0.67175069,0.38447991,0.33810494,0.42867216
-0.65893316,0.34775477,0.3409793,0.42282713
-0.741998,0.37875014,0.32256739,0.41017358
-0.71392203,0.39694999,0.32873279,0.42141386
-0.726466,0.3755009,0.32597072,0.41314841
-0.726466,0.3755009,0.32597072,0.41314841
-0.71403556,0.28392731,0.32870774,0.39410048
-0.63922947,0.30049786,0.34542074,0.41611762
-0.66441691,0.31167441,0.33974811,0.41271753
-0.62971313,0.28529343,0.34757559,0.41473628
-0.64787661,0.33499047,0.3434682,0.42241042
-0.65049979,0.28503716,0.34287692,0.40963786
-0.77420772,0.40577724,0.31556959,0.40892033
-0.65947147,0.30982658,0.34085835,0.41346854
-0.69363345,0.40062346,0.33322528,0.42726713
-0.76209481,0.38777048,0.31819163,0.40749653
-0.72868374,0.44828983,0.32548364,0.43035721
-0.7339287,0.42418045,0.32433319,0.42317619
-0.68107952,0.31537666,0.33602041,0.40957977
-0.69502758,0.38657256,0.3329156,0.4234919
-0.72956793,0.32521256,0.32528955,0.40026637
-0.70985164,0.3689458,0.32963162,0.41558946
-0.71875783,0.3742705,0.32766658,0.41471986
-0.65704544,0.25258271,0.34140362,0.4002406
-0.62168409,0.32094665,0.34939853,0.42537722
-0.64534388,0.28608865,0.34403955,0.41113986
-0.65746264,0.29629889,0.34130983,0.41067789
-0.65911333,0.26286553,0.34093882,0.40221418
-0.62297023,0.31225822,0.34910622,0.42294096
-0.644366,0.21303108,0.34426027,0.39380761
-0.59541203,0.27833009,0.35539405,0.42138706
-0.68672543,0.38333154,0.33476191,0.42472803
-0.69737247,0.39435518,0.33239504,0.42482005
-0.71054149,0.39098922,0.3294792,0.42078487
-0.70114722,0.3495051,0.33155792,0.41298427
-0.72226451,0.4432126,0.32689452,0.43068623
-0.76531208,0.35463195,0.31749407,0.39874905
-0.77741215,0.34679001,0.3148779,0.39397778
-0.77474998,0.35593158,0.31545249,0.39679953
-0.59658872,0.15849164,0.35512453,0.39219449
-0.58300511,0.16404089,0.35824141,0.39676463
-0.57115874,0.20148287,0.3609695,0.40861935
-0.57602048,0.13039583,0.35984879,0.39040155
-0.55278702,0.17605178,0.36521804,0.40691456
-0.62134852,0.22612312,0.34947481,0.40246003
-0.61675571,0.20995167,0.35051967,0.3996787
-0.61447795,0.24170291,0.35103839,0.40787064
-0.60781291,0.24054784,0.35255826,0.40920204
-0.60413118,0.24343279,0.35339911,0.41079052
-0.56344205,0.205518,0.36275141,0.41146219
-0.69207782,0.28682612,0.33357101,0.40005122
-0.70242157,0.31608182,0.33127555,0.40459874
-0.65954042,0.22390122,0.34084286,0.39278055
-0.60261776,0.29934701,0.35374502,0.42475812
-0.61722219,0.27211149,0.35041348,0.41456856
-0.6447421,0.24685813,0.34417537,0.40182084
-0.69738134,0.32131155,0.33239307,0.40707516
-0.64302514,0.32131051,0.34456302,0.42025794
-0.78267689,0.48790614,0.31374324,0.42683631
-0.78047892,0.51861449,0.31421668,0.43490544
-0.76955847,0.51071727,0.31657463,0.43564859
-0.76840339,0.52153742,0.31682459,0.43859504
-0.77680703,0.53391446,0.31500845,0.43957365
-0.76863175,0.51706476,0.31677516,0.43743785
-0.72491532,0.29106419,0.32631151,0.39320709
-0.57590589,0.28451339,0.35987519,0.427663
-0.6357044,0.19615835,0.34621821,0.39184914
-0.64618889,0.17999796,0.34384887,0.38551819
-0.6111485,0.30776835,0.35179725,0.42473138
-0.64239104,0.2136968,0.34470624,0.39443818
-0.61017473,0.21852831,0.35201934,0.40332102
-0.70251775,0.28548827,0.33125425,0.39722779
-0.6567234,0.31107806,0.34147604,0.41443881
-0.72246681,0.37854051,0.32685001,0.41485605
-0.72160844,0.3884299,0.32703889,0.41746744
-0.71512018,0.37060665,0.32846846,0.4147135
-0.60946103,0.26409645,0.35218215,0.41450695
-0.63524225,0.26558777,0.34632283,0.40862451
-0.65166248,0.28990331,0.342615,0.41053379
-0.62199484,0.29552858,0.34932789,0.41910068
-0.61505585,0.23941548000000001,0.35090675,0.40717882
-0.67761156,0.23579429,0.33679459,0.39130804
-0.67679029,0.26206612,0.33697805,0.3977799
-0.59745127,0.21926883,0.35492702,0.40656534
-0.62529545,0.24191269,0.34857804,0.40531127
-0.65403916,0.31110954,0.3420799,0.41509801
-0.66271482,0.24162769,0.34013003000000003,0.39625664
-0.64917646,0.25695526,0.34317514,0.4031827
-0.64792462,0.29669463,0.34345737,0.41308418
-0.65876895,0.29529693,0.3410162,0.41011935
-0.70794064,0.36467099,0.33005404,0.41501546
-0.70599052,0.36832556,0.33048539,0.4163768
-0.70638666,0.35499666,0.33039775,0.41304539
-0.7442974,0.38098265,0.32206514,0.41015739
-0.75002875,0.37290752,0.32081504,0.40682141
-0.73572458,0.38298619,0.32393977,0.41271853
-0.73507448,0.3491481,0.32408216,0.40469833
-0.72741444,0.42685503,0.32576237,0.42542074
-0.71345946,0.34181232,0.32883488,0.40814307
-0.68954518,0.33470245,0.33413426,0.41220857
-0.68940403,0.40682862,0.33416566,0.42982249
-0.58479392,0.27549514,0.35783026,0.42328591
-0.65239554,0.1764688,0.34244991,0.38321442
-0.58018972,0.32610633,0.35888894,0.43681869
-0.61280228,0.23254699,0.35142022,0.40606533
-0.68523446,0.32095773,0.33509403,0.40992469
-0.67795195,0.34856172,0.33671856,0.418389
-0.72704493,0.37454715,0.32584353,0.41277685
-0.6494066,0.31394495,0.34312327,0.41691232
-0.67631112,0.29282178,0.33708512,0.40528559
-0.68906406,0.28055536,0.33424131,0.39926976
-0.64535742,0.30245349,0.34403649,0.41510425
-0.63403159,0.36230431,0.34659695,0.4324831
-0.69949462,0.30247113,0.33192429,0.40202769
-0.58046995,0.23544044,0.35882447,0.41458827
-0.59935355,0.16091169,0.35449161,0.39211231
-0.62705215,0.34274588,0.34817925,0.42939836
-0.64248372,0.28798156,0.34468531,0.41229109
-0.67891742,0.27762054,0.33650297,0.40100079
-0.6580541,0.3116655,0.34117687,0.41425845
-0.63646286,0.33874213,0.34604655,0.42611476
-0.7480792,0.36187904,0.32123998,0.40463237
-0.77735833,0.42011613,0.31488951,0.41162732
-0.73157577,0.44582364,0.32484903,0.42904413
-0.76916434,0.38673821,0.3166599,0.40554188
-0.76124173,0.38971698,0.31837673,0.40817264
-0.60095141,0.15353525,0.35412606,0.38997527
-0.52729305,0.16394265,0.37114846,0.41014877
-0.71549428,0.31266784,0.32838594,0.40063345
-0.64984456,0.26822725,0.34302457,0.40573688
-0.67898361,0.27123139,0.33648819,0.39945122
-0.65597376,0.28823973,0.34164463,0.40908867
-0.65548983,0.24742198,0.34175348,0.3993755
-0.67733229,0.25938876,0.33685697,0.39700895
-0.63603902,0.28965148,0.34614247,0.41425871
-0.7046872,0.33786673,0.33077384,0.40930953
-0.62538104,0.27544035,0.34855861,0.4133968
-0.65130017,0.30344869,0.34269661,0.41390353
-0.66751074,0.27946689,0.33905445,0.40418829
-0.64582591,0.21853041,0.34393077,0.39477233
-0.65050376,0.24355939,0.34287603,0.39964503
-0.61247278,0.21398956,0.35149533,0.40167682
-0.63905259,0.28053072,0.34546073,0.41131743
-0.67067187,0.34493962,0.33834641,0.41927939
-0.65433613,0.26771958,0.34201307,0.40453206
-0.63445527,0.25898607,0.34650101,0.40722013
-0.62876347,0.2691291,0.34779097,0.41104808
-0.65203611,0.25764186,0.34253085,0.40265992
-0.59029128,0.19865442,0.35656802,0.40332332
-0.63996026,0.28211143,0.34525552,0.4114804
-0.6965697,0.28201178,0.33257321,0.39781972
-0.65568807,0.257738,0.34170889,0.40180496
-0.63850864,0.28367594,0.34558374,0.412211
-0.63954873,0.26495586,0.34534856,0.40743169
-0.57704121,0.17775189,0.3596137,0.4014831
-0.53480835,0.22487927,0.36939612,0.42313205
-0.63712198,0.2569645,0.34589741,0.40608892
-0.63079776,0.26409603,0.34732967,0.40933824
-0.68668605,0.33630864,0.33477068,0.4132909
-0.69305598,0.33211998,0.33335360000000003,0.41073301
-0.63941404,0.24986032,0.34537901,0.40382474
-0.65913211,0.31959102,0.3409346,0.41592096
-0.68599689,0.3112376,0.33492418,0.40739151
-0.68365031,0.34303209,0.33544708,0.41565931
-0.68855826,0.33460897,0.33435387,0.41242506
-0.71911985,0.41319707,0.32758683,0.42411025
-0.74231509,0.40733398,0.3224981,0.41702914
-0.61560689,0.19926537,0.35078125,0.39739252
-0.59945183,0.28019434,0.35446912,0.42085671
-0.69172916,0.28826728,0.33364852,0.40048087
-0.667311,0.33602049,0.33909921,0.41792666
-0.68244328,0.40225471,0.33571621,0.43040755
-0.7066853,0.3771298,0.33033168,0.41834878
-0.65725936,0.37446776,0.34135553,0.42976951
-0.72704818,0.30747299,0.32584282,0.39661841
-0.60263728,0.30897134,0.35374056,0.42710662
-0.70006064,0.29740799,0.33179878,0.40067518
-0.68776154,0.37289968,0.33453122,0.42192846
-0.63510649,0.26761297,0.34635356,0.40914681
-0.63019561,0.31664223,0.34746618,0.42224764
-0.61466223,0.20366249,0.35099641,0.39867242
-0.62773088,0.25115331,0.34802523,0.40695261
-0.63867654,0.33344871,0.34554577,0.42428
-0.61883133,0.3613901,0.35004729,0.43599282
-0.62020711,0.37254,0.34973435,0.43839779
-0.69313839,0.31572675,0.33333529,0.40675133
-0.68915886,0.41372378,0.33422022,0.43157328
-0.74186234,0.34142235,0.32259704,0.40120663
-0.68080079,0.34437821,0.3360826,0.41667874
-0.668978,0.33443313,0.33872572,0.4171352
-0.66193111,0.31988204,0.34030595,0.41531182
-0.65790852,0.2684393,0.34120959,0.40384508
-0.6845172,0.36632251,0.33525386,0.42111578
-0.67062081,0.28768846,0.33835785,0.40541985
-0.69244984,0.34297985,0.33348832,0.41351095
-0.70297314,0.40234864,0.33115337,0.42540483
-0.72753316,0.37256041,0.32573629,0.41217706
-0.71725731,0.35943875,0.32799723,0.41148773
-0.65652983,0.33041803,0.34151957,0.41918698
-0.69840665,0.31592244,0.33216559,0.40552787
-0.65105177,0.27318624,0.34275256,0.40664181
-0.65077919,0.25526918,0.34281397,0.40239159
-0.65077919,0.25526918,0.34281397,0.40239159
-0.60827504,0.27024346,0.35245278,0.41628771
-0.61587485,0.26329542,0.35072023,0.41275706
-0.6530927,0.31995718,0.34229294,0.4174779
-0.66607868,0.3133769,0.33937544,0.4127274
-0.66279486,0.34035061,0.34011207,0.42008018
-0.64166983,0.24818173,0.34486917,0.4028779
-0.67482325,0.35522582,0.33741768,0.42077386
-0.65005425,0.23666521,0.34297731,0.39809977
-0.6493018,0.30937477,0.34314689,0.4158272
-0.69024349,0.3374704,0.33397891,0.41271012
-0.68529646,0.34959349,0.33508022,0.41685365
-0.6556966,0.27338691,0.34170697,0.40556995
-0.63492199,0.2610975,0.34639533,0.40761721
-0.69803333,0.34145836,0.33224841,0.41178892
-0.71244727,0.39423598,0.32905831,0.42111173
-0.66518896,0.41406414,0.33957495,0.43754666
-0.70260788,0.39397351,0.33123428,0.42344811
-0.68048371,0.29564891,0.33615335,0.40496133
-0.66108387,0.30735463,0.34049618,0.41247838
-0.66651589,0.29553992,0.33927743,0.40830521
-0.67513863,0.28299197,0.33734717,0.40320064
-0.65218717,0.29282443,0.34249683,0.41111384
-0.66303075,0.29449517,0.34005912,0.40889492
-0.70030477,0.27371358,0.33174466,0.39494062
-0.70784343,0.27341667,0.33007554,0.39306976
-0.68094743,0.30527674,0.33604988,0.4071715
-0.61339501,0.32544749,0.35128514,0.42850642
-0.64228805,0.20762301,0.34472951,0.39301292
-0.63553373,0.2280227,0.34625684,0.39950908
-0.64508594,0.28933754,0.34409776,0.41198915
-0.63878631,0.23833581,0.34552095,0.40120411
-0.5885046,0.25520349,0.35697804,0.41743763
-0.64046827,0.17464033,0.34514069000000003,0.38560419
-0.62180501,0.1892161,0.34937104,0.39350829
-0.5957654,0.25490118,0.3553131,0.41559957
-0.6376745,0.25370612,0.34577241,0.40517013
-0.61549025,0.26493011,0.35080782,0.4132466
-0.64100766,0.25088647,0.34501879,0.40368813
-0.63883153,0.28182535,0.34551072,0.41168448
-0.64233142,0.33360075,0.34471971,0.4234246
-0.72771604,0.31893351,0.32569613,0.39920408
-0.73393729,0.30575824,0.32433131,0.39456124
-0.73117085,0.4324459,0.32493785,0.42586921
-0.70795508,0.31199573,0.33005085,0.40228353
-0.7034472,0.34546814,0.33104838,0.41144887
-0.74761283,0.37355961,0.32134167,0.40756198
-0.7508281,0.36175028,0.32064089,0.40393932
-0.67467931,0.29315058,0.33744986,0.40575824
-0.68289093,0.28158454,0.33561638,0.40099851
-0.69486383,0.31633556,0.33295196,0.40648191
-0.67682557,0.31264477,0.33697017,0.40994789
-0.62935445,0.25503263,0.34765693,0.40749713
-0.66805556,0.30235455,0.33893237,0.40958022
-0.71126751,0.29945998,0.32931883,0.39847879
-0.70063795,0.30280721,0.3316708,0.40183364
-0.64360183,0.3055329,0.3444328,0.41627863
-0.63684003,0.24683323,0.3459612,0.40371566
-0.63235076,0.19208031,0.3469777,0.39167653
-0.65076502,0.30177019,0.34281716,0.41362619
-0.69151578,0.35385126,0.33369597,0.41637691
-0.67411805,0.28908916,0.33757535,0.40491456
-0.6985662,0.30595841,0.3321302,0.40308968
-0.65296305,0.26160649,0.34232213,0.40339078
-0.72476433,0.39571327,0.32634471,0.41847153
-0.73331795,0.34951268,0.32446705,0.40520944
-0.75079856,0.43183558,0.32064732,0.4209285
-0.64449569,0.29106371,0.34423099,0.41255042
-0.68174942,0.32842842,0.33587096,0.41257732
-0.6432775,0.33305574,0.34450603,0.42306061
-0.60053284,0.26944458,0.3542218,0.41797585
-0.69262738,0.29588905,0.33344885,0.40209624
-0.70939084,0.32959761,0.32973346,0.40617677
-0.71702068,0.33842501,0.32804939,0.40646565
-0.72460133,0.40221693,0.32638054,0.42009476
-0.64446853,0.30333637,0.34423712,0.41553449
-0.61360447,0.3064115,0.35123741000000003,0.42380005
-0.68371835,0.31924611,0.33543191,0.4098774
-0.67809202,0.32835459,0.33668728,0.4134461
-0.61119219,0.28023002,0.35178729,0.41800653
-0.57260078,0.14551044,0.36063692,0.39482134
-0.61474374,0.24879088,0.35097785,0.40951931
-0.6121637,0.27244745,0.35156579,0.4158784
-0.64013082,0.28765865,0.34521697,0.41278306
-0.66188656,0.30309368,0.34031595,0.41125181
-0.6652916,0.30602968,0.33955193,0.41113825
-0.63489692,0.27873102,0.34640101,0.41188801
-0.6328235,0.35782699,0.34687059,0.43168087
-0.70486512,0.35639019,0.33073445,0.4137523
-0.64517677,0.27650058,0.34407726,0.40886094
-0.61835015,0.32114683,0.35015678,0.4262413
-0.66411318,0.3093709,0.33981625,0.4122329
-0.6499882,0.2333816,0.3429922,0.39732905
-0.66826766,0.31208106,0.33888485,0.41188299
-0.67562685,0.34209566,0.33723804,0.41738168
-0.66988693,0.35550598,0.33852216,0.42204576
-0.69763569,0.39059062,0.33233663,0.42383617
-0.67639142,0.34844385,0.33706718,0.4187401
-0.65073947,0.31477245,0.34282292,0.41678947
-0.69430192,0.37003846,0.33307677,0.41963706
-0.66032046,0.3219723,0.34066763,0.41621079
-0.67424566,0.31129799,0.33754682,0.41024621
-0.66872633,0.22788483,0.3387821,0.39154048
-0.68442638,0.22337394,0.3352741,0.38673619
-0.65161397,0.39481106,0.34262593,0.43614979
-0.70645915,0.3812866,0.33038171,0.41941568
-0.6758303,0.37787656,0.33719257,0.42605778
-0.70504134,0.36378065,0.33069545,0.41550327
-0.63955997,0.29357583,0.34534602,0.41435659
-0.71199534,0.33188102,0.32915809,0.40609933
-0.69935758,0.37447563,0.33195468,0.41948644
-0.66528969,0.38642945,0.33955236,0.43073323
-0.63971422,0.31782384,0.34531114,0.42021512
-0.72778809,0.36874105,0.3256803,0.41119027
-0.68459693,0.37254598,0.33523609,0.4226142
-0.66500371,0.26060355,0.3396165,0.40025562
-0.7220636,0.40831057,0.32693873,0.42219893
-0.60996645,0.29314228,0.35206685,0.42144992
-0.7367718,0.34721564,0.32371047,0.40382415
-0.69750871,0.43590298,0.33236481,0.43496903
-0.70432832,0.45298746,0.33085328,0.43749349
-0.72680685,0.34005017,0.32589583,0.40449831
-0.63128064,0.33063505,0.34722021,0.42539967
-0.63767342,0.29669744,0.34577266,0.41557242
-0.67806378,0.32256533,0.33669358,0.4120497
-0.65436771,0.33738347,0.34200596,0.42141089
-0.69065382,0.37621268,0.33388764,0.42203108
-0.71189317,0.27651963,0.32918065,0.39284391
-0.7040367,0.3129794,0.33091785,0.4034628
-0.62925881,0.27096618,0.34767862,0.41137293
-0.66810724,0.29255571,0.33892079,0.40720026
-0.6699758,0.38124706,0.33850226,0.42831512
-0.67674458,0.36701999,0.33698827,0.42318197
-0.68110384,0.32302681,0.33601498,0.41142514
-0.60748517,0.23476927,0.35263308,0.40788493
-0.68306262,0.30826291,0.3355781,0.40738175
-0.68306262,0.30826291,0.3355781,0.40738175
-0.64351635,0.30858309,0.3444521,0.41704077
-0.64347052,0.27635904,0.34446245,0.40923917
-0.69896287,0.34453448,0.33204221,0.41230896
-0.6801125,0.34341143,0.33623619,0.41661105
-0.73499585,0.34605428,0.32409938,0.40397212
-0.76114727,0.28276283,0.31839723,0.38263369
-0.67383411,0.36605527,0.33763885,0.42365699
-0.67522381,0.30516066,0.33732813,0.40852576
-0.64264875,0.2883992,0.34464803,0.4123523
-0.66262128,0.31903761,0.34015102,0.41493923
-0.66487445,0.3020628,0.33964548,0.41027911
-0.66648988,0.28380411,0.33928326,0.40547929
-0.70183157,0.3477907,0.33140627,0.41240286
-0.71460859,0.46036392,0.32858131,0.43677902
-0.74403126,0.39627507,0.32212325,0.41392664
-0.61089856,0.21725325,0.35185425,0.40284008
-0.59752267,0.26085994,0.35491067,0.41662037
-0.69867788,0.37450732,0.33210542,0.41965969
-0.6909819,0.26273637,0.33381468,0.39454536
-0.6917008,0.27612701,0.33365483,0.39757639
-0.69388388,0.34697615,0.33316964,0.41413249
-0.72092903,0.29918872,0.32718844,0.39610038
-0.73584067,0.29226321,0.32391434,0.39088886
-0.73760229,0.31804329,0.32352868,0.39662228
-0.68096249,0.42227647,0.33604652,0.43568674
-0.66922626,0.31200025,0.33867012,0.41163124
-0.64440014,0.29901832,0.34425256,0.41450276
-0.63166888,0.35946307,0.34713222,0.43236565
-0.69798338,0.4402743,0.33225949,0.43592695
-0.72521189,0.33505235,0.32624632,0.40367889
-0.7181866,0.34997366,0.32779243,0.40897291
-0.75421358,0.41349901,0.31990388,0.41563591
-0.71424291,0.40721999,0.32866199,0.42384158
-0.65079504,0.36047366,0.3428104,0.42792519
-0.66924076,0.30743829,0.33866687,0.41052331
-0.63434621,0.28233996,0.3465257,0.412896
-0.6295503,0.25448266,0.34761251,0.40731707
-0.53406322,0.20856336,0.36956971,0.41933598
-0.68646617,0.24812965,0.33481965,0.39213741
-0.64906421,0.28904309,0.34320045,0.41095445
-0.65524291,0.27804206,0.34180903,0.40680219
-0.66770417,0.28592617,0.33901111,0.40569814
-0.65857373,0.29373233,0.34106008,0.40978811
-0.66278923,0.322941,0.34011333,0.41584635
-0.6428156,0.31009621,0.34461035,0.4175791
-0.69834973,0.3160296,0.33217821,0.40556743
-0.66206729,0.30163822,0.34027538,0.4108557
-0.63088168,0.25887612,0.34731065,0.4080565
-0.64761279,0.25412572,0.34352769,0.40287814
-0.63862155,0.2614986,0.34555821,0.406821
-0.62702118,0.27268199,0.34818628,0.41233058
-0.61873096,0.22412296,0.35007013,0.40260851
-0.65815205,0.26073616,0.34115485,0.40193336
-0.6312376,0.27623835,0.34722997,0.41217064
-0.5896635,0.1803707,0.35671207,0.3990817
-0.63642504,0.32140833,0.34605511,0.42189069
-0.65264634,0.25663146,0.34239344,0.40227018
-0.6490401,0.33352661,0.34320588,0.42176953
-0.66890105,0.31861999,0.33874296,0.41331427
-0.67285034,0.29846416,0.3378589,0.40748159
-0.70567718,0.33942369,0.33055473,0.40944662
-0.6563065,0.33590288,0.34156979,0.42057738
-0.67119813,0.28682023,0.33822861,0.40507144
-0.66098928,0.32141081,0.34051742,0.41591188
-0.63387132,0.23511441,0.34663325,0.40161104
-0.69484979,0.37067199,0.33295508,0.41965793
-0.69951146,0.35226489,0.33192055,0.41405028
-0.64324451,0.29298913,0.34451348,0.41332049
-0.65496772,0.32718549,0.34187095,0.41878034
-0.65079913,0.33854104,0.34280948,0.42256366
-0.67443743,0.31851899,0.33750394,0.41194796
-0.67317448,0.30819255,0.33778639,0.40975412
-0.6265309,0.24940338,0.34829756,0.40681989
-0.63737029,0.29561429,0.34584123,0.41538299
-0.72387691,0.37491907,0.32653983,0.41363517
-0.72168929,0.38667004,0.3270211,0.41701986
-0.7267455,0.34369978,0.32590931,0.40539252
-0.72151386,0.40983568,0.32705971,0.42270517
-0.68283028,0.28512725,0.33562991,0.40186434
-0.66205929,0.25501685,0.34027717,0.3996215
-0.63054196,0.29428709,0.34738766,0.4167195
-0.697698,0.31855675,0.33232281,0.40633403
-0.70416875,0.31203644,0.33088861,0.4032041
-0.69902038,0.34994563,0.33202946,0.41360681
-0.68813668,0.35001198,0.33444771,0.41626508
-0.68692782,0.34795667,0.33471684,0.41605942
-0.66681261,0.30473506,0.33921092,0.41045674
-0.6561943,0.29974696,0.34159503,0.41181984
-0.68991054,0.36040137,0.33405297,0.41836006
-0.75405383,0.41383929,0.31993863,0.41575736
-0.75887358,0.36979059,0.31889087,0.40393807
-0.67413338,0.37636447,0.33757193,0.42610298
-0.68883905,0.30659911,0.33429138,0.40558676
-0.69261713,0.37412101,0.33345113,0.4210423
-0.71173456,0.39382744,0.32921568,0.42118588
-0.76358728,0.4292417,0.31786794,0.41718365
-0.77669967,0.42897146,0.31503162,0.41393343
-0.64500298,0.30505386,0.34411649,0.41582184
-0.64883269,0.26993334,0.34325264,0.40639239
-0.65804492,0.29461887,0.34117893,0.41013047
-0.66721322,0.23874968,0.33912113,0.39449328
-0.58718025,0.28800118,0.3572821,0.42575818
-0.60610584,0.28483874,0.35294802,0.42036698
-0.59588546,0.28112851,0.3552856,0.42195405
-0.57412679,0.17024658,0.36028513,0.40038044
-0.55674061,0.18550157,0.36430196,0.40824166
-0.57145522,0.2117254,0.36090111,0.41102497
-0.77997496,0.38692052,0.31432528,0.40298222
-0.69636979,0.42491121,0.33261758,0.43254905
-0.66799107,0.36547582,0.33894682,0.42494273
-0.70571587,0.31196124,0.33054617,0.40281378
-0.66048363,0.33960669,0.34063098000000003,0.42046205
-0.74054433,0.35437442,0.32288512,0.40463965
-0.68127101,0.285773,0.33597769,0.40239447
-0.62973752,0.31161626,0.34757006,0.42113368
-0.68236696,0.29777958,0.33573323,0.40502095
-0.65088085,0.33994093,0.34279107,0.42288533
-0.6690225,0.40307613,0.33871575,0.43390252
-0.68704961,0.32242851,0.33468972,0.40984139
-0.68926019,0.28315265,0.33419767,0.39984583
-0.68913697,0.38726321,0.33422509,0.42509949
-0.73857973,0.39337558,0.3233148,0.41454588
-0.66375655,0.32544514,0.33989626,0.41621971
-0.67351558,0.28169608,0.33771009,0.40327937
-0.70085902,0.33602972,0.3316218,0.40979103
-0.71661084,0.40256953,0.32813973,0.42212861
-0.72329311,0.34288588,0.32666823,0.40602868
-0.70967862,0.33432528,0.32966986,0.4072481
-0.64052687,0.29914456,0.34512745,0.41547374
-0.69436623,0.32355779,0.33306249,0.40834569
-0.68956932,0.35568952,0.33412889,0.41729691
-0.67990453,0.36306359,0.33628261,0.42144583
-0.69198973,0.31420439,0.33359059,0.40666116
-0.64389876,0.32346182,0.34436575,0.42056927
-0.71516366,0.35903034,0.32845887,0.4118959
-0.67402534,0.32995677,0.33759609,0.41482151
-0.64367874,0.26590226,0.34441543,0.40666329
-0.66744111,0.31350608,0.33907005,0.41242851
-0.65407742,0.29428899,0.34207129,0.41101078
-0.70699494,0.28005754,0.33026319,0.39485789
-0.70296178,0.287099,0.33115589,0.39750717
-0.61085235,0.27937021,0.35186479,0.41788004
-0.67751592,0.27106938,0.33681595,0.39976448
-0.69424871,0.33991643,0.33308859,0.41233225
-0.64594777,0.26305497,0.34390328,0.40542938
-0.66901956,0.30651983,0.33871641,0.41035459
-0.66901956,0.30651983,0.33871641,0.41035459
-0.66800066,0.31952225,0.33894467,0.41375145
-0.71450491,0.36765689,0.32860419,0.41414698
-0.73262235,0.39200922,0.32461953,0.41566055
-0.73220858,0.40389447,0.32471026,0.41865088
-0.66825857,0.26874213,0.33888689,0.40142853
-0.66472572,0.2302518,0.33967884,0.39305851
-0.59335537,0.3080471,0.35586535,0.42915287
-0.68118269,0.33036229,0.33599739,0.41318349
-0.66298093,0.23668413,0.34007031,0.39501097
-0.61214636,0.2104356,0.35156974,0.40090138
-0.64895183,0.22421972,0.34322578,0.39538496
-0.62122234,0.25373493,0.3495035,0.40914829
-0.63789199,0.34919267,0.34572321,0.42832232
-0.62101116,0.32818608,0.34955151,0.42731238
-0.75396684,0.30383636,0.31995756,0.38932974
-0.71307157,0.38539704,0.32892049,0.41880655
-0.68320725,0.33802149,0.33554585,0.41455035
-0.66692072,0.28526695,0.33918669,0.40572809
-0.66462004,0.31841347,0.33970255,0.41430262
-0.74715824,0.36646088,0.32144082,0.40595871
-0.71515784,0.32353022,0.32846015,0.40332554
-0.67517149,0.3731592,0.33733983,0.42506564
-0.66281803,0.40619636,0.34010687,0.43619436
-0.67837461,0.39461954,0.33662417,0.42953341
-0.67684303,0.37351439,0.33696627,0.42474397
-0.7110183,0.43803245,0.32937387,0.43217422
-0.71666858,0.40285456,0.328127,0.42218405
-0.72111379,0.3840282,0.32714777,0.4165176
-0.68732042,0.32844569,0.33462942,0.41123199
-0.73531155,0.42220409,0.32403023,0.42235643
-0.73367663,0.37405457,0.32438844,0.41105106
-0.72554904,0.39706945,0.32617222,0.41861061
-0.73842423,0.44753669,0.32334882,0.4277866
-0.77299838,0.38525572,0.31583085,0.40426083
-0.71146149,0.47866329,0.32927599,0.44206188
-0.73531294,0.29652983,0.32402992,0.39203097
-0.68453598,0.35425493,0.33524967,0.41817224
-0.66527171,0.28903012,0.33955639,0.4070337
-0.63732478,0.23630734,0.34585153,0.40106791
-0.64482982,0.31643515,0.34415557,0.41863127
-0.63062881,0.26382961,0.34736797,0.40931467
-0.62555,0.1890175,0.34852025,0.39256752
-0.61400747,0.24482649,0.35114558,0.40873894
-0.64802749,0.27779902,0.34343418,0.40848582
-0.60527695,0.29071359,0.35313734,0.42200126
-0.71949167,0.35794424,0.32750493,0.41058503
-0.62141678,0.29339263,0.3494593,0.41872146
-0.62848863,0.29239162,0.34785332,0.41675787
-0.60547764,0.2411743,0.3530915,0.40991825
-0.66809627,0.30548846,0.33892325,0.41032844
-0.64848253,0.32122358,0.34333158,0.41890771
-0.79164019,0.42870572,0.3118166,0.4102494
-0.78370862,0.47769136,0.31352115,0.42408718
-0.73147422,0.39680308,0.3248713,0.4171045
-0.56089701,0.18168125,0.36333994,0.40631606
-0.75501692,0.47497772,0.31972912,0.43044417
-0.80519722,0.50714537,0.30891488,0.42603379
-0.77736827,0.43286262,0.31488736,0.41471542
-0.74030535,0.40424611,0.32293738,0.41676705000000003
-0.76987106,0.46235215,0.316507,0.42372046
-0.75299158,0.46899694,0.3201698,0.42947471
-0.69623259,0.31830981,0.33264804,0.40662799
-0.69135176,0.35813602,0.33373243,0.41745839
-0.69679237,0.39241488,0.33252378,0.42448772
-0.58413452,0.23764581,0.3579818,0.41423416
-0.69155984,0.2916692,0.33368617,0.40133861
-0.66011379,0.29927322,0.34071405,0.4107561
-0.63457216,0.27871528,0.34647454,0.41196287
-0.71046342,0.35457424,0.32949645,0.41195504
-0.64787207,0.26758102,0.34346922,0.4060567
-0.64530063,0.25282077,0.34404931,0.40312047
-0.678666,0.27615353,0.3365591,0.40070884
-0.64934698,0.30160071,0.34313671,0.41392905
-0.69811346,0.32625958,0.33223063,0.40809313
-0.68975638,0.27967913,0.33408727,0.3988936
-0.66166382,0.33483612,0.34036596,0.41901269
-0.69269052,0.3082414,0.33343482,0.40505427
-0.61629409,0.34731532,0.35062477,0.43315782
-0.66834202,0.29266757,0.33886819,0.40717059
-0.70487616,0.34978351,0.33073201,0.41214801
-0.70487616,0.34978351,0.33073201,0.41214801
-0.66667636,0.30968411,0.33924146,0.41168785
-0.62202689,0.25583609,0.34932061,0.40946178
-0.71455958,0.37385448,0.32859212,0.41563821
-0.72016554,0.35612384,0.32735653,0.40998154
-0.71994436,0.45164656,0.32740523,0.43332503
-0.73099087,0.4318112,0.32497732,0.42575803
-0.70487264,0.38937542,0.33073279,0.4217735
-0.651038,0.24410805,0.34275566,0.39964849
-0.67142521,0.27095917,0.33817779,0.40120038
-0.65204484,0.24722816,0.34252888,0.40015563
-0.62126826,0.27539459,0.34949306,0.4143834
-0.71285833,0.33806741,0.32896756,0.40738387
-0.70590619,0.37801121,0.33050405,0.4187529
-0.72626788,0.36492117,0.32601425,0.4106336
-0.70182512,0.3920953,0.3314077,0.42318069
-0.71744462,0.35360342,0.32795594,0.41003004
-0.68250948,0.36591455,0.33570144,0.42150581
-0.66340233,0.29880024,0.33997574,0.40984599
-0.64413039,0.28079081,0.34431346,0.41015139
-0.66575529,0.35619528,0.33944795,0.42322214
-0.60206367,0.18738396,0.3538717,0.39779055
-0.61246886,0.23246752,0.35149622,0.40612657
-0.71564642,0.3506088,0.32835239,0.40974065
-0.66521077,0.33979134,0.33957006,0.41935556
-0.66400426,0.2687639,0.33984068,0.40245643
-0.66846177,0.32399434,0.33884136,0.41472469
-0.66493704,0.31269076,0.33963145,0.41283781
-0.64347251,0.26867302,0.344462,0.40738181
-0.66924545,0.32465958,0.33866582,0.41469595
-0.66924545,0.32465958,0.33866582,0.41469595
-0.69360692,0.27565224,0.33323118,0.39700628
-0.68809575,0.30151223,0.33445682,0.40454002
-0.6987851,0.29888418,0.33208164,0.40133614
-0.65865001,0.29047747,0.34104293,0.40898267
-0.68525839,0.31959914,0.3350887,0.40959032
-0.68861765,0.31776561,0.33434065,0.40833515
-0.68885195,0.33964305,0.33428851,0.41357427
-0.68885195,0.33964305,0.33428851,0.41357427
-0.63344249,0.25627512,0.34673037,0.40681027
-0.65060214,0.30171611,0.34285386,0.41365258
-0.667231,0.33471916,0.33911714,0.41762958
-0.65786307,0.27395643,0.34121981,0.40518501
-0.59207855,0.23559012,0.35615808,0.41180988
-0.66679976,0.30840859,0.3392138,0.41134908
-0.69978434,0.41192192,0.33186004,0.42852726
-0.67613187,0.25743683,0.33712518,0.39682906
-0.64745222,0.28330918,0.3435639,0.40995702
-0.69297149,0.34161618,0.33337238,0.4130538
-0.69545897,0.35633867,0.3328198,0.41602318
-0.66030323,0.35683528,0.3406715,0.42470993
-0.67101471,0.28999002,0.33826967,0.40587978
-0.68515947,0.34399682,0.33511074,0.41552708
-0.71282556,0.37379288,0.3289748,0.41604447
-0.65849521,0.30983779,0.34107772,0.41370803
-0.65230001,0.31629606,0.34247142,0.41678049
-0.68197078,0.35310419,0.33582159,0.41851642
-0.68192311,0.34643482,0.33583222,0.41690584
-0.68192311,0.34643482,0.33583222,0.41690584
-0.69389565,0.32048389,0.33316703,0.40771688
-0.70418698,0.3067664,0.33088458,0.40193223
-0.70072071,0.28793331,0.33165246,0.39824394
-0.70719196,0.25370864,0.33021961,0.3885329
-0.58190983,0.32851397,0.35849326,0.43698784
-0.60050774,0.30497261,0.35422754,0.42664932
-0.67590403,0.27197617,0.33717609,0.400369
-0.72925554,0.43057307,0.32535812,0.4258796
-0.69948426,0.40143724,0.33192658,0.42603498
-0.64005353,0.33989796,0.34523444,0.42551945
-0.70927262,0.30855059,0.32975959,0.40113888
-0.64530862,0.33735498,0.34404751,0.42361431
-0.63984826,0.38481262,0.34528084,0.43658445
-0.63469573,0.3926163,0.34644656,0.43977397
-0.67417179,0.26292438,0.33756334,0.39861305
-0.69219811,0.26365598,0.33354427,0.39447451
-0.69160279,0.26996929,0.33367662,0.39612594
-0.60738745,0.35846064,0.35265539,0.43808766
-0.70204247,0.378122,0.33135954,0.4197206
-0.70110798,0.377842,0.33156662,0.41988001
-0.72376083,0.38776239,0.32656536,0.41678183
-0.71105533,0.34595591,0.32936569,0.4097257
-0.67671623,0.34274903,0.3369946,0.41727566
-0.66127111,0.3271875,0.34045413,0.41724735
-0.66886542,0.27914129,0.33875094,0.40378371
-0.70447038,0.23637916,0.33082183,0.38506812
-0.69089979,0.24445899,0.33383294,0.39020733
-0.63275665,0.30613233,0.34688574,0.4190622
-0.60344585,0.28147567,0.35355573,0.42019568
-0.61670271,0.26002429,0.35053174,0.41176386
-0.61787772,0.23492117,0.35026429,0.40541401
-0.63038684,0.28705069,0.34742283,0.41499932
-0.66111468,0.26051275,0.34048926,0.40116773
-0.66701441,0.27181835,0.33916569,0.40246708
-0.62623366,0.23452261,0.34836503,0.40330547
-0.62377625,0.27105423,0.34892309,0.41272249
-0.62350619,0.22379493,0.34898444,0.40138172
-0.61768541,0.25365651,0.35030805,0.40998464
-0.70799914,0.27244146,0.33004111,0.39279999
-0.68471745,0.31578175000000003,0.33520923,0.40879822
-0.65366331,0.33567553,0.34216449,0.42116622
-0.73114419,0.34666098,0.32494369,0.40504606
-0.72638914,0.37076185,0.3259876,0.41201849
-0.75912385,0.36156964,0.31883652,0.40190011
-0.75040882,0.37721491,0.32073223,0.40776948
-0.72313711,0.33119908,0.32670254,0.40325085
-0.69435154,0.2892451,0.33306575,0.40008608
-0.64592033,0.28552008,0.34390947,0.41086268
-0.66770601,0.3582134,0.33901069,0.42323859
-0.66864987,0.26488788,0.33879922,0.40040882
-0.68626529,0.38423296,0.33486439,0.42506074
-0.70492962,0.34957028,0.33072017,0.4120834
-0.71877701,0.3054057,0.32766235,0.39810402
-0.73134293,0.30204149,0.3249001,0.39429315
-0.69631773,0.36320135,0.33262914,0.41748255
-0.67516195,0.34814266,0.33734196,0.41896605
-0.66436116,0.27004491,0.33976062,0.40267868
-0.62288493,0.25621235,0.3491256,0.40934529
-0.70189165,0.33906161,0.33139296,0.41027467
-0.66737242,0.35553704,0.33908545,0.42266681
-0.68031915,0.36491692,0.33619007,0.42179667
-0.71913046,0.32143454,0.32758449,0.40186605
-0.6465219,0.33493257,0.34377375,0.42272685
-0.70064584,0.27463368,0.33166905,0.39507899
-0.69616482,0.30461687,0.33266308,0.40334472
-0.65410385,0.32720266,0.34206534,0.4189948
-0.64748355,0.33698815,0.34355684,0.42299382
-0.70198807,0.33264427,0.33137159,0.40869959
-0.70670056,0.2787031,0.33032831,0.39460462
-0.6966549,0.36781585,0.3325543,0.41852313
-0.63480576,0.28805902,0.34642165,0.41417155
-0.66645153,0.30356727,0.33929186,0.41026155
-0.67503828,0.37769482,0.3373696,0.42620703
-0.70026121,0.32678238,0.33175432,0.40770068
-0.67762143,0.39203296,0.33679238,0.42908422
-0.69582669,0.36694438,0.33273815,0.4185126
-0.68462683,0.34299144,0.33522943,0.41541228
-0.66024412,0.30389329,0.34068478,0.41184321
-0.65073155,0.30538318,0.3428247,0.41451088
-0.6497,0.30418783,0.34305714,0.41447113
-0.69684729,0.34808877,0.33251159,0.41368351
-0.69684729,0.34808877,0.33251159,0.41368351
-0.69898589,0.33569355,0.33203711,0.41016282
-0.63719504,0.3567181,0.34588088,0.43033685
-0.6560761,0.26444177,0.34162161,0.40332393
-0.6560761,0.26444177,0.34162161,0.40332393
-0.69219014,0.33180298,0.33354604,0.41086585
-0.70061895,0.35387294,0.33167501,0.41417173
-0.64334538,0.27496894,0.3444907,0.40893339
-0.65775788,0.3245919,0.34124345,0.41747049
-0.65343911,0.34807712,0.34221496,0.42424723
-0.64622787,0.25547102,0.34384008,0.40353512
-0.65462845,0.2533629,0.34194729,0.40100832
-0.71085228,0.36412734,0.32941055,0.41417684
-0.66221001,0.32963233,0.34024334,0.41761357
-0.69661313,0.31871358,0.33256357,0.4066336
-0.68388805,0.34004989,0.33539408,0.41487744
-0.7021407,0.34444462,0.33133778,0.4115174
-0.64493731,0.28511439,0.34413131,0.41100243
-0.67195669,0.26057461,0.33805884,0.39858077
-0.67092978,0.26849937,0.33828868,0.40072855
-0.67060458,0.26225189,0.33836148,0.39930718
-0.6787256,0.27111382,0.3365458,0.39948491
-0.64949443,0.32106783,0.34310348,0.4186235
-0.6565689,0.30228756,0.34151078,0.4123446
-0.71742064,0.33210845,0.32796123,0.4048463
-0.74310929,0.32109235,0.3223246,0.39603422
-0.66904669,0.32364137,0.33871034,0.41449706
-0.6971648,0.28218431,0.33244113,0.3977185
-0.67053817,0.33394753,0.33837635,0.41663789
-0.6487474,0.23478693,0.34327186,0.39796286
-0.74151049,0.3576842,0.32267393,0.40520437
-0.62759343,0.30289474,0.34805642,0.41953107
-0.67713418,0.31258346,0.33690122,0.40985841
-0.64626682,0.33554523000000003,0.34383129,0.42293862
-0.65007654,0.21662617,0.34297229,0.39330271
-0.63220401,0.32824377,0.34701095,0.42458966
-0.67013616,0.30731896,0.33846635,0.41027777
-0.67481943,0.3029379,0.33741853,0.40808646
-0.69908974,0.35428178,0.33201407,0.41464204
-0.68900649,0.3359413,0.33425412,0.41263932
-0.61900239,0.25040614,0.35000838,0.40888026
-0.63763544,0.25272611,0.34578125,0.40494337
-0.64405319,0.24644555,0.34433089,0.40188726
-0.61167931,0.27171023,0.35167622,0.41581699
-0.64916301,0.25229127,0.34317818,0.40206417
-0.61661308,0.24558546,0.35055215,0.40829274
-0.60170695,0.21711527,0.35395327,0.40501992
-0.61910956,0.25722282,0.349984,0.41050292
-0.61883326,0.29387691,0.35004685,0.41946833
-0.63320855,0.34427874,0.34678336,0.42826589
-0.62226973,0.22888718,0.34926541,0.40290329
-0.63455811,0.22012525,0.34647772,0.39784968
-0.64303351,0.33114344,0.34456113,0.42265346
-0.64552944,0.2099863,0.34399767,0.39280346
-0.64772725,0.35103373,0.34350188,0.42636598
-0.68190489,0.30279516,0.33583628,0.40634164
-0.67539238,0.3327693,0.33729045,0.41517244
-0.66413652,0.30455514,0.33981101,0.41106091
-0.67435496,0.27498642,0.33752238,0.40146406
-0.67842964,0.35425134,0.33661188,0.4196578
-0.69363777,0.33377364,0.33322432,0.41099246
-0.67885638,0.33800357,0.3365166,0.41560234
-0.66222323,0.31004042,0.34024037,0.4128532
-0.63769366,0.33590886,0.34576808,0.42512123
-0.6557339,0.26416219,0.34169858,0.403339
-0.62829592,0.29489392,0.34789703,0.41741309
-0.64401413,0.26017019,0.3443397,0.40520012
-0.67654112,0.2880202,0.33703372,0.40407341
-0.70609539,0.29245298,0.33046219,0.39803906
-0.66063378,0.36358815,0.34059726,0.42627986
-0.66275865,0.32222136,0.34012019,0.41567897
-0.64800895,0.24230143,0.34343835,0.39994182
-0.66840102,0.27981456,0.33885497,0.40405763
-0.70597019,0.39752571,0.33048989,0.42349447
-0.67590389,0.30641521,0.33717612,0.40866458
-0.62606184,0.27988873,0.34840404,0.41431074
-0.6571892,0.31352552,0.3413713,0.4149198
-0.65638791,0.27790484,0.34155148,0.40649281
-0.65621392,0.26170013,0.34159061,0.40263117
-0.67353628,0.32407387,0.33770546,0.41351279
-0.64627931,0.28867728,0.34382847,0.41154017
-0.67554454,0.31653714,0.33725644,0.41119987
-0.69219067,0.38072834,0.33354593,0.42275784
-0.70319631,0.35754028,0.33110395,0.41443622
-0.63775279,0.29814666,0.3457547,0.41590516
-0.64166139,0.23874335,0.34487108,0.40061145
-0.60763086,0.25461715,0.35259982,0.41265179
-0.63944407,0.37308905,0.34537222,0.43380215
-0.67383727,0.33976837,0.33763815,0.41725093
-0.68847998,0.32016904,0.33437129,0.40894922
-0.68458482,0.28403288,0.33523879,0.40117974
-0.70055397,0.38789043,0.33168942,0.42246473
-0.68856437,0.33580974,0.33435251,0.41271459
-0.63639098,0.25410845,0.34606282,0.4055765
-0.62530229,0.28194056,0.34857649,0.4149931
-0.65731616,0.26370389,0.34134276,0.40284802
-0.62688774,0.29436178,0.34821657,0.41762614
-0.72569071,0.33157022,0.32614108000000003,0.40272577
-0.61267675,0.26460978,0.35144884,0.41385125
-0.66877302,0.3735485,0.33877164,0.4267253
-0.6365181,0.27526177,0.34603405,0.41065548
-0.71969927,0.40169411,0.32745921,0.42116198
-0.75301889,0.3251467,0.32016386,0.39463455
-0.73917376,0.33755503,0.32318485,0.40092349
-0.68142387,0.38920781,0.33594358,0.42746142
-0.61910587,0.19626475,0.34998483,0.39583709
-0.61663264,0.20685994,0.35054769,0.39896663
-0.59812754,0.23680387,0.3547722,0.41063918
-0.6088384,0.25181747,0.35232422,0.41168091
-0.68666994,0.35811792,0.33477427,0.41859298
-0.71562461,0.34631885,0.3283572,0.40870878
-0.68766534,0.37732129,0.33455263,0.42303076
-0.67026074,0.28248803,0.33843846,0.40425359
-0.73649325,0.38707943,0.32377145,0.41352458
-0.7675434,0.38957496,0.31701076,0.40661698
-0.75922615,0.47109631,0.3188143,0.42846178
-0.76683161,0.47671779,0.31716489,0.427976
-0.76232724,0.45412921,0.31814121,0.42355464
-0.70600057,0.45651596,0.33048317,0.43795036
-0.7261951,0.39468237,0.32603024,0.4178726
-0.76305813,0.43736291,0.31798268,0.41928841
-0.68924632,0.32437267,0.33420075,0.40978031
-0.65929067,0.31061411,0.34089897,0.41370339
-0.65651573,0.27715449,0.34152274,0.40628097
-0.65389971,0.35858239,0.34211129,0.4267026
-0.68258473,0.33177138,0.33568466,0.4131852
-0.73342552,0.42683292,0.32444347,0.42394666
-0.71106499,0.33092612,0.32936356,0.4060934
-0.80650322,0.43513925,0.30863614,0.40821148
-0.80344992,0.43947461,0.30928803,0.4099976
-0.68306575,0.39636752,0.3355774,0.42881239
-0.68739801,0.39515148,0.33461215,0.42745397
-0.68676614,0.39633744,0.33475285,0.42789892
-0.68030348,0.30262878,0.33619357,0.40668785
-0.65207893,0.35439753,0.34252121,0.42612438
-0.66816148,0.29751221,0.33890864,0.40838414
-0.6611757,0.28236549,0.34047556,0.40641389
-0.7032848,0.36559235,0.33108435,0.41637012
-0.7032848,0.36559235,0.33108435,0.41637012
-0.68316052,0.35401274,0.33555627,0.418448
-0.68746384,0.29013182,0.33459749,0.40195352
-0.74291512,0.29326646,0.32236702,0.3894443
-0.66649363,0.31003093,0.33928242,0.41181612
-0.77473231,0.35882703,0.3154563,0.39749699
-0.71234031,0.38634043,0.32908192000000003,0.41921423
-0.68483771,0.39707739,0.33518243,0.42855227
-0.72619806,0.32014626,0.32602959,0.3998592
-0.62120969,0.33141074,0.34950638,0.42805309
-0.6259308,0.32774153,0.34843379,0.42600019
-0.70198446,0.2934787,0.33137239,0.39927047
-0.66277757,0.38486146,0.34011595,0.43096474
-0.66182484,0.37275293,0.34032981,0.4282311
-0.67998471,0.33604182,0.33626471,0.41485202
-0.67034476,0.31760624,0.33841965,0.4127185
-0.64969705,0.3083766,0.34305781,0.41548876
-0.64019152,0.25304554,0.34520325,0.40440454
-0.63269889,0.30396086,0.34689883,0.41854771
-0.63263663,0.27876283,0.34691293,0.41244335
-0.6175527,0.26688952,0.35033826,0.41322161
-0.6697708,0.19511834,0.33854817,0.38351566
-0.67229852,0.22245173,0.33798235,0.38939719
-0.63991493,0.28534639,0.34526577,0.412275
-0.67933801,0.31896933,0.33640907,0.41087032
-0.64961393,0.30232255,0.34307654,0.41403941
-0.67649347,0.28304243,0.33704437,0.40288681
-0.66671651,0.35937464,0.33923246,0.42376369
-0.61176506,0.3688184,0.35165667,0.43956032
-0.63313898,0.3583436,0.34679913,0.43173022
-0.72613294,0.29835697,0.3260439,0.39465754
-0.67594385,0.30179974,0.33716719,0.40754004
-0.6546107,0.34148326,0.34195128,0.42235155
-0.67407445,0.2750895,0.3375851,0.40155624
-0.66428844,0.35266458,0.33977693,0.42271842
-0.69348458,0.32535159,0.33325836,0.40899223
-0.71754827,0.33326868,0.3279331,0.40509513
-0.69545036,0.31538968,0.33282171,0.40611226
-0.71151703,0.39435454,0.32926372,0.42136743
-0.73333338,0.36367176,0.32446367,0.40862279
-0.67338219,0.30991561,0.33773993,0.41012066
-0.70138691,0.34058127,0.3315048,0.41076456
-0.71524282,0.3341091,0.32844141,0.40585349
-0.66733602,0.35584417,0.33909361,0.42275064
-0.67361735,0.23190355000000001,0.33768733,0.39133268
-0.67032868,0.41019042,0.33842325,0.43532972
-0.69986564,0.33545566,0.33184202,0.40989246
-0.65581911,0.31490593,0.34167941,0.41558767
-0.71636381,0.39547564,0.3281942,0.42045931
-0.7341525,0.31834314,0.32428415,0.39751997
-0.67516108,0.35580185,0.33734215,0.42083192
-0.67980692,0.34012168,0.3363044,0.41588594
-0.69248196,0.30330853,0.33348118,0.4039163
-0.69897222,0.33000565,0.33204014,0.40879076
-0.65616936,0.3526593,0.34160063,0.42469964
-0.67741606,0.25335802,0.33683826,0.39554611
-0.63467824,0.18995507,0.34645052,0.39061611
-0.59960481,0.2001329,0.35443411,0.40143923
-0.72807559,0.38409744,0.32561717,0.41484346
-0.72312184,0.38526735,0.3267059,0.41633074
-0.72279919,0.38856462,0.32677688,0.41721065
-0.69573802,0.36154956,0.33275784,0.41722186
-0.70978148,0.42858015,0.32964713,0.43015928
-0.70979641,0.41311794,0.32964383,0.42636966
-0.71984757,0.38646795,0.32742655,0.41741854
-0.73062927,0.37256088,0.32505665,0.41142724
-0.68763557,0.37674617,0.33455926,0.42289766
-0.6469852,0.3709763,0.34366924,0.43143252
-0.74412405,0.32491719,0.32210299,0.39670656
-0.7374168,0.31936969,0.32356928,0.39698415
-0.60414274,0.29763667,0.35339647,0.4239678
-0.73098997,0.32278004,0.32497752,0.39934142
-0.7283911,0.4224034,0.32554789,0.4240944
-0.72888754,0.39263497,0.3254389,0.41672006
-0.71687918,0.2708224,0.32808058,0.39029871
-0.68900658,0.29379791,0.3342541,0.40246405
-0.65827802,0.33213231,0.34112654,0.41917873
-0.63771933,0.26178774,0.34576227,0.40710852
-0.61878362,0.21675376,0.35005815,0.40082474
-0.70959865,0.33613659,0.32968753,0.40770473
-0.69255236,0.38571934,0.33346553,0.42388795
-0.64381413,0.23529911,0.34438486,0.39926825
-0.62494892,0.29317362,0.34865674,0.41780873
-0.62036055,0.24993813,0.34969946,0.40843896
-0.64888417,0.23926773,0.34324103,0.3990041
-0.58565642,0.19280431,0.35763209,0.4030309
-0.68425657,0.30460382,0.33531194,0.40621065
-0.69173315,0.29777629,0.33364764,0.40276513
-0.6332442,0.32862057,0.34677529,0.42442759
-0.72132919,0.34667159,0.32710035,0.40741606
-0.70497689,0.38878873,0.33070971,0.421605
-0.62879053,0.22834019,0.34778483,0.40120414
-0.69558983,0.36119662,0.33279074,0.41717207
-0.56756257,0.17217811,0.36179944000000003,0.40242178
-0.61170778,0.20542708,0.35166973,0.39980428
-0.67773865,0.34781216,0.3367662,0.41825850999999997
-0.69182853,0.32326646,0.33362643,0.40888852
-0.64375788,0.27416857,0.34439756,0.40864026
-0.6596631,0.293091,0.3408153,0.40936958
-0.67955878,0.34534299,0.33635979,0.41721521
-0.67773398,0.34342942,0.33676724,0.41719363
-0.64557201,0.33672137,0.34398807,0.42339531
-0.65958042,0.33773257,0.34083387,0.42022548
-0.65409603,0.3291504,0.3420671,0.41947094
-0.6719093,0.29892532,0.33806945,0.40782018
-0.6817615,0.35350159,0.33586827,0.41866407
-0.68438074,0.31761884,0.33528427,0.40932369
-0.66068301,0.33677841,0.3405862,0.41972446
-0.65719061,0.26797112,0.34137098,0.40390521
-0.5896382,0.1930527,0.35671787,0.40213299
-0.59299775,0.22903039,0.35594733,0.40999952
-0.60095104,0.219436,0.35412614,0.40576154
-0.66831892,0.30447796,0.33887337,0.4100301
-0.62187626,0.25653368,0.34935485,0.4096669
-0.58825531,0.18597549,0.35703527,0.40076471
-0.60152892,0.24123186,0.35399398,0.41088766
-0.59570842,0.22877945,0.35532615,0.4092833
-0.59801458,0.19587366,0.35479806,0.40079807
-0.60384392,0.17153807,0.35346476,0.39357585
-0.72359114,0.44164522,0.32660268,0.42997677
-0.72257185,0.41193702,0.3268269,0.42295979
-0.7052243,0.35533444,0.33065495,0.41340913
-0.64826204,0.30992498,0.34338129,0.41621348
-0.72563159,0.43922204,0.32615408,0.4288831
-0.71140186,0.45331984,0.32928915,0.43583525
-0.71787813,0.31644955,0.3278604,0.40096915
-0.63489221,0.23744637,0.34640207,0.40192616
-0.62571044,0.24991072,0.34848382,0.40714035
-0.59896825,0.22954845,0.35457978,0.40868123
-0.60244505,0.23273756,0.3537845,0.4086117
-0.59118043,0.20521283,0.35636405,0.40468839
-0.66456659,0.26294179,0.33971454,0.40092203
-0.62828374,0.30528076,0.3478998,0.41994407
-0.6390349,0.28537562,0.34546473,0.41249534
-0.70021042,0.26897209,0.33176558,0.39383067
-0.66199453,0.34818068,0.34029171,0.4221841
-0.65484326,0.27189031,0.34189895,0.40541488
-0.66292876,0.3208612,0.34008201,0.41530733
-0.71144988,0.33563975,0.32927855,0.40713784
-0.65267779,0.27730799,0.34238636,0.40724413
-0.65929461,0.26607254,0.34089809,0.40294189
-0.68685448,0.36435243,0.33473317,0.4200661
-0.7428302,0.42989648,0.32238557,0.42239881
-0.68463682,0.2939209,0.3352272,0.40354497
-0.64468282,0.35855956,0.34418875,0.42895322
-0.70689074,0.29004298,0.33028624,0.3972713
-0.7284423,0.32924201,0.32553665,0.4015045
-0.65762348,0.36048562,0.34127367,0.42625731
-0.65545104,0.31460336,0.34176221,0.41560358
-0.64375101,0.21246941,0.34439911,0.39382034
-0.7250277,0.3652149,0.32628681,0.41100488
-0.64818835,0.23331635,0.34339791,0.39774448
-0.64345238,0.23377348,0.34446654,0.39898912
-0.64380267,0.24251615,0.34438745,0.40100328
-0.65672968,0.3026746,0.34147463,0.41239942
-0.68127774,0.28760036,0.33597618,0.40283236
-0.64312926,0.29503901,0.34453951,0.41384561
-0.60410446,0.23110364,0.35340522,0.40781612
-0.62165864,0.23260561,0.34940431,0.40394529
-0.60746403,0.23073128,0.3526379,0.40691516
-0.68614147,0.3800251,0.33489197,0.42406297
-0.67576318,0.42240033,0.33720757,0.43699596
-0.74355937,0.40959251,0.3222263,0.41727574
-0.7233382,0.35381822,0.32665831,0.40865702
-0.70587819,0.32412204,0.33051025,0.4057034
-0.69997894,0.34205073,0.3318169,0.41146118
-0.71460776,0.36424056,0.3285815,0.41329338
-0.75769814,0.40642502,0.31914623,0.41307373
-0.61363829,0.27360534,0.3512297,0.41580147
-0.60424332,0.2727598,0.35337349,0.4178797
-0.60606129,0.2807851,0.35295819,0.41939044
-0.60807721,0.2779798,0.35249794,0.41821692
-0.66505919,0.24546512,0.33960405,0.39661389
-0.6988782,0.40135614,0.33206099,0.42616335
-0.7125003,0.35680367,0.3290466,0.41200169
-0.5871761,0.22926646,0.35728305,0.41146568
-0.71329305,0.35875823,0.3288716,0.41228317
-0.6266451,0.24945366,0.34827164,0.40680446
-0.71273873,0.4335304,0.32899396,0.43064788
-0.71261035,0.37831759,0.32902231,0.4171965
-0.63760118,0.31163974,0.345789,0.41922359
-0.63923172,0.31496823,0.34542023,0.41963705
-0.63075287,0.27219107,0.34733985,0.41130776
-0.64601545,0.2619057,0.34388801,0.40513606
-0.6892214,0.29460315,0.3342063,0.40260605
-0.64782918,0.28365615,0.34347889,0.40994977
-0.64089277,0.28839242,0.34504476,0.41277622
-0.6545019,0.28011682,0.34197576,0.40748186
-0.66140684,0.33214374,0.34042365,0.41841993
-0.63554187,0.29133549,0.346255,0.41478806
-0.65434017,0.2870984,0.34201216,0.40920768
-0.66987965,0.34532607,0.33852379,0.41956641
-0.63205773,0.22410264,0.3470441,0.39940255
-0.633334,0.23010706,0.34675495,0.40053728
-0.63766796,0.23240859,0.34577389,0.40004938
-0.63028377,0.26632822,0.3474462,0.41000238
-0.73335077,0.38169448,0.32445986,0.41298083
-0.69029638,0.32877292,0.33396715,0.41059083
-0.73623801,0.3614958,0.32382734,0.40739564
-0.70907198,0.39511677,0.32980393,0.42214961
-0.6922182,0.34726967,0.33353981,0.41460792
-0.73785964,0.34680346,0.32347236,0.40346307
-0.75700487,0.39259474,0.31929689,0.40989242
-0.62642848,0.2920796,0.34832081,0.41718285
-0.63811747,0.32739863,0.34567221,0.42293929
-0.65825086,0.35438581,0.34113264,0.42461291
-0.65941441,0.32329027,0.34087117,0.41675127
-0.64518854,0.29829337,0.34407461,0.41413554
-0.64341811,0.24960367,0.34447428,0.40279939
-0.63129263,0.29028365,0.3472175,0.41556441
-0.65674076,0.34549841,0.34147213,0.42281153
-0.62271521,0.28326883,0.34916417,0.41594396
-0.64074714,0.23546441,0.34507767,0.40004377
-0.61728452,0.30049839,0.3503993,0.42145919
-0.61123887,0.31119872,0.35177665,0.42554767
-0.68141068,0.29085634,0.33594653,0.40358386
-0.64713574,0.30826879,0.34363528,0.41608474
-0.58926314,0.27968814,0.35680394,0.42321848
-0.67476637,0.26588154,0.33743039,0.39917955
-0.67865757,0.36789275,0.33656098,0.42292807
-0.71713772,0.26295381,0.32802359,0.38836646
-0.68697706,0.32860503,0.33470588,0.41135371
-0.67259307,0.32358571,0.33791645,0.41362316
-0.66179938,0.30211792,0.34033552,0.41103668
-0.66072548,0.3453633,0.34057666,0.42180643
-0.68799398,0.29785837,0.33447947,0.40368465
-0.70755385,0.31126081,0.33013958,0.4022033
-0.64862872,0.33293309,0.34329862,0.42172511
-0.63216032,0.321155,0.34702085,0.42286937
-0.72113059,0.32690321,0.32714407,0.40270006
-0.70972696,0.34233621,0.32965917,0.40917166
-0.6235915,0.30056427,0.34896506,0.41993817
-0.67184165,0.29587304,0.33808459,0.40709959
-0.68780232,0.32624709,0.33452214,0.41058314
-0.68942942,0.31002804,0.33416001,0.40627128
-0.63128986,0.22964669,0.34721812,0.40091762
-0.66821409,0.31548045,0.33889685,0.41271968
-0.69232588,0.27588581,0.33351587,0.39736892
-0.70128861,0.26853807,0.33152659,0.39346972
-0.70128861,0.26853807,0.33152659,0.39346972
-0.60954472,0.31427701,0.35216306000000003,0.42671474
-0.65886115,0.30933746,0.34099549,0.41349793
-0.71695564,0.27932377,0.32806372,0.39230539
-0.62668757,0.25496207,0.348262,0.40812415
-0.67641237,0.30119096,0.33706249,0.40727995
-0.64970121,0.26263833,0.34305687,0.40442455
-0.6189438,0.27254907,0.3500217,0.41425696
-0.69094777,0.31556508,0.33382227,0.40724102
-0.64677041,0.34096161,0.34371769,0.42413809
-0.66950597,0.31990399,0.33860747,0.41347894
-0.71383842,0.31096008,0.32875125,0.40062099
-0.70265095,0.33488264,0.33122474,0.40908039
-0.65484549,0.30551754,0.34189845,0.4135454
-0.66311094,0.30425723,0.34004113,0.41123708
-0.65288882,0.32295178,0.34233884,0.41825594
-0.621075,0.19282539,0.349537,0.39454439
-0.62855585,0.21813572,0.34783807,0.39881139
-0.70799786,0.373887,0.33004139,0.41724072
-0.70682908,0.34666923,0.33029988,0.41092087
-0.67603884,0.31976811,0.33714596,0.41186262
-0.68334162,0.41126456,0.3355159,0.43239725
-0.69639192,0.33105956,0.33261267,0.40966937
-0.63693923,0.29008877,0.34593876,0.41414638
-0.70301993,0.32378341,0.33114301,0.40631105
-0.68348691,0.34803876,0.3354835,0.4169156
-0.71420333,0.34908892,0.32867072,0.40972208
-0.71665002,0.35150141,0.3281311,0.40971381
-0.70225942,0.39274753,0.33131148,0.42323388
-0.71493494,0.43965977,0.32850932,0.43161251
-0.70813217,0.45185926,0.33001169,0.43628013
-0.78445929,0.40133677,0.3133596,0.405374
-0.79415808,0.38560673,0.31127655,0.39925953
-0.77026116,0.40970652,0.31642262,0.41082531
-0.64813296,0.35417726,0.34341039,0.42703572
-0.65482042,0.27877165,0.34190409,0.40708024
-0.69156613,0.35085099,0.33368477,0.41563577
-0.64080341,0.27287325,0.34506495,0.40904126
-0.68088271,0.35032692,0.33606432,0.4181054
-0.64793717,0.35678838,0.34345454,0.42772265
-0.67781936,0.32772832,0.33674817,0.41336034
-0.63916021,0.31453506,0.3454364,0.41954898
-0.62650175,0.32363594,0.34830418,0.42485706
-0.77136429,0.38547821,0.31618406,0.40470803
-0.76476186,0.38860308,0.31761331,0.40705368
-0.76856731,0.38436191,0.31678911,0.40511301
-0.6397035,0.29879258,0.34531357,0.41558822
-0.66626917,0.32411404,0.33933274,0.41528607
-0.64973948,0.36967625,0.34304825,0.43043828
-0.65382178,0.37839503,0.34212883,0.43157532
-0.777846,0.35390314,0.31478431,0.39557364
-0.66307291,0.35872868,0.34004966,0.42449585
-0.60750608,0.35685344,0.3526283,0.43766287
-0.72011644,0.37225037,0.32736734,0.41389999
-0.69489242,0.3395884,0.33294562,0.4120968
-0.66455064,0.39070716,0.33971811,0.43196377
-0.67087798,0.37052122,0.33830027,0.42547027
-0.72250999,0.31211508,0.32684051,0.39881743
-0.6030752,0.28518223,0.35364045,0.42118933
-0.63691396,0.29488992,0.34594448,0.4153179
-0.6725508,0.30259714,0.33792591,0.40855222
-0.6840449,0.32214482,0.33535912,0.41049969
-0.6991412,0.29252066,0.33200266,0.39972273
-0.66107982,0.35085608,0.34049709,0.42306013
-0.63690715,0.29582435,0.34594602,0.41554648
-0.69804801,0.3285172,0.33224515,0.4086544
-0.72013898,0.37698108,0.32736238,0.41504259
-0.67894809,0.35631266,0.33649612,0.42003361
-0.69308788,0.31334939,0.33334651,0.40618997
-0.62692365,0.27654207,0.34820842,0.41328989
-0.66702952,0.22210044,0.33916230000000003,0.3905671
-0.68947191,0.45910099,0.33415056,0.44266063
-0.759697,0.32979579,0.31871205,0.39414992
-0.73853359,0.33866484,0.32332489,0.40134388
-0.73944062,0.33451383,0.32312648,0.4001292
-0.65116515,0.33653889,0.34272702,0.42198592
-0.63889576,0.2696131,0.3454962,0.40871437
-0.68409746,0.33187955,0.33534741,0.41284469
-0.66838153,0.3052787,0.33885934,0.41020867
-0.65617201,0.32781729,0.34160004,0.418641
-0.72376942,0.32740839,0.32656347,0.40218695
-0.67300401,0.28230848,0.33782452,0.40354988
-0.67524133,0.35683032,0.33732421,0.42106305
-0.70521368,0.33748311,0.3306573,0.40908951
-0.7005379,0.32732298,0.33169298,0.40776441
-0.77428005,0.4193004,0.31555397,0.41217539
-0.76692159,0.42619301,0.3171454,0.41563251
-0.74267979,0.4326126,0.32241843,0.42309834
-0.68235615,0.30864301,0.33573564,0.4076441
-0.66718779,0.37636531,0.33912683,0.42780252
-0.66697454,0.22713506,0.33917462,0.39177922
-0.77856474,0.38522226,0.3146293,0.40291293
-0.73927045,0.37132945,0.3231637,0.40903864
-0.73344248,0.42031393,0.32443975,0.42235128
-0.69316303,0.43566638,0.33332981,0.43597918
-0.69528407,0.44672108,0.33285864,0.43817723
-0.73996501,0.43145612,0.3230118,0.42347874
-0.74557213,0.42525054,0.32178688,0.42059738
-0.72200448,0.41935816,0.32695174,0.4249107
-0.74524728,0.4196579,0.32185777,0.41931418
-0.76157951,0.40514916,0.31830343,0.41182395
-0.60704025,0.25788599,0.35273465,0.41358752
-0.61853528,0.20246788,0.35011465,0.39745817
-0.63544794,0.19133919,0.34627626,0.39076237
-0.65224906,0.3753034,0.3424829,0.43120275
-0.63511458,0.18856668,0.34635173,0.39018185
-0.63324219,0.19886373,0.34677574,0.39308128
-0.55369789,0.17582944,0.3650069,0.4066411
-0.5859528,0.13995155,0.35756401,0.39031192
-0.66965644,0.25681595,0.33857377,0.39823122
-0.68503359,0.40146096,0.33513878,0.42957812
-0.71521657,0.37901467,0.3284472,0.41673238
-0.71082502,0.42718669,0.32941657,0.42956202
-0.73053937,0.4118322,0.32507638,0.42099085
-0.71736764,0.38250533,0.32797291,0.41705802
-0.69984743,0.3541328,0.33184606,0.414422
-0.72764397,0.31975088,0.32571195,0.39941743
-0.70883709,0.27931287,0.32985585,0.39423995
-0.67172965,0.30422995,0.33810965,0.40914532
-0.71574287,0.39709134,0.32833112,0.42100441
-0.65454105,0.31469083,0.34196695,0.41584586
-0.67292958,0.32577934,0.33784117,0.41407365
-0.64248449,0.41826348,0.34468513,0.44417842
-0.68893262,0.1899853,0.33427056,0.37778809
-0.67921252,0.20841789,0.33643708,0.38442818
-0.65977857,0.2173235,0.34078935,0.39115613
-0.61528361,0.2527663,0.35085488,0.41035033
-0.62020805,0.25552546,0.34973414,0.40982652
-0.61681509,0.22959626,0.35050616,0.40438699
-0.66329076,0.32038972,0.34000077,0.41510495
-0.72457856,0.40397955,0.32638555,0.42052977
-0.59465456,0.21878888,0.3555676,0.40712443
-0.6002746,0.20959775,0.35428087,0.40355437
-0.59594561,0.21404628,0.35527182,0.40566888
-0.70651225,0.34127187,0.33036996,0.40969161
-0.61120513,0.24585133,0.35178434,0.40966418
-0.65450522,0.24594641,0.34197502,0.39925774
-0.68385467,0.39167691,0.33540152,0.4274708
-0.68750441,0.37938206,0.33458846,0.42357312
-0.68962641,0.37684548,0.33411618,0.42243609
-0.66648377,0.35190751,0.33928463,0.42199812
-0.69581021,0.30055222,0.33274181,0.40245219
-0.58766521,0.35728979,0.35717074,0.44265952
-0.65336127,0.32134715,0.34223248,0.41775064
-0.65307727,0.24350569,0.34229642,0.39901485
-0.7362854,0.3558937,0.32381696,0.40603243
-0.68292461,0.393,0.33560887,0.42802232
-0.68175669,0.3839893,0.33586934,0.42610335
-0.70920628,0.35354875,0.32977425,0.41201116
-0.69956154,0.36174189,0.33190945,0.41633921
-0.63290842,0.33043184,0.34685136,0.42495217
-0.66128583,0.26912375,0.34045083,0.40319693
-0.67500384,0.28877126,0.3373773,0.40462456
-0.65459627,0.38417935,0.34195453,0.43280475
-0.66712909,0.29342743,0.33913998,0.40764687
-0.689536,0.30095985,0.3341363,0.40406011
-0.63462078,0.29623709,0.34646353,0.41620215
-0.63989098,0.29302895,0.34527118,0.41414358
-0.67513919,0.27127238,0.33734705,0.40038365
-0.57463102,0.24732368,0.36016893,0.41889593
-0.57206741,0.22415547,0.36075992,0.41388886
-0.59959118,0.22094276,0.35443723,0.40645292
-0.59465129,0.28507287,0.35556835,0.42321765
-0.60846261,0.26458271,0.35240998,0.41486731
-0.60846261,0.26458271,0.35240998,0.41486731
-0.5949186,0.15230465,0.3555071,0.39111829
-0.57382088,0.22506221,0.36035565,0.41368347
-0.70394202,0.32112139,0.33093881000000003,0.40544677
-0.63216507,0.29160395,0.34701978,0.41567318
-0.70459034,0.37006716,0.33079528,0.41714047
-0.69712746,0.37459194,0.33244941,0.42005795
-0.67721733,0.28458138,0.33688265,0.40308291
-0.7093213,0.33504217,0.32974882,0.40750744
-0.74969853,0.36211122,0.32088699,0.40429824
-0.58840615,0.29041807,0.35700064,0.42604939
-0.62913567,0.21626774000000001,0.34770655,0.39822464
-0.62653437,0.21439034,0.34829677,0.39839814
-0.63465115,0.32704401,0.34645665,0.42369892
-0.64183674,0.32014361,0.34483146,0.42026317
-0.63917045,0.33132848,0.34543408,0.42364158
-0.67055111,0.25258881,0.33837345,0.39700446
-0.66887798,0.30044988,0.33874813,0.4089209
-0.6916047,0.35270624,0.33367619,0.41607708
-0.61060645,0.24424464,0.35192087,0.40942043
-0.56422059,0.21480857,0.36257146,0.41352501
-0.62733595,0.2092059,0.34811485,0.3969643
-0.60603679,0.23586753,0.35296379,0.40850012
-0.66191212,0.34481345,0.34031021,0.42138299
-0.66608257,0.3496203,0.33937457,0.42153816
-0.64980138,0.25215734,0.3430343,0.40187852
-0.62220962,0.2370779,0.34927907,0.40488979
-0.63196033,0.25924897,0.34706617,0.40788602
-0.66859899,0.33476364,0.33881062,0.41730772
-0.69732501,0.39616773,0.33240557,0.4252746
-0.73356019,0.38931339,0.32441396,0.41477825
-0.64701175,0.30839804,0.34366325,0.41614626
-0.67779141,0.34090065,0.33675441,0.41656495
-0.67174753,0.27111618,0.33810565,0.40116066
-0.64061972,0.24355492,0.34510646,0.40201776
-0.62567753,0.26604471,0.34849129,0.41104845
-0.70384866,0.3780495,0.33095948,0.4192631
-0.59844896,0.3147532,0.35469863,0.42954794
-0.64526422,0.25541989,0.34405753,0.40375477
-0.66835786,0.29808886,0.33886464,0.40847602
-0.66090105,0.2914178,0.34053723,0.40866589
-0.65983585,0.25221154,0.34077649,0.3994819
-0.59779158,0.27853829,0.35484911,0.42085774
-0.61198474,0.28880424,0.35160658,0.41990083
-0.66496621,0.25979658,0.33962491,0.40007092
-0.64958468,0.31918571,0.34308314,0.41814355
-0.62639966,0.30356259,0.34832735,0.41998449
-0.6734677,0.25715707,0.3377208,0.39739992
-0.63704817,0.30225901,0.34591411,0.41707581
-0.68005407,0.28763987,0.33624923,0.40313627
-0.601682,0.27468404,0.35395897,0.41897125
-0.64137619,0.26043952,0.34493552,0.40590101
-0.69404016,0.38674053,0.33313492,0.42377401
-0.6863686,0.30244409,0.33484138,0.4051807
-0.69955456,0.41063498,0.331911,0.42826839
-0.7046363,0.34533249,0.3307851,0.4111281
-0.73254801,0.32253318,0.32463583,0.39890857
-0.59264849,0.27297428,0.3560274,0.42075515
-0.61734685,0.19047208,0.35038511,0.39487285
-0.57823859,0.24311675,0.35933799,0.41699492
-0.61558605,0.24642716,0.350786,0.40874428
-0.60924299,0.23411513,0.3522319,0.40730253
-0.64916917,0.291646,0.34317679,0.41155927
-0.63119203,0.24587382,0.3472403,0.40484485
-0.60728278,0.25096184,0.35267928,0.41185046
-0.70416358,0.35794936,0.33088976,0.41430076
-0.71273691,0.33549264,0.32899437,0.40679172
-0.59379791,0.2571976,0.35576391,0.41663554
-0.59954039,0.17827891,0.35444885,0.39621493
-0.64887343,0.33104161,0.34324345,0.42120424
-0.69542487,0.30708233,0.33282737,0.40411636
-0.69285522,0.35300213,0.33339822,0.41584516
-0.7382789,0.38774324,0.32338061,0.41325253
-0.72893747,0.39801928,0.32542794,0.41801723
-0.70975451,0.42418379,0.32965309,0.42908857
-0.71557282,0.34044815,0.32836862,0.4073033
-0.68166028,0.32282349,0.33589085,0.41124117
-0.6343616,0.27582305,0.34652222,0.41131339
-0.65971277,0.23835628,0.34080414,0.3961922
-0.599884,0.25647067,0.35437023,0.41498058
-0.66437995,0.28521609,0.3397564,0.40632858
-0.61892005,0.26809989,0.35002711,0.41318355
-0.68992909,0.38518837,0.33404885,0.42439898
-0.72208448,0.36294752,0.32693413,0.4111685
-0.62070889,0.30581439,0.34962024,0.4219205
-0.66093406,0.27437409,0.34052982,0.40454569
-0.6643491,0.28270887,0.33976333,0.40573136
-0.63010158,0.29072654,0.3474875,0.4159613
-0.6532869,0.33784441,0.34224923,0.42178685
-0.66073305,0.36196825,0.34057496,0.42585947
-0.69841539,0.27340255,0.33216365,0.39531785
-0.65809101,0.28338165,0.34116857,0.40740357
-0.58777092,0.25336299,0.35714647,0.4171685
-0.5943739,0.2288329,0.35563191,0.40961891
-0.6316039,0.25022429,0.34714695,0.40579419
-0.72167909,0.35730801,0.32702334,0.40990187
-0.7060713,0.3442582,0.33046752,0.41052074
-0.67822488,0.2672513,0.33665761,0.3986787
-0.6895129,0.34594742,0.33414144,0.41494364
-0.71395218,0.3360075,0.32872614,0.40662271
-0.64899216,0.33696659,0.34321669,0.4226204
-0.6544008,0.32989261,0.34199851,0.41957746
-0.65334815,0.2363326,0.34223544,0.39723112
-0.62733318,0.28526065,0.34811548,0.41530612
-0.71302752,0.36593321,0.32893021,0.41408722
-0.72578696,0.39786626,0.32611993,0.41874664
-0.69574245,0.42961631,0.33275686,0.43385837
-0.66021941,0.2205036,0.34069033,0.39180869
-0.71166721,0.34235624,0.32923055,0.40870753
-0.71135167,0.35213759,0.32930024,0.41114983
-0.73989242,0.36750887,0.32302767,0.4079652
-0.69126952,0.35505586,0.33375072,0.41672952
-0.67862517,0.36975085,0.33656822,0.42338953
-0.61245805,0.18481481,0.35149869,0.39468924
-0.58015771,0.1890445,0.35889631,0.40344935
-0.57403939,0.18588745,0.36030528,0.40416226
-0.57457009,0.18261772,0.36018297,0.4032474
-0.58109398,0.19679207,0.35868091,0.40508975
-0.6518863,0.27063141,0.34256459,0.40582427
-0.67874778,0.24395598,0.33654084,0.39298267
-0.67874778,0.24395598,0.33654084,0.39298267
-0.66864092,0.3235939,0.33880123,0.41458402
-0.65939137,0.33722012,0.34087634,0.42014669
-0.68564032,0.31902487,0.33500361,0.4093591
-0.66608602,0.30646579,0.3393738,0.4110515
-0.69640636,0.33158233,0.33260946,0.40979231
-0.6397649,0.30127198,0.34529969,0.41617561
-0.6397649,0.30127198,0.34529969,0.41617561
-0.66544403,0.30923631,0.33951775,0.41187788
-0.65817833,0.37427069,0.34114894,0.42949603
-0.66731246,0.37207997,0.33909889,0.42672335
-0.69304291,0.34932546,0.33335651,0.41490675
-0.69986253,0.33187701,0.33184271,0.40902788
-0.5968823,0.24038037,0.3550573,0.41180661
-0.60092243,0.19945949,0.35413268,0.4009609
-0.60092243,0.19945949,0.35413268,0.4009609
-0.65367807,0.30503875,0.34216117,0.41371242
-0.69496947,0.38374785,0.3329285,0.42281658
-0.69096326,0.33618395,0.33381883,0.41222393
-0.69729719,0.33277855,0.33241175,0.40986617
-0.71008476,0.37048548,0.32958011,0.41590682
-0.72195255,0.30580536,0.32696316,0.39743906
-0.63920624,0.32443032,0.34542599,0.42194942
-0.61904506,0.21244084,0.34999867,0.39972664
-0.63014954,0.26929404,0.34747663,0.41075249
-0.62463068,0.32639593,0.34872901,0.42598907
-0.62984121,0.28775841,0.34754654,0.41530363
-0.70687811,0.29538051,0.33028903,0.39855308
-0.69243927,0.33885725,0.33349067,0.41251406
-0.69243927,0.33885725,0.33349067,0.41251406
-0.65174231,0.35234593,0.34259702,0.42570505
-0.67377346,0.2856941,0.33765242,0.40417974
-0.67314729,0.28311417,0.33779247,0.40370933
-0.6747574,0.29413224,0.3374324,0.40597613
-0.69607119,0.27609155,0.33268387,0.39652162
-0.69079677,0.27293003,0.33385585,0.39702733
-0.67647042,0.30137999,0.33704952,0.40731157
-0.6400895,0.31771426,0.34522631,0.42009699
-0.65104075,0.35461956,0.34275504,0.42643258
-0.75659043,0.38310575,0.31938698,0.40769927
-0.57814363,0.26335184,0.35935986,0.42194555
-0.66567117,0.37872232,0.33946682,0.428751
-0.69440885,0.35670446,0.33305302,0.41636722
-0.67417752,0.28577293,0.33756206,0.40410142
-0.66844979,0.31500975,0.33884405,0.41254847
-0.67176036,0.33602718,0.33810278,0.41684631
-0.65369407,0.28659223,0.34215757,0.4092415
-0.64136356,0.31963104,0.34493837,0.42025358
-0.6793658,0.33324654,0.33640287,0.41432381
-0.61819059,0.23490475,0.35019309,0.40533464
-0.58866835,0.18594121,0.35694046,0.40065729
-0.5829508,0.1836639,0.3582539,0.40148368
-0.72928148,0.40270149,0.32535242,0.419073
-0.72739857,0.40376382,0.32576585,0.41979019
-0.64858204,0.32630729,0.34330914,0.42012147
-0.68281039,0.38406801,0.33563434,0.42586495
-0.65567737,0.26339992,0.3417113,0.40316917
-0.69604883,0.33862578,0.33268883,0.41158352
-0.67230272,0.36185718,0.33798142,0.42300599
-0.68949333,0.30339861,0.33414579,0.40465777000000003
-0.68425847,0.31122352,0.33531152,0.40780787
-0.71742962,0.35422678,0.32795925,0.41018447
-0.70610467,0.37945945,0.33046014,0.41905712
-0.6897946,0.35594528,0.33407877,0.41730432
-0.66248409,0.36181111,0.34018182,0.42539298
-0.64965068,0.37093913,0.34306826,0.43076968
-0.73270415,0.32107053,0.3246016,0.39852047
-0.70609402,0.39726581,0.33046249,0.42340079
-0.70939327,0.40432706,0.32973292,0.42431948
-0.71557998,0.30040379,0.32836704,0.39767162
-0.72925078,0.30062851,0.32535916,0.39445537
-0.64756602,0.18854365,0.34353824,0.38721777
-0.67531652,0.21439243,0.33730741,0.38676663
-0.66680177,0.38703297,0.33921335,0.43051046
-0.66202037,0.34378876,0.34028591,0.42110678
-0.66364389,0.26380803,0.33992154,0.40135178
-0.66775357,0.28260045,0.33900004,0.40488463
-0.63121166,0.21793344,0.34723585,0.39812633
-0.58550869,0.19364362,0.35766603,0.40326841
-0.58954794,0.1915556,0.35673858,0.4017948
-0.61782444,0.27438625,0.35027641,0.41497454
-0.59302729,0.26761751,0.35594056,0.41935791
-0.64276395,0.22068112,0.34462201,0.39601846
-0.68644098,0.18735034,0.33482526,0.3777544
-0.68452864,0.22845815,0.33525131,0.38791843
-0.67265709,0.24896137,0.33790213,0.39563274
-0.61780655,0.289515,0.35028048,0.41865637
-0.61106747,0.27616208,0.35181573,0.41704755
-0.64636878,0.31447666,0.34380829,0.41778031
-0.70644397,0.33030091,0.33038507,0.40705748
-0.71285836,0.33912675,0.32896755,0.40763964
-0.66513269,0.2886334,0.33958757,0.4069715
-0.65872095,0.29878595,0.34102699,0.4109753
-0.65927254,0.30502767,0.34090305,0.41235343
-0.69701898,0.31819476,0.33247349,0.40641051
-0.69701898,0.31819476,0.33247349,0.40641051
-0.64659809,0.31635884,0.34375656,0.41818241
-0.67114004,0.31012813,0.33824161,0.41071463
-0.67506496,0.33741032,0.33736364,0.41637931
-0.68235959,0.29306939,0.33573487,0.40388818
-0.6707686,0.23630134,0.33832476,0.3930601
-0.60100003,0.27639703,0.35411494,0.41955437
-0.58763337,0.29897215,0.35717805,0.42833165
-0.59225371,0.29096013,0.35611792,0.42524129
-0.71559368,0.3034981,0.32836402,0.39840975
-0.71042275,0.35769436,0.32950543,0.41272095
-0.70257695,0.3710093,0.33124113,0.41785924
-0.73242284,0.39922874,0.32466328,0.41746365
-0.61666553,0.28061564,0.3505402,0.41676932
-0.63859962,0.31088635,0.34556317,0.41879712
-0.6751493,0.2762784,0.33734479,0.40158365
-0.66199255,0.36523597,0.34029215,0.42635055
-0.67319761,0.29529465,0.33778121,0.40663278
-0.65691189,0.33537314,0.34143365,0.42030079
-0.65790747,0.32877083,0.34120983,0.41845071
-0.74261517,0.42004818,0.32243254,0.42005028
-0.70048763,0.40780991,0.33170412,0.42734844
-0.66270357,0.32429772,0.34013255,0.41619677
-0.6572206,0.24343996,0.34136424,0.39800594
-0.65937633,0.25626066,0.34087973,0.400564
-0.64289116,0.28979727,0.34459328,0.41263236
-0.69764277,0.31844309,0.33233506,0.40631994
-0.72989991,0.44859871,0.32521669,0.4301348
-0.68569903,0.29137442,0.33499053,0.40267667
-0.62909689,0.28629164,0.34771534,0.41512821
-0.69386301,0.28580811,0.33317428,0.39937861
-0.66422375,0.30509178,0.33979144,0.41116971
-0.61480965,0.31990147,0.35096283,0.42680269
-0.67235694,0.29400102,0.33796928,0.40652349
-0.70919171,0.29870428,0.32977747,0.39879525
-0.58825723,0.26646948,0.35703483,0.42024012
-0.6337401,0.17212963,0.34666297,0.38660384
-0.58755742,0.28199369,0.35719549,0.42419795
-0.56294682,0.21996651,0.3628659,0.41508571
-0.61424902,0.19111676,0.35109055,0.39576747
-0.6379807,0.30010079,0.34570315,0.41632456
-0.66777776,0.25049238,0.33899462,0.39716652
-0.63889771,0.29451228,0.34549576,0.4147446
-0.67943104,0.29474707,0.3363883,0.40499768
-0.63857492,0.2571695,0.34556875,0.40578797
-0.64292002,0.25972469,0.34458676,0.40535645
-0.73330043,0.40316587,0.32447089,0.41820788
-0.70417322,0.35430571,0.33088762,0.41341455
-0.74061249,0.36657179,0.32287022,0.40756501
-0.69969421,0.3787874,0.33188003,0.42045477
-0.64837332,0.30721219,0.3433562,0.41552745
-0.7418286,0.36988273,0.32260441,0.40807092
-0.71115581,0.41626089,0.3293435,0.42680593
-0.68872822,0.3211771,0.33431605,0.40913289
-0.61551627,0.24461322,0.35080189,0.40832283
-0.71652325,0.37840937,0.32815904,0.41626771
-0.71298356,0.44868946,0.32893992,0.43430842
-0.71449543,0.39389562,0.32860628,0.42052958
-0.71719981,0.37873091,0.3280099,0.41618145
-0.64610842,0.29242227,0.34386703,0.41248883
-0.63626587,0.31214469,0.34609113,0.41967171
-0.68926993,0.29300973,0.3341955,0.4022112
-0.64889895,0.28644582,0.3432377,0.41036586
-0.64692035,0.2665846,0.34368387,0.40604592
-0.66749319,0.31381548,0.33905838,0.41249087
-0.6916783,0.34299952,0.33365983,0.41370285
-0.65720871,0.35270392,0.34136692,0.42445662
-0.67326907,0.23628066,0.33776523,0.3924588
-0.60276733,0.27223124,0.35371083,0.41811019
-0.62688367,0.27559985,0.34821749,0.41307113
-0.66164601,0.27524286,0.34036995,0.40458347
-0.67107416,0.27488368,0.33825636,0.40222796
-0.69345518,0.34288788,0.33326489,0.41324486
-0.66637032,0.34134751,0.33931006,0.41945214
-0.6490009,0.26005951,0.34321472,0.40397217
-0.71443183,0.34269819,0.32862031,0.40812218
-0.67473945,0.36006622,0.33743641,0.42197447
-0.69173064,0.3093364,0.33364819,0.40554956
-0.66966518,0.34134845,0.33857182,0.41865024
-0.66845948,0.29719471,0.33884187,0.40823544
-0.65711782,0.30192991,0.34138735,0.41212493
-0.65711782,0.30192991,0.34138735,0.41212493
-0.71135959,0.37109234,0.32929849,0.41574456
-0.60345723,0.21543709,0.35355313,0.404194
-0.59143328,0.22389972,0.35630606,0.40913713
-0.57614884,0.20330457,0.35981923,0.40785393
-0.57642139,0.16620194,0.35975645,0.3988595
-0.61265951,0.23371984,0.35145277,0.40638266
-0.62458659,0.24082056,0.34873902,0.4052189
-0.7049448,0.37100519,0.33071682,0.41728237
-0.69747467,0.32636733,0.33237236,0.40827348
-0.67253653,0.31596411,0.3379291,0.41178954
-0.7555387,0.37184446,0.31961565,0.4052362
-0.73343944,0.46381877,0.32444042,0.43300022
-0.78871337,0.42334018,0.312445,0.40965949
-0.77925371,0.42917609,0.31448075,0.4133636
-0.78051832,0.43550242,0.31420819,0.41459157
-0.77071908,0.39267793,0.31632358,0.40659943
-0.69366299,0.4124252,0.33321872,0.43015034
-0.64498195,0.21870274,0.34412123,0.39501517
-0.61420388,0.25794981,0.35110083,0.41186665
-0.7324179,0.31538029,0.32466436,0.39722584
-0.71750173,0.32398204,0.32794336,0.40287029
-0.69010256,0.36127132,0.33401026,0.41852503
-0.63474202,0.28317081,0.34643608,0.41300146
-0.68561983,0.33664557,0.33500817,0.41363118
-0.64805388,0.32979014,0.34342822,0.42109895
-0.64891068,0.29172423,0.34323506,0.41164082
-0.63751471,0.31500897,0.34580856,0.4200652
-0.70299454,0.30445893,0.33114863,0.40166423
-0.66119566,0.27991224,0.34047107,0.40581739
-0.70385036,0.3862308,0.33095911,0.42125599
-0.72821068,0.36911168,0.32558751,0.41117769
-0.66750127,0.2480385,0.33905657,0.39664531
-0.63926202,0.23254402,0.34541338,0.39969934
-0.63310063,0.32794561,0.34680781,0.42429778
-0.66503014,0.26965399,0.33961057,0.40242377
-0.69722351,0.32380971,0.3324281,0.40771639
-0.68252212,0.36783143,0.33569862,0.42197021
-0.70511463,0.29290029,0.33067923,0.39838128
-0.69041125,0.38385471,0.33394159,0.42395547
-0.61627108,0.31602488,0.35063001,0.4254973
-0.62219874,0.30932752,0.34928155,0.42241406
-0.63647214,0.31102209,0.34604445,0.41934811
-0.68946869,0.31245333,0.33415128,0.40684696
-0.66848099,0.35758374,0.33883706,0.42289575
-0.68108455,0.26977335,0.33601929,0.39859776
-0.66218016,0.33577915,0.34025004,0.41911657
-0.67229506000000006,0.31112917,0.33798313,0.41067737
-0.72172993,0.35661092,0.32701216,0.40972097
-0.70010529,0.32769209,0.33178888,0.40795804
-0.62121904,0.2705064,0.34950425,0.41320962
-0.66457067,0.22905983,0.33971362,0.39281116
-0.69343429,0.426864,0.33326953,0.43374928
-0.74752028,0.35863107,0.32136186,0.40398473
-0.7358956,0.30667653,0.32390231,0.39431283
-0.59705778,0.2397749,0.35501711,0.41161746
-0.6170978,0.20779815,0.3504418,0.39908006
-0.60611763,0.19239258,0.35294533,0.39801926
-0.58790461,0.18907702,0.35711578,0.40159406
-0.72966724,0.37886049,0.32526775,0.4131868
-0.68360949,0.36815529,0.33545618,0.42178399
-0.72616842,0.32805832,0.3260361,0.40176649
-0.7550061,0.33178869,0.31973148,0.39574711
-0.7550061,0.33178869,0.31973148,0.39574711
-0.61601011,0.33792839,0.35068943,0.43092413
-0.63112813,0.27608126,0.34725478,0.4121591
-0.70363984,0.30788354,0.33100572,0.40233236
-0.70820339,0.29275996,0.32999595,0.39760761
-0.55498583,0.20949747,0.36470843,0.41447691
-0.60533251,0.20382815,0.35312465,0.40095095
-0.54184383,0.25061222,0.36775877,0.42770238
-0.6159486,0.2587948,0.35070344,0.41164872
-0.61690572,0.22519869,0.35048552,0.40330644
-0.58641979,0.26898233,0.35745674,0.42130038
-0.65895023,0.21337794,0.34097547,0.39041401
-0.64904896,0.22742963,0.34320388,0.39612932
-0.66121238,0.27912698,0.34046732,0.40562402
-0.67795287,0.34342614,0.33671835,0.41713961
-0.66226618,0.26986145,0.34023073,0.40313855
-0.63210835,0.32386623,0.34703263,0.42354388
-0.63256981,0.32117363,0.34692807,0.42277398
-0.656042,0.33720128,0.34162928,0.4209583
-0.60668865,0.30461899,0.35281493,0.42505162
-0.71262722,0.30022115,0.32901858,0.39833533
-0.68628794,0.32948794,0.33485935,0.41173442
-0.74090328,0.39767886,0.32280665,0.41502644
-0.69145661,0.32263332,0.33370912,0.40882539
-0.69014117,0.32558128,0.33400167,0.4098562
-0.68274762,0.35482283,0.33564834,0.41874564
-0.65971557,0.30066902,0.34080351,0.41119039
-0.69037654,0.32700091,0.33394932,0.41014267
-0.682297,0.33965939,0.33574883,0.41516891
-0.623481,0.22855805,0.34899017,0.40253277
-0.62335949,0.2624879,0.34901777,0.41074859
-0.68261108,0.22434673,0.33567879,0.38739765
-0.66869754,0.28115742,0.33878854,0.40430961
-0.66796759000000006,0.31746657,0.33895208,0.41326093
-0.66834459,0.341975,0.33886761,0.41912422
-0.67753755,0.33268813,0.33681112,0.41463198
-0.73509225,0.32612919,0.32407826,0.39916079
