alpha,beta,p_stay_noreward,p_stay_reward
-0.95672254,0.7286639,0.27753488,0.44323118
-1.023996,0.759644,0.26424977,0.4342942
-0.95668636,0.66769535,0.27754213,0.4282509
-0.96107359,0.70478061,0.2766633,0.43627519
-0.97658645,0.71261373,0.27356963,0.43438738
-0.96416083,0.72822625,0.2760459,0.44128845
-0.92778206,0.57962221,0.2833749,0.41382873
-0.92490928,0.5713299,0.28395865,0.4125147
-0.92442189,0.55169272,0.28405776,0.40788172
-1.0200814,0.82452263,0.26501155,0.45126553
-1.0121708,0.6997381,0.26655523,0.42252105
-0.96313262,0.69493361,0.27625143,0.43334929
-0.94317655,0.67562745,0.28025914,0.43350889
-0.97863741,0.60488796,0.27316223,0.40763533
-0.95157181,0.62955898,0.27856883,0.42018529
-0.98545439,0.71377535,0.27181086,0.43249494
-0.97514208,0.6796283,0.27385676,0.42665454
-0.88340539,0.65811133,0.29247259,0.44391352
-0.96827578,0.59686811,0.27522431,0.40820092
-0.93148883,0.62835745,0.28262276,0.42479217
-0.90113363,0.6183381,0.28881759,0.42976855
-0.94652807,0.68266565,0.27958359,0.43441448
-1.0183421,0.67786881,0.26535046,0.41569451
-1.0040492,0.68589512,0.26814605,0.42112568
-0.97913089,0.77110721,0.27306427,0.44818081
-0.98577066,0.77597489,0.27174826,0.44774259
-0.91611109,0.65565134,0.28575095,0.43525069
-0.93245311,0.62355998,0.2824273,0.42338494
-0.92869345,0.68255079,0.28318986,0.43877315
-0.90066534,0.67064024,0.28891379,0.44274595
-0.90281389,0.65700904,0.28847258,0.43885634
-0.99739001,0.65389674,0.26945489,0.41496117
-0.92131913,0.69813606,0.28468919,0.44443469
-1.0131093,0.8197744,0.26637179,0.45181626
-0.99469345,0.70984134,0.26998603,0.42926462
-1.0349532,0.73539203,0.26212495,0.42566477
-1.0190721,0.78186001,0.26520818,0.4409735
-0.93533293,0.61344044,0.28184403,0.4202146
-0.9251163,0.64585504,0.28391656,0.4306349
-0.9317544,0.71364699,0.28256892,0.44568828
-0.94306237,0.71216778,0.28028217,0.44253144
-0.95689155,0.69964633,0.27750099,0.43604101
-1.003091,0.6737731,0.26833412,0.41840659
-0.98147283,0.71301886,0.27259964,0.43328668
-1.0088766,0.74215963,0.26719976,0.43371325
-1.0146763,0.72146304000000006,0.2660657,0.4272174
-0.93102116,0.65784629,0.28271759,0.43212783
-0.96307845,0.74190237,0.27626226,0.44493029
-0.92593549,0.62535549,0.28375004,0.4254157
-0.95017753,0.68967418,0.27884912,0.43523998
-0.9434582,0.66393974,0.28020233,0.43057184
-0.98110223,0.69214441,0.27267313,0.42825903
-0.9970725,0.69793392,0.26951739,0.42576808
-0.94114427,0.65482465,0.28066926,0.42890512
-0.92509704,0.62068923,0.28392048,0.42448031
-0.95280505,0.62951422,0.27832105,0.41987396
-0.94314082,0.57662087,0.28026635,0.40938219
-0.93823731,0.57781802,0.28125654,0.41085807
-0.95458374,0.6698206,0.27796393,0.42928642
-0.97516084,0.71363371,0.27385303,0.43498834
-1.0386381,0.66749093,0.26141286,0.40826385
-1.0412747,0.76781956,0.26090412,0.43205907
-0.92091482,0.63651122,0.28477153,0.42937451
-1.0268533,0.74184552,0.26369461,0.42922648
-0.99458372,0.74368506,0.27000766,0.43760232
-1.0029823,0.72527597,0.26835546,0.43101618
-0.9873685,0.72681717,0.27143216,0.43522818
-0.99388616,0.7376456,0.27014517,0.43628808
-0.98118859,0.70412098,0.272656,0.43117283
-0.97594979,0.79139249,0.27369617,0.4539912
-0.9745334,0.65699442,0.27397782,0.42127563
-0.92732694,0.59394718,0.28346733,0.4174185
-0.92581134,0.59864141,0.28377527,0.41892938
-0.92581134,0.59864141,0.28377527,0.41892938
-0.95064704,0.6041769,0.27875472,0.41423866
-0.97347514,0.59851291,0.27418838,0.40734252
-0.94139652,0.64093783,0.28061834,0.42544536
-0.98585252,0.70351507,0.27173206,0.42988081
-0.92878008,0.64032652,0.28317227,0.4283825
-0.92598557,0.64119225,0.28373986,0.42927902
-0.95870272,0.62869832,0.27713801,0.41823955
-0.97651711,0.65963566,0.27358341,0.42143595
-0.93310892,0.61618194,0.28229441,0.42142485
-0.95775027,0.66445288,0.27732886,0.42719681
-0.96316558,0.68065027,0.27624484,0.42983722
-1.0059541,0.7169949,0.2677724,0.4282587
-0.95502421,0.66952389,0.27787554,0.42910582
-0.95718356,0.6687565,0.27744245,0.42838899
-0.94349808,0.65339053,0.28019429,0.42797754
-0.94077316,0.65103842,0.28074419,0.42806881
-0.94142109,0.64634358,0.28061338,0.42676127
-0.93087243,0.56986332,0.28274775,0.41071531
-0.88629383,0.63791168,0.29187524,0.43822175
-0.9673793,0.61474911,0.27540317,0.41274475
-0.9673549,0.6221277,0.27540804,0.41454029
-0.9881144,0.76753183,0.27128468,0.44507687
-0.9837955,0.76073231,0.27213932,0.44446429
-0.974546,0.60012563,0.27397532,0.40747334
-0.94780686,0.6529515,0.27932609,0.42681561
-0.93401368,0.63863577,0.28211113,0.42668778
-0.93999159,0.62819351,0.28090204,0.42267591
-1.0137713,0.75636371,0.26624245,0.43600109
-1.0219946,0.73625472,0.26463906,0.42904713
-0.99568534,0.74911022,0.26979058,0.43866666
-0.96581676,0.66295169,0.2757151,0.42485724
-0.93618747,0.65328532,0.2816711,0.42974242
-0.95566262,0.68874121,0.27774745,0.43366304
-0.94974243,0.70071492,0.27893662,0.43806288
-1.0340036,0.72989244,0.26230865,0.42455278
-1.0302054,0.73288269,0.26304429,0.42621211
-1.0575347,0.76050815,0.25778085,0.42628452
-1.0301556,0.73446808,0.26305394,0.42661205
-1.0221778,0.76598159,0.26460341,0.436299
-1.0512296,0.73526908,0.25898906,0.42166052
-1.0419,0.73546151,0.26078356,0.42398431
-1.0129096,0.77126534,0.26641082,0.43988118
-1.0126263,0.78179789,0.26646619,0.44254777
-0.99564424,0.75698798,0.26979868,0.44061752
-0.96555697,0.69340935,0.27576698,0.43237994
-0.99565555,0.74217928,0.26979645,0.43696806
-0.98403671,0.6559148,0.27209155,0.41869766
-0.90942359,0.65333187,0.2871178,0.43632469
-0.9309996,0.65749876,0.28272196,0.43204785
-0.90483665,0.57861462,0.28805758,0.41916014
-0.96885548,0.70822638,0.27510869,0.43520907
-0.96403354,0.64160293,0.27607134,0.42008351
-0.92958013,0.64761961,0.2830099,0.42997319
-0.92494083,0.62643734,0.28395224,0.42592336
-0.93069785,0.63012151,0.28278316,0.4254166
-0.96678377,0.65015615,0.27552203,0.42149784
-0.94922255,0.73541311,0.2790412,0.44675034
-0.95589713,0.73632829,0.27770041,0.44532726
-0.96147307,0.7808288,0.27658336,0.45496134
-1.0712641,0.7831889,0.25516276,0.42847515
-0.98332211,0.73698503,0.2722331,0.43872527
-0.98461271,0.66927195,0.27197748,0.42181166
-0.91098596,0.68019263,0.28679812,0.44255642
-0.9313172,0.61263492,0.28265756,0.42099692
-0.94308163,0.67485421,0.28027829,0.43334231
-0.99488633,0.72419091,0.26994802,0.43273638
-0.93969268,0.70170163,0.28096242,0.44078148
-0.93454303,0.6997968,0.28200394,0.44158146
-0.96522792,0.68249689,0.2758327,0.42978435
-1.0155661,0.76913868,0.26589197,0.43870303
-1.0359174,0.71512659,0.2619385,0.42048303
-0.99073618,0.68706662,0.27076669,0.42466067
-0.96451736,0.66910677,0.27597466,0.42667979
-0.99383041,0.72898842,0.27015616,0.43417381
-0.95713516,0.68813986,0.27745215,0.43315376
-1.0236194,0.76146321,0.26432298,0.43483373
-1.0195129,0.80570679,0.26512229,0.44675117
-1.0131203,0.75109104,0.26636964,0.43486493
-0.93068565,0.63367227,0.28278563,0.42628775
-1.0482492,0.79231984,0.25956144,0.43636461
-1.0063038,0.72527348,0.26770383,0.4302012
-1.0127567,0.72143859,0.2664407,0.42768119
-0.96343119,0.71492889,0.27619174,0.43819217
-0.99317688,0.72594718,0.27028504,0.43358733
-0.9336063,0.68797316,0.28219365,0.43889862
-0.93134515,0.68629789,0.28265189,0.43904291
-0.96088537,0.67055469,0.27670096,0.42792291
-1.0636308,0.68487678,0.25661622,0.40642745
-1.00109,0.70607667,0.26872716,0.42677696
-0.99871378,0.74540082,0.26919438,0.43700824
-0.9805926,0.7319221,0.27277421,0.43815076
-0.967363,0.74215838,0.27540643,0.4439356
-1.0021793,0.67257945,0.26851315,0.41833798
-0.98655777,0.78124337,0.27159252,0.44885095
-0.98978239,0.68871511,0.27095506,0.4252966
-0.94620225,0.67595625,0.27964922,0.4328467
-0.99580771,0.68443638,0.26976647,0.42278005
-0.9917153,0.6904394,0.27057341,0.42524561
-1.031604,0.67740721,0.26277326,0.41236509
-1.0183251,0.69950701,0.26535379,0.42096383
-1.0137828,0.71290456,0.2662402,0.4253428
-0.95142686,0.66177549,0.27859796,0.42808922
-0.98579595,0.70017642,0.27174326,0.42907662
-0.95321457,0.72337476,0.27823881,0.44279167
-0.96008838,0.59426311,0.2768605,0.40955017
-0.89795199,0.65784006,0.28947155,0.44025877
-0.99633945,0.67541251,0.26966174,0.42044986
-0.95976155,0.73163937,0.27692594,0.4432155
-0.97139012,0.58860607,0.27460351,0.40545559
-0.9523979,0.70671814,0.27840284,0.43888714
-0.94644823,0.70983486,0.27959967,0.4411211
-1.0124935,0.68697744,0.26649214,0.41933202
-0.93460086,0.71844086,0.28199223,0.44616944
-0.94803779,0.68359551,0.27927961,0.43427201
-0.98975343,0.68932605,0.27096078,0.42545301
-1.0111413,0.65029163,0.26675655,0.4107539
-0.98214688000000006,0.67441306,0.272466,0.42366798
-1.0637519,0.75175013,0.25659311,0.42262619
-1.0414463,0.7918661,0.26087102,0.43792682
-1.053256,0.72307872,0.25860035,0.41819749
-1.0052929,0.73617969,0.26790204,0.43312481
-1.0044534,0.73044157,0.26806673,0.43192247
-0.96028948,0.67059446,0.27682024,0.42807853
-0.93630248,0.63679663,0.28164783,0.42567829
-0.93582558,0.62262204,0.28174433,0.42233298
-0.93812467,0.64979863,0.28127931,0.42841373
-0.92251032,0.62927411,0.28444668,0.42721178
-0.94997429,0.64860523,0.27888999,0.42522284
-0.93964204,0.67846954,0.28097265,0.4350755
-0.92897035,0.67844087,0.28313365,0.43769318
-0.95649742,0.64205864,0.27758002,0.42203165
-0.91567446,0.66400038,0.28584007,0.43741149
-1.0078193,0.68159022,0.26740683,0.41915842
-0.92354438,0.69509966,0.28423625,0.4431359
-0.94988484,0.61328553,0.27890798,0.41663578
-0.95059504,0.61555356,0.27876517,0.41701446
-0.97798463,0.67131692,0.27329186,0.42392832
-0.97520427,0.74820013,0.2738444,0.44349142
-1.0064294,0.72161137,0.26767921,0.42927297
-0.97428151,0.75793917,0.27402793,0.44612439
-1.0027462,0.70470861,0.26840182,0.42603727
-0.97465418,0.70844405,0.2739538,0.43383774
-1.0363664,0.75691135,0.26185171,0.43058739
-1.0076385,0.75870461,0.26744226,0.43808593
-1.0171199,0.72761768,0.26558879,0.42812573
-1.0294638,0.79386712,0.26318806,0.44137175
-1.0453499,0.78106844,0.26011905,0.43431152
-1.0441656,0.72812309,0.26034704,0.42164053
-1.0068677,0.75662152,0.2675933,0.43776292
-0.99719764,0.76137722,0.26949275,0.4413166
-1.038906,0.83104651,0.26136114,0.44822143
-1.0378938,0.83003936,0.26155659,0.44822267
-1.0539268,0.80538128,0.25847176,0.43818153
-1.0462455,0.78320168,0.25994672,0.43461561
-1.0069964,0.80746299,0.26756807,0.45028149
-1.0054218,0.81771587,0.26787677,0.45321082
-1.0494933,0.7773526,0.25932242,0.43238164
-1.0002522,0.7334106,0.26889184,0.43368265
-1.0002522,0.7334106,0.26889184,0.43368265
-1.0180579,0.71118715,0.26540587,0.42387874
-0.98842797,0.74838971,0.27122269,0.44027692
-0.95873538,0.70337613,0.27713146,0.43650485
-0.93666091,0.69386029,0.28157532,0.4395963
-1.0015911,0.69802382,0.2686287,0.42468566
-1.0468333,0.75191182,0.25983367,0.42679945
-1.0164847,0.77461786,0.26571271,0.43982635
-0.89105809,0.59347461,0.29089152,0.42614833
-0.89435369,0.60582339,0.2902122,0.42836371
-0.87928187,0.67780714,0.29332661,0.44980101
-0.93400064,0.5556023,0.28211378,0.40651326
-0.9093856,0.5999389,0.28712558,0.4232498
-1.0097704,0.79387667,0.26702478,0.44623523
-1.0777725,0.79453151,0.25392778,0.42965938
-1.0491262,0.84748772000000006,0.25939293,0.44976049
-1.0785828,0.77707539,0.2537743,0.42518902
-1.0027929,0.73262652,0.26839266,0.43286625
-0.9453988,0.66009772,0.2798111,0.42915463
-0.96346507,0.6831147,0.27618497,0.43036788
-0.88705346,0.63829474,0.29171826,0.43812904
-1.0533357,0.82859497,0.25858507,0.44405012
-1.0684839,0.82713704,0.25569151,0.43995447
-1.0909442,0.84723986,0.25144052,0.43937367
-1.0909442,0.84723986,0.25144052,0.43937367
-1.0544325,0.76944422,0.25837485,0.42923126
-0.91758693,0.54444278,0.28544983,0.4077815
-0.91795402,0.58822638,0.28537496,0.41830689
-0.899043,0.61808633,0.2892472,0.43021925
-0.91384008,0.58830627,0.28621468,0.41932771
-0.91026619,0.63385797,0.28694537,0.43133457
-0.91486617,0.60042262,0.2860051,0.42203049
-0.9155271,0.60417987,0.28587016,0.42278593
-0.99642493,0.7054552,0.2696449,0.42776648
-0.96470251,0.69379108,0.27593766,0.43268335
-0.96470251,0.69379108,0.27593766,0.43268335
-0.98404236,0.67089216,0.27209043,0.422346
-0.98348662,0.65464456,0.27220051,0.41852239
-0.99654895,0.68962421,0.26962048,0.42386555
-0.99344874,0.74651051,0.27023143,0.43857725
-0.99800044,0.69304585,0.26933474,0.42434674
-0.99888268,0.74963314,0.26916116,0.43800822
-0.99343671,0.75976889,0.2702338,0.4418474
-1.0185461,0.70884747,0.26531071,0.42318831
-1.0053233,0.8280661,0.26789609,0.45580137
-1.0106728,0.72918628,0.26684821,0.43008938
-1.0445198,0.80455385,0.26027884,0.44029474
-0.9835177,0.78829814,0.27219435,0.45134952
-0.98123826,0.78210758,0.27264616,0.45038118
-1.0276469,0.6828919,0.26354057,0.41465491
-0.92277439000000006,0.69504335,0.28439293,0.44331202
-0.96185545,0.70827693,0.27650686,0.4369429
-1.0424038,0.75378024,0.26068644,0.42834087
-1.0237031,0.77839013,0.2643067,0.43897747
-1.0346124,0.70029446,0.26219087,0.41719037
-0.96607937,0.7454154,0.27566266,0.44505677
-0.99064744,0.69437475,0.27078421,0.42646891
-1.0173996,0.72415218,0.26553423,0.42720903
-0.94945368,0.66774994,0.27899471,0.43003613
-0.98842848,0.70643087,0.27122259,0.4299641
-0.9327438,0.65419809,0.28236839,0.43081035
-0.93551837,0.68657966,0.2818065,0.43808474
-0.98192002,0.65824013,0.27251098,0.41977919
-0.89105737,0.54979956,0.29089167,0.41550397
-0.91345175,0.65042416,0.28629402,0.43461961
-0.90820498,0.66404132,0.28736729,0.43926054
-0.96735435,0.63228905,0.27540815,0.41700867
-0.98144184,0.68475607,0.27260578,0.42636787
-0.97143211,0.68373134,0.27459515,0.42856685
-0.97143211,0.68373134,0.27459515,0.42856685
-1.0046109,0.63796864,0.26803583,0.40935262
-0.9429272,0.66423177,0.28030944,0.43077364
-0.9429272,0.66423177,0.28030944,0.43077364
-0.97591408,0.668989,0.27370327,0.42386547
-1.0116662,0.76568356,0.2666539,0.43881256
-1.0374858,0.7412622,0.26163541,0.42648092
-0.97956932,0.73805988,0.27297725,0.43991441
-0.98100493,0.73802421,0.27269243,0.43955193
-0.97496948,0.75113705,0.27389109,0.44427436
-0.94861722,0.73523689,0.279163,0.44685641
-1.0043857,0.72216306,0.26808002,0.42990895
-0.9291852,0.6436469,0.28309005,0.42909651
-0.9274766,0.60670254,0.28343694,0.42048711
-0.93573035,0.6493777,0.2817636,0.42889703
-0.95571484,0.67779411,0.27773697,0.43096361
-0.96657678,0.67133551,0.27556335,0.4267212
-0.98586737,0.66191916,0.27172912,0.41971384
-0.94636508,0.65481243,0.27961642,0.4276238
-0.95447748,0.60660503,0.27798526,0.41389844
-0.95705329,0.61893194,0.27746856,0.4162659
-0.93394485,0.65048434,0.28212508,0.42960559
-0.92560593,0.55509841,0.28381703,0.40841839
-0.93308692,0.63674983,0.28229886,0.42645315
-1.0317747,0.67676207,0.26274018,0.41216739
-0.95821067,0.70670865,0.27723659,0.43745384
-0.94298171,0.68053265,0.28029844,0.43476177
-0.98351054,0.67210281,0.27219577,0.42277117
-1.0031522,0.76204721,0.26832211,0.44001406
-1.0021525,0.75388409,0.26851843,0.43824975
-0.99999996,0.69328694,0.26894143,0.42391726
-0.97988482,0.65905208,0.27291464,0.42047282
-0.96850214,0.71733506,0.27517916,0.43753626
-0.99487379,0.71566879,0.26995049,0.43064869
-0.93277345,0.64043272,0.28236238,0.42743091
-0.96148959,0.66808679,0.27658005,0.42717101
-1.023176,0.72456613,0.26440922,0.42589735
-1.0397897,0.74248136,0.26119058,0.42621562
-0.97202809,0.74296381,0.27447645,0.44298302
-0.96269927,0.69347708,0.27633808,0.43309806
-0.91861624,0.64658151,0.28523993,0.43240764
-1.0009643,0.73083008,0.26875188,0.43287415
-0.98740787,0.69311759,0.27142438,0.42695386
-0.95150972,0.70023391,0.27858131,0.4375095
-1.0039024,0.73685715,0.26817486,0.43363263
-0.95058671,0.668028,0.27876684,0.42982659
-0.99044359,0.62332493,0.27082447,0.40923744
-0.96070165,0.63632742,0.27673773,0.41961009
-0.93786251,0.7207616,0.28133231,0.44593695
-0.97641186,0.6112598,0.27360433,0.40971297
-0.90899898,0.63815142,0.28720472,0.43269903
-1.0590574,0.76096724,0.25748962,0.42602442
-1.059704,0.78557976,0.25736603,0.43189488
-0.9956999,0.74350849,0.26978771,0.43728419
-0.93319964,0.65129007,0.28227603,0.42998568
-0.91270047,0.64797118,0.28644756,0.4342015
-0.89759899,0.66672538,0.28954416,0.44253662
-0.90432841,0.57246676,0.28816182,0.41778772
-0.904072,0.61943033,0.28821442,0.42931618
-1.0365808,0.77608741,0.26181026,0.43524242
-1.0223852,0.72483482,0.26456306,0.42615643
-0.99792198,0.72423775,0.26935018,0.43200285
-1.0046224,0.81096989,0.26803358,0.45173761
-1.0176331,0.78259746,0.26548869,0.44151009
-1.0359002,0.78842805,0.26194182,0.43844578
-1.051257,0.80830907,0.2589838,0.43956001
-1.049383,0.8053136,0.2593436,0.43928376
-1.0275247,0.71791039,0.26356428,0.42320889
-1.0135783,0.70784819,0.26628015,0.4241573
-1.0089489,0.72726518,0.26718561,0.43004104
-0.96181888,0.67829557,0.27651417,0.4295902
-0.94476307,0.65415406,0.27993923,0.42785478
-0.97099737,0.68643257,0.27468175,0.42933501
-0.93806209,0.63626628,0.28129196,0.42511854
-0.91121916,0.7155273,0.28675042,0.45123257
-0.933912,0.70325082,0.28213173,0.44258903
-0.93763899,0.65810943,0.2813775,0.43056911
-0.94050791,0.65516752,0.28079776,0.429145
-0.99670552,0.7287564,0.26958965,0.43341065
-0.93483963,0.62412117,0.28194389,0.42293938
-0.91279987,0.65584825,0.28642724,0.43611322
-1.0434626,0.71971392,0.26048244,0.41976244
-0.97904243,0.73541932,0.27308183,0.43939369
-1.0350883,0.73886387,0.26209883,0.42648072
-0.98880048,0.77513641,0.27114907,0.44678627
-0.88089503,0.60334807,0.29299234,0.43105527
-0.9935983,0.67736729,0.27020193,0.42159455
-1.0097392,0.75218037,0.26703089,0.4359639
-1.0584773,0.80087263,0.25760054,0.43595261
-1.0612548,0.79281738,0.25706973,0.43329075
-0.93642697,0.63350155,0.28162264,0.4248425
-0.9200271,0.67753044,0.28495237,0.43967118
-0.93552023,0.70383255,0.28180612,0.4423358
-0.92032393,0.70014377,0.2848919,0.44517627
-0.92888208,0.70455555,0.28315157,0.44415237
-1.0019973,0.64456498,0.2685489,0.41158126
-0.93005271,0.66344009,0.28291402,0.43373888
-0.93250877,0.63368476,0.28241602,0.42584499
-0.95275566,0.66098263,0.27833097,0.42756986
-0.97718649,0.78984438,0.2734504,0.45330098
-1.0034523,0.73762258,0.26826321,0.43393119
-1.0077686,0.73705742,0.26741676,0.4327325
-1.0258234,0.73337772,0.26389464,0.42740524
-0.95898148,0.70490203,0.27708217,0.43681967
-0.98919714,0.68516773,0.27107069,0.42457276
-0.97350642,0.72394027,0.27418215,0.43793029
-0.9862153,0.76853452,0.27166027,0.44579368
-0.96185659,0.63270642,0.27650663,0.41844742
-0.97916563,0.61390703,0.27305737,0.4096872
-0.97916563,0.61390703,0.27305737,0.4096872
-0.97036952,0.77035007,0.27480686,0.45016119
-0.98883469,0.67520552,0.27114231,0.42222915
-0.98976763,0.67541733,0.27095798,0.42205324
-0.92830813,0.71351613,0.28326809,0.4465075
-0.954501,0.57682781,0.27798054,0.40668822
-0.89521491,0.65111121,0.29003483,0.43927531
-0.97783944,0.64238824,0.2733207,0.41691486
-0.96336552,0.64303651,0.27620487,0.42059557
-0.96855808,0.68181591,0.275168,0.42880162
-0.96855808,0.68181591,0.275168,0.42880162
-0.91338927,0.6673005,0.28630679,0.43878642
-0.94994295,0.73856367,0.2788963,0.44735107
-0.92487104,0.66332911,0.28396643,0.43498471
-0.98103878,0.64811112,0.27268572,0.41752845
-0.99297589,0.72412575,0.27032468,0.43318941
-0.98777128,0.71220752,0.27135252,0.43154171
-0.98886344,0.70700139,0.27113663,0.42999733
-0.98886344,0.70700139,0.27113663,0.42999733
-0.94903796,0.71712741,0.27907834,0.44228082
-1.0624607,0.70335665,0.2568395,0.41117648
-1.0626117,0.70614631,0.25681067,0.41181546
-1.0403904,0.72961146,0.26107468,0.42292463
-1.0131736,0.70013637,0.26635924,0.42237357
-0.98015464,0.74350006,0.2728611,0.44111094
-0.98227412,0.62669744,0.27244078,0.41203075
-0.93361709,0.62079943,0.28219146,0.42242713
-0.93862421,0.60881421,0.28117833,0.41828685
-0.9377508,0.65970004,0.28135489,0.43093172
-0.93139977,0.66200382,0.28264082,0.43305539
-1.0522227,0.77262081,0.25879852,0.43055139
-0.89867967,0.5951678,0.2893219,0.4246992
-0.97545102,0.69100055,0.27379533,0.42936302
-0.97409287,0.62347106,0.27406546,0.41323164
-0.95143409,0.72205278,0.27859651,0.4429048
-1.0254443,0.73385492,0.26396827,0.42761479
-1.0007052,0.75514813,0.2688028,0.43891736
-0.98465766,0.73232474,0.27196858,0.43724937
-0.93552335,0.62387176,0.28180549,0.42271165
-1.0986711,0.81439906,0.24998897,0.42940674
-0.91782873,0.65997295,0.28540051,0.43589088
-0.89242448,0.59029437,0.29060975,0.42503684
-0.9151298,0.62393937,0.28595127,0.42771245
-0.91326779,0.60678233,0.28633161,0.42397283
-0.96555252,0.67695035,0.27576787,0.42834611
-0.9955506,0.6978711,0.26981713,0.42612485
-0.93925596,0.66667991,0.28105066,0.43227479
-0.90706199,0.58620073,0.28760142,0.42046587
-0.93700834,0.62683573,0.28150504,0.42307261
-0.95799324,0.62484194,0.27728016,0.41747406
-0.99153739,0.7180172,0.27060852,0.4320431
-0.93219592,0.64443782,0.28247942,0.42855281
-0.93628536,0.6315069,0.28165129,0.42438977
-0.88708835,0.54807852,0.29171106,0.41605002
-0.89221282,0.53729225,0.29065339,0.41218971
-0.97085675,0.72701143,0.27470977,0.43933895
-1.0054826,0.6929494,0.26786484,0.42249653
-0.90490864,0.64208059,0.28804282,0.43466864
-0.92902751,0.61411799,0.28312205,0.42191684
-0.90952412,0.64240868,0.28709723,0.43361539
-0.97527702,0.68000909,0.27382993,0.42671468
-0.96099604,0.69079977,0.27667882,0.43285891
-0.97124366,0.64418487,0.27463268,0.41895644
-0.91654095,0.66396165,0.28566322,0.43718875
-0.95086776,0.65157632,0.27871034,0.42573071
-0.94977184,0.62559563,0.27893071,0.41965831
-0.98502507,0.71626444,0.27189584,0.43321138
-1.0145884,0.72818102,0.26608286,0.42888363
-1.0552721,0.7480719,0.25821399,0.42379828
-1.0028435,0.7439448,0.26838272,0.43563445
-0.93078766,0.61904949,0.28276494,0.42269053
-0.93932806,0.66517869,0.28103609,0.43188872
-0.97938752,0.65646994,0.27301333,0.41996488
-0.98160659,0.74734713,0.27257312,0.4417015
-0.93206148,0.72690199,0.28250667,0.44888927
-1.029386,0.67061349,0.26320316,0.41125674
-1.0037394,0.72786896,0.26820685,0.43146649
-0.98074815,0.66912664,0.27274336,0.422719
-0.93503774,0.60421603,0.28190378,0.4180407
-0.89677946,0.60554442,0.28971277,0.42770153
-0.93438417,0.61865079,0.28203611,0.42171591
-0.97087805,0.64640274,0.27470552,0.41958547
-1.0289262,0.76850287,0.26329234,0.43525965
-1.027029,0.75935954,0.26366051,0.43347934
-0.94014802,0.63022223,0.28087044,0.42313285
-0.92701976,0.63172681,0.28352973,0.42670856
-0.9212998,0.62637735,0.28469312,0.4267992
-1.02221,0.75079903,0.26459715,0.43256075
-1.0005114,0.7289512,0.26884089,0.43252411
-0.95774646,0.67480218,0.27732962,0.42973209
-0.97700529,0.6941443,0.2734864,0.42975251
-0.94521458,0.66672518,0.27984823,0.43082416
-0.93656941,0.71284898,0.28159383,0.44430201
-0.9516092,0.70374607,0.27856131,0.43834953
-0.93720634,0.69242459,0.28146499,0.4391083
-0.91478672,0.70775262,0.28602133,0.44842556
-0.94492516,0.63282742,0.27990656,0.42260279
-1.0038424,0.7189729,0.26818663,0.42926036
-0.98715932,0.70488881,0.27147353,0.42989722
-0.96757492,0.71713476,0.27536414,0.43771516
-1.0237591,0.62719019,0.26429581,0.40213697
-0.9992686,0.74405324,0.26908525,0.43654024
-0.99591855,0.73633905,0.26974464,0.43546708
-1.0150596,0.78745006,0.26599085,0.44334201
-1.0621623,0.76456133,0.25689645,0.42614404
-0.99599822,0.73831539,0.26972895,0.4359334
-1.0115207,0.73516772,0.26668235,0.43134812
-1.0072386,0.73787583,0.26752061,0.43306355
-1.0167027,0.71364766,0.26567018,0.42481083
-0.91098191,0.6346947,0.28679895,0.43136425
-0.99365799,0.68906118,0.27019016,0.42443414
-0.98382488,0.71298097,0.2721335,0.43269993
-0.98690176,0.70701766,0.27152447,0.43048219
-0.98882075,0.7040105,0.27114506,0.42927488
-0.95492081,0.67659546,0.27789629,0.43086439
-0.87657143,0.63164144,0.29388877,0.43907179
-0.89901438,0.65841905,0.28925308,0.44013965
-0.94156719,0.69028255,0.28058389,0.43750733
-1.0170973,0.75308637,0.2655932,0.43437799
-0.89015217,0.56104239,0.29107843,0.41845724
-0.97218296,0.70552119,0.27444561,0.43372681
-0.97787891,0.70113953,0.27331286,0.43125334
-1.0472595,0.74236179,0.2597517,0.42436063
-1.000826,0.78003846,0.26877905,0.44502625
-1.0032102,0.72588852,0.26831073,0.43111053
-1.0348539,0.74393058,0.26214415,0.42777784
-0.96801209,0.72920413,0.27527691,0.44058013
-0.9520786,0.68203224,0.27846699,0.43289571
-0.98714102,0.64604079,0.27147715,0.41554224
-0.93283123,0.63911533,0.28235067,0.4270944
-0.95988091,0.62552246,0.27690204,0.41718053
-0.95027023,0.64208095,0.27883048,0.42355678
-0.9226874,0.63324917,0.28441064,0.42814141
-0.88508188,0.58061738,0.2921258,0.42446646
-0.92855887,0.62662733,0.28321718,0.42508537
-0.93468748,0.67905276,0.28197469,0.43643709
-0.99755417,0.67876365,0.26942257,0.42097054
-0.95869776,0.70047605,0.277139,0.4358009
-0.97446582,0.67008647,0.27399126,0.42448727000000003
-0.92284562,0.69212478,0.28437843,0.4425743
-0.91875285,0.69087204,0.28521208,0.44327506
-0.90239363,0.6556789,0.28855885,0.43863228
-0.9539026,0.61136707,0.27810065,0.4151937
-1.0144509,0.75191266,0.26610971,0.43473985
-0.96824837,0.72036647,0.27522978,0.43834491
-0.99751853,0.70774902,0.26942959,0.4280603
-0.9888985,0.69822422,0.2711297,0.4278388
-0.94922083,0.66340791,0.27904155,0.42902924
-0.97973311,0.69284766,0.27294474,0.42876653
-0.97520386,0.68760056,0.27384448,0.42859072
-0.9589175,0.68010622,0.27709498,0.43074523
-0.9589175,0.68010622,0.27709498,0.43074523
-0.98091993,0.70431118,0.27270929,0.43128538
-0.96765352,0.67511423,0.27534845,0.42738232
-1.0137224,0.74923029,0.266252,0.43425977
-0.96842015,0.66542768,0.27519551,0.42482611
-0.97325405,0.70561765,0.27423238,0.43348745
-1.0340267,0.74275957,0.2623042,0.42769369
-0.96178724,0.70736105,0.2765205,0.43673436
-0.98060625,0.69391776,0.27277151,0.42881477
-0.93625763,0.6587862,0.2816569,0.4310738
-0.99241066,0.75347356,0.27043619,0.4405483
-1.0243741,0.72236422,0.26417626,0.42506623
-0.93922821,0.68522358,0.28105627,0.43683807
-1.0574643,0.73444177,0.25779432,0.4199393
-0.98653676,0.70655846,0.27159667,0.43045909
-1.0060074,0.68940783,0.26776194,0.42150469
-0.90921592,0.71358397,0.28716031,0.4512474
-1.0016848,0.68756348,0.2686103,0.42210909
-0.99618907,0.74803493,0.26969135,0.43827788
-1.0165954,0.71501063,0.2656911,0.42517011
-1.024487,0.69738564,0.26415431,0.41894608
-0.95142348,0.68601321,0.27859864,0.43403421
-0.93739138,0.62526242,0.28142757,0.42259517
-0.93599079,0.6071964,0.28171089,0.418534
-0.99478874,0.6932075,0.26996725,0.42517098
-0.9585985,0.71490079,0.27715889,0.43937531
-1.0048689,0.69938297,0.26798522,0.42421696
-0.95970677,0.707693,0.27693691,0.4373279
-1.0317456,0.76712648,0.26274582,0.43422856
-1.0202114,0.7296594,0.26498623,0.42786874
-1.0153907,0.73248144,0.2659262,0.42974067
-0.95036509,0.70807048,0.27881141,0.43972096
-0.99764567,0.704491,0.26940456,0.42723173
-0.99421526,0.75575676,0.27008029,0.44066627
-0.98111024,0.71370768,0.27267154,0.43354487
-0.95659608,0.65326874,0.27756023,0.42474429
-0.94996633,0.64086462,0.27889159,0.42333402
-0.97174331,0.65122024,0.27453316,0.42054828
-1.0324685,0.77322995,0.26260582,0.4355509
-1.0317569,0.82962686,0.26274364,0.44963885
-1.0035535,0.66493191,0.26824333,0.41614434
-0.92924414,0.6083815,0.28307809,0.42046553
-1.0301501,0.74896225,0.26305501,0.43016259
-1.0367329,0.81806049,0.26178088,0.44554871
-1.0165897,0.74089939,0.26569222,0.43151067
-0.93239972,0.62366835,0.28243812,0.42342443
-0.96915706,0.67429171,0.27504855,0.42681317
-0.9411559,0.60221758,0.28066692,0.41606739
-0.90798396,0.63103051,0.28741256,0.43120083
-0.91390529,0.63782397,0.28620136,0.43141475
-0.94900943,0.59375501,0.27908408,0.41210882
-0.90149665,0.65150166,0.28874303,0.43782473
-1.009947,0.6789437,0.26699023,0.41799653
-0.99987842,0.72435014,0.26896533,0.43155042
-0.96969152,0.6874706,0.27494199,0.42990937
-0.96253828,0.73001193,0.27637028,0.44212893
-1.0000741,0.73429376,0.26892686,0.43394331
-1.0034426,0.71229358,0.26826511,0.4277226
-0.92556387,0.64391545,0.28382558,0.43004969
-1.0521128,0.77887712,0.25881959,0.43211291
-0.98697525,0.73421524,0.27150994,0.43714428
-0.98791594,0.72627555,0.27132392,0.43496051
-0.93572673,0.66286534,0.28176433,0.43220476
-0.96559794,0.64417078,0.27575879,0.42032798
-0.95259057,0.73033554,0.27836414,0.44466384
-1.0384305,0.71257429,0.26145294,0.41924921
-1.0126733,0.78038346,0.266457,0.44218726
-1.0183401,0.79275552,0.26535086,0.44384181
-1.0618019,0.7750429,0.25696526,0.42879751
-1.0449465,0.81585346,0.26019669,0.44297593
-1.0801893,0.88392029,0.25347019,0.45108965
-1.0984469,0.83950757,0.25003102,0.43562447
-0.9469304,0.59843934,0.27950256,0.41374838
-0.94555515,0.59930539,0.27977959,0.41429214
-0.93651584,0.59955734,0.28160466,0.41654848
-0.90374717,0.63876499,0.28828106,0.43413938
-0.90452252,0.63397919,0.28812201,0.43277371
-0.93116639,0.63632475,0.28268814,0.42681897
-0.94847487,0.64448872,0.27919164,0.42458332
-0.98118881,0.64418534,0.27265596,0.41653755
-1.0155365,0.77851689,0.26589774,0.44102095
-0.99558135,0.70635504,0.26981107,0.42819329
-1.0048371,0.79951101,0.26799145,0.44884805
-0.95442446,0.60673652,0.2779959,0.4139432
-0.94760042,0.61359301,0.27936765,0.41726588
-0.94473422,0.64287295,0.27994505,0.42510254
-0.9506207,0.66159863,0.27876001,0.4282433
-0.9506207,0.66159863,0.27876001,0.4282433
-0.90384473,0.6537364,0.28826105,0.43779684
-0.92192848,0.61167173,0.28456512,0.42305207
-0.95973352,0.60818546,0.27693155,0.41300707
-0.95973352,0.60818546,0.27693155,0.41300707
-0.86922881,0.61321978,0.2954148,0.43634503
-0.89770461,0.56367103,0.28952243,0.41725951
-0.84503652,0.57565003,0.3004751,0.43305772
-0.89695627,0.52720257,0.28967639,0.40860054
-0.89803379,0.51293581,0.28945472,0.40489792
-0.83531266,0.58473358,0.30252291,0.43768097
-0.90396045,0.52903892,0.2882373,0.40735234
-0.91967744,0.69432098,0.28502362,0.44389812
-0.92379704,0.68245849,0.28418485,0.43995651
-1.054982,0.73257457,0.25826956,0.42008914
-1.0078888,0.72817071,0.26739321,0.43052289
-1.0778398,0.79189489,0.25391503,0.42899691
-1.0960302,0.77937865,0.25048445,0.421492
-1.0100505,0.77385001,0.26696997,0.44122289
-0.9763257,0.64225508,0.27362145,0.41725051
-0.94924242,0.68702533,0.2790372,0.43481878
-0.95849541,0.63858201,0.27717954,0.42069685
-0.89241726,0.6143002,0.29061124,0.43091546
-0.9748964,0.56496106,0.27390562,0.39892763
-0.9658491,0.70928369,0.27570864,0.43620819
-0.9658491,0.70928369,0.27570864,0.43620819
-0.97314111,0.75936458,0.27425485,0.44675848
-0.99770701,0.68610715,0.26939249,0.42272428
-0.97444129,0.75014953,0.27399614,0.44416095
-0.97647789,0.74633776,0.27359121,0.44271757
-0.99057074,0.73058235,0.27079936,0.43536656
-1.0176446,0.75533106,0.26548646,0.43479508
-1.0654486,0.81028618,0.2562696,0.43655327
-0.97615411,0.75837659,0.27365556,0.44576978
-1.0000122,0.67269584,0.26893902,0.41889374
-0.99654655,0.68964795,0.26962095,0.42387194
-0.99756201,0.74837042,0.26942103,0.43802249
-0.98092252,0.67986389,0.27270877,0.42529871
-0.9911274,0.64875885,0.27068945,0.41523424
-1.0344702,0.73378332,0.26221837,0.42538957
-0.94722211,0.68899332,0.27944382,0.43579916
-0.88325461,0.65300448,0.2925038,0.44269043
-0.95262749,0.66856674,0.27835672,0.42945851
-0.97258109,0.75300611,0.27436634,0.44532575
-0.98948046,0.66091271,0.27101471,0.41858915
-0.98948046,0.66091271,0.27101471,0.41858915
-1.0185929,0.79788624,0.26530157,0.44504622
-1.0209031,0.79250315,0.26485152,0.44314694
-0.91718213,0.59154614,0.2855324,0.41930283
-0.91453201,0.59756563,0.28607334,0.42141524
-0.90740644,0.62349556,0.28753085,0.42949523
-0.91780334,0.66364103,0.28540569,0.43679928
-0.92120071,0.63304002,0.2847133,0.42845422
-0.89965947,0.57260691,0.28912048,0.41895795
-0.89416927,0.56664563,0.29025019,0.41884328
-0.9085938,0.58170146,0.28728767,0.41899696
-0.90259806,0.61921369,0.28851689,0.42962425
-0.89216165,0.65155974,0.29066394,0.44013802
-1.040712,0.74573628,0.26101264,0.42678617
-1.0195644,0.75694222,0.26511225,0.43471922
-1.0081081,0.74473633,0.26735027,0.43453504
-0.85859381,0.56186396,0.29763322,0.42635709
-0.88870543,0.53878394,0.29137705,0.41340146
-0.86401018,0.55044946,0.29650218,0.42224585
-0.8549526,0.57266716,0.29839497,0.42989356
-0.85076579,0.54007805,0.29927224,0.42294688
-0.86080275,0.5653756,0.29717166,0.42667573
-0.85671457,0.56369487,0.29802622,0.42726476
-0.8911224,0.61180166,0.29087826,0.43062031
-0.90245424,0.59605612,0.28854641,0.42399416
-0.92582404,0.61610802,0.28377269,0.42318406
-0.95463143,0.71511285,0.27795436,0.44040499
-0.98446487,0.71503432,0.27200676,0.4330469
-0.99685739,0.68621661,0.26955975,0.42295834
-0.88460003,0.60368942,0.29222545,0.43023054
-0.89055171,0.60308617,0.29099599,0.42862446
-0.95206383000000006,0.60239392,0.27846996,0.41346247
-0.94228036,0.66181219,0.28043995,0.430339
-1.0445004,0.77547568,0.26028256,0.43314653
-1.0418488,0.7268849,0.26079342,0.42190356
-0.9794837,0.74492397,0.27299424,0.44162745
-0.98662419,0.74286528,0.27157938,0.43936023
-1.0135039,0.68205447,0.26629468,0.41788799
-0.93630238,0.69334253,0.28164785,0.43955707
-0.96158515,0.65477215,0.27656093,0.42389284
-0.94787972,0.69787039,0.27931143,0.4378212
-0.9589975,0.65016077,0.27707896,0.42339871
-0.99701283,0.73530159,0.26952914,0.4349431
-1.003372,0.7771854,0.26827896,0.4436932
-1.0036573,0.74683724,0.26822295,0.43614556
-0.96011784,0.71199179,0.2768546,0.4382848
-1.0113642,0.73851813,0.26671296,0.43220852
-1.0219196,0.76308098,0.26465366,0.43564922
-1.0478837,0.77929892,0.25963169,0.43325456
-1.0223553,0.74622719,0.26456888,0.43140329
-1.0125952,0.74818913,0.26647228,0.43428092
-1.0107027,0.82437712,0.26684235,0.4535529
-1.0170468,0.79042674,0.26560304,0.4435862
-1.0059247,0.78144245,0.26777815,0.44411393
-1.0262686,0.75064643,0.26380814,0.43152737
-1.0659728,0.82851292,0.2561697,0.44091242
-1.0835561,0.7503877,0.25283365,0.41746991
-0.89288248,0.66647996,0.29051534,0.44363991
-0.89288248,0.66647996,0.29051534,0.44363991
-0.90791843,0.64293832,0.28742598,0.43413988
-0.93321677,0.59873805,0.28227256,0.41715128
-0.93109472,0.59288366,0.28270267,0.4162441
-0.94816034,0.65484034,0.27925494,0.42719127
-0.95647422,0.66555871,0.27758467,0.42777975
-0.95745256,0.67342832,0.27738852,0.42946746
-1.0041691,0.72741555,0.26812251,0.43124986
-1.0224815,0.76339919,0.26454431,0.4355893
-1.0512876,0.80416044,0.25897792,0.43853072
-1.0281815,0.74993648,0.2634368,0.43088408
-0.8808387,0.65616445,0.29300401,0.44406653
-0.9171329,0.57270392,0.28554245,0.41473403
-0.9171329,0.57270392,0.28554245,0.41473403
-0.90058667,0.55319089,0.28892995,0.41401408
-0.88195007,0.58376913,0.29277384,0.42600223
-0.93651224,0.63126168,0.28160539,0.42427444
-0.91467291,0.62877405,0.28604457,0.42900819
-1.0114407,0.78040537,0.266698,0.44249672
-1.0418565,0.8245729,0.26079194,0.44589181
-1.0871168,0.75215926,0.25216159,0.41703487
-1.069328,0.78606686,0.25553091,0.42965445
-1.0707433,0.79114673,0.25526175,0.43055268
-0.98515043,0.74021513,0.27187102,0.43907048
-0.97834482,0.71765654,0.27322033,0.43519452
-0.9792632,0.65352292,0.273038,0.41927744
-0.91572283,0.64739123,0.2858302,0.43331673
-0.93042273,0.64471108,0.28283896,0.42905405
-0.99466311,0.73260739,0.26999201,0.43485844
-1.0498655,0.76979659,0.25925094,0.43043689
-0.88380695,0.61951655,0.29238951,0.43430933
-0.91912326,0.61849787,0.28513657,0.42540461
-0.94558677,0.61320728,0.27977322,0.41766177
-0.96292974,0.64115416,0.276292,0.42024309
-0.94004977,0.60031531,0.28089029,0.41587398
-0.90280152,0.63139104,0.28847512,0.43256086
-0.89584794,0.64063171,0.28990449,0.43654003
-0.97526941,0.63142779,0.27383144,0.41487661
-0.95043746,0.74047089,0.27879685,0.44770036
-0.97273597,0.72195217,0.2743355,0.43763059
-0.97273597,0.72195217,0.2743355,0.43763059
-0.97981117,0.68587159,0.27292925,0.42703967
-0.97034982,0.67067983,0.27481078,0.42563816
-0.97935888,0.67666818,0.27301901,0.42489985
-1.0276684,0.78225689,0.26353638,0.4389532
-0.88143876,0.64540977,0.29287972,0.44126517
-1.0291846,0.70344573,0.26324222,0.41927779
-1.0530167,0.75721156,0.25864623,0.42658326
-1.0129996000000001,0.71603831,0.26639323,0.42630048
-1.0380861,0.70795122,0.26151946,0.41820781
-0.99643104,0.75865371,0.2696437,0.44083417
-0.99006121,0.69092844,0.27089999,0.4257695
-0.98104085,0.71771755,0.2726853,0.43454694
-0.97199859,0.6712216,0.27448232,0.42536755
-0.97199859,0.6712216,0.27448232,0.42536755
-0.93289434,0.68715934,0.28233788,0.43887354
-1.0208496,0.76739478,0.26486194,0.43697333
-0.95513556,0.63789693,0.27785319000000003,0.42134886
-0.96845935,0.71500666,0.27518769,0.43697386
-0.95914743,0.64808825,0.27704893,0.42285623
-0.99108509,0.73270556,0.27069781,0.4357621
-0.96949537,0.67875209,0.2749811,0.42782191
-1.013093,0.75572769,0.26637498,0.43601148
-1.0467087,0.74050017,0.25985762,0.42404046
-0.86906603,0.59169539,0.29544868,0.43109852
-0.93963059,0.67190467,0.28097497,0.43346547
-0.97917296,0.65821861,0.27305592,0.42044318
-0.97983023,0.71611279,0.27292547,0.4344501
-0.9516636,0.75296458,0.27855038,0.45048804
-0.98420104,0.62463153,0.272059,0.41106378
-0.99373456,0.65329213,0.27017506,0.41570201
-0.98319518,0.76293218,0.27225825,0.44515581
-1.0017852,0.69497244,0.26859057,0.42389289
-1.0017852,0.69497244,0.26859057,0.42389289
-0.94972996,0.69311732,0.27893913,0.43619658
-0.95431337,0.68898906,0.2780182,0.43405533
-1.0025758,0.69001301,0.26843529,0.42248931
-0.98079417,0.64161285,0.27273423,0.41600836
-0.95243204,0.66076359,0.27839598,0.42759545
-0.97682275,0.64462814,0.27352267,0.41770674
-0.94098206,0.63415629,0.28070201,0.42388972
-0.9664435,0.65863166,0.27558996,0.42364894
-0.9664435,0.65863166,0.27558996,0.42364894
-0.95494591,0.68774096,0.27789125,0.4335934
-0.98204479,0.68517807,0.27248624,0.42632362
-1.007427,0.74898235,0.26748369,0.43574609
-1.0638049,0.80031755,0.25658301,0.43450664
-1.0284474,0.78452464,0.26338521,0.43931987
-1.0035116,0.75955903,0.26825157,0.43931254
-0.91159542,0.64254263,0.28667348,0.43313965
-0.97898205,0.7432155,0.27309381,0.44132988
-1.0244288,0.71460015,0.26416562,0.42315657
-0.98520989,0.71313068,0.27185925,0.43239673
-1.0147046,0.72988131,0.26606016,0.42927168
-1.0200974,0.74114741,0.26500842,0.43071121
-1.016822,0.69172182,0.2656469,0.4194333
-1.0139795,0.64492495,0.26620178,0.4087695
-0.99455129,0.75352697,0.27001405,0.44003394
-0.99638889,0.74885451,0.269652,0.43843047
-0.99834965,0.75473908,0.26926602,0.43939678
-0.9869723,0.67559944,0.27151052,0.42277967
-0.94706615,0.70485541,0.27947523,0.43974162
-0.94449683,0.71273243,0.2799929,0.44231687
-0.94623933,0.70952674,0.27964175,0.44109664
-0.9732797,0.68607468,0.27422727,0.42868826
-0.97202223,0.71225509,0.27447761,0.43542095
-0.99787819,0.6948069,0.2693588,0.42480685
-0.97172483,0.66976992,0.27453684,0.42507966
-1.0177375,0.73279541,0.26546834,0.42924257
-0.94323672,0.68719599,0.280247,0.43633723
-0.93453135,0.60338218,0.28200631,0.41796104
-0.96814504,0.70737662,0.27525039,0.43517482
-0.97871527,0.69940152,0.27314678,0.43062203
-0.99761198,0.66683856,0.26941119,0.41805245
-1.0122921,0.71406421,0.26653151,0.42599074
-1.014757,0.68843065,0.26604993,0.41913475
-1.0035844,0.70102831,0.26823727000000003,0.42493274
-0.95865932,0.6480874,0.2771467,0.42297515
-1.0517151,0.81468647,0.25889589,0.44101872
-1.032206,0.76618729,0.26265664,0.43388474
-0.99486915,0.72732546,0.2699514,0.43351021
-0.96902077,0.74285729,0.27507573,0.44369891
-0.95976298,0.70575104,0.27692565,0.43683627
-0.97291283,0.60814536,0.27430029,0.40980599
-0.93474302,0.62936866,0.28196345,0.42424421
-0.89198438,0.58378579,0.29070049,0.4235545
-0.94129672,0.58189745,0.28063848,0.41110499
-0.93980811,0.67813892,0.2809391,0.43495343
-0.97237708,0.66001812,0.27440695,0.42253905
-0.90497108,0.68638927,0.28803001,0.44557108
-0.94086606,0.60184466,0.28072544,0.41604721
-0.91773203,0.63372751,0.28542024,0.42947229
-0.87777642,0.56664824,0.29363877,0.42283939
-0.93307538,0.63900326,0.2823012,0.42700724
-0.92473421,0.64420093,0.28399425,0.43032304
-0.95044772,0.6721344,0.27879479,0.43086734
-0.95310932,0.6899719,0.27825994,0.43459262
-0.92777972,0.71274971,0.28337538,0.44644868
-0.94543069,0.66170267,0.27980467,0.42954004
-0.93985283,0.66883011,0.28093007,0.43265604
-0.90184903,0.62396874,0.28867067,0.43097353
-0.94277978,0.66000811,0.28033918,0.4297744
-0.9502185,0.65209431,0.27884088,0.4260161
-0.94023669,0.67518965,0.28085253,0.43412344
-0.99842968,0.69568047,0.26925028,0.42488555
-0.96652013,0.69370319,0.27557466,0.43221567
-0.95706624,0.73893726,0.27746597,0.44568295
-0.9919531,0.68317564,0.27052648,0.42341318
-0.92326173,0.6136201,0.28429376,0.42320222
-0.98353,0.66276477,0.27219192,0.42048927
-0.93971234,0.68822483,0.28095845,0.43745741
-0.98546403,0.69005681,0.27180895,0.42668061
-0.94978851,0.66331518,0.27892736,0.42886747
-0.94370421,0.69107824,0.28015272,0.43717726
-0.97979648,0.6907418,0.27293217,0.42823531
-0.98068118,0.65917017,0.27275664,0.42030755
-1.0080048,0.82741182,0.2673705,0.45497406
-1.0054179,0.68846878,0.26787754,0.42141946
-0.98586695,0.73433719,0.27172921,0.43744701
-0.9845623,0.73502258,0.27198746,0.43793679
-0.96188683,0.66290539,0.27650058,0.4258065
-1.0172656,0.75639678,0.26556037,0.43515015
-0.99256722,0.74305283,0.2704053,0.43794303
-0.99620665,0.70217406,0.26968789,0.42701691
-0.92053559,0.63839209,0.28484878,0.42992835
-0.91961726,0.64492438,0.28503589,0.43175536
-1.0008497,0.69682965,0.26877439,0.42457504
-0.98779223,0.70298548,0.27134837,0.42927573
-0.99641977,0.73628251,0.26964592,0.43532997
-1.0368534,0.75513531,0.26175759,0.43003261
-1.0136799,0.74230837,0.26626031,0.43257043
-0.99456273,0.7175871,0.2700118,0.4311954
-1.0079103,0.72231948,0.26738902,0.42908366
-0.9945324,0.73936302,0.27001777,0.43655155
-1.0349849,0.75833007,0.26211882,0.43127408
-1.0663865,0.76887054,0.25609088,0.42616483
-1.0663865,0.76887054,0.25609088,0.42616483
-1.0363573,0.80887487,0.26185346,0.44337337
-1.0083499,0.79993623,0.2673029,0.44808436
-1.0010038,0.72812703,0.26874411,0.43220099
-0.98222109,0.7073338,0.27245129,0.43170767
-0.98665422,0.69523625,0.27157344,0.42765676
-1.0107037,0.78451688,0.26684215,0.44369314
-1.0557777,0.80040407,0.25811717,0.43650132
-1.009312,0.77230773,0.26711452,0.44102474
-1.012246,0.76453967,0.26654053,0.43838813
-1.0197183,0.76869718,0.26508229,0.43757219
-1.0349612,0.74588985,0.2621234,0.42823123
-1.0635633,0.76721825,0.25662908,0.4264512
-1.0484887,0.85209064,0.25951541,0.45105769
-1.0436501,0.83816448,0.26044631,0.44880858
-0.9728851,0.64551397,0.27430581,0.41888041
-1.0238553,0.75510615,0.26427712,0.43321421
-0.92629183,0.64837319,0.28367763,0.43096412
-0.90080705,0.57573008,0.28888468,0.41943895
-0.9572945,0.66855544,0.27742021,0.42831259
-0.97471093,0.64042711,0.27394251,0.41719867
-0.92169534,0.68003022,0.28461258,0.43987605
-0.92556135,0.68111625,0.28382609,0.43919122
-0.93343621,0.66588598,0.2822281,0.43350861
-0.99483984,0.65430768,0.26995718,0.41568021
-1.0087658,0.63427674,0.26722146,0.40745676
-0.96219315,0.68293489,0.2764393,0.43063563
-0.94203307,0.67649273,0.28048986,0.43400226
-0.95430977,0.66649048,0.27801892,0.42853783
-0.97441063000000006,0.73908175,0.27400224,0.44143779
-0.99350622,0.66073037,0.27022009,0.41756537
-1.028472,0.7017385,0.26338045,0.41903563
-1.045489,0.75023688,0.26009228,0.42671856
-1.0423877,0.74662255,0.26068954,0.42659304
-1.0170371,0.80497796,0.26560494,0.44718299
-1.0160825,0.80343916,0.26579118,0.44703858
-1.0160825,0.80343916,0.26579118,0.44703858
-1.0545072,0.75228752,0.25836053,0.42501495
-0.89919786,0.71148466,0.28921536,0.45320901
-0.90917981,0.71575915,0.2871677,0.45179503
-0.96610504,0.734476,0.27565753,0.44235026
-0.98523754,0.67921299,0.27185378,0.4240854
-0.95933284,0.66350145,0.27701179,0.42657685
-0.95436972,0.67531463,0.27800689,0.43068545
-0.95838075,0.66846712,0.27720251,0.42802501
-0.93007581,0.663108,0.28290934,0.43365164
-0.95363855,0.64421384,0.27815367,0.42325517
-0.94006819,0.69397276,0.28088657,0.43878478
-1.0320655,0.6577121,0.26268386,0.4074895
-1.0181339,0.67268666,0.26539105,0.41448689
-1.0241676,0.76645257,0.2642164,0.43592549
-1.0383612,0.67567303,0.26146633,0.410309
-0.93028608,0.69484867,0.28286668,0.44141103
-0.92000286,0.71496161,0.28495731,0.44891852
-0.94049,0.65195161,0.28080137,0.42836173
-1.028166,0.76836265,0.26343982,0.43541205
-0.97213874,0.65312974,0.27445441,0.42091728
-0.8973891,0.64943097,0.28958733,0.43832614
-0.95142377,0.61055877,0.27859858,0.41559937
-0.9395038,0.69814129,0.28100058,0.43995061
-1.0174253,0.69774006,0.26552922,0.42075245
-0.93034576,0.690815,0.28285457,0.44040199
-0.93699228,0.69434989,0.28150829,0.43963528
-0.9772363,0.67409896,0.27344051,0.42479071
-0.96780449,0.65521423,0.27531833,0.42248261
-0.95961446,0.66756982,0.27695539,0.42750338
-0.9422782,0.69319969,0.28044039,0.43805032
-1.0118296,0.68774041,0.26662195,0.41967951
-1.0128502,0.67879358,0.26642243,0.41725391
-0.96998002,0.669874,0.27488448,0.42553156
-1.0108601,0.75593281,0.26681157,0.43661111
-1.0161161,0.74130395,0.26578463,0.43172611
-1.0306738,0.7068427,0.2629535,0.41974237
-0.96132235,0.73766172,0.27661352,0.44431678
-0.98190349,0.73435754,0.27251425,0.43842762
-0.95932912,0.64462779,0.27701254,0.42196761
-0.97179992,0.71466707,0.27452188,0.43606865
-0.95959296,0.68485407,0.2769597,0.43174408
-0.93307619,0.63624004,0.28230104,0.42633109
-0.95035803,0.64233903,0.27881282,0.42359835
-0.99568795,0.74545602,0.26979007,0.43776642
-0.96487663,0.65373281,0.27590288,0.42283557
-1.0182214,0.79207793,0.265374,0.44370385
-1.0712697,0.77181179,0.2551617,0.42569001
-1.0518401,0.78664891,0.25887191,0.43408803
-1.0560926,0.82488382,0.25805688,0.44245394
-0.91905156,0.64500464,0.28515119,0.43191385
-0.89816555,0.60708014,0.28942762,0.42773816
-1.0891699,0.80807316,0.25177463,0.43018492
-1.0948675,0.80896661,0.2507028,0.42900768
-1.0059746,0.75642049,0.26776836,0.43793324
-0.98751523,0.706295,0.27140314,0.43015465
-0.98013915,0.71579754,0.27286417,0.43429675
-0.96330405,0.64980359,0.27621716,0.42226055
-1.0185297,0.7557468,0.26531389,0.43467973
-0.92081426,0.56534422,0.28479201,0.41205658
-0.96930084,0.66281566,0.27501988,0.4239729
-0.98254306,0.72423217,0.27238748,0.43577897
-0.99811063,0.79124277,0.26931306,0.44846668
-1.0682317,0.75023656,0.25573951,0.42116443
-1.0199099,0.77949045,0.26504496,0.44018299
-1.0017061,0.74242249,0.26860612,0.43553983
-1.0015212,0.72862723,0.26864243,0.43219676
-0.93797635,0.6690879,0.28130929,0.43318
-0.99823062,0.75673423,0.26928944,0.43991762
-0.99823062,0.75673423,0.26928944,0.43991762
-0.98763912,0.71297227,0.27137865,0.43176175
-0.99242701,0.7409285,0.27043296,0.4374547
-0.99370933,0.73241351,0.27018004,0.43504519
-1.0058908,0.80276726,0.26778479,0.44939299
-1.0220386,0.81563733,0.26463049,0.44858209
-1.0614826,0.79496006,0.25702623,0.433761
-1.0156327,0.77846068,0.26587897,0.44098338
-1.0335981,0.73904561,0.26238712,0.4268897
-0.95617281,0.68230131,0.27764512,0.4319569
-0.97927296,0.66130153,0.27303607,0.42117021
-0.95198388,0.66060199,0.27848602,0.42766559
-0.96122195,0.58067681,0.27663361,0.40599542
-0.9588018,0.58282093,0.27711816,0.40709663
-0.95185817,0.66687046,0.27851128000000003,0.4292314
-0.94695259,0.65982956,0.27949809,0.42870834
-0.92388222,0.62781766,0.28416753,0.42651982
-0.9594599,0.66120156,0.27698634,0.4259833
-0.98727636,0.67963379,0.27145038,0.42369026
-0.97565902,0.70386082,0.27375398,0.43246569
-1.0228821,0.72035306,0.26446639,0.42493936
-0.97642412,0.67178938,0.27360189,0.42442487
-0.95171522,0.75947801,0.27854001,0.45208815
-0.99004626,0.68930598,0.27090294,0.42537652
-0.953216,0.67696554,0.27823852,0.43137327
-0.93779741,0.62991398,0.28134547,0.42363145
-0.94029758,0.65949115,0.28084024,0.43025608
-0.95302918,0.64858965,0.27827604,0.42447256
-0.93736833,0.67530014,0.28143223,0.43485537
-0.97555235,0.62394545,0.27377519,0.41299281
-0.99106435,0.65605741,0.2707019,0.41702286
-0.95356959,0.68411031,0.27816752,0.43303984
-1.044107,0.77647697,0.26035832,0.43348901
-1.0369363,0.77446171,0.26174158,0.43475551
-0.94347406,0.68943036,0.28019913,0.43682846
-1.0103533,0.67467935,0.26691071,0.4168607
-0.88939083,0.61310902,0.29123555,0.43136557
-0.90151251,0.56219106,0.28873977,0.41597431
-0.86879496,0.6214251,0.29550511,0.43847097
-0.88928923,0.62245646,0.29125653,0.43368481
-0.99602327,0.69773763,0.26972401,0.42597663
-0.98185876,0.68410922,0.27252312,0.42610772
-0.97601239,0.70663262,0.27368373,0.43305937
-1.0352537,0.73601045,0.26206684,0.4257425
-0.99626373,0.69428649,0.26967665,0.4250742
-0.9608005,0.66658858,0.27671795,0.42697303
-0.97108691,0.75839372,0.27466391,0.44702626
-1.0095193,0.77951238,0.26707393,0.44275043
-1.030123,0.73128093,0.26306027,0.42584058
-1.0297215,0.74783751,0.2631381,0.42999195
-0.90615051,0.61546978,0.28778821,0.42783722
-0.90615051,0.61546978,0.28778821,0.42783722
-0.91422187,0.65684369,0.28613669,0.43600832
-1.0221865,0.70250023,0.26460171,0.4207522
-0.9446969,0.69385467,0.27995257,0.43761621
-0.93597834,0.71609988,0.28171342,0.44525079
-0.95778026,0.6844993,0.27732284,0.4321018
-1.0320989,0.73640384,0.26267738,0.42661019
-1.0538743,0.7809914,0.25848182,0.43219948
-1.0420091,0.75131686,0.26076253,0.42783442
-0.99672763,0.77895999,0.26958529,0.44577222
-1.0167991,0.77324076,0.26565137,0.43940965
-0.94974279,0.63857761,0.27893655,0.42283036
-0.97324908,0.69303446,0.27423337,0.43040116
-0.95365312,0.67950353,0.27815074,0.43188866
-1.0209309,0.75188736,0.26484612,0.43314193
-1.017139,0.74877104,0.26558507,0.43330781
-1.0085521,0.75093497,0.2672633,0.43594955
-1.0205415,0.69520592,0.26492193000000003,0.41937598
-0.97657513,0.74836833,0.27357188,0.44319461
-0.99908337,0.65232559,0.26912168,0.41416887
-0.84452186,0.60539166,0.30058328,0.44050071
-0.92931136,0.62841098,0.28306444,0.42533739
-0.82191931,0.52513737,0.3053564,0.42634435
-0.83082169,0.5501881,0.30347136,0.43029845
-0.81631122,0.54960267,0.30654725,0.43371532
-0.86183256,0.52438653,0.29695661,0.41643
-0.88207041,0.5896882,0.29274892,0.42742076
-0.89393191,0.57608079,0.29029909,0.42119953
-0.96284909,0.67045238,0.27630812,0.42741721
-0.97162297,0.69628897,0.27455713,0.43159808
-0.97805678,0.66062679,0.27327753,0.42130221
-0.98694414,0.74087401,0.27151609,0.43879101
-0.97752688,0.74708674,0.27338278,0.44264355
-0.98722085,0.696194,0.27146136,0.4277525
-0.88828053,0.58230992,0.29146479,0.42409857
-0.91687769,0.61262347,0.28559451,0.42451784
-0.92742048,0.63661292,0.28344834,0.42780617
-0.93678365,0.66405685,0.28155049,0.43223779
-0.93678365,0.66405685,0.28155049,0.43223779
-0.9903079,0.67556792,0.27085127,0.42195819
-1.0215333,0.78370131,0.26472883,0.44082068
-0.93554946,0.5989514,0.28180021,0.41663609
-0.87963905,0.64367307,0.29325258,0.44128071
-0.87963905,0.64367307,0.29325258,0.44128071
-0.88465184,0.63011796,0.29221473,0.43670788
-0.88997346,0.65178107,0.2911153,0.44073186
-0.99370528,0.6589458,0.27018084,0.41708302
-0.95325464,0.75001425,0.27823076,0.44936408
-0.97053949,0.65247225,0.27477298,0.42114685
-0.94752416,0.63438374,0.27938301,0.42234838
-1.0076783,0.72043476,0.26743447,0.42867884
-0.93881388,0.6521036,0.28114,0.42880944
-0.93881388,0.6521036,0.28114,0.42880944
-0.91163506,0.61653589,0.28666537,0.42675597
-0.91336926,0.63387142,0.28631088,0.43057689
-0.95497779,0.65702754,0.27788485,0.42605864
-0.93507519,0.66916659,0.2818962,0.4339118
-0.92595268,0.65574594,0.28374655,0.43285634
-0.94736203,0.67688902,0.27941565,0.43279098
-0.93086481,0.70611035,0.2827493,0.44404672
-0.93086481,0.70611035,0.2827493,0.44404672
-0.97511798,0.60828671,0.27386156,0.40930692
-0.91409664,0.66426076,0.28616227,0.43786389
-0.90265129,0.68775115,0.28850596,0.44648078
-0.9839812,0.65328889,0.27210254,0.41807218
-0.96077049,0.62758904,0.27672396,0.41746673
-0.95720458,0.63591057,0.27743823,0.42036042
-0.97355217,0.63718798,0.27417305,0.41669293
-0.89974725,0.63453616,0.28910244,0.43408314
-0.91123099,0.61944868,0.28674801,0.42756759
-0.93223932,0.64537023,0.28247063,0.42877054
-0.98919183,0.64798008,0.27107174,0.41551516
-0.96933835,0.72504029,0.2750124,0.43922744
-0.93932576,0.59165493,0.28103656,0.41394735
-0.9612631,0.64278876,0.27662537,0.42104761
-1.0038522,0.72419871,0.26818472,0.43053874
-1.0081643,0.72139039,0.26733926,0.42879385
-1.0098992,0.77529229,0.26699958,0.44161582
-1.0060075,0.73603379,0.26776191,0.43291355
-1.0376945,0.69124371,0.26159509,0.41424336
-0.9541873,0.74852831,0.2780435,0.44876571
-1.0259786,0.66754876,0.26386448,0.41133972
-1.021547,0.66444226,0.26472618,0.41166061
-0.90406498,0.68435027,0.28821586,0.44529123
-0.98893223,0.63583103,0.27112303,0.41263059
-0.8856879,0.56710025,0.29200049,0.42101999
-0.92841743,0.58100999,0.28324589,0.41401125
-0.94018818,0.66666158,0.28086233,0.43204152
-0.97465301,0.63549612,0.27395403,0.41601429
-0.98645898,0.63561879,0.27161206,0.41317869
-0.99097859,0.63158476,0.27071883,0.41110631
-0.95679012,0.61930818,0.27752133,0.41642127
-0.96728883,0.59904659,0.27542122,0.40896583
-0.91284107,0.63134427,0.28641882,0.43008685
-0.95221012,0.69774968,0.27844057,0.43672594
-0.92846489,0.58028521,0.28323626,0.41382392
-0.92846489,0.58028521,0.28323626,0.41382392
-0.91232573,0.53472343,0.28652416000000003,0.40670532
-1.0339849,0.72358874,0.26231228,0.42301804
-0.91799894,0.67486189,0.2853658,0.43951342
-0.97281364,0.62413671,0.27432004,0.4137033
-0.94637546,0.72354305,0.27961433,0.44452127
-0.97364451,0.72111316,0.27415467,0.43720055
-0.9587738,0.64074454,0.27712377,0.42115611
-0.91673747,0.65135121,0.28562312,0.43404011
-0.93742158,0.60225927,0.28142147,0.41698509
-0.8690372,0.57504211,0.29545468,0.42702609
-0.94225338,0.62406418,0.2804454,0.42111712
-0.91764755,0.64337332,0.28543746,0.43185808
-0.97803176,0.66150197,0.2732825,0.4215217
-0.95499473,0.65079632,0.27788145,0.42453147
-1.0239329,0.71193645,0.26426202,0.42262749
-0.98110058,0.69755174,0.27267346,0.42958395
-0.97360012,0.62159226,0.2741635,0.41289561
-0.97333697,0.63386657,0.27421587,0.41593813
-0.98620058,0.61712363,0.27166319,0.40876408
-0.93623036,0.60897954,0.28166242,0.41890969
-0.96206924,0.67138,0.27646409,0.42783514
-0.96206924,0.67138,0.27646409,0.42783514
-0.94013179,0.65611561,0.28087372,0.42946943
-0.98597612,0.70165708,0.2717076,0.42939522
-0.986581,0.64532736,0.27158792,0.41550499
-0.97433015,0.65640903,0.27401825,0.42118247
-0.99390584,0.75031811,0.27014129,0.4394024
-0.97191854,0.75078972,0.27449826,0.44494196
-0.98842405,0.73919054,0.27122347,0.43801217
-0.98842405,0.73919054,0.27122347,0.43801217
-0.98842405,0.73919054,0.27122347,0.43801217
-1.0605187,0.76848933,0.25721035,0.42750712
-1.0608793,0.77345489,0.25714145,0.42863453
-1.056625,0.74893149,0.25795496,0.42367783999999997
-0.98609195,0.74955182,0.27168468,0.44113915
-0.99178019,0.7796072,0.2705606,0.44715485
-1.0213889,0.75595384,0.26475694,0.43402811
-1.0588446,0.77453885,0.25753032,0.42939848
-0.94204283,0.68893762,0.28048789,0.43705935
-0.99453323,0.62964077,0.27001761,0.40977576
-0.99245086,0.72924554,0.27042826,0.43457593
-1.0054507,0.76240197,0.2678711,0.43953518
-1.072763,0.72836204,0.25487799,0.41474082
-0.99389223,0.83545557,0.27014398,0.46047348
-1.0075116,0.76709167,0.26746712,0.44018287
-0.95703532,0.72296195,0.27747217,0.44174739
-0.96509387,0.64645104,0.27585948,0.42100653
-0.94784212,0.65620424,0.279319,0.42760293
-0.9551928,0.65898678,0.27784171,0.42648521
-0.9715705,0.70440659,0.27456758,0.43360348
-0.96929858,0.65270944,0.27502033,0.42150722
-0.93682135,0.63708031,0.28154286,0.42562079
-0.9869933,0.72003356,0.27150637,0.43365363
-1.0009901,0.70042356,0.26874681,0.425419
-0.94542438,0.68944553,0.27980595,0.43635245
-1.0393556,0.74768696,0.26127435,0.4275954
-1.0392135,0.751824,0.26130178,0.42864308
-1.0294749,0.75178274,0.26318591,0.43101966
-0.99231305,0.71760271,0.27045545,0.43175108
-1.0055123,0.71397748,0.26785902,0.42762816
-0.93689675,0.67986458,0.28152761,0.43609341
-0.94527477,0.71856841,0.2798361,0.44356491
-1.0324644,0.71270657,0.26260661,0.42073477
-1.0242172,0.70856929,0.26420675,0.42173675
-1.0144548,0.71068121,0.26610895,0.42463527
-1.0075647,0.77480767,0.2674567,0.44207202
-1.0302789,0.78846218,0.26303003,0.43983869
-0.99762804,0.82263586,0.26940803,0.45636325
-1.0545764,0.83886092,0.25834728,0.44627929
-1.0191068,0.72938729,0.26520142,0.42807253
-0.97753982,0.68193075,0.27338021,0.42663123
-0.99870221,0.70982422,0.26919666,0.42827858
-1.0175142,0.73614873,0.26551188,0.43011904
-0.99532896,0.70757442,0.26986079,0.42855368
-0.93958209,0.72533143,0.28098477,0.44664129
-0.95351555,0.66303612,0.27817837,0.4278865
-0.96929354,0.67557001,0.27502134,0.42709253
-0.92459886,0.6759865,0.28402177,0.43816507
-0.98937926,0.63679605,0.2710347,0.41275614
-0.97481077,0.70482808,0.27392265,0.43291134
-0.97565657,0.64729791,0.27375446,0.41864004
-0.92796981,0.6797987,0.28333678,0.4382737
-1.0257747,0.77449337,0.26390409,0.43750815
-1.0655089,0.79773254,0.25625811,0.43345308
-0.96233162,0.64401285,0.27641161,0.42108553
-0.97654126,0.72970303,0.27357861,0.43860187
-0.97722531,0.73157965,0.27344269,0.43889554
-1.0636902,0.74005639,0.25660489,0.41979043
-1.0998505,0.71235626,0.24976791,0.40432066
-0.97872682,0.82258082,0.27314448,0.46104262
-0.96674105,0.59011074,0.27553056,0.40693988
-0.8869295,0.6337821,0.29174388,0.43704897
-1.0038656,0.66718591,0.26818208,0.41661624
-0.96448791,0.70308715,0.27598054,0.4350194
-0.96948745,0.64734761,0.27498268,0.42015434
-0.98002967,0.73214038,0.2728859,0.43834308
-0.97544756,0.65300674,0.27379602,0.42008102
-0.95025151,0.64621395,0.27883424,0.42457077
-0.97407327,0.71028054,0.27406936,0.4344316
-0.97634717,0.64429002,0.27361719,0.41774017
-0.98480524,0.67820933,0.27193936,0.42394585
-0.9876452,0.7456329,0.27137744,0.43979051
-1.0250772,0.70955203,0.2640396,0.42176668
-0.89617549,0.63663071,0.28983707,0.43547561
-0.91021141,0.61762446,0.28695658,0.42737066
-0.98021106,0.69134696,0.27284991,0.42828198
-1.0166846,0.69699571,0.2656737,0.42075157
-1.0186967,0.7473016,0.26528134,0.43256462
-0.88970959,0.62766213,0.29116976,0.43486046
-1.0271828,0.81399821000000006,0.26363064,0.44690479
-1.0679416,0.77705949,0.25579473,0.42778793
-0.99961463,0.74557847,0.2690172,0.43683031
-1.0122738,0.70615487,0.26653511,0.42406236
-0.97386526,0.6866879,0.27411075,0.42869504
-0.93513331,0.65974696,0.28188444,0.43158524
-1.0129212,0.71625555,0.26640856,0.4263728
-1.0029926,0.7022103,0.26835344,0.42536625
-1.0051441,0.67198287,0.26793124,0.41747166
-1.0087111,0.65053641,0.26723216,0.41140149
-1.0087111,0.65053641,0.26723216,0.41140149
-0.95455269,0.67235089,0.27797016,0.42991406
-0.93653124,0.66279006,0.28160155,0.43198887
-0.98219414,0.69022208,0.27245664000000003,0.42752114
-0.95545929,0.71052923,0.27778824,0.43907177
-0.98996928,0.75521873,0.27091814,0.4415804
-1.013331,0.73750524,0.26632848,0.43147745
-1.017196,0.73583045,0.26557395,0.43011903
-0.95887677,0.76673668,0.27710314,0.45211221
-1.0042342,0.75204117,0.26810974,0.43728379
-0.95942214,0.66735657,0.27699391,0.42749826
-0.96436614,0.69494193,0.27600487,0.43304845
-1.0114964,0.67857497,0.26668711,0.41752997
-0.94762463,0.71342775,0.27936278,0.44171693
-0.93449652,0.72048337,0.28201336,0.44669999
-0.88239031,0.57368876,0.29268269,0.42343171
-0.87231219,0.60442809,0.29477341,0.43342662
-1.010283,0.6931579,0.26692447,0.42137654
-1.0355248,0.74534932,0.26201442,0.42796092
-1.0498099,0.74482395,0.2592616,0.42433907
-0.99262008,0.74429946,0.27039487,0.43823689
-0.9555668,0.69698752,0.27776667,0.43571298
-1.0022275,0.75513656,0.26850369,0.43853965
-0.96073604,0.61568981,0.27673085,0.41458421
-1.0408965,0.71907705,0.26097705,0.4202324
-1.0375045,0.78595754,0.26163178,0.43744277
-0.99960677,0.69139443,0.26901874,0.42355115
-0.96724797,0.62013235,0.27542938,0.41408205
-1.0023165,0.70790256,0.26848621,0.42692361
-0.93734277,0.67530605,0.2814374,0.4348631
-0.93538969,0.61159747,0.28183254,0.41975183
-0.90177308,0.64530633,0.28868627,0.43623246
-0.95497429,0.6428334,0.27788555,0.42259226
-0.95040203,0.65596975,0.27880398,0.42691912
-0.93394876,0.59090667,0.28212428,0.41507071
-0.93060806,0.58926917,0.28280137,0.41548428
-0.8813422,0.59401451,0.29289972,0.42865822
-0.94459872,0.62453291,0.27997236,0.42065971
-0.88666879,0.55923951,0.29179775,0.41886625
-0.92544189,0.63397948,0.28385037,0.42764588
-0.9559607,0.6162755,0.27768766,0.41588595
-0.98786017,0.76830901,0.27133494,0.44533163
-1.0014051,0.67432559,0.26866526,0.4189514
-1.0242307,0.66330516,0.26420413,0.41073554
-0.94826268,0.70104748,0.27923435,0.43850905
-0.99692829,0.65964213,0.26954579,0.41646885
-1.0222248,0.71453581,0.26459427,0.42367894
-0.94054559,0.67621724,0.28079015,0.4343
-0.98020169,0.72669128,0.27285177,0.43695966
-1.0383104,0.70834777,0.26147614,0.41824972
-0.93269246,0.61079597,0.28237879,0.42021363
-0.9131625,0.63035507,0.28635313,0.42976563
-0.87760519,0.58120713,0.29367429,0.42643824
-0.88042706,0.56796515,0.29308929,0.42251393
-0.98963633,0.61911104,0.27098392,0.4084141
-0.94529468,0.74366813,0.27983208,0.44976344
-0.97020115,0.70299064,0.27484041,0.43359204
-1.0249248,0.74039741,0.26406921,0.42934417
-1.000971,0.7533167,0.26875055,0.43840093
-1.0303844,0.77082837,0.26300959,0.43547285
-1.0263618,0.75732744,0.26379006,0.43314418
-1.0152846,0.74143128,0.26594692,0.43196136
-0.99959516,0.69701385,0.26902102,0.42492658
-0.96772891,0.64497475,0.27533341,0.42000468
-0.97809465,0.68168609,0.27327001,0.42643567
-0.97854948,0.73014136,0.27317969,0.43821535
-0.98449127,0.67650553,0.27200153,0.42360647
-0.97900208,0.7379563,0.27308984,0.44002865
-0.98682842,0.67381968,0.27153898,0.42238051
-0.99736792,0.74884193,0.26945923,0.43818634
-1.0238274,0.70384195,0.26428254,0.42067929
-0.93958341,0.70406517,0.2809845,0.4413911
-0.96147486,0.64782738,0.276583,0.42222468
-0.97381451,0.67903044,0.27412084,0.42683305
-1.0084637,0.68969753,0.26728061,0.42097647
-1.0135436,0.72399966,0.26628693,0.42811552
-1.0428896,0.74841956,0.26059284,0.42690989
-0.91610532,0.63432949,0.28575213,0.43001846
-0.94222673,0.66076371,0.28045077,0.43009513
-0.9505002,0.68848195,0.27878424,0.43486764
-0.96423952,0.59387894,0.27603018,0.4084539
-0.96615387,0.76429507,0.27564778,0.44970596
-0.95992846,0.77704545,0.27689252,0.45440625
-1.0458712,0.67210773,0.26001874,0.40763196
-1.0005464,0.7613257,0.26883401,0.44047841
-1.0236413,0.73193831,0.26431872,0.42758699
-1.0463562,0.8094975,0.25992543,0.44106063
-1.0912681,0.75498352,0.25137956,0.41671228
-0.97241881,0.74512129,0.27439865,0.44341901
-0.94234433,0.66255524,0.28042704,0.43050548
-0.93964567,0.68878711,0.28097192,0.43761219
-0.96599884,0.56657186,0.27567874,0.40145002
-0.95019975,0.59822089,0.27884465,0.41290264
-0.95019975,0.59822089,0.27884465,0.41290264
-0.91920862,0.64953037,0.28511917,0.43298608
-0.93267512,0.5858296,0.28238231,0.41414758
-0.9340233,0.60248113,0.28210919,0.41786544
-1.0113778,0.72916481,0.26671031,0.42991132
-0.96748532,0.67559972,0.27538201,0.4275423
-0.98359304,0.64702555,0.27217943,0.41664352
-0.91997729,0.66156263,0.28496252,0.43575346
-0.90310399,0.6726841,0.28841305,0.44264855
-0.921919,0.65494921,0.28456705,0.43365116
-0.90599621,0.66229205,0.28781984,0.43937372
-1.0124139,0.6855513,0.26650772,0.4190042
-0.93138069,0.68229997,0.28264469,0.43804978
-0.89107354,0.66347577,0.29088834,0.44334491
-0.94862317,0.63669978,0.2791618,0.42264533
-0.94906264,0.6930044,0.27907337,0.43633293
-0.96180627,0.67374737,0.27651669,0.42847914
-0.9903022,0.66647145,0.27085239,0.41974245
-0.98904365,0.77153284,0.27110102,0.44583568
-0.98571303,0.74043745,0.27175967,0.43898668
-0.98254274,0.745675,0.27238754,0.44105839
-0.94107899,0.64019092,0.28068244,0.4253404
-0.93331939,0.57209212,0.28225177,0.41066251
-1.0162873,0.71847273,0.26575121,0.42609181
-0.9844559,0.72668913,0.27200853,0.43591277
-0.92569978,0.69147956,0.28379795,0.44171117
-0.91966057,0.69002941,0.28502706,0.44284315
-0.92295972,0.63771266,0.28435521,0.42916786
-0.93838725,0.68629979,0.28122623,0.43730977
-1.0371701,0.73115756,0.26169639,0.42408833
-1.0290664,0.73254741,0.26326515,0.42640867
-0.98186624,0.74752412,0.27252164,0.44168111
-0.99896222,0.67834209,0.26914551,0.42052462
-0.98863897,0.6865449,0.27118099,0.42504565
-1.0634822,0.81751412,0.25664456,0.43881613
-1.0653145,0.82400235,0.25629515,0.43996301
-1.0665687,0.77404044,0.25605618,0.42738503
-0.95295249,0.72222116,0.27829144,0.44257172
-0.93631567,0.64540874,0.28164516,0.42778185
-0.89803988,0.61599007,0.28945347,0.42995131
-0.88725127,0.50384095,0.29167739,0.40530463
-0.83478039,0.50436473,0.30263523,0.41813949
-0.89220858,0.58668529,0.29065426,0.42420783
-0.87668714,0.61637097,0.29386475,0.43528599
-0.94390413,0.62245497,0.2801124,0.42032262
-0.96310949,0.64478164,0.27625606,0.42108332
-0.88252079,0.63877772,0.29265568,0.43936414
-0.97636108,0.69330525,0.27361442,0.42970476
-0.90987841,0.5982568,0.28702472,0.42271897
-0.89869786,0.65459249,0.28931816,0.43927489
-0.95245901,0.6034837,0.27839056,0.41363093
-0.84832969,0.58207907,0.29978336,0.43382779
-0.99461977,0.75718086,0.27000055,0.44091759
-1.0406347,0.83670595,0.26102754,0.44919375
-1.0748498,0.78531951,0.25448187,0.42811886
-1.0274159,0.76556337,0.26358539,0.43490837
-1.03538,0.74874993,0.2620424,0.42882907
-1.0179564,0.72188125,0.26542566,0.42651722
-1.0563481,0.87094413,0.25800795,0.45378132
-1.0355443,0.79507173,0.26201063,0.44016989
-1.0465059,0.83627744,0.25989663,0.4476356
-1.0585365,0.73938894,0.25758923,0.4208835
-0.96568681,0.72012403,0.27574105,0.43891595
-0.97340921,0.69123238,0.2742015,0.42992018
-1.0344927,0.73429189,0.26221404,0.4255084
-0.99156717,0.71899618,0.27060264,0.43227603
-0.93754687,0.65337473,0.28139613,0.42943122
-0.90662552,0.60421557,0.28769086,0.42496846
-0.99803035,0.72963014,0.26932885,0.43329988
-0.99560644,0.70789657,0.26980612,0.42856462
-0.9620403,0.75012569,0.27646988,0.44721872
-0.97173845,0.58130061,0.27453413,0.4036119
-0.89825269,0.64392314,0.2894097,0.43675814
-0.92753059,0.65003629,0.28342597,0.43106819
-0.94980464,0.67804804,0.27892411,0.4324759
-0.94750637,0.62987247,0.27938659,0.42125249
-0.99142098,0.75256825,0.2706315,0.4405691
-0.9978327,0.76296576,0.26936775,0.4415517
-0.99003269,0.76451637,0.27090562,0.44385865
-1.0228221,0.74402058,0.26447805,0.43074762
-0.99132411,0.74213101,0.27065062,0.43802212
-0.94213373,0.61703577,0.28046954,0.41943384
-0.93016587,0.59017944,0.28289106,0.41581277
-1.0101707,0.67091167,0.26694645,0.41598948
-0.99859004,0.70080347,0.26921873,0.42609866
-0.99330874,0.72501851,0.27025904,0.43332689
-0.96308712,0.72262422,0.27626053,0.44017228
-0.97264138,0.74658019,0.27435433,0.44372416
-0.97820304,0.63946615,0.27324848,0.41611633
-1.0130486,0.74691542,0.26638365,0.43385663
-0.94862363,0.65295001,0.27916171,0.42661544
-0.93724696,0.64941315,0.28145678,0.42853427
-0.94935403,0.56199724,0.27901475,0.40435376
-0.93787071,0.63244969,0.28133065,0.42423281
-1.0306111,0.7412318,0.26296565,0.42815584
-1.0213761,0.77492056,0.26475944,0.4386961
-1.0451774,0.73744487,0.26015224,0.42366829
-0.99529946,0.77279614,0.26986661,0.44460253
-0.99843282,0.76490464,0.26924966,0.44188184
-1.0158694,0.80944464,0.26583277,0.44857628
-1.0180348,0.76423715,0.26541038,0.43688899
-0.86212677,0.54076973,0.29689519,0.42034506
-0.84454062,0.54327402,0.30057934,0.42524788
-0.95797363,0.62292929,0.27728409,0.41701377
-0.97221391,0.67910296,0.27443944,0.42724243
-0.94959947,0.68321497,0.27896538,0.43379491
-0.97233944,0.73180464,0.27441445,0.44015456
-1.0066988,0.72348314,0.2676264,0.42966559
-0.96679906,0.69746532000000006,0.27551898,0.43307067
-0.93974172,0.71976562,0.28095252,0.44522667
-0.97944289,0.61709911,0.27300234,0.41039232
-0.99348689,0.68802005,0.2702239,0.42422162
-0.94579205,0.69508839,0.27973186,0.43765031
-0.91140455,0.57482143,0.28671251,0.41663972
-0.90534624,0.64353622,0.28795308,0.43491882
-1.0064878,0.73661008,0.26766776,0.43293711
-0.97468126,0.69598721,0.27394841,0.43077398
-0.92509411,0.7192472,0.28392107,0.44871922
-0.96783209,0.6907227,0.27531282,0.43116259
-0.96893091,0.65772766,0.27509365,0.42282106
-1.0988189,0.81369038,0.24996126,0.4291969
-1.0653474,0.78409517,0.25628889,0.43014681
-1.0097416,0.80490395,0.26703043,0.44896891
-0.98050278,0.7591419,0.27279203,0.44488465
-1.0339813,0.75119186,0.26231297,0.42977003
-0.99473772,0.7707591,0.26997731,0.44423826
-1.0310739,0.76465739,0.26287597,0.43378706
-1.0402108,0.74362857,0.26110932,0.42639319
-0.98395596,0.67734019,0.27210754,0.42394101
-0.93107128,0.69212089,0.28270743,0.44054503
-0.9234106,0.71449149,0.28426347,0.44795937
-0.96435905,0.63774126,0.27600629,0.41906379
-0.93960521,0.65144673,0.2809801,0.42845476
-0.89636538,0.57109291,0.28979798,0.41939135
-0.92323378,0.59164318,0.28429945,0.41785366
-0.92837353,0.65537327,0.28325481,0.43217069
-0.93738268,0.67602895,0.28142933,0.43503096
-1.0038721,0.70301431,0.26818079,0.42534779
-0.99724853,0.68620182,0.26948274,0.42285927
-0.98830627,0.7524352,0.27124675,0.44130411
-1.0278247,0.77416907,0.26350605,0.43692393
-1.033665,0.83790361,0.26237419,0.45121536
-0.99036427,0.72473254,0.27084013,0.43397981
-0.99237273,0.71452809,0.27044367,0.43098227
-0.97486364,0.67934954,0.27391214,0.42665446
-0.96888619,0.69726624,0.27510256,0.43250944
-0.95389013,0.65248774,0.27810316,0.42521469
-1.0414201,0.67407425,0.26087608,0.40918252
-0.94030273,0.66187519,0.2808392,0.43083933
-1.0014991,0.69817277,0.26864678,0.42474453
-0.95823978,0.70380561,0.27723076,0.4367324
-0.94591196,0.65911059,0.2797077,0.42878713
-0.94591196,0.65911059,0.2797077,0.42878713
-1.0090525,0.70447677,0.26716532,0.4244393
-0.94673222,0.67807103,0.27954247,0.4332358
-0.97264306,0.67545643,0.274354,0.42624538
-0.9764037,0.71200577,0.27360595,0.43428291
-0.97266182,0.64028439,0.27435026,0.41766227
-0.9744437,0.66360409,0.27399567,0.42290981
-0.95956548,0.70214901,0.2769652,0.4359989
-1.0080053,0.71056525,0.26737041,0.42618342
-1.0080053,0.71056525,0.26737041,0.42618342
-0.99310312,0.72935934,0.27029959,0.43444363
-0.95386375,0.64591329,0.27810846,0.42361509
-0.97542825,0.65380667,0.27379986,0.42028061
-0.9800686,0.66849901,0.27287817,0.42273167
-0.96052185,0.68857382,0.27677372,0.43242892
-0.95577704,0.69214493,0.2777245,0.43447107
-1.0086043,0.80667214,0.26725308,0.44968781
-1.0165907,0.71371181,0.26569202,0.42485386
-0.97016172,0.71547287,0.27484827,0.43666975
-0.95123242,0.7226084,0.27863704,0.44309166
-0.96689447,0.65301791,0.27549993,0.4221688
-0.98528838,0.67237858,0.27184372,0.42240465
-0.95699429,0.61184466,0.27748039,0.41455912
-0.9770871,0.67918013,0.27347015,0.42606922
-0.98299632,0.80601036,0.27229765,0.45586865
-0.99461036,0.7763195,0.27000241,0.44564296
-0.98453273,0.6892265,0.27199332,0.42670531
-1.0200243,0.71746689,0.26502266,0.42493242
-0.9323546,0.65956712,0.28244726,0.4322229
-0.9368163,0.65036835,0.28154388,0.42887369
-0.98925947,0.69755756,0.27105837,0.42758726
-0.97445557,0.69201289,0.2739933,0.42985502
-1.0174764,0.70435506,0.26551926,0.42235304
-0.99565356,0.69985207,0.26979684,0.42658416
-0.94588941,0.67481071,0.27971224,0.4326423
-0.94588941,0.67481071,0.27971224,0.4326423
-0.99389038,0.69891647,0.27014434,0.42678661
-0.92018828,0.62653451,0.28491953,0.4271096
-0.92992099,0.62815715,0.28294074,0.42512635
-0.91262276,0.64393725,0.28646344,0.43322983
-0.94746303,0.68761478,0.27939531,0.43540101
-1.004036,0.69644176,0.26814864,0.42370206
-0.9560182,0.69068564,0.27767613,0.4340533
-1.0519426,0.761137,0.25885224,0.42780665
-0.9847473,0.69295683,0.27195083,0.42756558
-0.99030213,0.74580034,0.2708524,0.43917725
-1.0219118,0.70536185,0.26465517,0.42151678
-0.99070022,0.7216687,0.27077379,0.43314487
-0.95478977,0.68321365,0.27792258,0.4325202
-0.93792166,0.65941284,0.28132035,0.4308194
-0.94511389,0.60916513,0.27986852,0.41679391
-0.94888265,0.55275594,0.27910958,0.40224329
-0.8844004,0.61382581,0.29226674,0.43276604
-0.90353736,0.55843357,0.28832411,0.41457024
-0.85283221,0.55357121,0.29883907,0.42573815
-0.92768407,0.605611,0.2833948,0.42017061
-0.95802544,0.60849158,0.27727371,0.41349546
-0.94241255,0.73042468,0.28041328,0.44720061
-0.93857383,0.67480655,0.28118851,0.43443785
-0.94502962,0.69021925,0.2798855,0.43663986
-0.99298606,0.67560551,0.27032268,0.42131426
-0.95823282,0.68115866,0.27723215,0.43117123
-0.95456988,0.65180247,0.27796671,0.42488111
-1.0026161,0.74507301,0.26842738,0.43596777
-1.028963,0.68107417,0.2632852,0.41389448
-1.05078,0.79438676,0.25907536,0.43625055
-0.86196294,0.52620343,0.2969294,0.41683991
-0.86412274,0.53662995,0.29647871,0.41885079
-0.91306597,0.55036853,0.28637286,0.41030675
-0.92421093,0.52092939,0.28410067,0.40052417
-1.0898378,0.77187467,0.25164881,0.42117222
-1.0176593,0.82665666,0.26548358,0.45239397
-0.966356,0.6883034,0.27560742,0.43093127
-0.99301039,0.64399173,0.27031788,0.41362041
-0.97764788,0.76981939,0.27335875,0.44822909
-1.0411595,0.70779446,0.26092633,0.41742208
-0.99495915,0.69221483,0.26993367,0.42488675
-0.96171859,0.71583905,0.27653424,0.43883794
-1.0039191,0.72979368,0.26817159,0.4318946
-0.97803002000000006,0.68376283,0.27328285,0.42695951
-1.0006143,0.66551486,0.26882066,0.41700038
-1.0113565,0.66236157,0.26671447,0.41362617
-0.82544013,0.54532731,0.30461009,0.43042612
-0.84833183,0.49948556,0.29978291,0.41366223
-0.87547888,0.52652703,0.29411554,0.41363662
-0.89576572,0.55360506,0.28992142,0.41528472
-0.94900746,0.64328677,0.27908447,0.42415961
-0.9367343,0.65124353,0.28156047,0.42910816
-0.89101975,0.62156522,0.29089943,0.43304101
-0.87201255,0.66907246,0.2948357,0.44943839
-0.99504706,0.67921392,0.26991634,0.42169158
-0.96924909,0.70623849,0.2750302,0.43462378
-0.97117627,0.63113176,0.27464611,0.41579867
-0.98910234,0.69903067,0.27108942,0.42798632
-0.95684133,0.6564587,0.27751106,0.42546395
-0.9730754,0.66456633,0.27426793,0.4234787
-0.99423768,0.65629117,0.27007587,0.41630838
-1.0185274,0.63282701,0.26531434,0.40475276
-1.0317538,0.70865298,0.26274424,0.41992025
-1.0020661,0.67058549,0.26853541,0.41788042
-0.89929226,0.63284944,0.28919596,0.43378058
-0.8748458,0.5243993,0.29424699,0.41327415
-0.88539107,0.54196222,0.29206186,0.41497681
-0.86528522,0.51100015,0.2962363,0.41234369
-0.89184184,0.50284189,0.29072988,0.40395807
-0.85800173,0.61547146,0.29775701,0.4396629
-0.94097194,0.61697379,0.28070406,0.41970168
-0.92320862,0.69286802,0.28430457,0.44266811
-0.93719564,0.72866017,0.28146716,0.44805425
-0.92014981,0.75940899,0.28492737,0.4599011
-0.9323838,0.65988657,0.28244134,0.43229413
-0.92806065,0.62039116,0.28331833,0.42368369
-1.0015421,0.69603598,0.26863834,0.42421203
-0.9754602,0.69483985,0.27379351,0.4303017
-0.91137658,0.60320298,0.28671823,0.42356061
-0.96981928,0.6891053,0.27491652,0.43027874
-0.98169099,0.69461607,0.27255638,0.42872013
-0.96945342,0.70299805,0.27498946,0.4337775
-0.9345293,0.70040445,0.28200672,0.44173469
-1.049422,0.70444292,0.25933612,0.41460052
-1.0316384,0.71749022,0.26276658,0.42210253
-1.0345282,0.80005407,0.26220717,0.44164857
-0.98944728,0.68971436,0.27102126,0.42562277
-0.98396708,0.77431078,0.27210534,0.44777708
-0.99562471,0.75769468,0.26980253,0.44079653
-1.0462026,0.74793142,0.25995498,0.42598017
-1.0282225,0.79648513,0.26342885,0.44232354
-0.97394792,0.7128323,0.2740943,0.43508948
-0.94291263,0.71302853,0.28031238000000003,0.44278074
-0.98442773,0.6785438,0.27201411,0.42411974
-0.99978734,0.70776558999999994,0.26898324,0.42750898
-1.0093202,0.70162852,0.26711291,0.42367828
-0.9771928,0.74937714,0.27344915,0.44329114
-0.98117714,0.75063843,0.27265828,0.44261924
-0.9594301,0.68262012,0.27699231,0.43123602
-0.95534538,0.66212568,0.27781109,0.42721581
-0.93158334,0.63386248,0.2826036,0.42611473
-0.97113978,0.60759032,0.27465338,0.41010062
-0.95813209,0.69161457,0.27725234,0.43376224
-0.98260544,0.71330054,0.27237511,0.43307775
-0.94616974,0.71601299,0.27965577,0.44271347
-1.0050953,0.68916974,0.2679408,0.42166903
-1.0093798,0.68892078,0.26710124,0.42056388
-0.9347335,0.68810809,0.28196538,0.43865428
-1.010557,0.77909864,0.26687086,0.44239237
-1.0485381,0.80709795,0.25950592,0.43993147
-1.0402614,0.75678614,0.26109956,0.42960198
-0.95115912,0.67553485,0.27865177,0.43152687
-0.95462407,0.68063739,0.27795584,0.43192864
-0.98227413,0.69074449,0.27244078,0.42762943
-0.89635217,0.57916369,0.2898007,0.42136109
-0.91573465,0.62680844,0.28582778,0.42826677
-0.91261368,0.62849659,0.2864653,0.42944471
-0.96690005,0.57835896,0.27549882,0.40406855
-0.920238,0.70902796,0.2849094,0.44739291
-0.9290408,0.65913203,0.28311936,0.43292949
-0.99083732,0.60196723,0.27074672,0.40398933
-0.94118887,0.7312651,0.28066026,0.44771094
-0.96247312,0.68780193,0.27638331,0.43176068
-1.0157096,0.71974146,0.26586396,0.4265434
-0.99480434,0.696539,0.26996418,0.42598159
-0.9612033,0.71273475,0.27663734,0.43820048
-0.98394461,0.78835903,0.27210979,0.45125888
-1.0106838,0.6300495,0.26684606,0.40597393
-1.0182083,0.69431089,0.26537655,0.41972621
-1.0086791,0.69820169,0.26723844,0.42299822
-0.99673221,0.72448266,0.26958439,0.43235492
-1.0019822,0.70059791,0.26855187,0.42521911
-0.93217186,0.67311238,0.2824843,0.43559492
-0.9840308,0.65309842,0.27209272,0.41801378
-0.96164967,0.72919284,0.27654802,0.44214607
-0.96064724,0.74765224,0.27674862,0.44695165
-0.95125428,0.7480121,0.27863265,0.44936364
-1.0533723,0.70188468,0.25857805,0.41302172
-1.0181271,0.77626581,0.26539239,0.43982773
-0.99163408,0.70312241,0.27058944,0.42836827
-0.98792091,0.703845,0.27132293,0.4294548
-0.97337668,0.70565095,0.27420797,0.43346551
-0.93686376,0.64839771,0.28153428,0.42837944
-0.92295867,0.64207894,0.28435543,0.43023811
-0.9962823,0.71234476,0.26967299,0.4294887
-0.98679308,0.73981373,0.27154597,0.43856712
-1.0095632,0.80592494,0.26706534,0.44926563
-1.0130459,0.79866122,0.26638419,0.44660817
-1.0373734,0.73629025,0.26165711,0.42529271
-1.0291515,0.7447073,0.26324863,0.42936455
-0.9386337,0.76012857,0.28117641,0.45549184
-1.0747926,0.69771685,0.25449273,0.40683237
-0.94502109,0.72169646,0.27988722,0.44439973
-0.95737712,0.68650205,0.27740365,0.43269228
-0.95214288,0.69711203,0.27845408,0.43658563
-1.0055208,0.70554849,0.26785734,0.42556424
-0.95079163,0.73343886,0.27872565,0.44587472
-0.97541223,0.65074648,0.27380305,0.41953909
-1.0227437,0.75336755,0.2644933,0.43306025
-1.0295908,0.73830979,0.26316345,0.42769029
-1.0041111,0.75251141,0.26813391,0.43742981
-0.95626318,0.65429455,0.27762699,0.42507631
-0.94063354,0.68456576,0.28077239,0.43633058
-0.98122125,0.64869916,0.27264953,0.41762709
-0.97211724,0.74088288,0.27445869,0.44244762
-0.97646391,0.68935954,0.27359398,0.42871291
-1.004799,0.75356877,0.26799892,0.43752071
-0.98222432,0.71841381,0.27245065,0.43442723
-0.98417872,0.70504437,0.27206342,0.43066601
-0.98678378,0.7201498,0.27154781,0.43373363
-1.010505,0.72507099,0.26688103,0.42912206
-0.95021673,0.6716535,0.27884124,0.43080605
-1.0178004,0.72592508,0.26545608,0.42754482
-0.96024174,0.7058815,0.2768298,0.43675059
-0.92806904,0.59265424,0.28331663,0.4169237
-0.88599868,0.61784698,0.29193625,0.43336091
-0.8998526,0.60313254,0.28908079,0.42635949
-0.97771193,0.624744,0.27334602,0.41266289
-1.0114836,0.72396856,0.26668961,0.42861234
-1.0533124,0.72775666,0.25858953,0.41932237
-1.0519756,0.71110796,0.25884592,0.41559874
-0.98088954,0.78725226,0.27271531,0.45174138
-1.0317494,0.75919493,0.26274509,0.43228009
-1.0300768,0.8071431,0.26306921,0.44449626
-1.0838393,0.77158994,0.25278015,0.42256579
-1.0977538,0.73809893,0.250161,0.41104312
-0.97917053,0.60967877,0.2730564,0.40866384
-0.93273557,0.66454992,0.28237006,0.43335257
-0.96649064,0.71012329,0.27558054,0.4362569
-0.96461563,0.63892386,0.27595502,0.41928925
-0.96789752,0.63575613,0.27529977,0.41771968
-0.93640514,0.66624401,0.28162706,0.43286754
-0.91737111,0.60083625,0.28549385,0.42152046
-0.97128373,0.70227479,0.2746247,0.43315041
-0.97425363,0.71103642,0.27403348,0.43457301
-1.017506,0.71166778,0.26551349,0.42413091
-1.0083189,0.721001,0.26730898,0.42866063
-0.98981924,0.73633372,0.27094778,0.43696578
-1.017616,0.67573297,0.26549204,0.41535214
-0.89333053,0.64922226,0.290423,0.43927418
-0.91346568,0.61416185,0.28629118,0.42572768
-0.89235969,0.57870436,0.29062311,0.42222277
-1.0019166,0.63947394,0.26856475,0.41036839
-0.93617715,0.65830936,0.28167319,0.43097659
-1.0488853,0.72972923,0.25943921,0.42088144
-1.0339258,0.79674895,0.26232371,0.44098218
-0.93271615,0.56648642,0.28237399,0.40945236
-0.94150224,0.72725661,0.280597,0.44664253
-0.99649191,0.71954035,0.26963171,0.4312013
-0.9535867,0.65247066,0.27816408,0.42528468
-0.97337622,0.70993832,0.27420806,0.43451878
-0.97337622,0.70993832,0.27420806,0.43451878
-0.95156463,0.65481041,0.27857027,0.42635113
-0.98607639,0.64706853,0.27168776,0.4160505
-0.9642476,0.64669693,0.27602856,0.42127278
-1.0061902,0.76628856,0.2677261,0.44031059
-1.0362166,0.7379613,0.26188066,0.42598404
-1.0322812,0.78021486,0.26264208,0.43731496
-1.073048,0.80124959,0.25482387,0.43246565
-1.0653345,0.84527046,0.25629134,0.44520494
-1.1036714,0.84113616,0.24905261,0.43474059
-1.0694234,0.82901691,0.25551276,0.44018619
-1.0215642,0.7661717,0.26472283,0.43649668
-0.92987415,0.6032335,0.28295025,0.41905823
-0.98245843,0.74692789,0.27240425,0.44138807
-0.93551272,0.62133386,0.28180764,0.42209505
-0.97956721,0.71874224,0.27297767,0.43516092
-0.98579284,0.71179072,0.27174387,0.43192485
-0.91477745,0.60804296,0.28602322,0.42391201
-1.0259173,0.76118708,0.26387638,0.43420127
-1.0546109,0.72460389,0.25834066,0.41823891
-0.98838125,0.73937894,0.27123193,0.43806908
-1.0099421,0.71325594,0.26699118,0.42636777
-0.92186698,0.65509504,0.28457764,0.43369975
-0.92843335,0.65019169,0.28324266,0.43088491
-0.95736923,0.65036906,0.27740523,0.42384713
-0.9787877,0.71846023,0.2731324,0.43528321
-0.97106111,0.74716173,0.27466905,0.44425783
-0.97106111,0.74716173,0.27466905,0.44425783
-0.97513063,0.71634893,0.27385904,0.43566321
-0.98524803,0.7382795,0.2718517,0.43856979
-0.99126125,0.70109745,0.27066303,0.42796377
-1.0185856,0.73667387,0.26530301,0.42998516
-0.99116703,0.70202464,0.27068163,0.42821384
-0.95649413,0.67437109,0.27758068,0.42993336
-0.95649413,0.67437109,0.27758068,0.42993336
-0.97741074,0.63195375,0.27340585,0.41448452
-0.99088055,0.62818002,0.27073819,0.410306
-1.0604819,0.71441171,0.25721738,0.41433572
-1.0390367,0.73150376,0.26133591,0.42371703
-1.0366182,0.74131279,0.26180305,0.42670552
-1.0046273,0.77344355,0.26803262,0.44246012
-1.0046273,0.77344355,0.26803262,0.44246012
-0.98980344,0.73402882,0.2709509,0.43640268
-0.97251955,0.71772287,0.27437859,0.43664323
-0.98755862,0.73327022,0.27139457,0.43676826
-1.0218445,0.73977177,0.26466826,0.42994568
-0.9511831,0.69432366,0.27864695,0.43613588
-0.94252873,0.69812635,0.28038983,0.43920174
-1.0150872,0.69020135,0.26598547,0.4194855
-0.96384399,0.72049715,0.27610922,0.43946174
-0.96464217,0.65328089,0.27594972,0.4227825
-0.93175563,0.70259788,0.28256867,0.44295996
-0.94527446,0.65341051000000006,0.27983616,0.4275476
-0.95260321,0.66940866,0.2783616,0.42967076
-0.92651594,0.62445445,0.28363209,0.42505361
-0.92112793,0.61245577,0.28472813,0.42343888
-0.92409838,0.64495539,0.28412356,0.4306639
-0.88798064,0.62074834,0.29152673,0.43358669
-0.95556101,0.73454009,0.27776783,0.44496861
-0.97598327,0.70696328,0.27368952,0.4331477
-0.95064192,0.65462245,0.27875575,0.42653084
-0.91203767,0.64954636,0.28658305,0.43475139
-0.91203767,0.64954636,0.28658305,0.43475139
-0.97440347,0.64349532,0.27400367,0.41801967
-0.98640602,0.75712218,0.27162254,0.44292884
-0.98082712,0.71144884,0.2727277,0.43305973
-0.97145523,0.67600367,0.27459054,0.42666976
-1.0417938,0.79822204,0.26080404,0.43940635
-1.048328,0.77614823,0.2595463,0.43237204
-0.92275073,0.61645822,0.28439775,0.42401995
-0.90459425,0.63529808,0.28810729,0.43307989
-0.92611153,0.61008663,0.28371427,0.42164482
-0.94127442,0.66010858,0.28064299,0.43016798
-1.0187972,0.71696202,0.26526177,0.42510893
-1.0284045,0.71852301,0.26339354,0.42314367
-0.96086038,0.70426955,0.27670596,0.43620194
-0.9541997,0.65695959,0.27804101,0.4262323
-0.95952057,0.68648644,0.27697419,0.43216237
-0.93110192,0.6867249,0.28270121,0.43920798
-0.91244699,0.62150517,0.28649937,0.42777331
-0.89767866,0.5215262,0.28952777,0.40705521
-0.89767866,0.5215262,0.28952777,0.40705521
-0.84391038,0.558858,0.30071185,0.42921556
-0.88821074,0.53327457,0.29147921,0.41218593
-0.85917165,0.4969868,0.29751244,0.41043078
-0.83378764,0.59029097,0.30284479,0.43942483
-1.0040232,0.69766757,0.26815115,0.42400454
-0.98005448,0.63339963,0.27288097,0.41419384
-0.97356513,0.64971187,0.27417047,0.41973697
-0.91329582,0.6511784,0.28632588,0.43484327
-1.0123451,0.72187014,0.26652117,0.4278876
-1.0048225,0.75850656,0.26799431,0.43873047
-0.99430263,0.76048717,0.27006307,0.44181099
-0.97947974,0.65904582,0.27299503,0.42057
-0.94615538,0.67426268,0.27965866,0.4324425
-0.94615538,0.67426268,0.27965866,0.4324425
-0.97073489,0.68511255,0.27473405,0.42907593
-0.93413465,0.65997753,0.28208664,0.43188682
-0.95964292,0.67123118,0.27694969,0.42839274
-1.0012515,0.72725963,0.26869544,0.43192737
-1.0012384,0.7291573,0.268698,0.43239626
-0.9445337,0.6543727,0.27998547,0.42796445
-0.98387011,0.72411105,0.27212454,0.43542294
-1.0319753,0.70810621,0.26270132,0.4197331
-0.94454884,0.72215555,0.27998241,0.4446297
-0.98500516,0.65402591,0.27189978,0.41800238
-0.97768689,0.69172647,0.273351,0.42899311
-0.92827282,0.6990845,0.28327525,0.44295241
-1.0293479,0.67459634,0.26321055,0.41223066
-0.95661607,0.67493152,0.27755623,0.43004083
-0.97241449,0.67402436,0.27439951,0.42595108
-0.9809107,0.72979224,0.27271112,0.43754823
-0.98417226,0.73034717,0.2720647,0.43688224
-0.9664443,0.72102395,0.2755898,0.43895103
-0.96688009,0.69152842,0.2755028,0.43159374
-0.98349228,0.68632253,0.27219939,0.42624951
-0.97735086,0.73981272,0.27341775,0.44089313
-0.95055018,0.6374729,0.27877419,0.42236379
-0.92193375,0.64488938,0.28456404,0.43117854
-0.92905357,0.60681563,0.28311676,0.42013044
-0.90455122,0.58681906,0.28811612,0.42122854
-0.86654085,0.66742634,0.29597459,0.45038519
-0.86244972,0.6753633,0.29682778,0.45336434
-0.89370988,0.6719932,0.29034483,0.44479679
-0.99674408,0.65909273,0.26958206,0.4163801
-1.0102635,0.64409093,0.26692829,0.40946619
-0.97480912,0.65447795,0.27392298,0.42059504
-0.951544,0.68362462,0.27857442,0.43341796
-0.98660019,0.71540605,0.27158413,0.43261396
-0.92923032,0.64251928,0.28308089,0.42880925
-0.92640403,0.64461451,0.28365483,0.43001511
-0.99206534,0.68553937,0.27050433,0.42396294
-1.0075309,0.69456116,0.26746334,0.42239003
-1.0363297,0.6908447,0.2618588,0.41447772
-1.0520837,0.69367439,0.25882517,0.41134468
-1.0534805,0.69845888,0.25855731,0.41216522
-0.98827391,0.67236432,0.27125315,0.42167293
-0.94100113,0.67332026,0.28069816,0.43347653
-0.96609539,0.65233712,0.27565946,0.42219765
-0.93600763,0.62086474,0.28170749,0.42185992
-0.9846159,0.70662832,0.27197685,0.43094721
-0.99060585,0.70548302,0.27079243,0.4291983
-0.98052226,0.69103264,0.27278817,0.42812882
-0.95100664,0.70743387,0.27868242,0.43940609
-0.96899533,0.67918851,0.2750808,0.42805116
-0.91617874,0.66226034,0.28573714,0.43685928
-0.90314239,0.65026491,0.28840516,0.43711538
-0.92401761,0.61744967,0.28413999,0.42395269
-0.95041789,0.68923105,0.27880079,0.43507198
-0.95041789,0.68923105,0.27880079,0.43507198
-0.94436131,0.62731413,0.28002022,0.42139554
-0.93116725,0.64375871,0.28268797,0.42863842
-0.94745947,0.63862904,0.27939603,0.42340024
-0.98024781,0.64620267,0.27284261,0.41725671
-0.9842991,0.75217194,0.27203958,0.44222739
-0.9256442,0.57145061,0.28380925,0.41236586
-0.94584311,0.6513659,0.27972157,0.42690813
-0.88073665,0.64306919,0.29302515,0.44086125
-0.93279491,0.63530764,0.28235803,0.42617186
-0.95301466,0.65787785,0.27827895,0.42674676
-0.89321347,0.55863965,0.29044712,0.41712816
-0.879009,0.58461926,0.29338318,0.42692953
-0.91703807,0.68091409,0.28556179,0.44124175
-0.9986872,0.66514697,0.26919961,0.41737948
-0.99330448,0.73135441,0.27025988,0.4348844
-1.002643,0.7075454,0.2684221,0.42675636
-0.97164259,0.68839893,0.27455322,0.42965873
-0.94554234,0.65815463,0.27978218,0.42864352
-0.98710295,0.72324276,0.27148468,0.43441502
-0.97765551,0.6778663,0.27335723,0.42560901
-0.97765551,0.6778663,0.27335723,0.42560901
-0.96353517,0.7387613,0.27617095,0.44404193
-0.96061517,0.70681783,0.27675504,0.43688907
-0.96226737,0.70639382,0.27642446,0.43637835
-0.95537278,0.71931512,0.2778056,0.44125811
-0.97881901,0.69904673,0.27312618,0.43050961
-0.98219896,0.68560622,0.27245568,0.42639063
-1.0059717,0.7497136,0.26776894,0.43628378
-0.99860797,0.73647207,0.2692152,0.43483873
-0.9709751,0.67341295,0.27468619,0.42615355
-0.97783497,0.70763345,0.27332158,0.43285762
-1.0430239,0.67932196,0.26056695,0.41006373
-0.87998047,0.66202388,0.29318183,0.44572554
-0.9221097,0.63070063,0.28452822,0.42765894
-0.9098501,0.60797708,0.28703051,0.42509967
-0.92767606,0.58755508,0.28339643,0.41578009
-0.92840922,0.5775106,0.28324756,0.41316452
-0.91212831,0.59103938,0.28656452,0.42041039
-0.89020627,0.58959852,0.29106726,0.42540892
-0.91912757,0.61292843,0.28513569,0.42404275
-0.92506995,0.60052027,0.28392598,0.41956736
-0.95492276,0.69268167,0.27789589,0.43481288
-0.94255562,0.62929009,0.28038441,0.42231786
-0.91236289,0.61292151,0.28651656,0.42569405
-0.92961452,0.63387138,0.28300293,0.42659844
-0.94042981,0.61255252,0.28081353,0.4187572
-0.92114101,0.66569726,0.28472546,0.43648406
-0.97125459,0.65062791,0.27463051,0.42052303
-0.95045033,0.64030308,0.27879427,0.4230788
-0.93813688,0.66055985,0.28127684,0.4310479
-0.99109638,0.72976209,0.27069558,0.43503574
-0.95373419,0.65690976,0.27813447,0.42633396
-1.0056612,0.66330437,0.26782982,0.41523709
-0.99817209,0.66808359,0.26930096,0.41821909
-0.91865865,0.68382144,0.28523128,0.44155903
-0.93819425,0.70210853,0.28126524,0.44125119
-0.95921019,0.64687451,0.27703636,0.42254473
-0.96820036,0.73751729,0.27523935,0.44258362
-0.97928483,0.65613907,0.27303371,0.41990929
-0.95680329,0.69579177,0.27751869,0.43511507
-0.99141463,0.66671762,0.27063275,0.41953148
-0.9674123,0.68527179,0.27539659,0.42992908
-0.93470039,0.64861962,0.28197208,0.42896363
-1.0117584,0.67447041,0.26663586,0.4164684
-0.97676063,0.6759077,0.27353502,0.42534899
-1.0393388,0.72871886,0.2612776,0.42296343
-0.93226504,0.71154447,0.28246541,0.44504279
-1.0388366,0.70357818,0.26137453,0.41696172
-0.96580856,0.70928171,0.27571673,0.43621768
-0.95951765,0.69402899,0.27697478,0.43401496
-0.97342655,0.70578107,0.27419804,0.43348522
-0.93339857,0.65441772,0.28223573,0.43070365
-0.89870683,0.60555069,0.28931632,0.42723137
-0.93482559,0.60973065,0.28194673,0.41943458
-0.9270689,0.63947437,0.28351975,0.42859287
-0.8999138,0.62164889,0.28906821,0.43087921
-0.9171769,0.66898071,0.28553347,0.43826753
-0.98497754,0.6364934,0.27190525,0.41375006
-0.98336225,0.71658646,0.27222515,0.4336988
-0.99169449,0.67958059,0.27057751,0.42259884
-0.91946462,0.62573002,0.28506699,0.42708982
-0.91568732,0.65595337,0.28583745,0.43542911
-0.97984479,0.66080373,0.27292258,0.42090947
-1.011557,0.71654161,0.26667525,0.42677646
-1.0243029,0.70464707,0.26419009,0.42075962
-0.93455201,0.69475971,0.28200212,0.44033754
-0.92468303,0.68634259,0.28400466,0.44069536
-0.98126186,0.67561465,0.27264148,0.42417756
-0.9501381,0.632505,0.27885705,0.42125269
-0.96462513,0.67904564,0.27595312,0.42908643
-0.98512697,0.65260637,0.27187567,0.41762745
-0.90088356,0.64696232,0.28886896,0.43685859
-0.9764753,0.69001337,0.27359172,0.42887026
-1.0183091,0.70282429,0.26535689,0.42177652
-0.93570041,0.6583376,0.28176966,0.43110043
-1.0082404,0.71233766,0.26732435,0.4265594
-0.96107744,0.67538539,0.27666253,0.42905885
-0.98884578,0.67552506,0.27114012,0.4223044
-0.99062055,0.74060105,0.27078952,0.4378187
-1.0739019,0.81226177,0.25466176,0.43496057
-0.97065318,0.70646738,0.27475033,0.43433503
-0.98294840000000006,0.71393498,0.27230715,0.43314931
-1.0116061,0.73471307,0.26666565,0.43121565
-0.93662657,0.6268724,0.28158226,0.42317474
-0.91713598,0.61240814,0.28554182,0.42440213
-0.96472801,0.66972303,0.27593257,0.42677901
-1.0344288,0.79643454,0.26222639,0.4407807
-0.97450084,0.61934988,0.2739843,0.41213388
-0.96766933,0.63261066,0.2753453,0.41701028
-1.007927,0.71185051,0.26738573,0.42651689
-0.97744648,0.74748218,0.27339875,0.44276095
-0.98961413,0.67451254,0.2709883,0.42186999
-0.93977478,0.68593164,0.28094584,0.4368778
-1.0228551,0.62009829,0.26447163,0.40065017000000003
-1.0295789,0.57186524,0.26316576,0.38752835
-1.023375,0.66758982,0.26437051,0.41198024
-1.0031627,0.76540271,0.26832005,0.44083844
-0.9771633,0.65619528,0.27345501,0.42043985
-0.95435641,0.68873839,0.27800956,0.43398318
-0.95435641,0.68873839,0.27800956,0.43398318
-0.95737901,0.68294558,0.27740327,0.43181902
-0.98957546,0.72114131,0.27099594,0.43329155
-0.9716302,0.71116806,0.27455569,0.43525011
-0.93752231,0.6228483,0.2814011,0.42197428
-1.0244997,0.76273704,0.26415184,0.43493046
-1.023655,0.7617459,0.26431606,0.43489446
-0.91173217,0.61248665,0.28664551,0.42574193
-0.89646911,0.60967208,0.28977664,0.42878819
-0.89053157,0.61774924,0.29100014,0.43222417
-0.90289203,0.60459466,0.28845655,0.42597376
-0.94471856,0.58566642,0.2799482,0.41118903
-0.94721432,0.60272174,0.27944539,0.41471859
-0.91124328,0.6390785,0.28674549,0.43237572
-0.96406474,0.62894176,0.2760651,0.41699465
-0.98040379,0.63913025,0.27281167,0.41550015
-0.97464681,0.75524246,0.27395526,0.44536789
-0.96543164,0.70336223,0.27579201,0.43485507
-0.9528437,0.65589082,0.27831329,0.42630255
-0.93903678,0.6331963,0.28109495,0.42413035
-0.94085567,0.72125386,0.28072753,0.44531912
-0.95081212,0.67405623,0.27872153,0.43124929
-0.91916911,0.62891896,0.28512722,0.42794263
-0.96870194,0.69013742,0.27513931,0.43080574
-0.99092666,0.73440937,0.27072908,0.43622003
-0.95975024,0.67044664,0.2769282,0.42817437
-0.97163317,0.67038912,0.2745551,0.42525339
-0.99717206,0.76303447,0.26949779,0.44173155
-0.99069585,0.71377746,0.27077466,0.43120944
-0.93790878,0.66288919,0.28132295,0.43167521
-0.91209815,0.63463261,0.28657068,0.43107524
-0.90658678,0.57425028,0.2876988,0.41767222
-0.90459009,0.57059289,0.28810815,0.41726836
-0.86980982,0.603522,0.29529388,0.43381866
-0.86011061,0.63225884,0.29731624,0.44328223
-0.88231488,0.62462445,0.29269831,0.43593154
-0.85984409,0.60091745,0.29737192,0.43562758
-0.8856808,0.57841145,0.29200196,0.4237814
-0.98846334,0.70245402,0.2712157,0.42898113
-1.0170983,0.72627082,0.265593,0.4278013
-1.0168841,0.75050853,0.26563479,0.43379711
-0.98537909,0.71105272,0.27182576,0.43184529
-0.94279551,0.68957785,0.28033601,0.43703168
-0.98865221,0.67269965,0.27117837,0.42166245
-0.99318889,0.73246701,0.27028267,0.43518626
-0.96979562,0.70092886,0.27492124,0.43318532
-0.96693555,0.70356133,0.27549173,0.43453443
-0.96929173,0.68000589,0.2750217,0.42817871
-1.0012021,0.72671031,0.26870513,0.43180469
-1.0195689,0.7588636,0.26511138,0.43519033
-0.94998002,0.6838057,0.27888884,0.43384653
-0.94422393,0.60513699,0.28004792,0.41603129
-0.92008375,0.62282899,0.28494083,0.42622872
-0.98047352,0.71054649,0.27279784,0.43292501
-0.99263214,0.68001034,0.27039249,0.42247492
-0.9800926,0.6927436,0.27287341,0.428653
-1.009954,0.73417923,0.26698886,0.43148996
-1.0425059,0.74792397,0.26066677,0.42688251
-0.95915878,0.68645376,0.27704665,0.43224314
-1.0187719,0.73698268,0.26526669,0.43001518
-0.9401145,0.72890932,0.28087721,0.44739411
-1.0037716,0.6901566,0.26820052,0.4222326
-0.99107133,0.71110301,0.27070052,0.43046154
-0.88252266,0.63141692,0.29265529,0.43755136
-0.96686142,0.72239491,0.27550653,0.43918594
-0.8926183,0.62307835,0.2905698,0.43302004
-0.89189764,0.60872234,0.29071838,0.42967548
-0.87645935,0.53738828,0.29391203,0.41603514
-0.87193607,0.6482819,0.29485161,0.44431837
-0.99661772,0.67115469,0.26960694,0.41934494
-0.94822072,0.66955657,0.27924279,0.43078131
-0.96805867,0.6978641,0.27526762,0.43285933
-0.93221774,0.65947844,0.282475,0.43223472
-1.0094833,0.69504032,0.26708099,0.42203064
-0.95547085,0.62656968,0.27778592,0.41850801
-0.96337146,0.71044728,0.27620368,0.43710389
-1.0195547,0.78001581,0.26511415,0.44039998
-1.0664302,0.78533195,0.25608255,0.43018454
-1.0276903,0.79324232,0.26353213,0.44165501
-0.94032258,0.70748566,0.28083519,0.44205233
-1.0073066,0.74007698,0.26750729,0.43358735
-0.97823879,0.65950987,0.27324139,0.42098555
-0.94138148,0.69246883,0.28062138,0.43809115
-0.9397418,0.66558375,0.2809525,0.43188659
-0.9731028,0.62605826,0.27426248,0.4140993
-0.92713605,0.65538918,0.28350611,0.43247829
-0.89511728,0.58189688,0.29005493,0.42232887
-0.96360202,0.67003832,0.27615759,0.42713164
-0.97837358,0.66229211,0.27321462,0.42163102
-0.97530691,0.69679111,0.27382399,0.43081768
-0.97482719,0.70934741,0.27391939,0.43401714
-0.97932175,0.74221385,0.27302638,0.44099919
-0.95107795,0.70100326,0.27866809,0.43780512
-0.99960915,0.69352432,0.26901827,0.42407068
-0.97060927,0.67851272,0.27475908,0.42749067
-0.97687268,0.70247598,0.27351275,0.43182803
-0.97687268,0.70247598,0.27351275,0.43182803
-1.0363728,0.74631042,0.26185048,0.4279886
-0.98923236,0.77841253,0.27106373,0.44748938
-0.98923236,0.77841253,0.27106373,0.44748938
-1.028044,0.72600546,0.2634635,0.42505923
-0.94728731,0.68873548,0.27943069,0.43571973
-0.99306473,0.7000568,0.27030716,0.42726764
-0.99882224,0.71888033,0.26917305,0.43046802
-1.0229951,0.73549855,0.26444441,0.42861688
-0.96012027,0.71542538,0.27685412,0.43912969
-1.008525,0.72824291,0.26726861,0.43038462
-1.0076491,0.71216514,0.26744018,0.42666185
-1.0240763,0.79491335,0.26423415,0.44295868
-1.0539223,0.75634194,0.25847263,0.42614909
-1.0025781,0.65967015,0.26843484,0.41510327
-0.94503691,0.68202459,0.27988403,0.43462336
-0.9755664,0.72149991,0.27377239,0.43682285
-0.94632818,0.64141532,0.27962385,0.42435693
-0.9684161,0.69809772,0.27519632,0.43282893
-1.0258837,0.7076797,0.26388291,0.4211135
-1.0245792,0.71419172,0.26413639,0.42302016
-1.0115143,0.76742374,0.2666836,0.43927853
-1.0317414,0.78324142,0.26274663,0.43819273
-1.0382613,0.72791801,0.26148561,0.42303094
-1.025626,0.79236109,0.26393298,0.44194678
-0.96945084,0.6507695,0.27498998,0.42099715
-0.96889985,0.65609345,0.27509984,0.42242988
-1.0546376,0.80023922,0.25833556,0.43674121
-1.0251652,0.79934344,0.26402249,0.44378325
-1.0637324,0.77034044,0.25659683,0.42717365
-0.93304959,0.66336701,0.28230643,0.43298502
-1.004438,0.66359184,0.26806975,0.41560395
-0.98122228,0.66508806,0.27264932,0.42161816
-0.96680638,0.75433862,0.27551752,0.44708198
-0.99211956,0.6480975,0.27049363,0.4148328
-1.0279749,0.726253,0.26347689,0.42513659
-1.0296748,0.77088331,0.26314716,0.43566082
-0.88855745,0.6004607,0.29140761,0.42846988
-0.88382252,0.60100563,0.29238629,0.42976331
-1.0190507,0.69686971,0.26521236,0.42014432
-1.0430656,0.7164843,0.26055892,0.41907268
-1.0347395,0.74006974,0.2621663,0.42686103
-1.0517445,0.72775978,0.25889026,0.41970496
-1.0517445,0.72775978,0.25889026,0.41970496
-0.99945033,0.71855154,0.26904951,0.43023344
-1.000214,0.71227837,0.26889934,0.42850933
-0.99003324,0.75848741,0.27090551,0.44237079
-0.97537463,0.67656672,0.27381052,0.42584893
-0.91757889,0.65610563,0.28545147,0.43500158
-0.91882153,0.61574652,0.28519808,0.42480594
-0.96565465,0.63355283,0.27574747,0.41772931
-0.92976749,0.63967398,0.28297189,0.42798097
-0.91539277,0.57616869,0.28589758,0.41599797
-0.89455619,0.56480677,0.29017048,0.41830159
-0.85608882,0.52165597,0.29815715,0.41716244
-0.9160915,0.55175629,0.28575495,0.40991054
-0.93094503,0.59745622,0.28273303,0.41739198
-0.90548949,0.68995752,0.28792371,0.44632463
-0.97909564,0.67707374,0.27307127,0.42506329
-0.87795495,0.60365235,0.29360174,0.43185112
-0.87953044,0.60236543,0.29327509,0.43114895
-0.93411915,0.5666709,0.28208978,0.40915776
-0.90414792,0.62972594,0.28819884,0.43182183
-0.92697234,0.66780874,0.28353936,0.43556932
-0.92875009,0.6269068,0.28317836,0.42510694
-0.95595458,0.62556502,0.27768889,0.41814584
-0.96458348,0.60438545,0.27596145,0.41091163000000003
-0.91887905,0.66027143,0.28518635,0.43570602
-1.0008746,0.7144221,0.26876951,0.42887259
-0.95390427,0.72833282,0.27810032,0.44384504
-1.0594365,0.69106058,0.25741715,0.40893351
-0.97525176,0.77696356,0.27383495,0.45058974
-1.0497498,0.7573964,0.25927315,0.42742781
-1.0616979,0.74444524,0.25698512,0.42134544
-1.02377,0.70198155,0.26429371,0.42023996
-0.95491407,0.69930954,0.27789764,0.43644452
-0.94759684,0.712295,0.27936837,0.44144446
-0.9710078,0.6452536,0.27467967,0.41927405
-0.95339403,0.65856246,0.27820277,0.42682143
-1.0463435,0.78923958,0.25992787,0.43607576
-1.0222901,0.79036478,0.26458156,0.44227718
-0.93994724,0.68170592,0.280911,0.43579608
-0.93270944,0.6838387,0.28237535,0.43810147
-0.93293025,0.62233566,0.28233061,0.42296961
-0.95552781,0.67428272,0.2777745,0.43014855
-0.98818983,0.69261951,0.27126977,0.42664071
-0.91779366,0.68003697,0.28540766,0.44083925
-1.0740597,0.72581505,0.25463182,0.41380816
-0.98502635,0.76377099,0.27189559,0.44491071
-0.97348906,0.75591120999999994,0.27418561,0.44581911
-1.0102096,0.75828591,0.26693883,0.43735006
-1.0102096,0.75828591,0.26693883,0.43735006
-0.99615765,0.74435484,0.26969754,0.43737982
-1.0108846,0.77958773,0.26680678,0.44243221
-0.95138112,0.59845973,0.27860715,0.41267417
-0.90455815,0.6219989,0.2881147,0.42982645
-0.93056145,0.65409662,0.28281082,0.43132068
-0.99610501,0.74896372,0.26970791,0.43852725
-0.98561622,0.67176316,0.27177882,0.42217453
-0.98949069,0.7132696,0.27101269,0.43138047
-0.98507979,0.66787686,0.27188501,0.42135757
-0.98012211,0.67085331,0.27286755,0.42329323
-0.98864068,0.71895179,0.27118065,0.43298347
-0.98800447,0.71879751,0.27130641,0.43310179
-1.0283717000000001,0.73468444,0.2633999,0.4271014
-1.0346468,0.72531139,0.26218422,0.42327698
-1.0129305,0.78089198,0.26640674,0.44224926
-0.94062786,0.67295899,0.28077353,0.43347947
-0.91446982,0.59543483,0.28608604,0.42091094
-0.98809821,0.71627342,0.27128788,0.43245917
-0.99671123,0.69472791,0.26958852,0.42507272
-0.94654853,0.69965095,0.27957947,0.43858726
-1.0125663,0.69438912,0.26647792,0.42112005
-1.0036736,0.73526152,0.26821976,0.43329697
-0.99862161,0.69159096,0.26921252,0.42383969
-0.99237625,0.69790141000000006,0.27044298,0.42690871
-0.96886306,0.72642822,0.27510718,0.43968641
-0.93949705,0.75251782,0.28100195,0.45339091
-0.95491954,0.73578005,0.27789654,0.44543332
-0.97011772,0.71918706,0.27485704,0.43759445
-0.97305778,0.69059716,0.27427144,0.42985062
-0.96162346,0.68198357,0.27655327,0.43054206
-0.97317982,0.69637723,0.27424715,0.43123784
-0.94604994,0.70545547,0.2796799,0.44013986
-0.94935845,0.69731318,0.27901386,0.43732015
-0.96674962,0.69696556,0.27552885,0.43296011
-0.89923268,0.63870745,0.28920821,0.4352346
-0.91273914,0.62458324,0.28643965,0.42845539
-0.9181234,0.68212607,0.28534042,0.44127298
-0.93671765,0.65217271,0.28156384,0.42933988
-0.98894483,0.69332291,0.27112054,0.42662809
-0.93209556,0.64895425,0.28249976,0.42968381
-0.94505204,0.64674518,0.27988098,0.42597144
-0.98794602,0.73801319,0.27131797,0.43784003
-0.9420517,0.64852946,0.2804861,0.42714179
-0.98890745,0.66201829,0.27112793,0.41899773
-0.99253,0.64399527,0.27041265,0.41373779
-0.98226741,0.65610232,0.27244211,0.41917401
-0.98077538,0.66255482,0.27273796,0.42110947
-0.96694323,0.74699596,0.2754902,0.44523379
-0.99765309,0.70217959,0.2694031,0.4266644
-1.0108105,0.77984661,0.26682126,0.44251434
-1.023597,0.73462672,0.26432734,0.42825598
-0.99457947,0.73157785,0.2700085,0.43462598
-0.97237326,0.65184964,0.27440771,0.42054814
-0.97968386,0.64696877,0.27295452,0.41758015
-0.97370344,0.66130278,0.27414294,0.42252887
-0.9909516,0.68210672,0.27072416,0.42339671
-0.92766532,0.72145168,0.28339861,0.44862851
-0.95374577,0.59655842,0.27813214000000003,0.4116406
-0.97789288,0.72057767,0.27331008,0.4360238
-0.96811426,0.75344836,0.27525653,0.44653867
-0.99293101,0.75060314,0.27033354,0.43971276
-0.93324395,0.64918882,0.28226705,0.42945989
-0.91063407,0.60265254,0.28687011,0.4236075
-0.90545239,0.61809608,0.28793132,0.42865121
-0.98022498,0.65439718,0.27284715,0.41925613
-0.98106207,0.73390195,0.2726811,0.43852261
-0.97857282,0.71259073,0.27317506,0.43389375
-0.95779389,0.65172521,0.27732011,0.42407462
-0.97605855,0.70044243,0.27367455,0.43152887
-0.98188251,0.68274428,0.27251841,0.42576816
-1.0319354,0.72344718,0.26270905,0.42348378
-0.98408553,0.71438903,0.27208188,0.4329816
-0.91794684,0.62498541,0.28537642,0.42727901
-0.97245821,0.75695725,0.2743908,0.4463323
-1.0305219,0.73832626,0.26298294,0.42746643
-1.0499297,0.81676917,0.25923859,0.44197251
-1.0768477,0.79063455,0.25410302,0.4289312
-0.95628223,0.68710999,0.27762317,0.43311032
-0.95611652,0.60548315,0.27765641,0.41322884
-0.89496998,0.66116414,0.29008526,0.44181336
-0.91693984,0.53866168,0.28558183,0.40654225
-0.93740901,0.66200041,0.28142401,0.43157978
-0.93918751,0.61054707,0.28106449,0.41857146
-1.0325784,0.79622582,0.26258454,0.4411854
-1.0443722,0.81304978,0.26030726,0.4424259
-1.049681,0.75292565,0.25928637,0.42635086
-1.03717,0.68557364,0.26169641,0.41299536
-1.0596808,0.7779684,0.25737047,0.43003402
-0.94216435,0.61446451,0.28046336,0.41880039
-0.96903599,0.70978732,0.27507269,0.43554841
-0.96903599,0.70978732,0.27507269,0.43554841
-0.96903599,0.70978732,0.27507269,0.43554841
-0.90108838,0.70750798,0.28882689,0.45175546
-0.93955872,0.61404683,0.28098949,0.41933305
-0.93800779,0.65865476,0.28130293,0.4306124
-1.0137602,0.67195276,0.26624461,0.41537048
-0.99224692,0.74002704,0.2704685,0.43727719
-1.0053264,0.72769666,0.26789547,0.43103496
-1.009034,0.72664712,0.26716894,0.4298687
-0.98432877,0.73555289,0.27203371,0.43812482
-0.95665397,0.63952165,0.27754863,0.42137478
-0.99713963,0.72742726,0.26950418,0.43297771
-0.95921427,0.66378338,0.27703554,0.42667482
-0.89061773,0.62590139,0.29098237,0.43420468
-0.90647932,0.59502723,0.28772082,0.42276034
-0.93531042,0.60515564,0.28184859,0.41820296
-1.0115872,0.7544434,0.26666935,0.43606596
-1.0593791,0.8033091,0.25742814,0.43633004
-1.0869727,0.84740018,0.25218877,0.4403917
-1.0423188,0.79979585,0.26070283,0.43966471
-1.0534923,0.78629381,0.25855505,0.43359499
-1.0260903,0.77956593,0.26384278,0.43867915
-1.0441914,0.700139,0.26034208,0.41482545
-1.034851,0.71223829,0.26214472,0.42003914
-0.99219414,0.78275662,0.27047891,0.44783117
-1.0354054,0.6863632,0.26203749,0.41361469
-0.92910179,0.66924679,0.28310698,0.43539935
-1.0323684,0.74491676,0.26262519,0.42862786
-1.0011729,0.78190878,0.26871088,0.44540254
-0.99810255,0.77380075,0.26931465,0.44415848
-0.99458585,0.71149488,0.27000724,0.42969615
-1.0096232,0.75602289,0.26705359,0.43693753
-0.95603231,0.68905249,0.27767329,0.43364869
-0.95279291,0.67892115,0.27832349,0.43195683
-1.0096108,0.75503292,0.26705603,0.43669705
-0.98217397,0.71369681,0.27246063,0.43328099
-1.0160838,0.70002874,0.26579093,0.42163746
-1.0160838,0.70002874,0.26579093,0.42163746
-1.0010382,0.81111324,0.26873735,0.45266097
-1.0344933,0.77991293,0.26221391,0.43669644
-1.0454912,0.6995285,0.26009185,0.41436179
-0.98089456,0.6889566,0.27271432,0.42752949
-1.012285,0.69833641,0.26653292,0.42215124
-1.012285,0.69833641,0.26653292,0.42215124
-1.012285,0.69833641,0.26653292,0.42215124
-0.94265233,0.67237562,0.2803649,0.43283916
-0.94982895,0.67078963,0.27891922,0.43068932
-0.94624195,0.67768011,0.27964122,0.4332602
-1.0131568,0.73624839,0.26636252,0.43121189
-0.99536456,0.71758671,0.26985378,0.43099865
-0.93205363,0.64581649,0.28250826,0.42892532
-0.93911009,0.61783667,0.28108014,0.42036544
-0.98119696,0.60809104,0.27265435,0.40779074
-0.98253203,0.57067074,0.27238966,0.3984659
-0.95258692,0.59062206,0.27836487,0.41048401
-0.95258692,0.59062206,0.27836487,0.41048401
-0.93593194,0.61422353,0.2817228,0.42025945
-0.90003691,0.6186889,0.28904291,0.43012332
-1.0033908,0.66970052,0.26827528,0.417343
-0.95836837,0.69682866,0.27720499,0.43498525
-1.0023554,0.72842873,0.26847858,0.43194337
-0.93177534,0.64332161,0.28256467,0.42838246
-0.97915974,0.65239403,0.27305854,0.41902778
-0.98440576,0.6545623,0.27201846,0.41827871
-0.97009143,0.77839618,0.27486228,0.45222241
-0.95190214,0.73748927,0.27850245,0.4466012
-0.95390999,0.75392027,0.27809917,0.45016855
-0.97046742,0.75947753,0.27478735,0.44744734
-0.98571281,0.77611422,0.27175971,0.44779135
-0.98571281,0.77611422,0.27175971,0.44779135
-0.9718295,0.79681569,0.27451599,0.45635789
-0.99155354,0.80698228,0.27060533,0.45398773
-0.9793196,0.6562254,0.27302681,0.41992185
-0.9817324,0.65077763,0.27254817,0.41800833
-0.95864484,0.73564836,0.2771496,0.44448076
-0.97459951,0.59801407,0.27396467,0.40695071
-0.97496789,0.56162357,0.2738914,0.39811049
-0.9486543,0.77870549,0.27915553,0.45761477
-0.9993001,0.67613315,0.26907905,0.41990413
-0.96691535,0.69275764,0.27549576,0.43188667
-0.96691535,0.69275764,0.27549576,0.43188667
-1.0038808,0.76556513,0.2681791,0.44070148
-1.0253049,0.7387101,0.26399535,0.42883771
-1.0215252,0.73817743,0.26473041,0.42963321
-1.0203321,0.75158813,0.26496271,0.43321546
-0.97554308,0.64900046,0.27377703,0.4190821
-0.95930083,0.63371918,0.2770182,0.41931606
-1.0248444,0.77408136,0.26408485,0.43763571
-1.0104116,0.78243312,0.26689931,0.44325096
-1.0063308,0.81216347,0.26769853,0.4516101
-1.0476936,0.71246532,0.25966824,0.41696904
-0.98343245,0.74065566,0.27221124,0.43960217
-1.0278805,0.73908814,0.26349522,0.42829954
-1.0194435,0.78570442,0.26513582,0.44182984
-0.9873079,0.65546945,0.27144415,0.41779337
-1.0119854,0.81554496,0.26659148,0.4510472
-1.0555468,0.7782298,0.25816138,0.43111167
-1.0502296,0.77374732,0.25918101,0.4313164
-0.96124733,0.66768767,0.27662853,0.42713263
-0.97016578,0.67677573,0.27484746,0.42717413
-1.0077275,0.73725929,0.26742481,0.43279214
-1.0337805,0.73777481,0.26235183,0.42653421
-1.0035673,0.76785557,0.26824062,0.44134339
-1.0361003,0.77273784,0.26190315,0.43453733
-0.99995088,0.74053411,0.26895108,0.43550709
-0.99519818,0.72491699,0.26988656,0.43283806
-0.97675989,0.67043788,0.27353516,0.42401275
-0.9400163,0.68107405,0.28089705,0.43562374
-0.99785065,0.67540108,0.26936422,0.42007889
-0.93417851,0.64781191,0.28207775,0.42889361
-1.007194,0.69722986,0.26752935,0.4231235
-1.0287198,0.66333812,0.26333237,0.40965743
-1.054948,0.65388641,0.25827608,0.4010573
-1.0236085,0.69959462,0.2643251,0.41969784
-1.0269754,0.73938361,0.2636709,0.42859353
-1.0433546,0.72053984,0.26050324,0.41998993
-1.0416235,0.72494716,0.26083686,0.42148596
-0.98370396,0.75668466,0.27215746,0.44348768
-0.96592953,0.64226442,0.27569258,0.41978279
-1.0044774,0.7123555,0.26806201,0.42748446
-0.97131284,0.66933654,0.2746189,0.42507443
-0.98079358,0.74438759,0.27273435,0.44117223
-1.0175747,0.73719909,0.2655001,0.4303617
-1.0190883,0.7503648,0.26520502,0.43322049
-1.0221612,0.75063509,0.26460664,0.43253248
-0.98938941,0.64088747,0.2710327,0.41374574
-0.86328012,0.6725277,0.29665449,0.45245597
-1.030304,0.65559076,0.26302517,0.40740263
-1.0160278,0.74913937,0.26580186,0.43367115
-1.0130763,0.74488769,0.26637825,0.43335185
-1.0037241,0.76944293,0.26820986,0.44169615
-1.0027693,0.78678335,0.2683973,0.44621246
-0.93670695,0.61848746,0.281566,0.42110973
-0.90488774,0.58726295,0.2880471,0.42125471
-0.89713154,0.58348674,0.28964032,0.42222533
-0.91296386,0.59172282,0.28639372,0.42037333
-0.90239132,0.62858326,0.28855933,0.43197246
-0.88455665000000006,0.59004016,0.29223442,0.42689852
-0.93727383,0.57114788,0.28145134,0.40947746
-1.0763963,0.83132228,0.25418859,0.43903632
-1.0832836,0.82891782,0.25288513,0.43674922
-1.116529,0.78411063,0.24665568,0.41765231
-1.1267514,0.78381814,0.24476112,0.41509713
-0.97728207,0.68408691,0.27343141,0.42722182
-0.97803438,0.71732029,0.27328198,0.43518818
-1.0337624,0.68868255,0.26235533,0.41457604
-0.91590042,0.63387122,0.28579395,0.42995636
-0.92539481,0.70743444,0.28385994,0.44572461
-0.8770653,0.59760129,0.29378629,0.43058519
-0.8868113,0.59758115,0.2917683,0.42819235
-0.95458716,0.62966091,0.27796324,0.41947565
-0.98650677,0.75192712,0.27160261,0.44162254
-0.98345714,0.64511981,0.27220635,0.41621342
-0.95033602,0.70898795,0.27881725,0.43995416
-0.96077392,0.70138868,0.27672327,0.43551484
-0.96418353,0.72716756,0.27604137,0.44102185
-1.0004942,0.7239708,0.26884426,0.43130631
-1.014549,0.79873834,0.26609055,0.44625576
-1.0014341,0.79617767,0.26865955,0.44886529
-1.0477829,0.76830182,0.25965107,0.43058099
-0.98170206,0.68678339,0.27255419,0.42680012
-0.92329723,0.55862637,0.28428654,0.40982936
-0.98509093,0.71811776,0.2718828,0.43365033
-0.94120688,0.67183149,0.28065662,0.43306044
-0.96432087,0.60611466,0.27601392,0.41139386
-0.91374855,0.64032409,0.28623338,0.43206659
-0.92672889,0.58959598,0.28358882,0.41650609
-0.93132703,0.59316339,0.28265557,0.41625562
-0.91068983,0.64136854,0.2868587,0.43307372
-0.94513163,0.59673008,0.27986494,0.4137701
-0.89498706,0.59894811,0.29008175,0.42652608
-1.0538816,0.77374029,0.25848043,0.43041914
-1.0422857,0.77741612,0.26070921,0.43416704
-1.0476111,0.84929462,0.2596841,0.45058274
-1.0753826,0.78344278,0.25438081,0.42752903
-0.93157691,0.65734754,0.2826049,0.43186909
-0.95393186,0.69121683,0.27809478,0.43469641
-0.99353144,0.69601591,0.27021512,0.42616495
-1.0315435,0.78189033,0.26278497,0.43790886
-1.0150147,0.73821529,0.26599962,0.43123863
-0.98040401,0.73802873,0.27281163,0.43970108
-0.97563918,0.72842174,0.27375792,0.4385085
-0.95519232,0.68826331,0.27784181,0.43366117
-0.98868962,0.70709129,0.27117098,0.43006197
-0.94049872,0.62187602,0.28079962,0.42101144
-0.94559192,0.6465758,0.27977219,0.42579802
-0.93430972,0.65685218,0.28205118,0.4310772
-0.91723766,0.57712678,0.28552107,0.41578254
-0.90439607,0.67186786,0.28814794,0.44212847
-0.924393,0.6591687,0.28406364,0.43407989
-0.96481466,0.7084151,0.27591526,0.43624898
-0.97754423,0.68866784,0.27337933,0.42827897
-0.94829725,0.66968469,0.27922739,0.43079396
-0.93754384,0.71993262,0.28139674,0.44581087
-0.96123278,0.73601375,0.27663144,0.44393204000000003
-0.96990332,0.73576533,0.27489977,0.44173145
-0.99342616,0.75398754,0.27023588,0.4404247
-1.0289249,0.75205025,0.26329259,0.43122017
-0.99187236,0.71823908,0.27054241,0.43201535
-1.0088159,0.7395202,0.26721164,0.43308
-1.0524877,0.8041795,0.25874769,0.43823996
-0.89827743,0.5672724,0.28940462,0.4179961
-0.89661422,0.64026537,0.28974677,0.43626145
-0.93917615,0.58990415,0.28106679,0.41355897
-0.96578616,0.63199554,0.27572121,0.41731859
-0.95677154,0.70593414,0.27752505,0.4376174
-0.94307137,0.63029185,0.28028036,0.42243643
-0.91457808,0.58451505,0.28606393,0.41822529
-0.91327244,0.57178693,0.28633066,0.41544867
-0.8924637,0.65233074,0.29060167,0.44025359
-1.0569801,0.76409091,0.25788698,0.42729669
-1.0399642,0.81995202,0.2611569,0.44521776
-1.1186344,0.87227266,0.24626468,0.4387192
-1.1186344,0.87227266,0.24626468,0.4387192
-1.0113021,0.6736902,0.2667251,0.41638968
-1.0493106,0.72578788,0.25935751,0.41981747
-1.0529292,0.71993215,0.25866302,0.41751158
-1.0472628,0.74294947,0.25975106,0.42450339
-1.0331385,0.81431732,0.2624761,0.44551196
-0.9509558,0.6875344,0.27869264,0.43452284
-0.99112836,0.74299519,0.27068926,0.43828304
-1.0314909,0.76633147,0.26279516000000003,0.43409582
-0.91607515,0.60684106,0.28575828,0.4233017
-0.92224615,0.60778182,0.28450045,0.42202542
-1.0126085,0.8108113,0.26646967,0.4497212
-1.0361013,0.77640065,0.26190295,0.43543729
-1.0291351,0.74340051,0.26325182,0.42904844
-0.97613182,0.724435,0.27365999,0.4374059
-0.94558851,0.62071782,0.27977287,0.41948918
-0.99575874,0.6779641,0.26977612,0.42121331
-0.98779615,0.71934589,0.2713476,0.43328759
-1.0270216,0.74275853,0.26366193,0.42940893
-1.0505732,0.68788798,0.25911504,0.4103097
-1.0505732,0.68788798,0.25911504,0.4103097
-0.8647246,0.62169927,0.29635319,0.43954094
-0.93674037,0.60074907,0.28155924,0.41678357
-0.9019637,0.61342913,0.28864712,0.42836267
-0.93726149,0.65806449,0.28145384,0.43065065
-1.005696,0.7067707,0.267823,0.42582023
-1.0068514,0.7243499,0.26759648,0.4298406
-1.0137865,0.74548926,0.26623948,0.43332517
-1.038095,0.77022115,0.26151774,0.43342914
-0.96673319,0.72918419,0.27553213,0.44089045
-1.0034534,0.70643002,0.26826297,0.42628529
-0.95954146,0.65205066,0.27697001,0.42372732
-0.95778848,0.63823527,0.2773212,0.42078464
-0.95027487,0.69964358,0.27882955,0.43766812
-0.95621584,0.68503641,0.27763649,0.43261757
-0.9665911,0.72305198,0.27556049,0.43941438
-0.96426489,0.61920629,0.27602511,0.41458121
-0.96332121,0.63002704,0.27621373,0.41743932
-0.93587964,0.67467347,0.28173339,0.43506723
-0.96601222,0.67376529,0.27567607,0.42745387
-0.99013101,0.76090249,0.2708862,0.4429425
-1.0622837,0.75419304,0.25687328,0.42358085
-1.028876,0.76318374,0.26330207,0.43396494
-0.92965002,0.60928728,0.28299572,0.42058735
-0.94373496,0.59728365,0.28014652,0.41424323
-0.93809452,0.61375979,0.2812854,0.41961971
-0.94697824,0.65657832,0.27949293,0.42790596
-0.93906683,0.62247562,0.28108888,0.42150672
-0.92170472,0.62091665,0.28461067,0.42536484
-0.95032737,0.70071936,0.27881899,0.43791998
-0.84545976,0.56283671,0.30038614,0.42981082
-0.85891924,0.52370899,0.2975652,0.41697343
-0.85511446,0.52008791,0.29836109,0.41701809
-0.99277199,0.7176275,0.27036491,0.43164457
-0.95563051,0.65667746,0.27775389,0.42581344
-0.96185181,0.7216518,0.27650758,0.44023706
-0.92783921,0.7070392,0.2833633,0.44502317
-0.91490584,0.6946629,0.285997,0.44516076
-0.90490664,0.53397342,0.28804323,0.40831554
-0.91152235,0.55266836,0.28668842,0.41123701
-0.89114604,0.59818991,0.29087338,0.42728031
-0.89114604,0.59818991,0.29087338,0.42728031
-0.98313956,0.72727865,0.27226927,0.43638146
-1.0454279,0.75556405,0.26010403,0.42803719
-1.0473686,0.78884664,0.25973073,0.43572709
-0.93773392,0.66286359,0.28135831,0.43171183
-0.92540505,0.67064809,0.28385786,0.436653
-1.0428693,0.68272133,0.26059673,0.41092374
-0.92286237,0.70897242,0.28437503,0.44673044
-0.97243257,0.66276144,0.2743959,0.42319501
-0.97853703,0.63362036,0.27318217,0.41461566
-0.86114023,0.58997464,0.29710117,0.43262097
-0.96685738,0.73060556,0.27550734,0.44121024
-1.0221238,0.62219718,0.26461392,0.40132998
-0.99868918,0.6590875,0.26919922,0.41590624
-1.0014718,0.63511615,0.26865216,0.40942193
-0.99889995,0.81772126,0.26915776,0.45482882
-0.98363046,0.81840961,0.27217202,0.45878849
-1.0206972,0.67118606,0.26489162,0.41350098
-1.0371093,0.65975803,0.26170814,0.4067659
-0.98121946,0.72353085,0.27264988,0.43593199
-0.96760866,0.64090327,0.2753574,0.41904247
-0.95962974,0.69865766,0.27695233,0.43512476
-0.95193448,0.71541708,0.27849595,0.44114476
-0.95821692,0.69735994,0.27723534,0.43515306
-0.9597587,0.6091906,0.27692651,0.41324466
-0.98131411,0.63209434,0.27263111,0.41357164
-1.0620226,0.81667886,0.25692313,0.4389699
-1.0121216,0.69068072,0.26656485,0.42032463
-1.006612,0.80151549,0.26764342,0.44890486
-1.0191006,0.70511216,0.26520263,0.4221415
-1.0078771,0.65781189,0.26739552,0.41336661
-0.98268233,0.71057805,0.27235987,0.43239057
-0.98915721,0.68100089,0.27107858,0.42356483
-1.0199386,0.79657096,0.26503937,0.44438913
-1.0214962,0.8313227,0.26473607,0.45259941
-0.97090398,0.61424064,0.27470036,0.41176752
-0.9588611,0.66585199,0.27710628,0.42726735
-0.90871536,0.61448406,0.28726279,0.42696829
-0.89179395,0.62294789,0.29073976,0.43319041
-0.88904051,0.62305307,0.29130787,0.43389244
-0.92699323,0.57213508,0.28353512,0.41220483
-0.86867623,0.59218436,0.29552983,0.43131405
-0.88714899,0.57922474,0.29169853,0.42362149
-0.92357861,0.6410574,0.28422929,0.42983578
-0.93510025,0.64059722,0.28189113,0.42690181
-0.96409651,0.70260124,0.27605876,0.43499617
-0.97922172,0.69056865,0.27304624,0.42833365
-1.0497041,0.76260774,0.25928192,0.42871487
-1.0382182,0.76999922,0.26149395,0.4333444
-0.97594215,0.79479134,0.27369769,0.45483574
-0.97018153,0.80871127,0.27484432,0.45971992
-0.97017839,0.78265059,0.27484495,0.45325496
-0.94878735,0.60991467,0.27912876,0.41608334
-0.99224973,0.7096372,0.27046794,0.4298134
-0.93952618,0.73650428,0.28099606,0.44941815
-0.9296378,0.68567425,0.2829982,0.43930983
-0.92597266,0.58192694,0.28374249,0.41482706
-0.96729063,0.58585495,0.27542087,0.40578068
-0.90144455,0.69041086,0.28875373,0.44743651
-1.0138411,0.71490748,0.26622882,0.4258182
-1.0302278,0.71348063,0.26303994,0.42146868
-1.0172014,0.76426776,0.2655729,0.43710157
-1.0246979,0.70895873,0.26411332,0.4217145
-1.0002213,0.74932288,0.26889792,0.43760239
-1.010458,0.77126715,0.26689022,0.44048575
-0.89354875,0.54313251,0.29037803,0.41328149
-1.0557975,0.79540956,0.25811337,0.43526834
-1.0557975,0.79540956,0.25811337,0.43526834
-1.0481601,0.73445986,0.25957856,0.4222118
-0.99742863,0.71999091,0.26944728,0.43108206
-0.98859673,0.64854252,0.27118934,0.41579631
-0.89784662,0.6982912,0.28949322,0.45027604
-1.0605976,0.71684605,0.25719526,0.41489846
-1.0605976,0.71684605,0.25719526,0.41489846
-1.0730973,0.78483713,0.25481451,0.42842987
-0.90125608,0.52399687,0.28879244,0.40678811
-0.90187434,0.58668435,0.28866547,0.42184843
-0.93271839,0.61663632,0.28237354,0.42163087
-0.91737373,0.62244695,0.28549332,0.42679814
-0.9905333,0.73029784,0.27080675,0.43530583
-1.0055819,0.72657208,0.26784536,0.43069654
-0.92533688,0.62377717,0.28387172,0.42517625
-0.94969542,0.6604399,0.27894608,0.42818614
-1.0405789,0.7650911,0.2610383,0.43156033
-1.0028349,0.72112158,0.26838441,0.43003378
-0.91805748,0.64394606,0.28535386,0.43189803
-0.94887106,0.63856598,0.27911192,0.42304027
-0.91364995,0.59404237,0.28625352,0.42077138
-1.0436402,0.77781639,0.26044824,0.43393264
-1.0244511,0.72956375,0.2641613,0.4268078
-0.96625402,0.77215359,0.27562778,0.45162667
-1.0411809,0.76108135,0.2609222,0.43042936
-1.0172289,0.75116437,0.26556753,0.43387351
-0.92129291,0.67419322,0.28469453,0.43853749
-0.92489737,0.65603856,0.28396107,0.43318728
-0.94241028,0.60708649,0.28041373000000003,0.41694583
-0.90509874,0.59174814,0.28800383,0.42229711
-0.95524285,0.63931701,0.27783167,0.42166897
-0.95483638,0.64866749,0.27791323,0.42405014
-0.98483507,0.68785697,0.27193345,0.42629638
-0.91566996,0.68917686,0.28584099,0.44361755
-0.9381113,0.67731745,0.28128201,0.43516857
-0.93086332,0.6706308,0.2827496,0.43530655
-1.0249855,0.73820323,0.26405742,0.42879179
-0.97918987,0.7172188,0.27305256,0.43487924
-0.97374627,0.69454088,0.27413442,0.4306486
-1.0090034,0.71659952,0.26717493,0.42741546
-0.97952728,0.66920476,0.27298559,0.42303602
-0.9840832,0.6296224,0.27208234,0.41230111
-0.96597549,0.6383845,0.2756834,0.41882689
-0.95845927,0.68767477,0.27718678,0.43271451
-0.97679571,0.69750717,0.27352805,0.43062821
-0.94331096,0.69193574,0.28023203,0.43748504
-0.9355998,0.73482915,0.28179002,0.44997526
-0.93920579,0.73275584,0.2810608,0.44857005
-1.0244987,0.67733767,0.26415203,0.41407103
-0.99448375,0.71433112,0.27002736,0.43041636
-0.98943051,0.75368335,0.27102458,0.44133466
-1.0401871,0.7326648,0.26111389,0.42371963
-1.0324842,0.7603683,0.26260277,0.43238771
-1.0418652,0.69502851,0.26079027,0.41414973
-1.0211779,0.70428287,0.26479802,0.42143264
-0.98898111,0.71978894,0.27111337,0.43310543
-0.94728961,0.68664589,0.27943023,0.43520547
-0.971022,0.71962068,0.27467684,0.43747862
-0.93420015,0.6194148,0.28207337,0.42194712
-1.0093469,0.71405894,0.26710769,0.42670979
-0.99485416,0.67527359,0.26995436,0.42077797
-0.96952825,0.69738312,0.27497454,0.43238055
-0.97733722,0.74379417,0.27342046,0.44187817
-0.96073938,0.68541817,0.27673018,0.43160121
-0.95791361,0.68169953,0.27729612,0.43138219
-0.94935274,0.6387769,0.27901501,0.42297419000000003
-0.93687394,0.62654825,0.28153222,0.42303524
-0.96032845,0.63350319,0.27681244,0.41901329
-0.99637794,0.60536223,0.26965416,0.40347281
-0.93052752,0.64193056,0.2828177,0.42834739
-1.0177286,0.67242277,0.26547008,0.41452121
-0.96093586,0.67405509,0.27669086,0.42876768
-0.95455761,0.63182206,0.27796917,0.42000922
-0.99102556,0.74760964,0.27070956,0.43944472
-0.99576784,0.73396678,0.26977433,0.43492102
-0.95195488,0.62880544,0.27849185,0.4199084
-0.9841302,0.61722597,0.27207303,0.40928928
-1.0264875,0.83024947,0.26376564,0.45109732
-1.0475988,0.83039344,0.25968647,0.44591115
-1.0615809,0.7632117,0.25700746,0.4259562
-1.0045694,0.77247824,0.26804397,0.44223627
-1.0410591,0.76697978,0.2609457,0.43190591
-1.02777,0.72241191,0.26351667,0.42424818
-1.0397774,0.71926177,0.26119294,0.42055008
-1.0612758,0.71111621,0.25706572,0.41334371
-1.0823168,0.77736832,0.25306784,0.42434824
-1.0724544,0.82100483,0.2549366,0.43746673
-1.0261338,0.85382687,0.26383434,0.45702954
-1.0334971,0.74713282,0.26240669,0.4288942
-0.96999706,0.67591345,0.27488109,0.42700443
-0.9495586,0.70077635,0.2789736,0.43812325
-0.96867906,0.67630681,0.27514387,0.4274232
-0.9750655,0.67711244,0.27387199,0.42605795
-0.98214208,0.71198831,0.27246696,0.43286935
-1.0264615,0.71282342,0.2637707,0.42222698
-0.99226467,0.73004046,0.27046499,0.43481703
-1.0427168,0.76845172,0.26062612,0.43186032
-1.0356693,0.77902632,0.26198646,0.43618911
-0.95769902,0.64417814,0.27733913,0.42225556
-0.96570799,0.6255005,0.27573682,0.41575908
-0.96048431,0.5855336,0.27678124,0.4073453
-0.91241411,0.66749759,0.28650609,0.43907511
-0.92012289,0.66426363,0.28493286,0.43638186
-0.95319107,0.62448362,0.27824353,0.41855515
-0.96490658,0.59714944,0.27589689,0.40908309
-0.98840688,0.72331516,0.27122686,0.43411246
-0.9508956,0.68797659,0.27870474,0.43464629
-1.0073218,0.69715692,0.2675043,0.42307449
-1.0001729,0.73375083,0.26890743,0.43378568
-1.0120598,0.74070764,0.26657694,0.43257517
-0.99759305,0.71221765,0.26941492,0.42913642
-1.0150109,0.73202225,0.26600036,0.42972123
-1.0150109,0.73202225,0.26600036,0.42972123
-0.96853675,0.6668776,0.27517225,0.42515194
-0.98782462,0.6572295,0.27134197,0.41809583
-0.91517449,0.69154664,0.28594214,0.44432487
-0.95420466,0.67974384,0.27804002,0.4318123
-0.94495214,0.70925557,0.27990112,0.44134713
-1.0889504,0.78029708,0.25181597,0.42344348
-0.90826721,0.50075303,0.28735455,0.39950832
-0.87874232,0.62678556,0.29343847,0.43734193
-0.94998629,0.68892859,0.27888758,0.43510372
-0.95470845,0.64691199,0.2779389,0.42365269
-0.98157944,0.77413474,0.2725785,0.44832401
-1.0249874,0.74467046,0.26405706,0.43037608
-1.0230195,0.67202073,0.26443965,0.41314023
-1.0034828,0.71841425,0.26825721,0.42921159
-0.98535823,0.73142586,0.27182989,0.43685585
-1.0131512,0.78260575,0.26636361,0.44261757
-0.89444556,0.57681071,0.29019327,0.42125226
-0.88415321,0.58701469,0.29231787,0.42625714
-0.92658136,0.63560371,0.2836188,0.42776454
-0.9285289,0.64100925,0.28322326,0.4286112
-0.9285289,0.64100925,0.28322326,0.4286112
-0.92074001,0.64393842,0.28480714,0.43123808
-0.98715303,0.68860064,0.27147477,0.4259114
-0.94843524,0.69776934,0.27919962,0.43765961
-0.97343582,0.72393939,0.2741962,0.43794745
-1.0020863,0.73901433,0.26853144,0.43460871
-0.94354678,0.67419326,0.28018447,0.43306581
-0.93404485,0.64815154,0.28210482,0.42900955
-0.91314427,0.6156614,0.28635685,0.42617293
-0.97968849,0.67489506,0.2729536,0.42438611
-0.93132583,0.667354,0.28265581,0.4343876
-0.91454062,0.6195715,0.28607158,0.42678778
-0.88476784,0.60166527,0.29219074,0.42969331
-1.0258704,0.72947437,0.26388549,0.42643874
-1.0302707,0.77679279,0.26303163,0.43696765
-1.0500607,0.81559834,0.25921344,0.44165145
-0.99722727,0.67777672,0.26948692,0.42080966
-0.99316221,0.65656988,0.27028793,0.41663748
-0.97639833,0.65881665,0.27360702,0.42126522
-0.97998423,0.70799846,0.27289491,0.43241966
-0.92417407,0.63147581,0.28410816,0.42734342
-0.91809818,0.62926643,0.28534556,0.4282899
-0.95347232,0.66174317,0.27818705,0.4275806
-0.91247987,0.66563981,0.28649265,0.43860142
-0.94237375,0.67775324,0.28042111,0.43422823
-0.95874876,0.70232306,0.27712878,0.43624255
-0.93176285,0.69493868,0.28256721,0.44106913
-0.91933746,0.70276294,0.28509291,0.44606701
-0.92846514,0.6836278,0.28323621,0.43909461
-1.0312563,0.79879887,0.26284062,0.44214593
-1.0682539,0.84119885,0.25573529,0.44347886
-1.0768137,0.8209373,0.25410946,0.43637764
-1.0526721000000001,0.81275004,0.25871232,0.44030556
-1.049427,0.80560855,0.25933514,0.43934556
-0.87667968,0.52613342,0.2938663,0.41324996
-0.95174223,0.65049608,0.27853458,0.42525288
-1.0123354,0.70757535,0.26652305,0.42439425
-0.99632362,0.72236556,0.26966485,0.43193566
-0.96669056,0.69332255,0.27554063,0.43208044
-0.91661898,0.56401342,0.2856473,0.41275072
-0.93097508,0.67082806,0.28272693,0.43532757
-1.0057058,0.71500425,0.26782107,0.42783213
-0.93877115,0.69285593,0.28114863,0.43882915
-0.95489095,0.7134817,0.27790228,0.43993909
-1.0153078,0.70011022999999994,0.26594239,0.42184658
-0.97585661,0.66914569,0.2737147,0.42391777
-0.93212209,0.67722536,0.28249439,0.43661861
-0.96373963,0.6125272,0.27613008,0.41308844
-0.94175824,0.68706535,0.28054532,0.43666876
-1.0015742,0.6897983,0.26863203,0.42268132
-0.96586859,0.65317453,0.27570475,0.42245729
-0.93463826,0.68164777,0.28198466,0.43708757
-1.0046905,0.70498979,0.26802022,0.42563066
-1.0046905,0.70498979,0.26802022,0.42563066
-0.9153609,0.63049943,0.28590408,0.42926233
-1.0176111,0.73261955,0.26549299,0.42923046
-1.0378769,0.75784075,0.26155986,0.43044492
-0.9511897,0.66283736,0.27864563,0.42840729
-1.0114013,0.72941418,0.2667057,0.42996667
-0.99959032,0.7408865,0.26902198,0.43568237
-0.97775221,0.61837128,0.27333802,0.41110943
-0.93992779,0.66038229,0.28091493,0.4305652
-0.96120762,0.73850584,0.27663648,0.44455353
-0.93591066,0.62436942,0.28172711,0.42273858
-0.96090331,0.66096059,0.27669737,0.42557149
-0.97285001,0.6894119,0.2743128,0.42961108
-0.95376803,0.65627631,0.27812767,0.42617077
-0.95617829,0.67215652,0.27764402,0.42946806
-1.0187406,0.66165388,0.26527279,0.41166497
-0.99196794,0.70294123,0.27052355,0.42824216
-0.97163737,0.67515363,0.27455426,0.42641729
-0.959874,0.72002969000000006,0.27690342,0.44032472
-0.96061514,0.64842462,0.27675505,0.42258015
-0.95063334,0.65704437,0.27875747,0.42712546
-0.97452031,0.63550118,0.27398043,0.41604776
-0.98753234,0.7161252,0.27139976,0.43256168
-0.98342043,0.74092197,0.27221362,0.43967074
-0.96161615,0.77049427,0.27655473,0.45236444
-0.99577034,0.79600517,0.26977384,0.45022413
-1.0290702,0.75267367,0.26326441,0.43133745
-1.0290702,0.75267367,0.26326441,0.43133745
-0.97761378,0.75684543,0.27336552,0.44503099
-0.98436843,0.6870445,0.27202585,0.4262118
-0.9830942,0.71187039,0.27227826,0.43260668
-1.0173999,0.73327475,0.26553419,0.42944274
-1.0173999,0.73327475,0.26553419,0.42944274
-0.9804508,0.73709034,0.27280234,0.43945838
-0.97493316,0.63817073,0.27389831,0.41659613
-0.97493316,0.63817073,0.27389831,0.41659613
-0.92721667,0.67989498,0.28348973,0.43848283
-0.98418487,0.6953622,0.2720622,0.42829212
-0.92134321,0.59290033,0.28468428,0.41861954
-0.97897481,0.76622244,0.27309525,0.44701163
-0.98177327,0.64699837,0.27254007,0.41707927
-0.93300425,0.7006357,0.28231562,0.44216785
-0.9860097,0.69025118,0.27170096,0.42659467
-0.99788122,0.71369247,0.2693582,0.42942715
-1.0110272,0.71461737,0.26677887,0.42643535
-0.99194693,0.68087699,0.27052769,0.4228536
-0.96125256,0.67694843,0.27662748,0.42939888
-1.0290252,0.79939698,0.26327314,0.44284389
-1.0290977,0.79930334,0.26325906,0.44280287
-0.87584536,0.56494253,0.29403946,0.42289438
-0.94373177,0.61703079,0.28014716,0.41904354
-0.91645445,0.62040911,0.28568088,0.42652452
-0.97777854,0.71651756,0.27333279,0.43505376
-0.98486748,0.66156716,0.27192704,0.41987165
-0.98455012,0.65373465,0.27198987,0.41804222
-0.96177295,0.6540977,0.27652336,0.42368229
-0.95805097,0.66094621,0.27726859,0.4262654
-0.95066485,0.6815978,0.27875113,0.43313615
-1.0599393,0.72944882,0.25732106,0.41812129
-1.0365882,0.76351538,0.26180884,0.43215288
-0.93669844,0.67051914,0.28156772,0.43384531
-0.9456627,0.57942721,0.27975792,0.40945097
-0.95093824,0.67757265,0.27869617,0.43208103
-1.0080698,0.67277985,0.26735777,0.41695407
-0.94034734,0.70819446,0.28083019,0.44222105
-0.97217258,0.66387555,0.27444767,0.42353047
-0.99996993,0.74519222,0.26894733,0.43664789
-0.982903,0.66337713,0.27231614,0.4207913
-0.98492477,0.64863385,0.2719157,0.41671074
-0.98223167,0.69171327,0.2724492,0.42787696
-0.98760474,0.70020146,0.27138545,0.42863971
-0.91384399,0.61800385,0.28621388,0.42657471
-0.9602207,0.69256049,0.27683401,0.4334816
-0.99456418,0.70083826,0.27001151,0.42709195
-0.9569918,0.70371777,0.27748089,0.43701781
-0.95315711,0.71113629,0.27825035,0.43978841
-0.89760968,0.61871131,0.28954196,0.43072388
-0.92835105,0.53954042,0.28325937,0.40400365
-0.91117157,0.57308181,0.28676016,0.41627357
-0.92327807,0.68320971,0.28429044,0.44026951
-0.91197474,0.63138936,0.28659591,0.43031027
-0.88497232,0.59123858,0.29214845,0.42709003
-0.94265571,0.54477988,0.28036421,0.4018228
-0.88420688,0.61014319,0.29230677,0.43190974
-0.87280197,0.60591213,0.29467161,0.43367079
-0.87280197,0.60591213,0.29467161,0.43367079
-0.92601749,0.61478423,0.28373338,0.42281374
-0.98755761,0.69180504,0.27139477,0.42659613
-0.98912813,0.73259335,0.27108432,0.43621573
-0.98912509,0.6919505,0.27108492,0.42624832
-0.99634516,0.6815934,0.26966061,0.42195531
-0.97509573,0.75548107,0.27386598,0.44531595
-0.97600196,0.75706157,0.2736858,0.4454825
-0.9709346,0.72830113,0.27469426,0.43963748
-0.95699225,0.64471397,0.2774808,0.42255873
-0.89832158,0.61499529,0.28939554,0.42963848
-0.89652069,0.64205624,0.28976602,0.43672495
-0.90214203,0.64329911,0.28861051,0.43564817
-0.90945035,0.57580882,0.28711233,0.41735485
-1.0114675,0.74307559,0.26669275,0.43330191
-1.0152977,0.7409737,0.26594437,0.43184588
-0.98942118,0.74639146,0.27102642,0.43953986
-0.96882192,0.74622328,0.27511538,0.44457899
-0.95230255,0.61447442,0.278422,0.41633715
-0.96804021,0.7144992,0.2752713,0.43695213
-1.0361113,0.76214171,0.26190102,0.43193283
-0.98376054,0.67208561,0.27214625,0.42270596
-0.99266586,0.73439418,0.27038584,0.43578861
-0.99266586,0.73439418,0.27038584,0.43578861
-0.99470487,0.62424434,0.26998378,0.40842975
-0.96485748,0.6318081,0.2759067,0.41749885
-0.94515379,0.6875749,0.27986048,0.43595896
-1.0430395,0.75174283,0.26056394,0.42768644
-1.0180698,0.73040269,0.26540355,0.4285751
-1.0039411,0.73147471,0.26816727,0.43230171
-0.9939161,0.71701551,0.27013927,0.4312138
-0.97844733,0.7467568,0.27319998,0.44233509
-1.0065263,0.73924292,0.26766021,0.43357415
-1.0444937,0.77708805,0.26028387,0.43354412
-1.0406609,0.77534092,0.26102249,0.43405639
-1.0232252,0.73713557,0.26439966,0.42896147
-0.94543198,0.65935691,0.27980441,0.42896502
-1.0577272,0.76878249,0.25774402,0.42826223
-1.016171,0.74163687,0.26577392,0.43179432
-1.0230763,0.73035402,0.26442861,0.42733754
-1.0230763,0.73035402,0.26442861,0.42733754
-0.9700468,0.7609082,0.27487117,0.44790509
-0.97525515,0.75920585,0.27383428,0.44619679
-0.97825218,0.75523092,0.27323873,0.44447464
-1.0855522,0.80047726,0.25245675,0.42921003
-1.058256,0.82283304,0.25764287,0.44141459
-1.058256,0.82283304,0.25764287,0.44141459
-1.0593814,0.83577422,0.25742769,0.44432998
-1.0991898,0.82441853,0.24989174,0.43173614
-1.0176552,0.77709694,0.2654844,0.44014879
-0.94769791,0.68702328,0.27934803,0.43519788
-0.97227565,0.65619496,0.27442715,0.42163121
-0.9691252,0.69311119,0.2750549,0.43143127
-0.93074838,0.62415536,0.28277291,0.42394656
-0.94331334,0.655604,0.28023155,0.42856475
-0.94158446,0.60613002,0.2805804,0.41691407
-0.93231389,0.67832638,0.28245551,0.43684228
-0.92889285,0.67632836,0.28314939,0.43719239
-0.99256143,0.7181057,0.27040644,0.43181355
-0.99028328,0.71088036,0.27085613,0.43060016
-1.0252281,0.76655458,0.26401028,0.43568981
-1.0328764,0.68143348,0.26252683,0.41303256
-1.0011174,0.65935617,0.26872179,0.41538172
-1.0273998,0.83027172,0.26358852,0.45087696
-1.1071048000000001,0.81853006,0.24841104,0.42835284
-1.0641973,0.83771727,0.25650816,0.44362078
-1.0621194,0.83230081,0.25690464,0.4427969
-0.86281976,0.63736843,0.29675055,0.4438747
-0.91922474,0.5447228,0.28511589,0.40745364
-0.89816499,0.59075614,0.28942774,0.42374734
-1.0570808,0.7898252,0.25786771000000003,0.43358096
-1.0297409,0.77457036,0.26313433,0.43655126
-0.97637474,0.71874138,0.27361171,0.43594557
-1.0529568,0.76739045,0.25865771,0.42908963
-1.0433059,0.71195718,0.26051263,0.41791251
-0.97984487,0.74825808,0.27292257,0.44236068
-0.98594392,0.65755537,0.27171397,0.41863276
-0.94860762,0.67728803,0.27916493,0.43258317
-0.94112884,0.59233507,0.28067238,0.41367496
-0.93861702,0.69293977,0.28117978,0.43888776
-0.98229808,0.70431689,0.27243603,0.43094878
-0.9485397,0.69895607,0.2791786,0.43792599
-0.9838209,0.7684403,0.27213429,0.44636204
-0.99364273,0.76049035,0.27019317,0.44197452
-0.94603954,0.61143985,0.279682,0.41712187
-0.97310172,0.68574231,0.2742627,0.42865045
-0.99739303,0.72112104,0.26945429,0.43136798
-0.9712491,0.73868012,0.2746316,0.44211841
-0.92958148,0.6391556,0.28300963,0.42789961
-0.90725908,0.62072071,0.28756104,0.42885154
-1.0047436,0.71324912,0.26800979,0.42763803
-0.96319722,0.70424563,0.27623851,0.43562145
-0.96196001,0.71533531,0.27648594,0.43865445
-0.96196001,0.71533531,0.27648594,0.43865445
-0.98222932,0.74197796,0.27244966,0.44022441
-1.0330911,0.71078926,0.26248527,0.42011487
-0.95462898,0.72591741,0.27795485,0.44307005
-0.96508518,0.71668895,0.27586121,0.43821828
-0.88343283,0.5341747,0.29246692,0.41356234
-0.96678357,0.64861716,0.27552207,0.42112267
-0.96452919,0.65491379,0.27597229,0.42320862
-0.95436694,0.72179766,0.27800744,0.44211834
-0.95602093,0.67726475,0.27767558,0.43075874
-0.90550592,0.58653831,0.28792035,0.42092737
-0.93482566,0.63646263,0.28194672,0.4259577
-0.92936262,0.68070511,0.28305404,0.43815396
-0.94926941,0.62497406,0.27903177,0.4196293
-0.91767965,0.61517657,0.28543092,0.4249457
-0.948692,0.65875289,0.27914795,0.42801877
-0.9197799,0.61666392,0.28500274,0.42479593
-0.93497928,0.64027633,0.28191562,0.4268529
-0.90603582,0.60276643,0.28781172,0.42475845
-0.94350538,0.64684167,0.28019282,0.42637327
-0.94385366,0.65085855,0.28012258,0.42727078
-0.9996725,0.72339598,0.26900582,0.43136687
-0.9996725,0.72339598,0.26900582,0.43136687
-0.97097241,0.70948403,0.27468672,0.43499787
-1.0119892,0.6403515,0.26659074,0.40814535
-1.0136956,0.71754687,0.26625724,0.42649923
-1.0199069,0.73173179,0.26504554,0.42845069
-0.99174187,0.74234693,0.27056816,0.43797243
-0.97571065,0.60678314,0.27374371,0.4088002
-0.98110031,0.75212601,0.27267351,0.44300522
-0.94185599,0.69068763,0.28052559,0.43753595
-1.0399126,0.7367696,0.26116686,0.42478934
-0.98120968,0.73221651,0.27265182,0.43807133
-0.96484243,0.71964131,0.27590971,0.43900502
-1.006454,0.71406562,0.26767438,0.42741925
-0.95960356,0.65430298,0.27695758,0.42426223
-1.0037904,0.70085397,0.26819683,0.4248398
-0.95251748,0.66458175,0.27837882,0.42850931
-0.971497,0.64414481,0.27458222,0.41888502
-0.99842294,0.75948115,0.2692516,0.44054715
-0.97420945,0.65658351,0.27404226,0.42125443
-0.96749667,0.71645105,0.27537975,0.43756615
-0.93339981,0.66371151,0.28223548,0.43298362
-0.97522204,0.70521949,0.27384086,0.43290647
-0.94482698,0.6800413,0.27992635,0.43418765
-0.97853697,0.65406682,0.27318218,0.41958672
-0.957575,0.71348172,0.27736398,0.43927788
-0.90199797,0.61671241,0.28864009,0.42915843
-0.93888977,0.7177766,0.28112466,0.44494583
-0.97504331,0.67461257,0.27387641,0.42545219
-0.97813364,0.70302576,0.27326227,0.43165355
-0.96641266,0.71198506,0.27559611,0.43673402
-0.93510631,0.62658632,0.2818899,0.42347603
-0.92948916,0.66133595,0.28302837,0.43336054
-0.9289787,0.66337148,0.28313196,0.43398583
-0.90524919,0.66449154,0.28797298,0.44009965
-0.9120484,0.65045717,0.28658085,0.43497259
-0.95468866,0.61931645,0.27794287,0.41693406
-0.89018748,0.63283098,0.29107114,0.43601365
-0.89220503,0.61589348,0.290655,0.43135828
-1.0102284,0.69778868,0.26693516,0.42251935
-1.0244504,0.65924914,0.26416143,0.40970108
-1.0256669,0.67512751,0.26392502,0.41325162
-1.0398563,0.65114173,0.26117772,0.40402677
-1.0381143,0.65184307,0.261514,0.40461524
-0.90149405,0.67859973,0.28874357,0.44450598
-0.8981687,0.61290426,0.28942697,0.4291636
-0.90277807,0.6006255,0.28847994,0.42503135
-0.94464652,0.64922614,0.27996272,0.42667739
-0.99938131,0.73363389,0.26906308,0.43395139
-0.98764833,0.66607309,0.27137683,0.4202919
-1.0632975,0.761563,0.25667981,0.42513354
-0.93700103,0.68993176,0.28150652,0.43854498
-0.93490401,0.58674376,0.28193086,0.41382863
-0.95533001,0.66690783,0.27781418,0.42839019
-0.9538476,0.61452248,0.2781117,0.41597342
-0.96156209,0.632541,0.27656555,0.41847883
-0.9651912,0.7054422,0.27584003,0.43542541
-1.0320158,0.74608134,0.26269349,0.42899947
-1.0254465,0.746745,0.26396784,0.43077215
-1.0255557,0.76011401,0.26394663,0.43402649
-1.0087916,0.70788833,0.2672164,0.42533668
-1.0109598,0.77016033,0.26679206,0.44008935
-0.98030002,0.70578616,0.27283226,0.43179929
-0.99359749,0.70611716,0.27020209,0.42862084
-0.96881845,0.69253335,0.27511607,0.43136477
-0.97656698,0.74883159,0.2735735,0.44331095
-0.97219053,0.61683924,0.2744441,0.41208535
-0.95737822,0.68935469,0.27740342,0.43339238
-1.0076523,0.73421555,0.26743955,0.43206358
-0.96687155,0.68585572,0.27550451,0.43020475
-0.94511142,0.6989724,0.27986902,0.43877405
-0.97625644,0.67664791,0.27363522,0.42565318
-1.0142148,0.7232283,0.26615583,0.42776238
-1.0183338,0.77131162,0.26535208,0.43855657
-1.1113601,0.84604608,0.24761742,0.43405787
-1.0466874,0.86463924,0.25986171,0.45461323
-0.98074426,0.69633894,0.27274413,0.42937409
-0.98374229,0.64543504,0.27214986,0.41622073
-0.97636334,0.70066018,0.27361397,0.43150752
-0.9589999,0.66282435,0.27707848,0.42649267
-1.0023371,0.77373365,0.26848216,0.44309673
-1.031024,0.69776328,0.26288563,0.41744746
-1.0368315,0.8466517,0.26176182,0.45259783
-1.0206931,0.78998504,0.26489242,0.44257746
-1.0058633,0.75975034,0.2677902,0.43878047
-0.99852412,0.64401219,0.2692317,0.41228872
-0.96537995,0.73967334,0.27580233,0.44381168
-1.0392304,0.77652455,0.26129852,0.43469867
-1.0320392,0.78399403,0.26268895,0.4383047
-1.0277012,0.78210779,0.26353001,0.4389084
-1.0477657,0.70025633,0.25965437,0.41398651
-0.9735476,0.69929515,0.27417396,0.43186342
-0.97402207,0.74769702,0.27407954,0.44365903
-0.93346136,0.57285663,0.28222301,0.41081319
-0.96255165,0.54678021,0.2763676,0.39752905
-0.96381937,0.59721124,0.27611414,0.40936087
-0.9247581,0.70998737,0.28398939,0.44651276
-0.9430695,0.62943114,0.28028073,0.42222691
-0.92742855,0.68703944,0.2834467,0.44019046
-0.97238915,0.68632483,0.27440455,0.42896766
-0.96917696,0.74956429,0.27504458,0.44531644
-1.0046931,0.75378614,0.2680197,0.43760027
-0.98038903,0.62853027,0.2728146,0.41293175
-0.93735096,0.71740022,0.28143575,0.44523293
-0.96151901,0.7909137,0.27657417,0.45745182
-0.90317521,0.56432828,0.28839843,0.4160896
-0.95473413,0.75378938,0.27793375,0.44993217
-0.95750128,0.75153121,0.27737876,0.44868876
-0.95750128,0.75153121,0.27737876,0.44868876
-0.96921909,0.66337492,0.27503618,0.42412945
-0.94923903,0.67108068,0.27903788,0.43090534
-0.96889342,0.68188871,0.27510112,0.42873732
-0.97780516,0.70051926,0.2733275,0.4311193
-0.94322428,0.64665962,0.28024951,0.4263975
-0.91961908,0.66385764,0.28503552,0.43640592
-0.91022363,0.65356226,0.28695408,0.43618459
-0.93563778,0.60493981,0.28178233,0.41807081
-0.91590208,0.6892083,0.28579361,0.44356802
-1.0408915,0.70409511,0.26097802,0.41658789
-1.0297982,0.70084953,0.26312323,0.41849645
-1.0258484,0.68063831,0.26388976,0.41454443
-1.0164234,0.69272288,0.26572466,0.41977416
-0.92688421,0.64126718,0.28355727,0.42907723
-0.92377268,0.61072301,0.28418981,0.42237052
-0.92377268,0.61072301,0.28418981,0.42237052
-1.0068922,0.66100336,0.2675885,0.41437972
-0.99552227,0.77507156,0.26982271,0.44510944
-0.97099207,0.66535836,0.27468281,0.42418086
-0.943624,0.59959242,0.28016889,0.41483049
-0.91909513,0.60488908,0.2851423,0.42208842
-0.95925776,0.68149667,0.27702683,0.43100276
-0.96914196,0.67225897,0.27505156,0.42631964
-0.98116164,0.73498895,0.27266135,0.43876576
-0.98083661,0.74820532,0.27272581,0.44210304
-0.9663083,0.7498957,0.27561695,0.44610702
-0.97271286,0.73736865,0.2743401,0.44143401
-0.988929,0.72345907,0.27112367,0.43401956
-0.95348355,0.64924051,0.27818479,0.42452057
-0.90511277,0.60932425,0.28800096,0.42658734
-0.88478937,0.62462259,0.29218629,0.43532271
-0.87712215,0.63264405,0.29377449,0.43918309
-0.93196258,0.59728112,0.28252672,0.41710199
-0.89475621,0.59928429,0.29012929,0.42666478
-0.95070888,0.55594996,0.27874228,0.40257222
-0.92710746,0.7036465,0.28351192,0.44436607
-0.92252174,0.6961635,0.28444435,0.44365084
-0.93372341,0.69801,0.28216993,0.44134298
-0.92047741,0.69876158,0.28486063,0.444797
-0.9069521,0.69594378,0.28762394,0.44744278
-0.92520603,0.61748791,0.28389832,0.42367182
-0.94751969,0.65269658,0.27938391,0.4268235
-0.93719321,0.66735371,0.28146765,0.4329465
-0.96964847,0.66242783,0.27495058,0.42379329
-0.94565466,0.66168916,0.27975954,0.42948185
-0.96870177,0.65985245,0.27513934,0.42339563
-0.96872823,0.67817003,0.27513407,0.42786722
-0.9884577,0.66857156,0.27121682,0.4207035
-0.94798166,0.61954662,0.27929091,0.41862145
-0.977579,0.64860424,0.27337243,0.4184901
-1.0396691,0.73530528,0.26121384,0.42449105
-1.0275467,0.75211664,0.26356001,0.43157452
-1.0257846,0.73621476,0.26390216,0.42810918
-1.0147992,0.70567656,0.26604168,0.4233289
-1.0132276,0.70923374,0.26634867,0.42458143
-1.009,0.76404392,0.26717559,0.43906536
-0.97930067,0.71007205,0.27303057,0.43309648
-0.97930067,0.71007205,0.27303057,0.43309648
-0.98405686,0.69201735,0.27208756,0.42750463
-1.0024326,0.62856731,0.26846342,0.40760737
-1.0176599,0.69863885,0.26548347,0.42091434
-0.99373786,0.74090752,0.27017441,0.43712698
-0.9728591,0.7260142,0.27431099,0.43860023
-0.97798834,0.71984285,0.27329112,0.43581964
-0.96935443,0.62645548,0.2750092,0.41510546
-0.97832273,0.62550722,0.27322472,0.41269983
-0.95489472,0.73891787,0.27790152,0.4462147
-0.89524768,0.65197197,0.29002808,0.43947926
-0.9327291,0.57168906,0.28237137,0.41070782
-1.0311197,0.75443756,0.26286709,0.43126738
-1.0415429,0.74930575,0.26085241,0.42745627
-0.98954771,0.72376783,0.27100142,0.43394342
-0.96404445,0.70154297,0.27606916,0.43474889
-0.95068038,0.64207327,0.27874801,0.42345476
-0.96430448,0.69506325,0.2760172,0.43309337999999997
-0.95843306,0.63530788,0.27719203,0.41991431
-0.96123705,0.62270559,0.27663059,0.41616625
-0.96714293,0.73433101,0.27545034,0.44205849
-0.98340875,0.7409651,0.27221594,0.43968424
-1.0019246,0.73395383,0.2685632,0.43340533999999997
-0.98703683,0.73973188,0.27149776,0.43848695
-0.92715471,0.59637887,0.28350232,0.41805186
-1.0070863,0.76717044,0.26755046,0.44030709
-1.0194478,0.70007329,0.26513498,0.4208282
-1.0550751,0.73508953,0.25825172,0.42067925
-0.97848464,0.69785599,0.27319257,0.43029966
-0.8768769,0.5509621,0.29382538,0.41923495
-1.030882,0.79634101,0.26291315,0.44163208
-1.0424163,0.81231341,0.26068403,0.44272675
-1.0320937,0.78866874,0.2626784,0.4394425
-0.92361494,0.64798502,0.2842219,0.43152548
-0.96893664,0.66169747,0.2750925,0.42378877
-0.99141088,0.75055511,0.27063349,0.44007547
-0.99141088,0.75055511,0.27063349,0.44007547
-1.015495,0.71044648,0.26590584,0.42432379
-1.0477958,0.81866893,0.25964859,0.44296757
-1.0458215,0.82782429,0.26002829,0.4457155
-1.0028336,0.7368197,0.26838466,0.43388593
-0.90659432,0.5906052,0.28769725,0.42165354
-0.89884907,0.56359383,0.28928707,0.41696249
-0.8780877,0.58808279,0.29357421,0.42800267
-0.92362083,0.66034127,0.2842207,0.43455769
-0.97632266,0.58483931,0.27362206,0.40336026
-0.93071248,0.62510287,0.28278019,0.42418674
-0.96957183,0.66061579,0.27496585,0.42336958
-1.0047005,0.71655237,0.26801826,0.42845731
-0.95838121,0.72834485,0.27720242,0.44274317
-0.98845186,0.6522721,0.27121797,0.41673776
-0.96914907,0.67097194,0.27505014,0.42600316
-0.94784095,0.71513943,0.27931923,0.44208572
-1.0255829,0.70425912,0.26394134,0.42035316
-0.92487336,0.66232111,0.28396595,0.43473641
-0.93751644,0.60701867,0.28140228,0.41811951
-1.0097197,0.73322674,0.2670347,0.43131377
-0.97889109,0.70559032,0.27311187,0.43209694
-1.0135838,0.68128442,0.26627907,0.41768125
-0.98531131,0.63850733,0.27183918,0.41415766
-0.94897911,0.66373003,0.27909018,0.42916737
-0.94474561,0.58838949,0.27994275,0.41184193
-0.94475545,0.69074435,0.27994077,0.43683648
-0.95921329,0.59428227,0.27703574,0.40976643
-0.95601888,0.74594912,0.27767599,0.44767484
-0.94567386,0.75894597,0.27975568,0.4534532
-1.009113,0.76008979,0.26715347,0.43806392
-0.96598719,0.70745674,0.27568106,0.43572499
-0.93791849,0.61677499,0.28132099,0.42039709
-0.91270247,0.6355299,0.28644715,0.43114709
-0.92457327,0.61381411,0.28402698,0.42292945
-1.0713453,0.83197253,0.25514734,0.44044094
-1.0638834,0.74360268,0.25656803,0.42060733
-0.97694601,0.75687548,0.27349818,0.44520334
-0.94869223,0.58982311,0.2791479,0.41123335
-0.96607496,0.74781593,0.27566354,0.44565082
-1.0074306,0.74334955,0.26748298,0.43436075
-1.0257239,0.72808787,0.26391396,0.42613548
-0.93439742,0.67308719,0.28203343,0.43504165
-0.94385742,0.67741588,0.28012182,0.4337809
-0.9880781,0.68837651,0.27129186,0.42563043
-0.95272122,0.68372796,0.27833789,0.43315426
-0.95158937,0.63823714,0.2785653,0.42229671
-0.99408927,0.74859617,0.27010513,0.43893311
-0.9634728,0.7587087,0.27618342,0.44898709
-0.96838089,0.74516225,0.27520334,0.4444259
-0.99288738,0.76563198,0.27034214,0.4434294
-0.93563414,0.69718219,0.28178307,0.44066788
-0.9640664,0.62124812,0.27606477,0.41512505
-0.94689773,0.65209759,0.27950914,0.42682912
-0.96893138,0.68966493,0.27509355,0.43063363
-0.94290788,0.64087287,0.28031334,0.42506008
-0.99499082,0.72119917,0.26992743,0.43197649
-1.0375955,0.70504852,0.2616142,0.41762103
-0.98835829,0.72412649,0.27123647,0.43432372
-0.95261254,0.64797909,0.27835972,0.42442519
-0.92979289,0.64317789,0.28296673,0.42883277
-0.94919091,0.66448047,0.27904756,0.42929933
-0.94792093,0.66118974,0.27930313,0.42880431
-0.977448,0.68528434,0.27339845,0.42747425
-0.99300108,0.73990244,0.27031972,0.43706097
-1.0276377,0.73323137,0.26354233,0.42692546
-1.025558,0.728087,0.26394618,0.42617583
-1.0185909,0.68398722,0.26530197,0.41712091
-0.94138074,0.71210277,0.28062152,0.44293029
-0.92504343,0.71935948,0.28393138,0.44875953
-0.88915022,0.58702418,0.29128522,0.42503784
-0.88915022,0.58702418,0.29128522,0.42503784
-0.91590143,0.64481565,0.28579374,0.43264056
-1.0225531,0.72793843,0.26453038,0.42687449
-1.019463,0.75044382,0.26513202,0.43314791
-1.0259162,0.73740477,0.26387659,0.42836832
-0.95567005,0.67308472,0.27774596,0.42982006
-0.949704,0.69900529,0.27894435,0.43765153
-0.95963876,0.63025023,0.27695053,0.41838941
-0.96530055,0.63570913,0.27581819,0.41834004
-0.92943685,0.63672137,0.28303898,0.4273392
-1.0621429,0.85424726,0.25690015,0.44821247
-1.0199454,0.73215467,0.26503804,0.42854482
-1.0041401,0.73236618,0.26812821,0.43247165
-1.0652712,0.76385555,0.25630341,0.42521145
-1.078117,0.7419965,0.25386252,0.41675216
-1.095559,0.78718116,0.25057293,0.42351074
-1.0645892,0.79628087,0.25643343,0.43332244
-1.0260621,0.74533019,0.26384827,0.43027436
-1.0098754,0.77156046,0.26700423,0.44070165
-1.047528,0.76588594,0.25970007,0.43005125
-1.0438121,0.80801164,0.26041512,0.44132153
-1.0376786,0.68279441,0.26159816,0.41219852
-0.97331758,0.75053285,0.27421973,0.44453304
-1.0008522,0.74212285,0.26877391,0.4356761
-1.0185503,0.71371731,0.26530988,0.42437645
-0.99814165,0.76446034,0.26930695,0.44184408
-0.9919031,0.66813652,0.27053634,0.41975808
-1.0295263,0.79854219,0.26317595,0.44250935
-1.0229362,0.77336911,0.26445586,0.43793006
-1.0273724,0.74646566,0.26359383,0.43023149
-0.9307134,0.70225697,0.28278,0.44313301
-0.9292803,0.66384754,0.28307075,0.43402869
-0.94669056,0.6217503,0.27955086,0.41947224
-1.0017394,0.64434038,0.26859956,0.41158933
-0.94845812,0.65860274,0.27919501,0.42803927
-0.99815819,0.73036345,0.2693037,0.43344856
-0.99063171,0.68636490000000006,0.27078732,0.42451476
-0.92103487,0.70679758,0.28474708,0.44664459
-0.93042292,0.70196795,0.28283892,0.44313337
-1.006498,0.68559356,0.26766576,0.42045535
-0.97081066,0.67400743,0.27471895,0.42633915
-1.0035275,0.63235824,0.26824843,0.40825851
-1.0180452,0.65050923,0.26540834,0.40913654
-0.99784383,0.81414766,0.26936556,0.45420466
-0.99806366,0.83733976,0.2693223,0.4599053
-0.9852022,0.70607346,0.27186077,0.43066739
-0.93782237,0.64199782,0.28134042,0.42657852
-0.9883003,0.71017924,0.27124793,0.43091448
-0.99807565,0.69155333,0.26931994,0.42396383
-0.98117781,0.7302222,0.27265814,0.4375883
-0.98130288,0.73676176,0.27263334,0.43916757
-0.99798314,0.71744037,0.26933814,0.43032071
-0.91101886,0.70968778,0.28679139,0.44983656
-0.94228967,0.74773432,0.28043807,0.45151401
-0.93730824,0.69705593,0.28144439,0.44022417
-1.0012835,0.71148796,0.26868915,0.42805393
-0.98566555,0.68784595,0.27176906,0.42609059
-0.93630486,0.65439607,0.28164735,0.42998587
-0.94479849,0.66640443,0.27993209,0.43084754
-1.0278816,0.74994164,0.263495,0.43095888
-1.0311031,0.74363354,0.2628703,0.42862347
-1.0353243,0.7396721,0.26205319,0.42662069
-1.036174,0.7977562,0.26188889,0.44067629
-1.0144111,0.72294015,0.26611748,0.42764379
-1.0187869,0.80092847,0.26526376,0.44574979
-1.0244027,0.76333854,0.2641707,0.43510214
-1.0228037,0.74677973,0.26448163,0.43142882
-1.0545725,0.77911122,0.25834802,0.43156685
-1.0132837,0.70473182,0.26633771,0.42346824
-0.94223298,0.65684629,0.28044951,0.42913366
-0.9950976,0.69269706,0.26990638,0.42497076
-0.93884825,0.71547995,0.28113305,0.44438895
-0.97173975,0.67033113,0.27453387,0.42521317
-0.94051466,0.71074073,0.2807964,0.44280792
-1.0413202,0.80708159,0.26089535,0.44170665
-0.96429904,0.65681771,0.27601828,0.42372964
-0.9344668,0.64003486,0.28201938,0.4269192
-0.95110173,0.64067067,0.27866331,0.42300952000000003
-0.97064592,0.63707331,0.27475178,0.41737161
-0.97106533,0.69784437,0.27466821,0.43211653
-0.97236387,0.69209981,0.27440958,0.43038904
-0.98051143,0.6976751,0.27279032,0.42975855
-0.99517709,0.70543797,0.26989072,0.42806773
-0.97199601,0.70198998,0.27448283,0.43290561
-0.98130018,0.68644827,0.27263387,0.42681645
-1.0118265,0.72773995,0.26662256,0.42945219
-1.0102453,0.74603097,0.26693185,0.43432802
-0.98227903,0.70014855,0.27243981,0.42993154
-0.96846051,0.65067643,0.27518746,0.42121588
-0.95847741,0.66304489,0.27718315,0.42667442
-0.98609208,0.7132471,0.27168466,0.43220879
-0.96570681,0.7100428,0.27573705,0.43642989
-0.99999073,0.7193294,0.26894324,0.43029165
-1.0419716,0.74186659,0.26076975,0.42553181
-0.93661261,0.68099698,0.28158509,0.43644179
-0.97537562,0.65061336,0.27381032,0.41951559
-0.93092266,0.5987331,0.28273756,0.41770796
-0.97473991,0.69505107,0.27393675,0.43053006
-0.95716077,0.66954535,0.27744702,0.42858775
-0.94334228,0.64828535,0.28022571,0.4267663
-1.0007288,0.73433331,0.26879816,0.43379222
-0.99405404,0.73390943,0.27011207,0.43532816
-0.9863853,0.71146494,0.27162664,0.43169956
-0.89768196,0.59344294,0.28952709,0.42452155
-0.88778346,0.65026406,0.29156746,0.44089775
-0.95072303,0.63459395,0.27873944,0.42161940999999997
-0.88386243,0.61295622,0.29237803,0.43268463
-0.86768636,0.55107634,0.29573595,0.42150213
-0.88126587,0.56078229,0.29291553,0.4205579
-0.93122276,0.62526757,0.28267671,0.42410234
-0.92691647,0.63589114,0.28355071,0.42775287
-0.9336814,0.68131371,0.28217843,0.43724081
-0.94631963,0.5843749,0.27962558,0.41048888
-1.0017666,0.68940003,0.26859424,0.4225372
-1.0022698,0.69187153,0.26849539,0.42301753
-1.0044789,0.68553642,0.26806172,0.42093349
-0.90218094,0.64399373,0.28860252,0.43580938
-0.9804984,0.68196434,0.2727929,0.42591588
-0.98428935,0.66128467,0.27204151,0.41994366
-0.98407674,0.65200473,0.27208362,0.41773655
-0.87671102,0.63949079,0.2938598,0.44097149
-0.94269229,0.56913645,0.28035683,0.40768209
-0.88007905,0.60508799,0.2931614,0.43168221
-1.0162515,0.70955672,0.26575821,0.42392172
-1.0315948,0.80902445,0.26277504,0.44458598
-0.85530286,0.54258241,0.29832165,0.42245085
-0.98729763,0.69772673,0.27144618,0.42810892
-0.98876766,0.69433812,0.27115556,0.42691979
-0.98010213,0.71021659,0.27287152,0.43293519
-0.99068264,0.65979652,0.27077727,0.41802503
-0.99635932,0.67550764,0.26965782,0.4204682
-0.98673409,0.69407787,0.27155764,0.4273537
-0.98583852,0.71929837,0.27173483,0.43375668
-0.98039624,0.68326805,0.27281317,0.42625967
-0.96869532,0.70784277,0.27514063,0.43515414
-0.96102053,0.68822835,0.27667391,0.43222175
-1.0072133,0.70191004,0.26752556,0.42426156
-0.99083621,0.74999963,0.27074694,0.4400802
-0.94739032,0.68423925,0.27940995,0.43458927
-1.0184316,0.751987,0.26533302,0.43378015
-0.91251802,0.60611814,0.28648485,0.42399373
-1.0294537,0.76633574,0.26319003,0.4345974
-1.0470349,0.73260593,0.25979489,0.42203405
-0.98721025,0.77011928,0.27146346,0.44593941
-0.94782013,0.59655598,0.27932342,0.4130759
-0.9466805,0.643758,0.27955289,0.42484321
-0.96677379,0.74141524,0.27552402,0.4438976
-0.95065099,0.60198641,0.27875392,0.41370629
-0.92426962,0.63775011,0.28408873,0.42885616
-1.0109582,0.74734727,0.26679238,0.43447628
-1.0075265,0.72886025,0.26746421,0.4307808
-1.033729,0.73461601,0.2623618,0.42577434
-0.94254924,0.68627825,0.2803857,0.4362806
-0.96183602,0.68983363,0.27651074,0.43241558
-0.95432167,0.64563369,0.27801653,0.42343502
-0.94946088,0.64851224,0.27899326,0.4253256
-0.91686436,0.62615679,0.28559723,0.42783065
-0.95579153,0.65916385,0.27772159,0.42638208
-0.95789459,0.6549398,0.27729992999999997,0.42483532
-0.99023398,0.72811379,0.27086587,0.43484259
-1.0048863,0.69964064,0.2679818,0.42427564
-1.0175165,0.69419835,0.26551144,0.41986731
-0.99677489,0.74398114,0.26957599,0.43713598
-1.0355772,0.81727583,0.26200428,0.44564037
-1.0400507,0.73504852,0.26114022,0.42433513
-0.99465636,0.76524056,0.26999334,0.44289628
-1.000178,0.75175322,0.26890643,0.43821126
-0.995733,0.76204772,0.26978119,0.4418431
-1.0287897,0.772585,0.26331881,0.4362969
-0.98557058,0.73640681,0.27178786,0.43802934
-0.92379186,0.65662254,0.28418591,0.43360215
-1.0080749,0.70283882,0.26735676,0.42427798
-0.94902088,0.58541849,0.27908177,0.41008781
-0.88950854,0.64545823,0.29121126,0.43928846
-0.9560741,0.59979036,0.27766491,0.41185946
-0.98828095,0.63916261,0.27125176,0.41359624
-0.96203078,0.63546022,0.27647178,0.41907529
-0.93515803,0.63959309,0.28187944,0.42664203
-1.026465,0.7565895,0.26377002,0.43293767
-1.0048885,0.69343411,0.26798138,0.42275979
-0.93725144,0.67948764,0.28145587,0.43591349
-0.95833862,0.63291584,0.27721095,0.41935475
-0.92876542,0.66347757,0.28317525,0.43406428
-0.9557007,0.6315265,0.27773981,0.4196588
-0.96276683,0.61745613,0.27632457,0.41452003
-0.95803079,0.69306984,0.27727264,0.43414459
-1.0283096,0.677714,0.26341196,0.41323801
-1.0128914,0.76230431,0.26641438,0.437679
-1.0065062,0.71650759,0.26766415,0.4280042
-1.0308611,0.70744273,0.2629172,0.4198429
-1.0120924,0.73399307,0.26657057,0.43091982
-0.90882459,0.63612423,0.28724042,0.43224428
-1.0028117,0.6287022,0.26838896,0.40754839
-0.99388332,0.73582232,0.27014573,0.43584042
-1.0158065,0.68036945,0.26584504,0.41691829
-1.0158065,0.68036945,0.26584504,0.41691829
-0.97840193,0.69318406,0.27320899,0.42917501
-1.0387802,0.76295667,0.26138543,0.43147799
-1.0270907,0.72372012,0.26364853,0.42473373
-1.0171538,0.78784384,0.26558217,0.44292239
-1.0314692,0.81468657,0.26279938,0.4460156
-1.0174643,0.75564999,0.26552163,0.43491777
-0.91062131,0.60552273,0.28687272,0.42431157
-1.0060022,0.73503364,0.26776295,0.43266933
-0.95605295,0.72343803,0.27766916,0.44210708
-0.96272689,0.61964915,0.27633256,0.41506205
-0.96258495,0.73109018,0.27636094,0.44238338
-0.98966272,0.65625949,0.2709787,0.41741279
-0.88592647,0.59961804,0.29195117,0.42890786
-0.89397957,0.61225586,0.29028927,0.43003123
-0.89016922,0.5789319,0.29107491,0.42281275
-1.0459348,0.77011518,0.26000649,0.43147895000000003
-1.0755487,0.7805147,0.25434931,0.42677191
-1.0085779,0.78477396,0.26725825,0.44428139
-1.0390839,0.74975573,0.2613268,0.42816836
-1.0469062,0.71995795,0.25981964,0.41898335
-1.0469062,0.71995795,0.25981964,0.41898335
-0.92553844,0.65519169,0.28383074,0.43282197
-1.0096251,0.64212687,0.26705322,0.40914567
-0.91177494,0.67133627,0.28663677,0.44017825
-0.91002963,0.68057883,0.28699378,0.44288765
-0.88599072,0.68600936,0.29193789,0.45017062
-0.90254372,0.62198253,0.28852804,0.4303162
-0.90938721,0.594565,0.28712525,0.42193813
-0.8846422,0.57922022,0.29221673,0.42423257
-0.924939,0.61311748,0.28395261,0.42267019
-0.90764457,0.66797943,0.28748207,0.44036887
-0.99980625,0.66316061,0.26897952,0.41662452
-0.95943983,0.69440179,0.27699036,0.43412565
-0.90890203,0.7109017,0.28722457,0.450661
-0.92470011,0.70075849,0.28400118,0.4442474
-0.98375738,0.65060343,0.27214687,0.41747342
-0.95823514,0.70524951,0.27723169,0.43708877
-0.98687866,0.69810825,0.27152904,0.42830492
-0.88747664,0.58392796,0.29163083,0.42469021
-1.0337904,0.74112173,0.26234992,0.42735066
-0.99640868,0.69470352,0.2696481,0.4251407
-0.94328345,0.70720066,0.28023758,0.44125191
-1.0099449,0.6807367,0.26699064,0.4184333
-0.95834261,0.71947113,0.27721015,0.44056448
-1.009837,0.68833388,0.26701175,0.42030947
-0.94130554,0.66191925,0.28063671,0.43060424
-1.0093917,0.65715943,0.26709891,0.41284121
-0.98791694,0.70222082,0.27132372,0.42905785
-0.95355679,0.6740117,0.27817009,0.43056531
-0.93482455,0.63304223,0.28194694,0.42512184
-1.0074947,0.7101893,0.26747042,0.42621633
-0.98188391,0.67935908,0.27251813,0.42494038
-0.95108217,0.71485805,0.27866724,0.44121707
-0.96542651,0.64682566,0.27579303,0.42101677
-0.9508874,0.64549974,0.27870639,0.42424096
-1.0067187,0.7487012,0.2676225,0.43585111
-0.98217685,0.71991017,0.27246006,0.43480659
-0.95620846,0.65278412,0.27763797,0.42472059
-1.0155133,0.76206709,0.26590228,0.43697545
-0.95146521,0.64159132,0.27859025,0.42314552
-0.94835484,0.67821948,0.2792158,0.43287386
-0.96699048,0.65655471,0.27548077,0.42300837
-0.99764358,0.72546504,0.26940497,0.43237235
-0.98172527,0.71596838,0.27254959,0.43394907
-0.98123238,0.67100183,0.27264732,0.42305846
-0.9795898,0.73227685,0.27297318,0.43848498
-0.98191238,0.72682046,0.27251249,0.4365706
-0.98457852,0.77585278,0.27198425,0.44800719
-1.0007874,0.6717816,0.26878664,0.41848255
-1.009325,0.76735513,0.26711197,0.43980096
-0.94582368000000006,0.72964295,0.27972549,0.44616432
-0.97495399,0.70360482,0.27389417,0.43257591
-0.99760122,0.71237888,0.26941331,0.42917392
-0.99751263,0.7332776,0.26943075,0.43432293
-0.97413367,0.63650232,0.27405734,0.41638497
-0.9761573,0.75233461,0.27365493,0.44427676
-0.93879484,0.68339437,0.28114384,0.43649471
-1.0370225,0.76834834,0.2617249,0.4332326
-0.9123411,0.61274718,0.28652101,0.42565676
-0.91396718,0.60428912,0.28618872,0.42319332
-0.94308794,0.61152633,0.28027702,0.41786071
-0.91920632,0.65845125,0.28511964,0.4351781
-0.97889301,0.76697389,0.27311149,0.44721761
-0.97326591,0.66607426,0.27423002,0.42380037
-0.99779062,0.7451112,0.26937603,0.43716411
-0.96608802,0.64623204,0.27566093,0.42071085
-0.99430232,0.75553824,0.27006313,0.44059095
-0.98955354,0.67860458,0.27100027,0.42288313
-0.97082665,0.7237276,0.27471576,0.43853765
-0.98322123,0.66650756,0.27225309,0.42147686
-0.94795877,0.66324584,0.27929552,0.42929872
-0.94795877,0.66324584,0.27929552,0.42929872
-0.94086767,0.61731423,0.28072511,0.41980999
-0.95357205,0.68783769,0.27816702,0.4339546
-0.98998081,0.69151251,0.27091587,0.42593196
-0.93760277,0.61689371,0.28138483,0.42050296
-0.96453714,0.6616983,0.2759707,0.42486365
-0.96573499,0.64764664,0.27573143,0.4211417
-0.97712428,0.72832343,0.27346276,0.43811867
-1.0380822,0.71507751,0.26152021,0.41994366
-0.97083349,0.71101761,0.2747144,0.43540897
-1.0040583,0.70634499,0.26814427,0.42611659
-0.99910483,0.74603269,0.26911746,0.43706749
-0.93605612,0.62315319,0.28169768,0.42240633
-0.94323423,0.68296672,0.28024751,0.43529795
-0.95379452,0.6399978,0.27812235,0.42218827
-0.9255636,0.65375064,0.28382563,0.43246207
-0.92941712,0.64846015,0.28304298,0.43021918
-0.9720788,0.66936937,0.27446635,0.42489528
-0.94981332,0.65310949,0.27892237,0.42636346
-0.93008699,0.71194553,0.28290707,0.44567987
-0.98935418,0.72408616,0.27103966,0.43406916
-1.0124424,0.73079928,0.26650215,0.430051
-0.91747874,0.62906298,0.2854719,0.42839176
-1.0445205,0.67544184,0.2602787,0.40876366
-0.91075328,0.69464825,0.28684572,0.44618302
-1.030448,0.67769729,0.26299726,0.41271554
-0.98734937,0.70020039,0.27143594,0.42870199
-0.96804912,0.64719281,0.27526952,0.42046707
-0.98694557,0.66788755,0.27151581,0.42090533
-0.97673957,0.73279632,0.2735392,0.43931483
-0.97737548,0.65761326,0.27341286,0.4207337
-0.99445602,0.75834881,0.27003283,0.44124589
-0.96956276,0.73830791,0.27496766,0.44244257
-0.99574796,0.68649729,0.26977824,0.42329765
-0.98300518,0.71548667,0.2722959,0.4335164
-0.99541076,0.70767329,0.26984468,0.42855786
-0.93986879,0.66812152,0.28092685,0.43247819
-0.90771366,0.64924641,0.28746792,0.43574053
-0.95882198,0.6760008,0.27711412,0.42976226
-0.93729288,0.59629627,0.28144749,0.41556741
-0.9675098,0.62669066,0.27537713,0.41561051
-0.97311574,0.61177009,0.2742599,0.41063386
-0.92310337,0.59254155,0.28432598,0.41810393
-1.0097771,0.71071923,0.26702348,0.42578782
-0.94781265,0.66570243,0.27932493,0.4299365
-0.91699701,0.63441862,0.28557017,0.42982176
-0.92152442,0.60838674,0.28464739,0.42234905
-0.92850554,0.60725935,0.28322801,0.42037207
-0.97572693,0.71257801,0.27374048,0.43458979
-0.93967153,0.61170306,0.2809667,0.41873501
-0.90049748,0.6208876,0.28894828,0.43054942
-0.97148223,0.61372587,0.27458516,0.4115028
-0.99023463,0.7887597,0.27086574,0.44980096
-1.003175,0.75702787,0.26831764,0.43877205
-1.018951,0.73915051,0.26523179,0.4305027
-0.96687257,0.69044123,0.2755043,0.4313289
-0.95631984,0.69683472,0.27761563,0.43549028
-0.98350382,0.67474816,0.2721971,0.4234185
-0.95440302,0.69061153,0.2780002,0.43443191
-0.90819914,0.59798914,0.28736849,0.42306348
-0.93566066,0.64126524,0.2817777,0.42692814
-0.99701526,0.72090329,0.26952866,0.43140724
-0.99297618,0.72614127,0.27032463,0.43368428
-0.96145697,0.66289587,0.27658658,0.42590927
-0.99004594,0.7252534,0.270903,0.43418596
-0.99497463,0.73372018,0.26993062,0.43505536
-1.0112931,0.73062448,0.26672687,0.43028987
-0.99030216,0.70120992,0.2708524,0.42822611
-1.0651521,0.76185078,0.25632612,0.42475066
-1.0460959,0.78981999,0.2599755,0.43627939
-1.0348943,0.78849961,0.26213635,0.43871109
-1.0232447,0.73489236,0.26439586,0.4284073
-1.0249262,0.76362409,0.26406894,0.43504364
-1.0625642,0.77279522,0.25681974,0.42806043
-1.0226793,0.77790458,0.26450582,0.43911002
-0.97676127,0.71705407,0.27353489,0.43543568
-0.90804285,0.57531152,0.2874005,0.4175762
-0.88172219,0.58843333,0.29282103,0.42719889
-0.91257221,0.59230503,0.28647377,0.42061063
-0.91024755,0.58651866,0.28694918,0.41976726
-0.90364663,0.64206588,0.28830169,0.43497516
-0.9232246,0.57758683,0.28430132,0.41444065
-0.97020277,0.65546715,0.27484009,0.42195925
-0.97638026,0.62440163,0.27361061,0.41290269
-0.98410417,0.69467372,0.27207819,0.42814331
-0.93231894,0.66766063,0.28245449,0.43421894
-1.0031164,0.75490729,0.26832915,0.43826436
-1.0278535,0.7402071,0.26350046,0.42858017
-0.98975855,0.69474953,0.27095977,0.42677802
-0.93804551,0.57210515,0.28129531,0.40952234
-0.9326273,0.61962568,0.282392,0.42238225
-0.97005087,0.64624336,0.27487036,0.41974811
-0.95151162,0.70079287,0.27858092,0.4376466
-1.0007677,0.68605758,0.26879051,0.42196547
-0.97026954,0.68577946,0.27482678,0.42935332
-0.97225534,0.7112912,0.27443119,0.43512672
-0.9604725,0.64367012,0.2767836,0.42145523
-1.0005745,0.71657325,0.26882849,0.4294731
-1.050872,0.77955449,0.25905769,0.43258369
-1.050872,0.77955449,0.25905769,0.43258369
-1.0484521,0.79921256,0.25952244,0.43801067
-1.0791592,0.7326612,0.25366517,0.41423191
-1.0618767,0.74430066,0.25695098,0.42126661
-0.93438553,0.70132095,0.28203583,0.44199618
-0.9698244,0.62259199,0.2749155,0.41405371
-0.93309409,0.6587358,0.28229741,0.43183746
-0.95495305,0.61390834,0.27788982,0.41555573
-0.98539855,0.70059356,0.27182191,0.42927616
-0.98370214,0.69583756,0.27215782,0.42852673
-0.976871,0.70309144,0.27351309,0.43197945
-0.94317624,0.66561737,0.2802592,0.43105235
-1.0540593,0.78548428,0.25844637,0.43325697
-1.048829,0.80953122,0.25945003,0.44045942
-1.000484,0.75263453,0.26884627,0.43835288
-1.0168047,0.76458112,0.26565028,0.43727629
-1.0114104,0.77327834,0.26670393,0.44074673
-1.0242723,0.64207374,0.26419605,0.40559675
-0.94127672,0.6326402,0.28064252,0.42344758
-0.93563551,0.626869,0.28178279,0.42341585
-0.91246023,0.62337798,0.28649666,0.42822856
-0.91375246,0.66039689,0.28623258,0.43699775
-0.96709147,0.64532327,0.27546061,0.42024488
-1.0029641,0.69886597,0.26835904,0.42455596
-0.9862695,0.691558,0.27164955,0.42685081
-0.96188384,0.69060801,0.27650118,0.43259391
-0.97167319,0.67430904,0.27454712,0.42620196
-0.96322365,0.76064337,0.27623323,0.44952742
-1.0671507,0.73305947,0.25594532,0.4172455
-0.921962,0.66591405,0.28455829,0.43633546
-0.94104028,0.62977332,0.28069026,0.42280552
-0.98114653,0.6333631,0.27266435,0.41392004
-0.98040123,0.63196485,0.27281218,0.41376165
-0.9726516,0.64007747,0.2743523,0.41761443
-0.96528341,0.73047057,0.27582162,0.44156504
-1.005479,0.69441844,0.26786555,0.42285589
-0.99870934,0.72074451,0.26919526,0.4309528
-0.99870934,0.72074451,0.26919526,0.4309528
-0.98663796,0.68612604,0.27157665,0.42543234
-0.965602,0.68757195,0.27575798,0.4309368
-0.97110365,0.72542114,0.27466058,0.43888647
-1.0036222,0.66397082,0.26822984,0.41589415
-0.97550402,0.76251505,0.27378479,0.44695314
-1.0098923,0.7364882,0.26700093,0.43207159
-0.94389337,0.70924012,0.28011457,0.44160439
-1.0010421,0.6662358,0.26873658,0.41707164
-0.9859311,0.6497411,0.27171651,0.41673527
-0.93779188,0.66899319,0.28134659,0.43320204
-0.96359439,0.64703424,0.27615911,0.42151429
-0.98099549,0.66932952,0.2726943,0.42270815
-0.94861346,0.68262338,0.27916375,0.43389179
-0.92744753,0.6320689,0.28344284,0.4266876
-0.98335536,0.68006118,0.27222651,0.42475239
-0.86641638,0.67882422,0.29600053,0.45323901
-1.0286727,0.63502995,0.26334152,0.4028407
-0.86323491,0.67468777,0.29666392,0.45300236
-0.87848064,0.68239986,0.29349273,0.45113626
-0.96891017,0.66182991,0.27509778,0.42382757
-0.92070605,0.64451925,0.28481405,0.43138888
-0.99381771,0.67457201,0.27015867,0.42085959
-0.88824964,0.59583314,0.29147117,0.42741237
-0.89875426,0.61703307,0.28930656,0.43003185
-0.95132894,0.65444387,0.27861764,0.42631913
-0.93404648,0.64397272,0.28210449,0.42798581
-1.004412,0.7290629,0.26807486,0.43159438
-1.0005522,0.73078944,0.26883287,0.43296534
-0.95836126,0.74505683,0.27720642,0.44687517
-0.99649751,0.74686948,0.26963061,0.43791506
-0.88979114,0.56520156,0.29115293,0.41955764
-0.93090971,0.52913185,0.28274019,0.40088527
-0.88657072,0.63661651,0.29181802,0.43783477
-1.035326,0.76441842,0.26205286,0.43268431
-1.0600004,0.73176714,0.25730937,0.41867055
-0.99883388,0.83082158,0.26917076,0.45809545
-1.0015502,0.81513059,0.26863674,0.4535296
-1.0193027,0.79007784,0.26516324,0.44294339
-1.0165848,0.77905508,0.26569317,0.4408952
-1.0331225,0.73271243,0.2624792,0.42545725
-0.88792119,0.61317116,0.29153901,0.43174134
-0.87714367,0.61188876,0.29377003,0.43407238
-1.0574692,0.80140099,0.25779338,0.43633046
-0.92068363,0.6139008,0.28481862,0.42390021
-0.94368437,0.65656159,0.28015672,0.4287084
-0.94020266,0.63890489,0.28085941,0.42524026
-0.93823015,0.68229073,0.28125798,0.43636215
-0.97140856,0.62486599,0.27459984,0.41422109
-1.0133843,0.65234185,0.26631807,0.41070725
-0.92024816,0.7108945,0.28490733,0.44785191
-0.94914159,0.63928828,0.27905749,0.42315055
-0.99823299,0.77830878,0.26928898,0.44523948
-1.0016109,0.78438743,0.26862481,0.44590667
-0.9838006,0.64714473,0.27213831,0.41662203
-0.9615125,0.67087715,0.27657547,0.42784833
-0.99014532,0.69864027,0.27088338,0.42763545
-0.94567217,0.64136503,0.27975602,0.42450491
-0.93152528,0.6925572,0.28261537,0.44054067
-0.97710182,0.7216278,0.27346722,0.43647662
-0.97331427,0.69798125,0.27422039,0.43159832
-0.94747127,0.64829728,0.27939365,0.42575942
-1.0225611,0.74952692,0.26452883,0.43216236
-0.950634,0.62161712,0.27875734,0.41847985
-0.950634,0.62161712,0.27875734,0.41847985
-1.0085083,0.78197114,0.26727188,0.44360667
-0.96030716,0.69606399,0.2768167,0.43432093
-1.010155,0.65651994,0.26694951,0.4125012
-0.98555378,0.72768974,0.27179118,0.43588885
-0.97591658,0.76725067,0.27370277,0.44802199
-0.95929707,0.77853912,0.27701896,0.45493316
-1.0245004,0.77195687,0.2641517,0.43719754
-0.96833311,0.6873827,0.27521287,0.43022078
-0.93530339,0.61481056,0.28185001,0.42055564
-0.90055012,0.63941883,0.28893746,0.43508563
-0.91842219,0.61551287,0.28527949,0.42484643
-0.91864231,0.61903396,0.28523461,0.42565323
-0.904689,0.64964438,0.28808786,0.43658224
-0.95714042,0.58760125,0.2774511,0.40865238
-0.95964063,0.75364361,0.27695015,0.44868209
-0.96389403,0.68725586,0.27609922,0.43127816
-0.94477266,0.64484133,0.2799373,0.42557427
-0.99152945,0.72175913,0.27061009,0.43296348
-0.99687289,0.64982661,0.26955669,0.41409887
-0.97193212,0.76150459,0.27449556,0.44758638
-1.0081031,0.74363643,0.26735124,0.43426602
-1.0079897,0.72740816,0.26737346,0.43031122
-0.95820983,0.67890284,0.27723676,0.43062368
-0.94478982,0.70533043,0.27993384,0.44041958
-0.94102408,0.66630409,0.28069353,0.43174871
-0.96586654,0.63530958,0.27570515,0.41810511
-0.92322553,0.66932116,0.28430113,0.43686274
-0.93282668,0.68413397,0.28235159,0.43814529
-0.92605439,0.65203201,0.28372588,0.43191987
-0.9311383,0.65411342,0.28269384,0.43118332
-0.98868083,0.67839727,0.27117272,0.42304553
-1.0224407,0.68053059,0.26455225,0.41534555
-0.98896391,0.67336435,0.27111677,0.42174854
-0.97099387,0.66729185,0.27468245,0.42465274
-0.95660063,0.70314415,0.27755932,0.43697292
-1.0175628,0.71165581,0.26550241,0.42411412
-1.0146477,0.78258709,0.26607127,0.4422438
-0.9919275,0.74612359,0.27053153,0.43885657
-0.9919275,0.74612359,0.27053153,0.43885657
-0.96649568,0.76240976,0.27557954,0.44915488
-0.98974154,0.7322524,0.27096313,0.43598103
-0.99805812,0.70338183,0.26932339,0.42685942
-0.95508856,0.64515949,0.27786262,0.42313205
-0.95248827,0.68511022,0.27838469,0.43355089
-0.96865696,0.69007207,0.27514828,0.43080074
-0.94177515999999994,0.71804207,0.28054191,0.44429888
-1.0409313,0.71097471,0.26097033,0.41825118
-1.030245,0.73532563,0.2630366,0.42679995
-0.95009526,0.69206894,0.27886567,0.43584895
-0.94557047,0.71886754,0.27977651,0.44356576
-0.9705511,0.64310159,0.27477067,0.41886133
-0.9865223,0.69956592,0.27159953,0.42874916
-0.99834208,0.71752585,0.26926751,0.43025368
-0.95899444,0.64153493,0.27707957,0.42129501
-0.96391564,0.66821376,0.2760949,0.42660853
-0.97323326,0.62561278,0.27423651,0.41395957
-0.92775389,0.65009812,0.28338062,0.43102859
-0.91703021,0.62453145,0.2855634,0.42739224
-0.91724685,0.58999588,0.2855192,0.41890965
-0.93449607,0.67079507,0.28201345,0.43445414
-0.91867493,0.63810833,0.28522796,0.43031487
-1.0038941,0.70808218,0.26817648,0.42658161
-0.92440101,0.6762276,0.28406201,0.43827313
-0.91842035,0.65907137,0.28527987,0.43552375
-0.98175433,0.66430884,0.27254383,0.42129843
-0.91185368,0.65371617,0.28662067,0.4358216
-1.0139652,0.69797273,0.26620457,0.42165272
-1.0071214,0.71030184,0.26754357,0.42633514
-1.021513,0.73568451,0.2647328,0.42902543
-1.0402484,0.79280493,0.26110206,0.43845284
-1.0287509,0.8068612,0.26332633,0.44475405
-1.0287509,0.8068612,0.26332633,0.44475405
-1.0533424,0.75859594,0.25858379,0.42684226
-1.0631748,0.75622248,0.25670322,0.42385883
-1.0261438,0.81433449,0.2638324,0.44724477
-1.0480794,0.82176667,0.25959408,0.44366207
-1.0583734,0.77000994,0.25762042,0.42840457
-0.9777066,0.69228783,0.27334708,0.4291258
-0.97995045,0.7012485,0.27290162,0.43077204
-1.0144286,0.79470673,0.26611407,0.44528947
-1.0639755,0.73655574,0.25655047,0.41886858
-1.0639755,0.73655574,0.25655047,0.41886858
-1.043804,0.80052417,0.26041667,0.43947824
-0.89932048,0.60141255,0.28919016,0.42606899
-0.93755618,0.66484909,0.28139425,0.43224263
-0.9541785,0.64188112,0.27804527,0.42255407
-0.9332418,0.71381809,0.28226749,0.44536311
-0.97066555,0.68805391,0.27474786,0.42981361
-0.96514439,0.68281823,0.27584939000000003,0.42988358
-0.97938608,0.64683905,0.27301362,0.41762102
-0.92581186,0.67548127,0.28377517,0.43774213
-1.0099846,0.7541528,0.26698286,0.43638862
-0.93068816,0.68159511,0.28278512,0.43804674
-0.99010288,0.65628992,0.27089176,0.41731316
-0.98495429,0.71189466,0.27190985,0.43215612
-0.99122631,0.7076854,0.27066993,0.42958589
-0.99589728,0.72483324,0.26974883,0.43264589
-1.0026213,0.72315296,0.26842635,0.43058412
-0.93287086,0.64692931,0.28234264,0.42899773
-0.92044806,0.5709756,0.28486661,0.41351035
-0.8842,0.61856706,0.29230819,0.43397951
-1.0012715,0.681169,0.26869151,0.42065077
-1.0014588,0.68620527,0.2686547,0.42183293
-0.99956871,0.66783272,0.26902623,0.41781829
-0.96870351,0.72794746,0.275139,0.44010004
-0.99388656,0.69293026,0.27014509,0.42532372
-0.99415482,0.69816177,0.27009221,0.42653731
-0.91775975,0.59231483,0.28541458,0.41934936
-0.96209389,0.72400601,0.27645916,0.44075762
-0.96488139,0.59363469,0.27590193,0.40823981
-0.96709224,0.67272105,0.27546046,0.42693406
-0.92150313,0.62618207,0.28465172,0.42670168
-0.97304107,0.63310028,0.27427477,0.41582386
-1.0110947,0.75484874,0.26676567,0.43628676
-1.0243083,0.74121909,0.26418905,0.42969658
-0.99804267,0.74515737,0.26932643,0.43711346
-0.93975876,0.63185307,0.28094907,0.42362602
-0.89823423,0.60769798,0.2894135,0.42787259
-0.93229673,0.59506965,0.28245899,0.41648321
-0.93039591,0.67164108,0.2828444,0.43566982
-0.95571984,0.67585857,0.27773597,0.43048779
-0.97161608,0.66926534,0.2745585,0.42498293
-0.96275421,0.69143213,0.27632709,0.43258256
-0.99049047,0.64370905,0.27081521,0.41416313
-0.97972278,0.63381072,0.27294679,0.41437408
-0.96284114,0.73946903,0.27630971,0.44438801
-0.9569589,0.7306558,0.27748749,0.44366445
-0.95230748,0.69382952,0.27842101,0.4357379
-0.98735322,0.71022296,0.27143518,0.43115747
-0.88813596,0.57342678,0.29149465,0.4219657
-0.94476579,0.5741163,0.27993868,0.40838409
-0.94144951,0.59300954,0.28060764,0.41376078
-0.91587821,0.65125742,0.28579848,0.43422816
-0.91075128,0.6698521,0.28684613,0.44006477
-0.92281327,0.68544227,0.28438502,0.44093433
-0.96634361,0.61215176,0.2756099,0.41236628
-0.95527624,0.71304203,0.27782497,0.43973584
-1.0456841,0.73637438,0.26005472,0.42328323
-1.0280405,0.80687415,0.26346418,0.44493271
-1.0455005,0.84156575,0.26009006,0.44919227
-1.0460372,0.82760543,0.2599868,0.44560816
-1.0121066,0.71111955,0.26656778,0.4253162
-0.91697489,0.58427881,0.28557468,0.41758477
-1.0024791,0.76117962,0.26845428,0.43996613
-0.97946935,0.64622378,0.27299709,0.41745113
-1.0199443,0.7562703,0.26503826,0.43446078
-1.0379591,0.73900429,0.26154397,0.425813
-0.95578681,0.70352404,0.27772254,0.43726663
-0.95027438,0.70458807,0.27882965,0.43888553
-1.0270192,0.68628123,0.26366239,0.41563022
-1.0407244,0.83922645,0.26101025,0.44979527
-1.0344628,0.7819271,0.26221981,0.43719947
-1.0068005,0.70626218,0.26760647,0.4254259
-1.0765266,0.73725259,0.25416389,0.41598584
-1.0299673,0.74638051,0.26309045,0.42957466
-0.88669121,0.59021196,0.29179312,0.42641839
-0.88658575,0.60213157,0.29181491,0.42936211
-0.95373904,0.61268937,0.27813349,0.41555452
-0.9592122,0.72071807,0.27703595,0.44065748
-0.96214462,0.62938739,0.27644901,0.4175699
-0.95547696,0.61908122,0.2777847,0.41668526
-1.0019287,0.69456866,0.26856238,0.42375924
-0.89483954,0.65800068,0.29011213,0.44106551
-0.96664545,0.61337721,0.27554964,0.41259011
-0.91282243,0.66213899,0.28642263,0.43765529
-1.0022202,0.67642711,0.26850512,0.41926457
-0.93619754,0.6289749,0.28166906,0.42379281
-0.91617043,0.65565684,0.28573884,0.43523746
-0.91496639,0.64220341,0.28598464,0.43222891
-0.93748191,0.6124995,0.28140926,0.41946198
-1.0233452,0.75527202,0.26437631,0.43338019
-0.91764999,0.60908515,0.28543697,0.42346508
-1.0241003,0.75975635,0.26422948,0.43429617
-1.0026507,0.73094083,0.26842059,0.43248738
-0.91226664,0.60425154,0.28653624,0.4235993
