alpha_rl_pop,alpha_per_pop,beta_rl_pop,beta_per_pop
0.6050375833566924,0.45436415945985625,1.3844081878350276,-0.30085899476663447
0.7898110864535165,0.33006006568690016,1.2986362791013184,-0.854594288459049
0.7789045126320648,0.37784043058979094,1.5762259779058616,-0.6393056295533518
0.6584064753398872,0.29937855180518563,1.4523188112406349,-0.528454913840837
0.13852116195261216,0.32617255841499754,1.8649076147451797,-0.572754091211645
0.9105058756611828,0.4128868372435221,1.4418389513988135,-0.5456197519637711
0.8307097690503724,0.2933088277474431,1.483776150477432,-0.5624912460427658
0.3972439894833657,0.2792759316002671,1.5542989241871776,0.05837569862185268
0.32078212201598716,0.523174933276436,2.2124223948415227,-0.2640234634682346
0.9769525717306728,0.41318364573353333,1.540275001263057,-0.23296321317307478
0.6056625317708999,0.4149180948102754,1.3490695434918563,-0.8596628063168753
0.7027280085856082,0.3977609720930102,1.3795929307992856,-0.445801289257062
0.750579679342936,0.5702212788943269,1.5829020995240182,0.2669528095178848
0.7066478724890133,0.21522130587220686,1.4747611889419023,-0.21293062529671405
0.7021442317021777,0.4649191012962062,1.5554866459453134,-1.0482272108508068
0.9911606544123592,0.3230216808066274,1.7085781263418,-0.43853081410539574
0.5355902136083508,0.3567252277189058,1.5832161018071644,-0.8358601848282408
0.913234392727748,0.6810557950051063,1.620935899780128,0.09423108791172806
0.85302545951714,0.306233040571124,1.5456601561498784,-0.5021768537945949
0.736934821248055,0.48455249405331835,1.4943085326220897,-0.8702757870056891
0.9547047279281813,0.5033484625047644,1.2137223985396268,-0.4923107926832981
0.818394686072804,0.4409807252995305,1.6016861515199885,-0.20280028863715666
0.6083882733665739,0.23383356139715922,1.8971831854724153,1.668798198379284
0.6366936889483318,0.5508252089986566,1.4680953930822653,-1.0851143571820316
0.9729121236600072,0.26404587048102557,1.1918315864342623,-0.28738187857671327
0.451555297993689,0.33267608740541205,1.8826644034994948,-0.5506756029542765
0.827581944425685,0.40235479109083955,1.660220876638138,-0.5736105101744934
0.8305800539954626,0.34929843615726563,1.289689057245982,-0.26289899079337936
0.9242145311615354,0.36036556500541395,1.50273971391072,-0.9460228436702479
0.8321885833572676,0.45950627017297363,1.673112444014647,-1.0236101617056401
0.9956422725116439,0.4010930358686524,1.4961443560984238,-0.4807219295356273
0.6564185361127547,0.25386003248187494,1.3117744337707284,-0.35884900998215596
0.6436255717058383,0.36031131196440425,1.5546723510849878,-0.9670429145242658
0.8200194078492741,0.4466192212608295,1.3312722803595576,-0.3914191222916455
0.8198823903768682,0.43102517732968354,1.8585746125310496,-0.4768465240807252
0.644030364492482,0.47327805758390484,1.397740944541769,-0.12351429897622385
0.6193668365170872,0.35877739393103925,1.3914338932171657,-0.830223788929367
0.8428551003937272,0.30117274408739586,1.3825529991710968,-0.32391575491503527
0.5757511408573898,0.33833036036805286,1.6743000994555628,-0.5753533915839308
0.7466797179158189,0.6142321765243227,1.5776650661102734,-0.3497010692503628
0.6290753623059443,0.37403643979045803,1.545675891686133,-0.6199530588125127
0.5396895264257758,0.367912015604809,1.1762473397395288,-0.23090483567010855
0.8083773688941057,0.42929238283615945,1.6588309570383057,-0.6302094038874476
0.8200014139537986,0.3041438874316927,1.681444715889551,0.16042362741780594
0.5220492191520391,0.3327268322726725,1.4875522598075166,-0.3415396324154139
0.20888359898282713,0.515892748335829,1.5224104653176933,-0.5214058212744063
0.9390752373744842,0.15074852083159768,1.38003551496398,-0.7951813626052736
0.6539689238996723,0.21618277398394956,1.335546898413978,0.010235325859973207
0.6509443818033454,0.4047676616421091,1.6124903671351423,-0.9975957011222288
0.9615635220944405,0.22386413579686226,1.174537153085853,-1.053761872677761
0.8756411773343683,0.47529616999497787,1.3547406114766505,-1.0627830347029525
0.8084954245952912,0.4875134766948113,1.1607582537980985,-0.527407540856271
0.6820786814613761,0.5075173486754659,1.7659349383902194,-0.8509840135175286
0.792297538823663,0.2577895245109493,1.266216175715377,-0.8738260324292033
0.8886568830172842,0.6256817859608935,1.6781555127296823,-0.39011794908915637
0.4395554406482084,0.4195897450619835,1.694828344328724,-0.7258019940766898
0.7511175715043279,0.5817535426531149,1.5936614775997489,-0.8954759002776208
0.9822897346170911,0.4056747922259463,1.5502465821689804,-0.009544038198143256
0.823933294290529,0.4895173748530762,1.4991110623266564,0.0795940738314349
0.7865479302960027,0.11095382374530446,1.3083331514779126,-0.07246479824635264
0.859283658342408,0.385836482099584,1.604210310343265,-0.503561629804083
0.7565892602703369,0.5537190412461032,1.7318768042027628,-0.6490178804912694
0.9063539642010393,0.30034279736798997,1.6777308113448866,-0.14644418794544364
0.4174338829338924,0.34063131571551497,1.308200597500835,-0.8922839023038864
0.9178725177743006,0.24649583399522676,1.4605571934385135,-0.4915168697445645
0.7823654044778917,0.2480949866200299,1.3918587020108897,-0.4297516571264884
0.6174806776822798,0.44542299330103086,1.4385849948603004,-0.5136607280434619
0.8891258946443661,0.3472576859428861,1.4207455997371217,-0.434093707419233
0.5600928954566097,0.40696774241172096,1.6914764541309224,-0.4310113441727935
0.6594663997435191,0.43322860950241393,1.445909901264175,-0.08529892380020598
0.7183554884467451,0.18215351782195074,1.2296261524519263,0.4443852715303675
0.8902041297330837,0.5114647614288946,1.3055532500518596,-0.5799347593768996
0.7913068154414024,0.2757923977771587,1.3410279982939879,0.6170619595459167
0.5469484100204056,0.5380303345296212,1.6873851402993094,-0.27989493938055504
0.5014783367088924,0.25764032621074506,1.4369838158431556,-0.5579969455259611
0.5528972670550966,0.5954924446346728,1.419745602277511,-0.7569528728159621
0.6549080930716721,0.42744376389522404,1.1907138100351462,-0.5566801016893298
0.31147009339993703,0.4302553394606173,1.3244280627316272,-0.19778428889192184
0.5295708234456944,0.2649475781972063,1.4379879800809352,-0.6708468474262413
0.7356839769401179,0.6113632787716425,1.7110737674996654,-0.17818569673735618
0.8060795070184483,0.6814216536751125,1.7240415881103646,-0.3139573151447316
0.7873886574623664,0.2820452928698523,1.5598564845315115,-0.27417404971804193
0.8114218490447361,0.47547076289971824,1.2335314641485804,-0.7387821366018682
0.4893348702671893,0.30555255906799905,1.6825405188700746,-1.128917295754482
0.38152081122390247,0.29970853944647946,1.44992449898186,-0.9869724158141816
0.958008660625075,0.38684371138702456,1.2508826768513486,-0.6457225227089178
0.7185358426960906,0.38060115522864835,1.4748380968921755,-0.2921744162499369
0.599645746994973,0.5876647644094712,1.7162355119079415,-0.6197260912198638
0.9260505799104921,0.4395556715596869,1.1910654482560503,-0.4555603653129821
0.7458816909602725,0.3157204585062537,1.7612673464753388,-0.2738262221468072
0.9672737354911168,0.4696656687790189,1.5308793581868012,-0.6053808482815592
0.9603040595051554,0.4965626284382374,1.715966774031024,0.0030068810554874717
0.7549521153561798,0.21800716424611652,1.8865476201357592,-0.8945083736509759
0.8114328234056862,0.4763659067285336,1.1920307064491138,-0.15542715942835184
0.9058890238078808,0.2881887552158862,1.2368688385391138,-0.5090283797167124
0.7497177911194038,0.47841146080485253,1.3462936059217845,-0.6064757532547859
0.7681228706462717,0.37207201189145145,1.7257386539504602,-0.7115337968934519
0.8742298961557344,0.24775311571973166,1.514167556048343,-0.5185285436653159
0.872614998224444,0.48440104648944204,1.450045498672297,-0.575798570034884
0.7464724423578913,0.35612398465355677,1.7710595856305016,-0.7033363716927497
0.6829487214216574,0.3406187349086673,1.9503203152869697,-0.5220214492610582
0.9350391892858624,0.337350981634192,1.4336029786606497,-0.8270947598792778
0.7807947181867032,0.33096693968682955,1.8291874858847474,-0.6580154543610137
0.7457197573110268,0.2949956382120248,1.4281832144125934,-0.19908045852633566
0.8126621953787917,0.31619089259679894,1.3555696667568848,-0.7166134317270786
0.7237435189454212,0.5408556129146787,1.6024670254049944,-0.42975957024044614
0.6924191468573763,0.4061342827338904,1.3612515626524675,0.07873220562250165
0.9196351246099047,0.3654696956655639,1.446900948895263,-0.6859868337892816
0.7792199373722318,0.3426525405570518,1.8182969714584831,-0.49508628767082563
0.9528799546392197,0.2623661281221848,1.089119307841414,-0.522818164578592
0.9662793572585755,0.4449712003718893,1.1972288078397229,0.35428062257777887
0.8860638056655787,0.42667038274786345,1.648300708747639,-0.646213857531366
0.6448916755872856,0.30741511099547975,1.651497119119071,-1.7046695163045769
0.6703561281951654,0.3618134289323169,1.9116767801918557,-0.4697353645970936
0.6159881996443145,0.34373938794836584,1.4198917804730378,-0.4916145570358436
0.9113376366764459,0.6026124614813049,1.6921777429998754,-0.7444123458832433
0.8884496549851351,0.2111552291767373,1.244883717156453,-0.4841601392211249
0.857620719387329,0.2903651487222221,1.2918187798964664,-0.1683527460457845
0.37527321176372,0.5027691030251921,1.6217174278948945,-0.9919282083534862
0.8160513834405371,0.47367155467131683,1.2389488193337286,-0.7243861798123367
0.8428917286497942,0.4819856361092687,1.3481930163055555,-0.3422103773452252
0.6699683966998106,0.4360263264597121,1.302606339970211,-0.49755400490566537
0.7480555350290778,0.36031575716890046,1.7298615341197416,-0.7113337227310167
0.6340302652027138,0.3891538317197842,1.3529643321404412,-1.21164285742199
0.6764122255722338,0.2504700823640078,1.4042094734622477,0.02792027139408
0.7324816847289103,0.41987997685317074,1.221956203476102,-0.1488161449448094
0.7879206761189865,0.2629938779949691,1.6132023282057948,-0.11684757240781055
0.862023561618589,0.26563836714465333,1.537984150334562,-0.18049017653510346
0.830337805691751,0.3658100717103555,1.5214826177583936,-0.40953634961917257
0.6333674127621752,0.43935262307071205,1.6625186943614598,-0.3330049926573091
0.679287267934124,0.39459971815759304,1.6582963178013503,-0.42655752035507505
0.4127165873096694,0.20968720252644554,1.5046871117000564,-0.38282516973026204
0.7434162168345391,0.42046388997494727,1.2183837756147249,-0.9401080018149374
0.917087337208339,0.4544269316910044,1.6785897136012213,-0.3527307050875318
0.2471761758854538,0.3331648098073069,1.5061315029473554,-0.1868638815440085
0.6369642190817677,0.3218603531539635,1.5196974575857,-0.4564195855838523
0.7972521023632799,0.4880184751757507,1.896623064882459,-0.21708842373125314
0.23670413423805947,0.7049592035828882,1.640542377938093,0.01218684353396395
0.9108345899241863,0.39487428691033905,1.4583549721047833,-1.0171965358725754
0.6338952970886422,0.4922513422016149,1.92547467250106,-0.45795937100899026
0.705818070932515,0.29639493695563524,1.1276633627731676,-0.690888432315273
0.6614350028948506,0.2260056836737391,1.489415356297195,-0.2661523772916789
0.8249192591249607,0.28958359880937873,1.2082491428926097,0.13901062397579975
0.8618214607966995,0.4491958002511542,1.5511535019473142,-0.8799555972329424
0.8941773569614149,0.18088020543793945,0.8715239646654303,0.36376519258866513
0.670038560799157,0.45255225839315466,1.4658207752403296,-0.14383384849675807
0.696146866859017,0.29219424651853065,1.605891017845556,0.0016011092236379726
0.6492372679022395,0.25937888512479473,1.6238026695997134,-0.8375730106531301
0.8583939415974617,0.494015567614066,1.4015494260082932,-1.0750808529816869
0.4126735267813029,0.43484905447461136,1.3661246388344872,-0.7548284034334649
0.7121868795989406,0.4958074654059193,1.601550946058411,-0.15063104780337977
0.8106212830812328,0.3857526983320148,1.585481148305084,-0.23104833960674015
0.9340233306720626,0.3194594641090007,1.5687116934139766,-0.08671720511917069
0.8352067116403974,0.42684017027238336,1.2122776564709878,-0.3024892821548992
0.7594232342721472,0.40210186513428736,1.5484259495757362,-0.8870367486552688
0.3164694228056945,0.6544100096040688,1.648038396076862,-0.46283650088876227
0.7886088918065192,0.19157597129742637,0.8471548076426055,-1.1071459520823401
0.7737379755223684,0.31648211296725337,1.5903341984253447,-0.5485284078323815
0.8782106998937206,0.6119832979450109,1.4713022672568294,-0.3566495496013791
0.6613382849707723,0.5493677836707658,1.5658712552953278,-0.505722739103571
0.7457423155797425,0.21374396597488501,1.5117658600413566,-1.227431301295033
0.9924435611774439,0.3444214778031394,1.8795337268015242,0.21233688391643735
0.7692438275747692,0.44682634522775416,1.7542683039347184,-0.4684474510068198
0.9387396245800217,0.10381004983511202,1.3119258950458452,-0.0415913991819846
0.33884727809071413,0.4219861409445679,1.6599373104642137,-0.9134778442867671
0.9809657844697793,0.5817303815453705,1.4716136529866044,-0.057119369603035736
0.8951250284872041,0.4529833169255367,1.526562360214129,-0.49002369947426616
0.6352831473275936,0.1224028627693669,1.6630956343530048,0.212477425189678
0.5095863962798014,0.17228870929691265,1.640852134055665,-0.8471144421421769
0.49680005776656144,0.3073790096367443,1.753024839583043,-0.8182633361080299
0.4741974761816889,0.5662117550324319,2.033921046201743,-1.6892056995288527
0.9522100573155997,0.3406265865447858,1.3767422173772474,-0.38591658374851306
0.6315204890563026,0.6721961714035215,1.4141205286207947,-0.6357465860671189
0.761844623055807,0.5755489329152047,1.2969337952170634,0.14823494695028816
0.5855500608248145,0.24444696979858252,1.889594263342995,1.663312861095489
0.8698066928707634,0.6272348340659498,1.5474224382456347,0.17338129419431186
0.6839943556083236,0.4589412858784969,1.4181078739442232,-0.7649979669358189
0.8830345172259997,0.19928225032491056,1.445073726872788,-0.7933353215841498
0.8226617620576099,0.3119243514454844,1.516043140936232,-0.9090650807371736
0.2336197139577804,0.2703861318871363,1.7260035163768486,-0.7118005969489163
0.6743703583969539,0.37349578798891575,1.4040501577809716,-1.1677797244662076
0.4263815435349241,0.4684293799154454,1.6207522485323282,-0.4408905695691715
0.9871225397136653,0.4318078972651032,1.2717994283949436,-0.7590933226233832
0.8587468400955897,0.4812244903260266,1.5569191992902556,-0.4244276373491534
0.6391059134494312,0.28481448933851133,1.2618405436535645,-0.34202953870467745
0.36575681729893794,0.40347250218152825,1.6379708044005958,-0.0513646230982604
0.764072329642447,0.32088231790035854,1.898745719214345,-0.6778694524035378
0.4857893365711326,0.3821367302033049,1.8112405122766693,-0.44086102161190915
0.4321889297485201,0.15087491591629354,1.5583216697211328,0.5398349808500563
0.701526477708443,0.4706692021991588,1.465084789611935,-0.5133196188194218
0.6599908448629568,0.2802645997906614,1.7572144001312207,-0.7291697549715446
0.7755754280284336,0.3317390449152111,1.3664177031283669,0.04239460483115855
0.872197560078929,0.6194409066483401,1.247183122632388,-1.0108926654067998
0.6233058259112457,0.40283759458944074,1.521899717393729,-0.5277309264718393
0.7433342613815863,0.5765329637944665,1.8357997226744696,-0.9833776186736929
0.9909710515225455,0.37977549140046263,1.7579625041188012,-0.3024961650037956
0.912298392585177,0.2705502956291786,1.64433696030238,-0.7271171057519318
0.6144709143217801,0.328327345184692,1.622577528804555,0.23771254764156158
0.9853773897892446,0.19090431901822652,1.3924805325189575,-0.46890360868642694
0.9552952790689009,0.5152974661402144,1.4396425775603792,0.2183301162606224
0.9396866153719203,0.4218643776406291,1.539198970707633,-1.0049679911902225
0.5819207568398798,0.5708166436373034,1.40901853971545,-0.5879204354924673
0.6385532409246394,0.3698002393080469,1.7304827945062953,-1.0817833540130797
0.956503696959071,0.4047092428495819,1.2801679064167466,-0.8736368059631795
0.7724560079676702,0.34196496351763866,1.2908259911226523,-0.13903240591837035
0.594360478271273,0.3818723857133747,1.5706349596520162,-0.47945090998191114
0.6007065257630275,0.31208897758842313,1.4074049175264025,-0.7508363353523251
0.7718363130095351,0.41599682106155456,1.550482696277222,-0.562588491646212
0.8459527751211531,0.40913754141693687,1.0594372914185288,0.3888745005690383
0.8978187245155765,0.5046082432344055,1.7354144024446734,0.06386599267295703
0.833296456923389,0.31581287072620734,1.3769978573195725,-1.0829781019627376
0.9136903864031489,0.2535531773979642,1.4473657862197338,-0.7431024443032602
0.8868762938552935,0.3651665008533502,1.0355465451045418,-0.6658235877247171
0.9224902518798469,0.4727290238915373,1.7550332996330564,-0.046165113077347025
0.3808741877755588,0.3179183829800276,1.653734066696059,-0.11489241523684908
0.8925649008928771,0.35639814327046454,1.2243695527194576,0.21391646542747855
0.6118502625704001,0.2470776263339942,1.6002084078574887,-0.6573888830980122
0.7272685688357717,0.3855530371255715,1.517827649245379,-1.2597524786511036
0.8855559565847134,0.5206903415962303,1.7361423382457715,-0.6220948439527858
0.8740932060459271,0.2943161643558692,1.483505803187465,-0.7028714900349371
0.8047265045853487,0.09967124961060295,1.3412182386524232,-0.6030570410353259
0.8815762879388419,0.4373237776008514,1.6692044606363403,-0.7237262808722033
0.8735472624592022,0.2704988813100417,1.5384642855101653,-0.2103804368978035
0.7862125196141083,0.3618452467380322,1.8892009972184083,-0.7283626655156615
0.9288216414274334,0.32488122851569673,1.5264662593279434,-0.9888063893959758
0.8805325622824005,0.5341891432734065,1.1711274740826798,-0.0850695639753434
0.45669698470600323,0.2287818331630791,1.4699483906220159,-0.4187427978197328
0.890388016457988,0.4589619317770776,1.2782273454939308,-0.07462072558509085
0.6711079406107515,0.5799582445601119,1.6187516496338588,-1.2721859259335122
0.8906181254584044,0.4543294131946124,1.5400209488298182,-0.473365449057913
0.8736411296998773,0.2836578318793867,1.1615962752212763,-0.9427318594810762
0.9216904370284514,0.6475452183319292,1.3955909914685996,-0.35732584186391914
0.6952074392004803,0.4406767210196405,1.152883703761994,-0.11496323685489804
0.7737922442573656,0.5602886926852843,1.7393915149883425,-0.7976739834404195
0.8328639039860136,0.057674576461083545,1.5234427855019346,-0.8698639272819805
0.7589427470602113,0.2529306098811842,1.5668285571836058,-0.20060555211552653
0.8454810635001735,0.30718558560503667,1.2500616433665763,-1.0267997718371682
0.6918597935185691,0.2921272097806906,1.4824150831885199,0.10144017134232154
0.23096693613417382,0.3539747837743242,1.3353771192861803,-0.7135006362262222
0.8521616662814311,0.5016910233444494,1.6595788465516776,0.32116665683286133
0.22785592446979047,0.3808581429370053,1.5550897484598187,-1.0372651999209275
0.5508684669553153,0.2598642182727178,1.4832274391668383,-0.4754701254992617
0.7630216043573581,0.30172762641292833,1.5178488678343873,-0.14812145757649386
0.9407951487407842,0.3436802198576288,1.4543135477544447,-0.7958287376538494
0.6219650551788886,0.5988275496649702,1.5227044027797791,-0.7661743360140517
0.8004288830646856,0.27088709556860247,1.371224066866157,-0.45363845632840477
0.223011784020979,0.2853488915913368,1.5783048134772784,-1.4096834673305594
0.9114788266270369,0.30878537628973585,1.4770822684744047,-0.9898507101237362
0.859911408568178,0.18614954847573795,1.414289545341256,-1.2359418003808231
0.6574693468146414,0.24593517150980024,1.3533433837821387,-0.24853932505467852
0.7125787319575092,0.49847383877883095,1.594788054807395,0.04651809849785872
0.9381853978079358,0.32547066940527075,1.5414964771241357,-7.068230649639323e-5
0.5725062694154359,0.43765133913005533,1.4406222130499524,-0.06338401413867302
0.4173032272204449,0.5705007548782247,1.8577806985689571,-0.02936517686728142
0.8142594658784986,0.5108383643042499,1.4876683259705326,-1.5526890871543448
0.8456825773633317,0.36470211536968633,1.2579655850722717,-0.21184606861525684
0.8469091794758348,0.29272352240292165,1.4654186978641968,-0.21052975015192024
0.9537421602055226,0.5451953512048322,1.451256673440906,-0.2626467777241833
0.6577412236492174,0.24642194908716275,1.2567569379144887,-0.5642165175818751
0.7335681551639963,0.37245457372812973,1.7358170172176768,-0.8052145212778108
0.895796717995877,0.38194936186278816,1.7914549314569976,-0.48431979739093306
0.9150400852511724,0.4461981485316578,1.8474323295730617,-0.30552623050078825
0.3004761490942048,0.3207405716921393,1.2142911761022346,-0.5833833302316112
0.9325014215223454,0.20623296657971005,1.0951527513900536,-0.8069979660186046
0.3559401146368224,0.4320555914418364,1.753476969906233,-0.32270983970474887
0.7331214593434672,0.3627918057572329,1.4676337570867943,-0.7240713995227417
0.7779535302164481,0.38296044682176456,1.4066163843469437,0.5468671707546254
0.9608216020290443,0.3395207206252775,1.4371185093715126,-0.25591606533757316
0.7152322863791594,0.32201523677682503,1.2637179019425087,-0.5925893346295568
0.9560107233750258,0.2807242418594434,1.247870664199792,-0.30488357534579374
0.8974225955790222,0.2904862716274404,1.1703618496643704,0.26486790171381425
0.801238247109358,0.27913149610827603,1.2650442185526145,-0.46205746398245967
0.7937077994464151,0.611875687332646,1.6715959811763246,-0.6438684538552604
0.7267394384481345,0.2819492046261519,1.148725985228168,-1.4330890844423123
0.9056903650581491,0.29422557825247236,1.5916914700082467,0.1344160840414274
0.543293027333291,0.3330749457772905,1.6744253497649486,-0.6881137657895059
0.9368570391237478,0.3949585876810159,1.6183021876739663,-0.6859141305669628
0.7795144317907191,0.17332512193902644,1.4948410998348627,-0.5856613102940019
0.8093654333814279,0.43171349764398165,1.8220227626581396,0.5152875500506771
0.8746881946728664,0.5661187563240055,1.4430272998882545,-0.03963258625578936
0.6382391911403122,0.5398504452127796,1.8010005900762882,-0.4183123869205134
0.8129315308010499,0.32879672991440206,1.419844863253202,-0.671849604750372
0.9507598790636367,0.44624430096894013,1.446022723143331,0.38359187687631413
0.8053412983326284,0.4106276302842648,1.4276430842235341,-0.7278871712003903
0.8344912649947294,0.2877595252539496,1.842369950722017,-0.6288566929957582
0.4038091227355775,0.2558673842246692,1.7206890833431994,-1.0466283364659048
0.6643734631684071,0.2618810763071151,1.5852880773809035,-1.672879443350607
0.721235997041303,0.6524927732317343,1.779589061490525,-0.34102222950606126
0.5038725905532065,0.4254318840835054,1.1819127657062387,-0.6021753369684559
0.6818851623140937,0.3863030524162971,1.3296967045001151,-0.07544460317700283
0.44870556087704105,0.24027868786705187,1.8760521711611224,-0.11535133506426107
0.8812686169252895,0.4247491089063188,1.529887155401864,-0.65566774638405
0.9641875719598314,0.5538413893017852,1.3139416876617975,-0.04495153529200879
0.9685636445346574,0.5377858552979514,1.4590908545548178,-0.9633849777887203
0.6530993728586973,0.4037250791186492,1.97542793045949,-0.33201721542650203
0.862217442685953,0.41120743359063555,1.2677386356373788,-1.091136559844365
0.8099959847471977,0.46780631544745643,1.242354655482283,-1.4628357141349047
0.7937346329837801,0.23006268004484232,1.3680994351978206,0.22194157647718227
0.7395945581064194,0.3649477974821064,1.877254331979922,-0.2785133082840248
0.7749117702069449,0.24673108234432464,1.0197438946567463,0.03788979498685494
0.5696808362853231,0.39719936751386625,1.0741187303328106,-0.3083482732256012
0.9136396286947507,0.43832248640137694,1.7094372569061842,0.0052982799053160265
0.5829484769178941,0.23060275347389636,1.627664751379545,-0.5262586096455596
0.8311321528765181,0.4242214321945268,1.304136010082569,-0.23712674108777726
0.7940456239444857,0.2514655432257256,1.4319349267748613,-0.4851549397276241
0.8026441892166886,0.5137118604253773,1.4833675704705087,-0.7486043037474428
0.7058291595982213,0.30999888064982006,1.4821261213920545,-0.7523588113301733
0.537833585644704,0.4804257790199235,1.6753371794886922,0.41641361765773066
0.9250513149403278,0.45808791819824446,1.4907891377646303,-0.18714323143348152
0.46883256275072727,0.3627349888767033,1.3193758597834693,-0.5600430668612895
0.9586258548660442,0.3958132708039128,1.3842010398169362,-0.5961865057436868
0.6712626153463319,0.4966223427292497,1.8232730951830793,-0.7694715931355801
0.8366576616633146,0.5094662125845953,1.2398372310295822,-0.4157719407221148
0.7167658628567406,0.23972094830553084,1.194282246216059,-0.767578727984732
0.788588721230404,0.43372667699570594,1.6071454185310419,0.07997371286087684
0.4580843802267208,0.48983267453217844,1.4813775452924447,-0.7647307473159419
0.8313195345402631,0.7101905111729331,1.5472143238892275,-0.31337313822374674
0.7957512738629218,0.35161694043255104,1.7985522052085352,0.17443622111812856
0.7305042277239807,0.4867957858531602,1.4468089152878598,-0.3295740855466553
0.8713675296808564,0.4646215418774067,1.5952319858536075,-0.3671290488524167
0.8848139774630638,0.3162883418282612,1.1188255886787735,0.12537486490960942
0.9817553364726251,0.2316642924929322,1.255714622262009,-0.6847972374670694
0.9196941511422309,0.3543562553451199,1.335055632354329,0.6110939886732885
0.7094826666908511,0.2593190421037344,1.5737704395337688,-0.16748730119804503
0.7347882412872245,0.5761057916399034,1.5870048819411848,-0.5973103260082235
0.8538427801694076,0.16774525747898383,1.6551896110761468,0.5631002616380457
0.7661256171377644,0.18301608570023284,1.584286872726815,-1.2732707187666439
0.49392745359736795,0.5022313352569121,1.3443803650312913,-0.14356209744286003
0.775370289348116,0.34388418906808865,1.576012397953303,0.013582324203758444
0.884973944652318,0.21915602040254126,1.1865008996747386,-1.069499206537197
0.6041110607723168,0.36652117460278755,1.4484912582092242,-0.8630619805939048
0.8770249362130202,0.38075178070539567,1.2781605966083494,-0.8740368087897364
0.7386136263730126,0.41630719878999645,1.3354822966868996,-0.7837910091990054
0.7965762286133251,0.3349413880670057,1.3238746146155522,-0.3317315247169795
0.8688963427633131,0.1937950837503353,1.1306117385965033,0.21892791278897983
0.26146297118281714,0.6045717362969139,1.6448609741410518,-0.22363586402055768
0.7493499135930449,0.26934549766431815,1.6092312299313853,-0.1389709370075827
0.9196970454448772,0.22143085872574572,1.1841575905197999,-1.045380944503246
0.935779471018016,0.2566375048537917,1.625289541285732,0.03563766653229054
0.9791907624049453,0.22942825442237866,1.1795141906972904,-1.1133482836380173
0.6937447654897163,0.5618207716463839,1.9895684577894681,-0.07306211299226485
0.8324940893505893,0.22862118913797413,1.1913524690800623,-0.5744838652392346
0.7958575483414184,0.6526575782649443,1.4010095324164054,-0.009705890495563113
0.7472362687093538,0.3113739178508684,1.6924843639804257,-1.0209400465341538
0.9284997707319298,0.39957579116011027,1.7617275143505295,-0.3886282108636504
0.9237964677238075,0.4136361794687083,1.6932530465404616,-0.8979523692248261
0.848688319214877,0.4280649103948285,1.2218709035214053,-0.48198221329597074
0.83552271083279706,0.35056629433322495,1.3630164852813065,-1.0283431390151947
0.6045054992844807,0.5241852462532123,1.6393881719024752,-0.4139324735317684
0.8811543933399035,0.20792415130908753,1.7217415383828487,-0.6136780674761249
0.9154143258274532,0.5549225987821018,1.3504268499139929,-0.9524586222270977
0.7933856457933196,0.39312734253379,1.3942067007911079,-0.8868469803005781
0.9355753650617784,0.31515321424927634,1.5842136476368769,-0.7176550605279403
0.641609138338727,0.25452232886660275,1.4541336271343364,-0.17767895329781022
0.8201571104241637,0.21429023736642416,1.290206286444933,-0.8027419436100802
0.6597102413263468,0.27542943506235484,1.5996939751326311,-0.9775057217386994
0.7885117319182449,0.4173671293840482,1.6988067470234687,0.9426400170113638
0.7970106659792443,0.24510178592490056,1.4342155601328712,-0.752012433642679
0.8295343723868125,0.4138757604602065,1.3605113272401659,-0.8481694944976794
0.5446065921836948,0.3328689093609956,1.7958965905924835,-1.0676398767426984
0.7976713013368057,0.34054456390465643,1.4223629571835221,-0.3139337928810205
0.8274297833915407,0.6119178651421451,1.6506653488130645,-0.7627166281135231
0.5287173248942295,0.4494523687670167,1.6402024573201934,-0.14852496892009726
0.8548143154111807,0.19764765854323585,1.3425003585965016,-0.2058341619638704
0.8846843380064146,0.27345349653242756,1.4529314834103093,0.13804651920782002
0.5605408092898349,0.39015042224718643,1.493419890583082,0.19272810225474227
0.9773847903985948,0.41689704069993433,1.5635635866928543,-0.42817319087986205
0.2831560298147647,0.4963073971256987,1.452733452840852,-0.9345268666709818
0.9082203864577802,0.42549737792847087,1.468700328678187,0.12809201484336735
0.9485684637382883,0.21945949164422804,1.3480526665966681,-0.07703853479550235
0.8431856213979849,0.5004043967627223,1.6054967979743808,0.47857205176585277
0.6858630702623107,0.6651498358268022,1.0792216216466812,0.11294878996208656
0.8668966170765484,0.23555337901243462,1.7012946288873239,-0.149694102903928
0.7187198698317859,0.560778576190019,1.1047738309364836,0.23436398129597888
0.9248575008333614,0.478088825791319,1.5078527869284424,-0.597319973176012
0.6132921570449215,0.3472539244331716,1.7546567628052883,-0.555258178703134
0.5242870698592617,0.23667504165381864,1.3054808326829597,-0.2056679455178207
0.6994999230052148,0.32241069723317833,1.660881804211714,-0.9061178282835506
0.5875983145691303,0.21590351728685736,1.8931414999851341,-0.20972747438988248
0.9509374212380028,0.21614859037714382,1.5354226972698946,0.10550332729441708
0.63287755653553,0.2531565109985553,1.6920380481272457,-0.6296849992791859
0.8715072019753766,0.2738906520473454,1.657261819372244,-0.8473046261319773
0.9225494119431461,0.2964997945147857,1.0907760934618764,0.025514343750933047
0.6434932214463781,0.351454679916166,1.5938855406464987,0.4560065127727785
0.7830701224528402,0.5844321659359478,1.437624169263184,0.0658024074132299
0.28594661406699917,0.6697224281715427,1.494248383477353,0.12890005610033897
0.49808079252426113,0.39145761787053984,1.649128147836467,-0.7527919126516615
0.8081398229829394,0.27188107861507876,1.6563731932805557,0.10124047575528448
0.833117078744292,0.3913150655655214,1.6333843068115599,-1.5653466106952179
0.9522965294908835,0.5389492603098246,1.190173372465016,-1.2382111016573947
0.25675056989655193,0.342642112747988,1.815208524483472,-0.387066344987638
0.3414352320750645,0.5010627379549,1.490859866865066,-0.16236859793838543
0.22004567565754693,0.6446248119891326,1.792762833892077,-0.03281045071624815
0.7238239125267161,0.2888459280933382,1.583623415624615,-0.2909619830307763
0.9039049550243279,0.5129446701442718,1.1931812547874365,-0.1173291875418541
0.5980633521068357,0.31160353677192565,1.5179974312496562,-0.46070421995343075
0.8715245597296761,0.39807866637231426,1.2404272655958382,-0.5694772771628982
0.4867234923919322,0.5265068643515255,1.7891941156506426,-0.4173984036691056
0.993754690058838,0.45309959069232936,1.1822600852312473,-1.2029555246098107
0.7134977388287109,0.08848981169444992,1.396449778303021,-0.8931044076654101
0.8322453687221324,0.4689869618962348,1.7176678238392988,-0.6822395868646762
0.9263267764009313,0.10676645690172797,1.5254064994772416,-0.18737431994042344
0.8576432822505459,0.30280887789079225,1.5944985045604805,-0.006490323899761352
0.6662524920736733,0.5598960460973825,1.232300728306333,-0.4337396224663303
0.48156476066239934,0.2618131779888407,1.6400484249873268,-0.9200249206838667
0.8285554795628289,0.3997987491025719,1.3258868595332245,0.20785694029351637
0.43148200531071895,0.2424362894032054,1.0294918425012074,0.027833855996131314
0.6977240913589023,0.3201908830878161,1.2473636336998744,-0.36582540689737547
0.5733152648258261,0.4242424612525621,1.799425726803644,0.34521622430395754
0.7039071131300413,0.4256882220060907,1.3998613446843147,-1.2989604204960246
0.9124676522548527,0.42026366476025967,1.5807666533003477,-1.0217976796573298
0.8320710489785688,0.41239320330440615,1.4808705844560157,-0.7021244539965497
0.5901045717906035,0.3286317750975554,1.665676119949972,-0.6739315433807457
0.8268208303606206,0.40899178192957747,1.6065337877093837,-0.15724970746135336
0.9169959405933491,0.4034646337144885,1.7986395168578457,-0.6351379121968204
0.9832187214347289,0.38896609214255917,1.5181269595659423,0.13795543698247698
0.6757869998006181,0.401623692490345,1.7398488501862965,-0.6450135067432997
0.2732186154415328,0.5144556055992968,1.2661821930161448,-0.968619957276443
0.8885737035970933,0.4543810766295519,1.5298187075599565,-0.7871588118439903
0.573946244783248,0.24286033057246487,1.3234246928396176,-0.5409656885056657
0.4741684050554281,0.21278165089507706,1.599902324932373,0.3564431416487751
0.9163089412965236,0.5621958896835987,1.4469920577604778,-0.3445722866734495
0.9107815952555377,0.24343939862982128,1.2087082863113523,-0.7748677241877638
0.958828975913528,0.4304509142451646,1.4645837291503045,0.034798074738580494
0.8705418229181171,0.2973572245773723,1.6920785318088105,-0.5903102370531905
0.9447217621026313,0.19636285660886116,1.2898187387326718,-0.6573321161267897
0.8631412065265728,0.3891777027538778,1.44464103542917,-1.5407739425514306
0.8840486778346208,0.27672189867244107,1.1359249686993542,-0.09583111361052585
0.7588913785659672,0.34387772907717656,1.7262963552290131,-0.4248776921189424
0.8391461919973142,0.4116148493740708,1.7417973815476249,0.18322136896681857
0.12499077624089737,0.3939929443868542,1.7190566756962664,-0.47745819086818597
0.8418985556543891,0.19913843776003226,1.242091654232166,-0.1936778223338368
0.8896708569127064,0.42027618506956965,1.6461275507122206,-0.16480003296836732
0.9623474699312241,0.550375827795463,1.5596321406635982,-0.9095876167844131
0.7711398620848974,0.5692196673064146,1.4379902113556133,-0.12614451855854197
0.952406485363446,0.34718520783872747,1.4467646330346178,-0.7835497232797265
0.6508253232671392,0.29801044883308675,1.6786832153461335,-0.8148422504319509
0.9473684341507942,0.5117265637309499,1.6905745090003255,-0.2670011698225435
0.7479955778280032,0.40069430746535484,1.1603812604593664,-0.3046060655373405
0.6064291308858081,0.4525347899858349,1.5273113363025583,-1.0223589981873806
0.42396418855753254,0.5366409030842262,1.3241416035888687,-0.27016953171019403
0.9216427804798819,0.4543971372399392,1.248579312775754,0.3225924290194887
0.9123735740850091,0.3709519483704317,1.466722387598938,-0.15142974077368027
0.7412657002210665,0.4603900486406488,1.522700171398734,-0.9955925451503316
0.7820860145250699,0.38971863461783446,1.8154217305915255,0.39018595566867237
0.8822125739434539,0.3430704235266438,1.3600585274952155,-1.2515251939950287
0.8152496699935575,0.16585377996861392,1.2846090125201937,-0.387268654698892
0.6630205689922538,0.5254763392587681,1.3573081337393005,-0.5975320537703825
0.3287799630808357,0.5475998291657312,1.1014699990744163,-1.0674962796041858
0.8968609096251133,0.7471932654684366,1.5803301466475557,-0.741212580838348
0.520045685210735,0.22320134990252907,1.5249523961812481,-0.09456387985348835
0.4188372072159853,0.4264145765482858,1.0694866924929272,-0.8015195843801572
0.9893591426240922,0.2251736196969083,1.4592422860764558,-1.1683254574081907
0.9846584945431912,0.4940841361503409,1.4648207875468333,0.24984701231607423
0.882384308614499,0.44182798359434067,1.7470856880310663,-0.031149739406375325
0.9875335580751928,0.3220263955502883,1.780836784339965,0.2192781663108921
0.9495079081175164,0.43515090257068706,1.5942947896551776,-0.6474033316766241
0.6419579526008397,0.25184821335984275,1.4322706059636818,0.33694207390541514
0.709217877880875,0.5655282621597719,1.4569176306490017,-0.6625766572184745
0.41880030506396176,0.34238545808511767,1.4318136702029696,-0.24219380464953863
0.763070116707627,0.4409261589089064,1.4920726697651139,-0.7947422165169435
0.9282871322939799,0.3161402917585698,1.6221664243252563,0.07994261090280179
0.689145134527352,0.44573555586915037,1.4118325937144982,0.7902300165191942
0.9420475609645258,0.16920130937258165,1.1884767802646,-0.8459520881269814
0.6764199175623669,0.3167052431130858,1.6061054135659032,0.19480601313512969
0.6310864042065822,0.3131719473986369,1.6011266383173701,-1.0577470621186649
0.6536016312651368,0.3723460225354814,1.7056223122021477,-0.8087674286579554
0.8495037444110297,0.4083950231540302,1.3322430173885098,-0.6108876414711976
0.8510357067989432,0.44466974269023524,1.8001870267250972,-0.5055424314898141
0.3287335128422889,0.49889494224759023,1.813442095714023,-0.17760931224168272
0.7476614262492113,0.33764808304428123,1.5458744791919925,-0.22313694494940314
0.830614138077564,0.48511708555804955,1.3017717712839967,-1.1184167303920014
0.6095334188187477,0.6123892095469611,1.174441492293495,-0.07548750880650837
0.8630697142568936,0.3148341314299253,1.7919686270944004,-0.8147260322731374
0.9582500940936414,0.3199579419833474,1.147593350274821,-0.7010799287595979
0.8035595573620642,0.6476012205734551,1.696930941214478,-0.5564966266107599
0.8891574368404538,0.5555203728122983,1.5341143190999547,-0.8536881569883268
0.9378180925286456,0.22311829089225202,1.432930493740363,0.767264759016852
0.5933047558528081,0.3918268434179283,1.322168373494101,0.2928950982983249
0.896635230518737,0.32088376366664895,1.3315929346330306,-0.7929572820507189
0.8741035065664963,0.5027092465484919,1.5145872948069465,-0.612838524590127
0.899763951937418,0.318146836429469,1.9315843398580987,-0.8897479298644211
0.865437209632044,0.47523552020556803,0.9433865554935766,0.43006863885745156
0.7611167234383581,0.38609285897149187,1.438433328292477,-0.4604130436122139
0.5637829277871623,0.31513242969275923,1.8636315117441802,-1.0363858660624539
0.8964387262696747,0.36515171525668355,1.1308545983344884,-0.07242846543699459
0.6818724159451329,0.394690096271735,0.9875433076739404,-0.03569294026450214
0.7041128031882258,0.29787943985751497,1.55020835164595,-0.2999415915044464
0.5057835451204533,0.37262221676223445,2.2625493392642073,1.0287902764936194
0.8028035656498602,0.4216357675345093,1.4642800651735024,0.15776802624845288
0.6822501517820735,0.21497307353802414,1.3870346239427658,0.16049445746143012
0.854813495295316,0.2788788382175841,1.7370974276416364,-0.12515510112506756
0.7855379884716732,0.4110480215344295,1.1111248785753274,0.6023142256220427
0.5625158303259681,0.6283442503925235,1.4850030355301433,0.17927923943090246
0.8640842606946728,0.6088961442483174,1.5986520898858079,-0.03570334171579882
0.83696807998131,0.46468997291166664,1.6500922160099374,-0.5944339577145368
0.42554095428662625,0.4782571105163498,1.5168660799159577,-0.3670328830880463
0.4053992999957033,0.5475276216246358,1.4762060777262722,-0.6438869400121723
0.7454146339599198,0.6625620667246612,1.30000934330806,-0.5156830776235688
0.8845470286682133,0.3924887460075749,1.144638274446683,-0.12961567611844188
0.9336568036974979,0.099898479761826,1.0385498454029265,-0.8279649999773742
0.6276560077964594,0.42060056822913255,1.2452338197187705,-0.4473979298717096
0.8952237478141392,0.3833214709869262,1.632372859689054,-0.6090589522757723
0.38133616441631357,0.3685287380631857,1.3314936899927152,-0.4892824422335953
0.9126884926024259,0.263369317429983,1.3143304981970587,-0.7699136795520976
0.74755529118725506,0.30758619983508034,1.2780302571845668,-0.4800894216497819
0.8901150940310975,0.6092570245824357,1.210591923717053,-1.1508155546618197
0.9311654907396572,0.38211355905699773,1.0262529191082053,-0.7346961755985173
0.8299901884282422,0.2832658224090522,1.5334686784569769,-0.43586463847893553
0.438174776807206,0.2764978742084324,1.6938808738039581,-0.6335995949964173
0.9518520162355769,0.38092066638827005,1.611711967971337,0.45427274980698046
0.9219430364722578,0.3472430001480218,1.6308220738349002,-1.392117668483176
0.6416031566492322,0.276953463698307,1.8266687274044855,-0.6823128182969966
0.3988808598205206,0.6580456068003697,1.4951096387811327,-0.28225527117506405
0.532285377909959,0.46146034954523774,1.65738374080251,-0.3203065426618068
0.8116654009964067,0.4335574841613059,1.5006796170666121,-0.40696171938151715
0.9109585028648693,0.3194432131251359,1.664006452664856,0.02329418440759899
0.8252105580657655,0.29405687392099944,1.3156573088022394,-0.17155298085114398
0.8127990293957751,0.29786703123050784,1.821502017291313,-0.155165529367945
0.9480150392311032,0.22987461440619814,1.0177711421117488,-0.13637862125332648
0.8896349441468845,0.6154127209136335,1.419519895506169,-1.2662294740103708
0.7559723036788731,0.37377002566346634,1.667076768304652,-0.8732273138743131
0.6336850998222141,0.3779816752400644,1.422044453385955,-0.12086868627946751
0.6858281005579772,0.6319420430281567,1.5332097397003732,-0.4507950070578975
0.25365756749145557,0.2943176371466807,1.5504350528351012,-0.45000203648148374
0.8600220612354433,0.4387792716151063,1.4375239767591215,-0.23250206646488855
0.47417355581843207,0.4818163298705546,1.4558152203810069,-0.49457028169584943
0.9061177485444822,0.4032648853718382,1.4183725308052884,-0.6359541088183405
0.7945960742542784,0.5060973752231875,1.6697081795279884,-0.67164769452915
0.9194968625196651,0.47155781192718516,1.4438952242998588,-0.470545543129929
0.8447567825979342,0.35370862683390386,1.5860736863667466,-0.5761437492275577
0.9189788595499704,0.4576187670501173,1.3432307336345375,-0.9517460556843055
0.6608590519969988,0.2778046764247876,1.2157229729988517,-1.26815004487533
0.9059366538755992,0.2777252736417009,1.076067327314541,-0.9345914149030122
0.5215079805946591,0.37981969966038587,1.735127430809877,-0.7652294705253083
0.8641894385632767,0.23162305848165066,1.609724266398289,-0.6751259404426398
0.5083874138172327,0.5276415864967056,1.6313387704402373,-0.5022284587080877
0.8293252291394356,0.4381217481011194,1.6030125305811052,-0.459516985362941
0.9802070594015956,0.11300362909356595,1.3304337399151782,-0.6394026852583611
0.5410966589350238,0.33959283589557293,1.1708699516393466,0.06402329994837921
0.6998320845038306,0.5068906392146542,1.7281835519359814,-0.40204935424910176
0.5693437311559882,0.21786222304984817,1.5223457687450475,-0.04974642966388998
0.4980069474210731,0.46925470145113174,1.7336783584506097,-0.21867434447597517
0.9600390438379027,0.572194372017187,1.0529811005204512,0.013310310813075175
0.942661357135667,0.39111129172115505,1.406755794045365,-0.28337972830302366
0.840066673547038,0.5843482641274839,1.6133747024195033,-0.5636815960969455
0.8741319620835623,0.3375459079278662,1.3659314408200627,-0.525442651569256
0.5161126832156634,0.48737006262433935,1.7673067492984484,-0.9033454244274604
0.7811277095068809,0.20686091335024656,1.1804645955203807,-0.534945937140548
0.8350022807697631,0.5279676693217071,1.3379007175733233,-0.42430938868439194
0.808819941883269,0.4251883614507202,1.6382524476004154,-0.44238222958791423
0.7810870443104315,0.15845965325117736,1.4121654335632843,-0.32314511960728676
0.9054621566576345,0.3252995209589713,1.1386107224341468,0.02781387445820139
0.39709021033596786,0.2323232904477455,1.3245923270602968,-0.35036278411118066
0.7696634107235315,0.1558217528361422,1.4240664963353797,-0.8519636151659464
0.9615899332122422,0.46158453080621403,1.355984725486039,-0.27663716458905163
0.65162141330788,0.39717001218306325,1.6428017989120571,0.10042755851130208
0.3480708031572838,0.4127671379065067,1.6216769050448638,0.07202432916340956
0.9692615310322132,0.4584793921656346,1.730659988520444,-0.40606948055453107
0.3509311704390513,0.43691859443979625,1.7284268156837554,-1.0161394693688088
0.5568852343006765,0.5507251509271138,1.7866707191666527,-1.100144933292626
0.8620944290165533,0.3111322256770164,1.5343055154643603,-0.721170632214901
0.8983800353408243,0.5514694862124443,1.6104360414380485,-0.3189362916948542
0.9770323579884584,0.5430422223658771,1.477183908940176,-0.4995786421962012
0.691999272949076,0.3036696334563818,1.201820138453505,0.02599518770355243
0.9167339551748688,0.17705615626309482,1.5278495906417218,-0.5636622345943733
0.7765659941201113,0.5675741210225079,1.6271602218717212,-0.009636639987379245
0.7482094648149186,0.4221170281215299,1.637091752785829,0.33876083046170385
0.6402993547397053,0.3491794596936298,2.1185115880027316,-0.8639401984671615
0.9754311868037672,0.4708867943870844,1.6325658620666663,-0.6027912487737219
0.8512851160157278,0.4811505478213812,1.1872935566505591,-1.094976151599558
0.8683301852214236,0.3762942944969888,1.4315808332282616,-1.2231934983183548
0.8073006627046112,0.1197525188130161,1.3467054606999844,-1.196193165372909
0.7958435267064454,0.41129657393962604,1.3894322064720497,-0.2660417889576517
0.7460607643230945,0.5682830083200893,1.4863644695112126,0.06369849634093074
0.9305057935066936,0.14814731683869853,1.4300466812256496,-0.46626877071981787
0.8615911798375772,0.48925905980602985,1.0750482561298411,-1.1818314138058634
0.8630764298432794,0.3847487471301831,1.7289741140460027,-0.1460370081758689
0.5982424439772925,0.5493865779840486,2.0083468675228984,-1.3039726341343063
0.9927409703378266,0.3064047465204661,1.3606789502672363,-0.4161729211046967
0.6076198035154542,0.5270911073321995,2.01031756956791,-0.46964288622208566
0.9551894700629625,0.4765967928810168,1.1361812404214566,-0.2509111463123197
0.9009613793890268,0.44313439699344476,1.5952995907180516,-0.34835151965290523
0.7684528052139828,0.3582432251317398,2.0184503556157973,1.4487410657378192
0.6395635978680703,0.40378504597763626,1.5703138354359298,-0.34967986196613426
0.7366896367768534,0.5143037475673611,1.762895760711171,-0.13898310542124703
0.6040897217678626,0.2514747349990865,1.5848920130958455,-0.6480728229444491
0.33535426403583873,0.19079091697765282,1.6181331641370618,-0.708593976851486
0.8844381583560632,0.2831960152274324,1.6642459892418202,-0.7959216624449599
0.8316843603372157,0.4879218296512647,1.5568975430743397,-0.48286449390693553
0.8974191341961693,0.40896367234034176,1.2107848629200983,-1.1483251602140587
0.8428913264927037,0.33536072147590185,1.684248680365755,-0.38040461204678805
0.4499426882938688,0.22250113181290418,1.709356993692039,-0.3023055817673971
0.6308981337974919,0.8250841184056187,1.563661276520042,-0.3638685665177653
0.3542566341090626,0.43921332707722693,1.9811304130900416,-0.7822743495423894
0.9542381414961375,0.21804096357015793,1.2047292140146468,-0.6572503152970476
0.9213717411687775,0.2841306731956359,1.655392042122734,-1.1306073173826965
0.6135582749394768,0.521854909133532,1.7819507619996982,0.1978621864788333
0.7834643940771475,0.6230315493304873,1.1796873888088,-1.002067255083845
0.8549277704596189,0.4160499179905706,1.8412939841246447,-0.32825887188522723
0.8965020860216741,0.6030499585604784,1.2243229605001742,-0.8950398265324014
0.7756221154436328,0.518420306754347,1.652570337374015,0.3896047405037887
0.5793822269352403,0.33361338104069194,1.553328713339411,-0.5499509878714717
0.897004338346332,0.4165436143304524,1.294552071677525,0.2134766959696734
0.8405089511507602,0.2702974447701047,1.579915813292699,-0.5680454631056051
0.9647534477216848,0.20380930045875775,1.4885275263123137,0.05514342996490192
0.6643052876803467,0.19684585047536335,1.520820823094289,-0.7396963477844751
0.7377112225046184,0.45357111484796675,1.445619955187559,-0.5469634914980775
0.6666307030177264,0.38926401267817556,1.2550899007853538,0.7136204754480299
0.9471878373917092,0.24383962779172574,1.5171462509320104,0.7595309878964236
0.6733529121418722,0.6353314807955321,1.5305126689075113,-0.6738228367864999
0.7211717224230811,0.256470458608068,1.196500435627743,-1.1056957113645784
0.6689683054162685,0.22861127556555116,1.5779229548291756,-0.045049541002378374
0.77060996266124,0.420569335584918,1.434248930469481,-1.4102856394130778
0.33336136004483935,0.34373883644428277,1.5490355504662088,-0.5325363080936872
0.8048433690622313,0.4019830310983577,1.2968582382429716,-0.11633759840423205
0.6085262840559325,0.6125741844381409,1.543867707515071,-0.33475539743426913
0.434839932605216,0.4896835827822886,1.4931945621013425,-0.8272881232262592
0.8963898911964248,0.4586718818839477,1.3683504833038125,-0.6007141296311299
0.8473672855227236,0.4539223381358122,1.3605015617158052,-0.8181468360526835
0.8836132957975263,0.6099577697881434,1.143236878529473,-0.09941698462677288
0.5911498968841497,0.5140858936402288,1.6067506751863954,-1.2571705469344254
0.9427117236793746,0.39144629602973563,1.5624440457217779,-1.0765833185663491
0.6233710566712292,0.40835255461400716,1.645668818963344,-0.20554102335752183
0.8050876406331484,0.4340225572404441,1.3564231693218072,-0.4628102951266922
0.9629821439564662,0.15695029316046563,1.418237078650803,-1.0952869401203156
0.7220218129573857,0.38808151956745673,1.4777202380046754,-0.539553147812175
0.29777571212368337,0.4643397789704136,1.566996771433971,-0.08749146296120773
0.9188535151528117,0.3146569252848497,1.3161154579690193,-0.43107630604537056
0.5687134298255334,0.4025051809757807,1.2748821380568498,-0.24937741915842843
0.6493641272509401,0.46620128437462643,1.4798139380623172,-0.4927310157720103
0.9340528822543479,0.5761917551562373,1.2530734361698073,-0.2487572263029951
0.6816706830130714,0.4337220511278268,1.5105929147404276,0.10578725004774224
0.9734230200050867,0.536399246745608,1.4302971204853177,-0.7912714539102054
0.45920124133526624,0.40638498621011154,1.153589810629734,-0.20136837466672272
0.29962691580994394,0.31977061272068985,1.5511068740173533,-0.10212613636667012
0.937044034130942,0.3393631276970382,1.0825632647596066,-0.6664573413050817
0.6709255200554267,0.26891979180952924,1.529478395592485,-1.3758518375369
0.5633462124490689,0.41460307817846087,1.3990241944202042,-0.5582372391312637
0.49999739784999486,0.41059546549127696,1.6299980021765657,-0.5849105846842705
0.9203009441086288,0.18180687542353854,1.3885819958959404,-0.0013162281780922745
0.9828184418206626,0.11118363904008617,1.432130486468679,-0.42290853691964053
0.8179186825902767,0.3669499698440546,1.2913321918082694,-0.5472482898696478
0.849880401980626,0.25326127064468834,1.210207840890027,-0.5298794958416259
0.8515561062517968,0.37239648956907356,1.6785775871782829,-1.0180562728880749
0.6032969278250099,0.24759939619024443,1.522345952193992,-1.5039328049353369
0.40465351371295744,0.24792881733737623,1.6865047917108018,0.28794043541546205
0.863544943222106,0.46284047621312197,1.5038074976937228,-0.10525480553024741
0.8684985925476354,0.45564028134392554,1.9851669004353103,-0.7139573632473751
0.8736018084069077,0.44614441858099296,1.3749865436113267,-0.9008246367556925
0.7616593762415446,0.730084243390156,1.2650731068620427,-0.38356809197727987
0.5826427474614058,0.4054636395494825,1.6544784145686517,-0.9304571360159906
0.6195485045461645,0.4056592647062066,1.817454953158653,-0.7600816072052845
0.9477921565413744,0.26644640198356134,1.1786310760501388,-0.5845319155130125
0.8146020962972428,0.41185545440897475,1.5715833920681885,-0.7177761699142168
0.8302379473220162,0.3430918641308248,1.72618990576642,-0.57223194123152
0.7108875036481574,0.3754917330861741,1.4803019212215995,0.12076280030971656
0.8343750730982001,0.24073120292293884,1.3732131678926471,0.656205276198332
0.5065861319942537,0.2661809561794392,1.802869066743393,-0.25896889500865516
0.9104047834529857,0.5880643690128903,1.349234237094783,-0.7662978876409248
0.9662586204230339,0.15791390454449847,1.3259447108138913,-0.24749210053823684
0.7962537647692407,0.5398580900986217,1.1356499041687669,-1.1321338211906584
0.8386104454803086,0.6346414602052782,1.3826876875004634,-0.9677674353080673
0.9814617680877288,0.20571591810262432,1.4151420341522394,-0.4876141241753311
0.9307241552880957,0.43828384229843503,1.2865401707320823,-0.7746544737494819
0.8790062992714521,0.35708932921359837,1.5529460647053293,-0.5135758079013832
0.829913115648081,0.22526006295528797,1.2474975220765039,-1.2206198602417546
0.6783873779766995,0.4601542363981008,1.3904194854143637,-0.47911954681623337
0.46954681694209827,0.17529366428169735,1.4085686447573227,-0.8950261590731503
0.952827067722091,0.4728778978088459,1.0286072336068706,0.0822418328119021
0.6878324296983382,0.47904478792294497,1.5246641743299492,-0.47824099231034267
0.9147244239522326,0.22562517961541909,1.4000238913009497,-0.03480181920899352
0.6253790310020646,0.40967296427433403,1.478640150256225,-0.5820474417031948
0.8331533754194724,0.2840557167609551,1.7746511541424892,0.7986526298206924
0.4564333289247444,0.4472678625759874,1.4565250937845122,-0.5623383737690878
0.6009775993697397,0.577862826260853,1.8739644629254257,-0.8922618161776629
0.8125979378357373,0.3719871839448632,1.7707140223193751,-0.5429988405020503
0.461977275059374,0.3913376939419853,1.4369010735672838,-0.15443231392668338
0.7358117567782616,0.442199420465915,1.682112992776068,-0.6670660125832504
0.13666974126981357,0.4852562702741347,1.760644510706638,-0.5790729184177634
0.32545877597312123,0.2791251207984796,1.5029518073957198,-0.8797980707032124
0.8518556664519595,0.4707305495746305,1.480039965019574,-0.3033164747998
0.6656957987542435,0.4343852238475794,1.6795717122698057,-0.7444411289009248
0.9252624209594013,0.6115821214106026,1.3927702645099591,-0.4023597295299351
0.8358890111211813,0.30185945073715253,1.5515448766747737,-0.18618709329956065
0.42445411829277124,0.33445927235016804,1.6855795501706354,0.054456105794079335
0.4891442454094567,0.28947917584490857,1.6701392970779592,-0.45903526540497086
0.6707364731390185,0.38126528070360255,1.4867076418189795,-0.9268411899202545
0.640883490320922,0.3323146038708626,1.4271762762417575,-0.5938639913410055
0.9227929542621391,0.2069237215038434,1.079684555290001,-0.6964869532302157
0.5466256413095142,0.3090837595205738,1.5480051582887289,-0.7549070918729812
0.7062445270343074,0.46312085450343987,1.6757534085196366,-0.5534925443392291
0.7629615500442894,0.6791811843887605,1.3863584189550537,0.15402396270404078
0.8953193268722008,0.5766314562545918,1.8195776530194658,-1.0521336113364854
0.7388296630835846,0.5491399818263385,1.5764395116437673,-0.6434343713613349
0.7273204715891665,0.42504578754360206,1.5473830292555735,-0.3625501881531215
0.9626622123489641,0.29671337107227036,1.1754948575679038,-1.4085580583583097
0.7826095616538467,0.4408539628926296,1.4547797604997068,-0.5146010691090049
0.9880070661341729,0.5518612645339033,1.3838579339385455,-0.8664021560719823
0.9928257670801253,0.5291089792992245,1.6746275247652824,-0.5238952013553956
0.965902466826898,0.3838361160845077,1.4812952001599171,0.09440400086389178
0.39136055952645726,0.24704883495677293,1.6284939575968147,-1.4165992586145073
0.9659571198174516,0.43303303073486965,1.717274061081616,-0.6144180005477877
0.9942898726868581,0.5004600190093486,1.1718090161846333,0.11562319454670908
0.9392183014755622,0.5383328917756627,1.3491829825450736,-0.15786635787789843
0.5653615652761697,0.4254192474695315,1.4412054160051568,0.2508775316525255
0.3295294021561473,0.8094905352350681,1.5050769342435313,0.1599587388991169
0.9932011714230587,0.6518596845127907,0.9929589110085763,-0.016904623778681044
0.6734627809199416,0.5436376868216144,1.28814359644541,-0.04882519023264493
0.4140807265869037,0.6935861251045604,1.607441584423128,-0.3286641622153754
0.5400702612036247,0.37875976563652547,1.5207144790455989,-1.347112207492671
0.9252758372857806,0.3227791871705333,1.5528991468581501,-0.9941319894770096
0.91505575696394,0.28399164715642444,1.263843970529129,-0.985643242828673
0.8807232750802584,0.34168438143579427,1.1521947440569593,-0.0237577375502745
0.956074352317116,0.4900595920625285,1.2180261528064593,-0.7623727703530154
0.5894179268376752,0.541746881347003,1.5616246527831463,-0.6096667145024752
0.7238879517597336,0.1800905406309875,1.3702016312956333,-0.43740699192841126
0.8801306662738424,0.39787743360068617,1.508542044016728,-0.6613281707291028
0.5801071970149246,0.6945362141528643,1.8711857866200987,-0.3964530596292436
0.8402859476106879,0.34386930818864975,1.4287781918750186,-0.5111047566305782
0.6108521855646387,0.30001199633443953,1.4351294003917323,-0.18081291476346206
0.7459926721712912,0.45121027031954286,1.3207021532261043,-0.45260733189522506
0.6238361979661637,0.34959010770837257,1.229131839313541,-0.14873055166495475
0.8566790878377257,0.17311321529088944,1.1031562360739025,-0.9974611123265504
0.8230820750583379,0.35630740990893534,1.7850076585978303,0.5492580538481799
0.6770150388700485,0.5323809220698673,1.3381518412024596,-0.45498563134983006
0.9642758593798036,0.3819936804334282,1.538862095213206,-0.06830604333696098
0.9057295327146563,0.2548304110060656,1.4784756174044031,0.04000280421488351
0.6699125103603383,0.4828133629732729,1.5134927951201969,0.059561030295722364
0.8467581364492104,0.3687939870941827,1.8503764229740818,-0.8254236775232991
0.5663028001600362,0.26084492750069654,1.4239853858015732,-0.6587096034267712
0.48905398399762484,0.3158160089695113,1.670320432909075,-1.11307348638778
0.8396540943466685,0.2779993814170046,1.0584691520268312,-0.20176000912854486
0.37849750845462427,0.5373790919316288,1.5451201590304127,-0.20887132080854515
0.9281758059663939,0.5227290907322691,1.2678995154220283,-0.36925547136065046
0.8495959851752769,0.6095953004284184,1.674285952172638,-1.0425738410907814
0.638975335603718,0.36184041159229613,1.5017447864097693,-0.599070874704324
0.8457032751410446,0.39300428898102596,1.7089423919074522,-0.421324088615346
0.4644724066469793,0.5151492376327979,1.723390263307788,-0.7856079209843745
0.9129735142865693,0.043219922480615125,1.4780717423015284,0.09198541564820707
0.8526586040398586,0.4810312568133149,1.4702961635025529,-0.8651944975900452
0.21571869516069433,0.36215166287871603,1.683122590876971,-0.177741846404428
0.8053143544462481,0.41877475555192367,1.4806159633506109,0.013800731461944573
0.8924578382274916,0.34133203443331545,1.3315340571276355,-0.08380710329892771
0.9575426169276245,0.30081440067534715,1.1979059196392874,-0.3953716895569893
0.618265088392,0.484331120350521,1.5175806679351342,-0.47544197919983555
0.8883145845200738,0.47277580467295094,1.382884015606935,-1.4465240004077664
0.9867783269893425,0.1737910406727627,1.2096350686138986,-1.3263040125255774
0.7629618255100522,0.24511448130882116,1.63299541068315,0.139750767340369
0.5458500856529207,0.4787454320459401,1.479492955333554,0.03387905370353129
0.8886276149122156,0.4938584658375235,2.138107299979015,-0.4967981142727641
0.3912208771088437,0.2826243621574238,1.8264814838736279,-1.0977537967135862
0.7755837095579626,0.16876538271706112,1.2732500000086233,-0.5984028130790714
0.9448432169121267,0.3268632126309833,1.1137557949294834,-0.8931063554937932
0.49798481482334517,0.5749548145985832,1.9815409757870852,-0.045847059963853604
0.8205282241120806,0.3619244528939305,1.4137813925211196,-0.3729003429663324
0.81845032233192,0.28063461682452107,1.3352105843292759,0.06753019754202685
0.49052427583861435,0.21618420436875244,1.184988513119171,-0.2411528268615264
0.6651455581897671,0.7221774058406797,1.5759500455701045,-0.21002778964769414
0.7972385815935219,0.440062460031811,1.294161959028673,-0.6889897409672561
0.6740087695414987,0.4569469798826609,1.3350386627764053,-0.04889966821401472
0.5049846853200722,0.36296690658412556,1.277863811075683,0.17589964805797234
0.6805670871652734,0.3045949192884129,1.6268408328199806,0.014346321219808948
0.8254310609376863,0.13726346258056307,1.4285267754323399,-1.0599384168104962
0.45228502426654654,0.2274584954445162,1.6509751075444918,-0.5199218003931035
0.25591524871793514,0.48031550355684255,1.53727265255654,-0.5033391259651544
0.5860073858719292,0.3447171595965066,1.5453483441284288,-0.4570450730719873
0.7838136374238123,0.299861664926587,1.5743487759888064,-0.7424665672807985
0.6368887400160813,0.2554335497995749,1.4518084735123664,-0.1181758494126606
0.9391025084887955,0.5654328308407524,1.2773170220822065,-1.0308727441668981
0.9509906336052387,0.339159606306547,1.366766549924379,-0.5505572344294285
0.6978153103134499,0.46105480492763123,1.4983455731032678,-0.1527370024838269
0.665351316396201,0.3883773779042332,1.692556420428651,-0.048470859391353545
0.9466919560639581,0.28243790805563795,1.084670675229502,-0.9142799955346972
0.7121438013892478,0.48115289587238813,1.5597150476255155,-0.8408936441218187
0.6768680739538024,0.19881478145597517,1.2305613976164198,-1.0422311825431037
0.8733126104294783,0.2673669756522385,1.9516092265814768,0.010270781123310528
0.480531859730436,0.39923000175385853,1.526344775578803,-1.4616362341381695
0.8219999870800175,0.20215629482724856,1.505254581961336,-0.2583144094977382
0.7892318353997083,0.5416399415113633,1.5838178354115615,-0.283183301970228
0.7968702443938365,0.2602282610293825,1.192124333820054,-1.2744181276063467
0.42037152819207907,0.5199696764469579,1.8075821759561284,-0.9047669026016879
0.4770214566954107,0.33501572955250464,1.9512121442666541,-0.17315207716585287
0.9093138277371882,0.4430347317762126,1.6584443698669913,-0.40894810094607376
0.9000394761450714,0.4729739773157685,1.4837500831677342,-1.027575002494197
0.8093723643419639,0.5577374709592794,1.594809494475064,-0.44710627583441487
0.8692980549106452,0.389624098474386,1.4118036399991627,-0.12038894393749378
0.7245430621192881,0.39308813470021553,1.4816873096185093,-0.4318174552832751
0.7699984019397743,0.37418046599176796,1.5700981625019408,-0.7025340736206346
0.9240618705330932,0.4779938823889132,1.4906287781775927,-0.6709352081193551
0.8847040787035219,0.35545507180980407,1.554218464251125,0.01811016241840116
0.8313894078658364,0.23933849201206492,1.293568996053512,-0.5848636925192926
0.8414146714343859,0.46738170534170187,1.6229562853211337,-0.3184418321083131
0.8871177450489477,0.40457191624380306,1.27917400226701,-0.4545732534781456
0.6756741085998323,0.4332834736955759,1.359168956883444,-0.7933076171204427
0.5269552769285397,0.38264011051479035,1.6480155896309487,-0.43399357087169405
0.7720223217262294,0.1744776729662665,1.7625288455297374,-0.3774461260592138
0.7989258016418276,0.41495579644768615,1.7680344137338104,-1.3549834403378522
0.6678977693013849,0.3965854756228283,1.4506531270720573,-0.15543268103788363
0.7586675759278687,0.42028346979119124,1.729958312254907,-1.1215891724674099
0.423381369401682,0.17951518479186082,1.6086190759919459,-0.40005063630852455
0.8350158497494226,0.4404058975062486,1.4286054520694043,-0.5541878602076054
0.5408151166668586,0.48582825453126743,1.6985042919298867,-1.7540373246297178
0.8066432232680345,0.39613183546425507,1.5810684717856898,-0.14656476637834132
0.18704426443615627,0.4025493878715134,1.6794074655216809,-0.5783330899153387
0.7940590526954776,0.6823138755616988,1.4644467489125497,-0.6027081273840719
0.7719570607277775,0.34186912757602944,1.65336592882917,-1.232694273196536
0.8463105829139254,0.3870113484646953,1.4269234945030471,0.195463133280451
0.5836282497136236,0.3810253179595252,1.9258855039504368,-0.6764831722952007
0.7626428960960915,0.42766173301331883,1.5969734859327422,-0.21042764889287296
0.49918003059329935,0.30785894145978104,1.4360441798022021,0.05178276404708602
0.7902427126624939,0.6243704160424806,1.8107742529178272,-0.4042135604035475
0.7886684243756007,0.3088084630490891,1.372408325998806,-0.7812091903273959
0.7433921431640176,0.3441075160985534,1.2170910220615792,-0.3229714238191592
0.5211034015256784,0.48899061429417384,1.5921987915054439,-0.1915791537734478
0.4318556731314087,0.282716492670244,1.843190292271101,-0.3378979282066322
0.31989004183909003,0.291854192078569,1.676339725660858,-0.6101478826876456
0.9420708999498588,0.25299204433085837,1.6889406261352888,-0.18372679359617475
0.886909444049186,0.32559810845597503,1.5458110197726567,-0.4849351061224359
0.46895082126610227,0.3383234630460018,1.1992544363888458,0.13299890280819987
0.551572492937212,0.16986307167872372,1.5094106673030463,-1.0294581197435424
0.9300089627687367,0.4658325885433765,1.5648258197295257,-0.5258471480785907
0.8537111497349779,0.4923251646618194,1.7632922905635307,-0.8510501013245225
0.29086613056833477,0.2257419085896898,1.425823503525096,-1.3557218762536163
0.844748296820351,0.5569644237986244,1.1373525125664916,-1.6220111626143892
0.8396612041339488,0.29431683417576293,1.4045996239614222,-0.34618622938505744
0.8760212918312722,0.4124254582006148,1.4888385429877593,-0.24328756649109215
0.9845416406822072,0.22999853206222734,1.5037969538339786,0.625903477234086
0.2981079570143279,0.21408911059346944,1.36171897634748,-1.1834705760586643
0.5550399945456074,0.343161225719223,1.4556260603192608,-0.47603348541736473
0.6820275822783405,0.36111473986699416,1.6861696430612954,-0.8833339867154705
0.8698186853990696,0.4330948740808733,1.5623386061489224,-0.25420773908587935
0.9612989185158953,0.5117003394996893,1.4551679055752742,-1.3890749116853396
0.682303513923729,0.4547996344023904,1.487563283656627,-1.0165423841538057
0.5298770172448635,0.36631174112338266,1.4714126599130457,-1.1918817925863823
0.5351686500470061,0.5170255168496438,1.3643969251160515,0.2164808529722501
0.5685061759053905,0.45906091150894757,1.644936644193847,-0.7161661065628643
0.6053469825755674,0.5143877458749839,1.7372338784328787,0.07478486199007947
0.8927627290594988,0.25610594622221744,1.5303380440305159,-0.4309674474200455
0.8157293768939482,0.42066167207021393,1.4900777985902482,-0.8826180646305724
0.9585660395197794,0.2695314260077396,1.4157616721429649,-0.3779229796183199
0.4230808453365162,0.44667025092368295,1.428253066714834,-0.7991444386504528
0.7756589137570761,0.6465370371789482,1.3485545601990816,-0.45164328339660303
0.8129349581186077,0.5250274954062532,1.4063608771012681,0.24846948398833074
0.842500943755743,0.42166872822631685,1.3427508767899694,-0.6372008475910113
0.6986207850318417,0.501637453651947,1.3963498753342596,-0.191906521275845
0.8463170299268382,0.3403224506035237,1.1564566971905066,-0.17133927133802268
0.38591862056887444,0.1968574233051166,1.4630542197519962,-0.7886465812415292
0.9130871977410155,0.3528087515288678,1.4112683656201659,-0.9424565133102504
0.6712369865250153,0.46143461177663114,1.6316341468746214,-0.6759477933743985
0.347539501103512,0.3577334248515558,2.0401921524143085,-1.0369688698710866
0.6932903007211701,0.3595295454174294,1.6187305434011947,-0.4405763178709785
0.6748555297949406,0.6032738693394688,1.5631012169183536,-0.3629891486531561
0.7386861925314467,0.32163665459488233,1.6969632809538717,-1.4184228116763815
0.7838475453170659,0.17450395269048316,1.3657388324264659,0.18931702936908157
0.8378778623260005,0.3612066693742464,1.4018585803333232,-0.5172580374501587
0.9276435192200025,0.4194758836110557,1.293339467225765,-0.3363095894064116
0.9702347213389363,0.31343974906815364,1.2613820525663364,-0.3243296137303372
0.40795916270297244,0.35049662576518653,1.6665349255577215,-0.2262554887470476
0.5727903491384961,0.25542764510101973,1.8759877186304683,-0.511867562764212
0.8501648088545317,0.3256776684577549,1.320762701387863,-0.9019217851252898
0.4530602487819885,0.24452698357906277,1.9136228593495477,-0.08392562181635894
0.8404955250941532,0.267094073423025,1.4586183929734877,-0.4873939206153103
0.9087653722501907,0.29440160430934026,1.7155357504588582,-0.35972861537069234
0.9213789868461635,0.40452119114643503,1.4851987263038204,-0.8785300655304378
0.7963128448932275,0.4198653061129001,1.2659318771329844,-0.6010848051977711
0.866704077343635,0.16010137567870386,1.6466364800716835,-0.7320004315943657
0.9392532686063438,0.2507621629587855,1.2933978645401947,-0.32498271494729986
0.881088289498582,0.40267788609298827,1.2219128569115676,-1.1603395021059841
0.41542118980077103,0.4527402158095132,1.4602424985741769,-0.6851003762940574
0.8971926379497167,0.3829413181276113,1.023024364480259,-0.7424676739416852
0.8048827726124329,0.425090280295983,1.898491641501006,-0.6887555445100408
0.5428222866119347,0.5558387161919668,1.5725157310408047,-0.5504303184003053
0.7174538145343328,0.18831932696251333,1.0605567167890402,-0.3314410627788456
0.19893732505936448,0.3715125266274082,1.2006750995787419,0.71425731163565
0.7856905587062941,0.3782614703259081,1.4158299621226877,-1.3540752794460584
0.8703289405610777,0.1171365133210392,1.414675302489603,-0.16411378004244245
0.6092250360966679,0.39141716314719593,1.395231208869609,-0.40993807016708295
0.9978711296749756,0.7924346179596672,0.9133108510601663,0.35606034721435764
0.9600361466053419,0.24897729482513511,1.2564970691964057,-0.7671425828418198
0.7882548841269764,0.40171783569506503,1.933947463793887,-0.2545572417577572
0.9910969877881898,0.6379843201960284,1.1617429821335192,-1.1816063407542852
0.7739037648889958,0.3352904969451791,1.372777841078896,-0.8211318534455883
0.6482992301990305,0.7523967221094455,1.733788936821819,-1.5967988322310824
0.8971166726813421,0.3796892314593418,1.3810711364276624,-0.7181400338687599
0.8547234826579854,0.44052528172837563,1.5562193839072376,-0.486803647429418
0.7505439937112844,0.14226501143411666,1.2905021428583727,-0.5013272465461616
0.7003441516021355,0.2992378522917214,1.6170313315167661,-0.3230897374247395
0.9015789207225003,0.37839198271152447,1.4059886350575606,-0.4945575439743812
0.925798397027736,0.4376338270352023,1.716919986885052,0.6507669848971084
0.5317084190553728,0.265503213917805,1.633381152835685,-0.6950055170453809
0.8691863397466636,0.35194107720151263,1.7889473367706266,-0.4626422638811771
0.8384211593814789,0.17461746654690788,1.5949585267931001,0.4957598613929385
0.9009563470796288,0.3715971746120881,1.6225571000603105,-0.6848391041173197
0.819652536666848,0.3576949765891138,0.9269090897431995,-0.028334955103828087
0.5731950258957365,0.22580784763472467,1.4093842592165298,0.3750116000657437
0.9435596818581699,0.3250322699109525,1.092108129277744,-0.8676203266483455
0.8528919893485641,0.2463342443426852,1.8634194028824322,-0.2532727167607859
0.9194426586051067,0.5861514650672685,1.472463973775288,-0.49323795755468663
0.8247791113461588,0.638818152140358,1.3426233130353877,-0.7303235247581874
0.8525612879771971,0.3885444281610954,1.3985660594731915,-0.2759047593352626
0.8158513036112494,0.44526958550216067,1.6566929919402285,-0.38201487482482943
0.880103846206995,0.369798164544305,1.967494976169791,-0.3566088598513879
0.9256736895933011,0.5108936421162477,1.4005550608738506,-1.2383324632659833
0.8918311360097022,0.18666686552284031,0.9279572973239677,-0.8648847055481457
0.8421748558580633,0.44239711711928414,1.2834117268721041,0.017757844380471316
0.3693339696354679,0.25132090722943173,1.6670678367405567,-0.43524182961589264
0.6569362313801329,0.5629831581225276,1.8611587141539498,-1.0122429057921096
0.8716149047068535,0.4639881991028533,1.470806089105958,-0.45865229667343327
0.5410095450106898,0.4266086065562036,1.245795946890584,-0.14744357874702363
0.7349857184153553,0.3795373161619149,1.8543741288849682,-0.5874655822370348
0.6907572711682196,0.46302066598617364,1.4314489882077168,-1.2987164308323584
0.3985474599882802,0.6237204410974531,1.5405380492698686,-0.7696066012282313
0.8072156792285399,0.5063080200488204,1.2573079406339007,-1.2000044284584035
0.696635029636131,0.37690556080715115,1.7927037787524642,-0.6323366956755837
0.21870326607374937,0.33657209989617054,1.8768489788251141,-0.45359627524249224
0.8567612592403352,0.4424995862962024,1.4450212836973002,-0.9875455828688511
0.44863495988137125,0.5158811925734005,1.1357994247284149,-0.7312370718571481
0.7106611240980777,0.26193635339221577,1.6074019421729477,-1.0029034816034677
0.9649695771827729,0.33836302073019603,1.5334128890604968,-0.1222948761115757
0.789662988382475,0.47649348119940627,1.598583537267796,0.002413462906338211
0.8456970851126704,0.2575876166710876,1.735136920766073,-0.902499776542763
0.38445673429274396,0.36753340249506383,1.5082820979354847,-1.0235888579209116
0.9375429747412675,0.4023243267624344,1.2582526495540927,-1.603587810848665
0.3609266762224356,0.37999516021308016,1.4914080520777406,-0.2888605247263231
0.897839773315695,0.36066415519099304,1.0246118431896114,0.37470433210054077
0.9416277634773067,0.5161631879827698,1.0853417781471117,-0.16451529809567483
0.8900815740566804,0.2247187044212416,1.2404174319804822,0.43149929264927067
0.7403510351644169,0.29175287563560387,1.445790036686883,0.14203443016067901
0.9223062888401921,0.34705133045845626,1.447162091499915,-0.19033097811515196
0.6544218623794967,0.33365205475431914,1.9228589934025753,-1.130241694714756
0.31760094381459725,0.3178359544300767,1.151446627028161,0.18560545483842075
0.8125935680214186,0.16242106157652414,1.341247781647794,-0.6643633702388256
0.2614167472525919,0.33091030245003605,1.6072498680804312,-0.09957741297613212
0.6024983431576028,0.33575919391286213,1.6522258515716268,-1.47832788998322
0.8899527084875096,0.5229260883377645,1.716454214447256,-0.8353950243038097
0.7579691781490231,0.18529518551341814,1.3725802282733726,-0.21112907013917728
0.7000010814044365,0.2318547070063864,1.4661582560589,-0.07936170089660342
0.8131982916840069,0.47988268403389944,1.5600953520850944,-0.2195591410517807
0.505677235548453,0.23082418822360248,1.412697506804794,0.17448310157056166
0.9099684351333616,0.4007274940231927,1.4390566812955792,-0.5363500918177133
0.5556117209567806,0.24730367836887607,1.3214901999566508,-0.49701404884714334
0.7699650329148572,0.4137315621613336,1.3329476463797698,-0.7368720385513592
0.799121928436729,0.4070207622417725,1.6171332756612327,-0.6727034978253164
0.9385974726227045,0.31413740085084063,1.545139563526161,0.03602527804267934
0.9410489629418017,0.5307901721879469,1.218989358073432,-0.259447610225587
0.5915589561761448,0.22568733322988702,1.5562476772408929,0.5077507709429889
0.7704333455923355,0.47405762320010597,1.8590868391396382,-0.008852705088554076
0.9202849105647544,0.3766689790454892,1.635728012547953,-0.0995420209382066
0.73489508948954,0.6281124104583058,1.3674637172162851,-1.3008634471049823
0.811545038472632,0.43293596956928476,1.7119154745669267,-1.1502642257569164
0.8846373064279324,0.3266209774089043,1.5815174301386468,0.12054984772270477
0.6292215018989155,0.3776823044497847,1.7759115979299223,-0.11089617939148197
0.5700197328785995,0.2937287164045732,1.6509920803665312,-0.20400326285286025
0.9509012714676947,0.414018667949389,1.8500910531922068,-0.39904081332497354
0.9242589089495192,0.3288887913711807,1.4118454947429826,-0.6204696129906488
0.9334418083018369,0.23808400197196763,1.478946609076565,-0.7545140425857543
0.7425408687677079,0.2005633513004953,1.834745986153734,-0.9693723623818645
0.8523701152273859,0.40672510077878926,1.7652229350270392,-0.22269620048722252
0.9465374647996765,0.18123059080136272,1.6246047062919216,-0.6952160248568559
0.9054649876995594,0.5834550005879447,1.5440475737826644,0.19306535477397777
0.6647240590950807,0.44948182993517444,1.7460687012781133,-0.42037698386264233
0.9532879861901579,0.23414791893087436,1.4990001398894446,0.016545660475047217
0.8305499476157154,0.23461186731928094,1.0199077749387992,-0.4311175358386359
0.9309798222865647,0.2883131126865617,1.4886115017644561,-0.604263380295728
0.43819884769856293,0.39084042565420946,1.6429255090959016,-1.214661653772595
0.8866439809314685,0.40774573715068785,1.1763739726770677,-0.7293792751571975
0.885933178981071,0.2537339768862813,1.3794023458979952,-0.18117095932435845
0.8725108713280416,0.42387410935391706,1.238703463778302,-0.08919787540842002
0.7707658581562847,0.2698820668789255,1.5953683525970181,-0.5320780553172719
0.8989475900483742,0.2675282212957461,1.460294895051883,0.1411274276484193
0.8037043045987653,0.17465280715791065,1.554189513843627,-0.4011568681700564
0.9017994862153222,0.4131516047194107,1.6094040468207116,-0.36922112051867007
0.7834766944194475,0.4182038337125141,0.9928100476732125,-0.13049616173226142
0.8509550742717337,0.3968187683152803,1.3808965604561882,-0.8863463343236184
0.9166390351520556,0.14407994379411387,1.6199370768126853,-1.1584983362355474
0.915127795409982,0.19411508020161358,1.4377474166015944,-0.6590421158260122
0.642484913776058,0.3180190837302406,1.5069827983157769,0.10739861507946705
0.808530164085024,0.34293887119068117,1.23752034169533,-0.27612195095383574
0.7557423877785282,0.21613702409215715,1.028006163349286,-0.8603604946026912
0.6175683484029987,0.2733855742740706,1.434212945619349,-0.5622019536791448
0.8961892311312349,0.486748099189313,1.4808538130009536,-0.5668766804465051
0.8469843851517633,0.22633923111573825,1.5183566033393818,-0.9902976599508875
0.739958735899549,0.3588956368243825,1.4792744198637104,-0.6494277184404489
0.43332209831992885,0.2993888005200455,1.4517537665434845,-0.41982220606603293
0.9455637773278889,0.4420655913096478,1.0741683960716724,-0.07339187909097074
0.627363286245441,0.31789128875442085,1.455685132406456,-0.25439218743229164
0.8324387048229454,0.3677834635948598,1.7839005260147227,-0.42998160635951266
0.8191112831451813,0.3503333012467292,1.555566991329223,-0.2518009549771247
0.986839366169588,0.4118462750837236,1.488278596069323,-0.07758474625273146
0.848099115054794,0.17863634134682596,1.0633486755936716,-0.9858497897745122
0.822417285108832,0.40573227801082346,1.7101154735121868,-0.5771692443637724
0.8776708283577899,0.35319305567493403,1.469731966722259,-1.1668369762183632
0.8482923076445072,0.43605770175475933,1.543431042736557,-0.6711754410708068
0.8466618336697765,0.4336812123876501,1.2537915403281008,-0.796429250128623
0.46129472825760504,0.28618515000153916,1.5681952211181336,-0.8597051484281742
0.9104587809164579,0.3009293535995786,1.7290168089636808,-0.4674052919813744
0.8634968614761539,0.44992370787107766,1.1605575244280477,-0.36227373566074633
0.942242865635701,0.3053047935220519,1.583697713504691,-0.5372108060622898
0.7479988951663433,0.49267908538289723,1.4573003331217438,-0.5975129643921308
0.9332028961214914,0.2980349598188027,0.9985810030836558,-0.40892720841422603
0.5233425854150076,0.5894929377652094,1.5908925311510091,-0.2758085653520075
0.9405400429145149,0.4688469946270037,1.4634771048392787,-0.3519084751461128
0.7597899876279625,0.19848218521567396,1.327356194611005,-0.2650618247298791
0.9393193303851346,0.36983475927058795,1.6596802103758512,-0.7176184207358499
0.5122308197623631,0.5844639977880897,1.5564665469141212,-0.2986913423904641
0.9387564107137701,0.5550983932102866,0.8791929984315867,-0.5777460795448792
0.9353499362264293,0.5548183501196812,1.4948830380354006,-0.2211275832059962
0.5749733989242213,0.4590335483175051,1.7704781168456307,-1.0102436713701348
0.3175794195363773,0.6182053022894557,2.148141272531343,0.07572766891498428
0.9513488159987991,0.6245078563104343,1.4062530518058187,-0.9923144232512837
0.9476192063295941,0.561772001683417,1.318685414446518,-0.21487794414312478
0.962722184522057,0.7008021288986067,1.6295183122212202,-0.2522013304432197
0.5305870327453364,0.6123089761817231,1.8547490129252442,-1.409826912584514
0.8252500032309825,0.451694652597317,1.6735318576780698,-0.7680758154835874
0.9032310270685047,0.3885110046673576,1.9017501599848823,-0.4787404807194513
0.9508233688109907,0.5114630920556112,1.6705898031202433,-1.0213878488570374
0.7119029774805046,0.3477650394481812,1.8246913209096958,-1.4143583710250613
0.6658098988595118,0.4249638027953604,1.9185179168749051,-0.8543272028288429
0.8423831407869085,0.5063291213538559,1.4741562419003784,-0.51760863492172
0.5953890733771345,0.48705757939080896,1.6228946042968517,-0.003565261494486896
0.7665672501381732,0.5927279996055685,2.04154325695398,-1.491685612820254
0.760696311238661,0.32008679095193576,1.8472156387294199,-0.4869687357158287
0.43845846435782637,0.3316982489179116,1.5492151316517317,-0.5257175021525954
0.7931824534574329,0.7377844633527025,1.985409192614245,-0.4493075290438121
0.8873346508422592,0.5185145363616248,1.4480640026194234,-0.3125943995818582
0.5148680657269487,0.5171680463834429,2.0186376607082157,-0.6752300689002891
0.31528707614522133,0.4529903515199748,1.5193735240150117,-0.41577034575398464
0.4865001972055193,0.5132217732865855,1.6277988634945704,-1.1509247869751247
0.9152091001337559,0.3900064739156117,1.6627375956194232,-1.3222020837749906
0.7115840402335792,0.504529864608879,1.788150505515026,0.03502658316606828
0.41789342042563604,0.6670149462847136,2.038530716446071,-0.010611874785679907
0.8737268812319507,0.33797099980025863,1.3282734643585457,-0.1493105738821089
0.9376010866980308,0.23974024505423866,1.3367012373631832,-0.2938231439592256
0.7369712298284234,0.34473977030252484,2.0467440342123293,-0.41692229612609494
0.9610908191990635,0.47688019301833834,1.4470521757789594,-0.7092661909308778
0.6909707574422619,0.4172809877460837,1.3108198153192405,-1.2440275569177839
0.8717268188350763,0.2889167593074765,1.7511530495149796,-1.4617782842826421
0.43779340084509144,0.6827240096686789,2.2734322168495633,0.0906484562011659
0.5961906411777311,0.5780634942228235,1.792962196087445,-0.9769618639131009
0.5485053454875745,0.4364166948753786,1.4663547314029899,-0.7905451072474212
0.8272183907086004,0.3934682490641038,1.4175806778437907,-0.21571735130206898
0.29629642207754425,0.6138049733516907,2.0918709711876113,-0.4177978038430262
0.6989581895039225,0.0938188186847741,1.6137118274759739,-1.0297293773937528
0.5893764433983705,0.3827142652739449,1.5368387798418641,-0.9953184876039547
0.8085261897172612,0.5724761877246464,1.5818789743730186,0.24852324238049037
0.5737097674735802,0.41753681748481764,1.8567581611306307,-1.2986118983061776
0.7928265834945817,0.2588238541905725,1.4659024580242836,0.0603520473245496
0.8422142440548849,0.5168874834694992,1.5836468245935047,-0.33012154997751814
0.7374523161265908,0.42399440125214793,1.430849117761562,-0.8133435765855208
0.27148735437091737,0.6898287999000484,1.644763041651839,-0.5773218065726065
0.9322243857983697,0.42047711240713337,1.4599140416922884,-0.4774664010861826
0.629822954647333,0.6725344446799179,1.7625778441827706,-0.34340675647688285
0.7734970590507751,0.4672488357714913,1.2202071193047515,-0.7265406587146623
0.7730380257504458,0.6063753026740019,2.0683985048605256,-0.8440956449861824
0.823511627488911,0.4308673427912605,1.7440876675604988,-0.25724435145631735
0.7349630592951247,0.5267123353059201,1.991502586230268,-0.49607452123291584
0.7171780826915265,0.2573982587202272,1.7079208389226566,-0.6514765122040238
0.41074148069247157,0.23193996116408214,1.6392457584973128,-0.7665884697499838
0.7100520653138314,0.6284477074893863,1.8052628877982153,-0.5464645717207112
0.8026780547832814,0.6167624088894478,1.8665195666431698,-0.3875614754762778
0.4593157677617369,0.28540317285220573,1.4566076425351644,-0.45973799427951845
0.8716964559786791,0.6592851338273998,1.9268378788076885,-0.7686791983280249
0.9795737884502633,0.5265920750465121,1.2318358788024122,-0.7510847050763059
0.5013005060209028,0.4776725319020561,1.8426797462180868,-0.9056023633398698
0.923169315944428,0.28145421052328545,1.7207826208911574,-0.03221943126852797
0.9623170658697594,0.3846546101903473,1.3953031401569782,-0.7501980896372299
0.8013130257153018,0.5822408299298844,1.6954367680596025,-0.6435630081624215
0.8349977980006144,0.5077517012425027,1.519240059492268,-1.0262395589813071
0.9826543973790689,0.5795923773615987,1.1228624694795937,0.08021673451029458
0.26659582945859167,0.31107350788865384,1.7457513332217114,-0.7017468790040812
0.6029142419726209,0.5589369419868335,1.6518066369712205,-0.628579208440859
0.7943613461098168,0.5028165010509908,1.2575484720065901,-0.6246625931507573
0.748246871256203,0.5620692250375197,1.6477955255979353,-0.15447479361551864
0.8644593127743682,0.3801199193954,1.6390895016427967,-1.0075038578657478
0.45526726332560796,0.4541175257541696,1.3767701726032644,-0.04293046362362611
0.29216211977901624,0.4327569630891752,1.327709758397441,-0.3539957819559332
0.8279356791443853,0.40434161565745474,1.5136182418927246,-0.20209953756803345
0.9577694895684706,0.42441089710024504,1.3417796431841176,-0.43626542724283335
0.9177873809439921,0.5030315038502667,1.5373049332734834,-1.107956458647411
0.4237207881728377,0.42247240544078435,1.6731024023213574,-0.24052752382885745
0.8610131992590068,0.1935456516770505,1.3038761140471236,-0.39075684640058433
0.5170601274516574,0.32955441357354004,1.3485529241888292,-0.6755484940102552
0.7339964217946379,0.4969164473311434,1.6298636471037198,-0.16621351622625538
0.9954071645316904,0.6969720208117669,1.3332084774567101,-0.4217185647911622
0.5319236800266672,0.315108929207647,1.5434165269192797,-0.2250920295676426
0.876544526670986,0.6478198673118973,1.238936242562853,-0.18196135634279129
0.8156743999930028,0.3408049893699249,1.2594827913871605,-0.4805143008808197
0.9513993478919524,0.6352424287249203,1.777592863902852,-0.458528372223957
0.573662187999366,0.13567153727989179,1.212919440060815,-0.6580277281050103
0.8340203366012924,0.5891347751443203,1.5481787241826592,-0.6276333048356059
0.18441511065070804,0.5764437618985687,1.3759242342414029,-0.292531152520328
0.9037536826722045,0.5917902724286627,1.6533450599249124,-0.605824926044475
0.8994525769472173,0.6582689416953054,1.5549652800651175,-0.5532725151660574
0.6736661676234958,0.675410439250327,2.039994884938216,-0.6369464016908191
0.8532328257405035,0.5500349607880267,1.375959707221354,-0.39303533454067047
0.6250062847720511,0.36440271419661785,1.4648785306356515,-1.1638709581047937
0.8621974436519138,0.445003329146986,1.7208752785339592,-0.3804021691875174
0.4987167239776587,0.44745376152519695,2.1976567754426903,-0.45199795725182634
0.9401101858507053,0.3568374171912566,1.5916442456302557,-0.74908380454025
0.5355851551827941,0.5145071348793738,1.7518353187297213,-0.9083926139303892
0.983488381543912,0.4843314891453227,1.3313449407071631,-0.8284494437521552
0.6289403206489784,0.3582957444093544,1.7926720501097584,-0.9774325154980728
0.8745425518134919,0.3531274777332718,1.467379425877427,-0.6695005144136069
0.6800822406371635,0.3216078296276995,1.7872981220086046,-0.7889607114656283
0.7667522334879452,0.6709245878744928,1.2525728792325244,-0.2879348355267959
0.8139809797517076,0.18009000363711017,1.4046564811387556,-0.3640053114831117
0.9195418768526651,0.38087339821025296,1.5735558983927311,-1.1657477939671557
0.9521925116365096,0.8723751593579694,1.1353043675261063,-0.22426956587330774
0.6714623347800315,0.5441563443274691,1.5686934401979022,-0.5573117743874461
0.8944035256877338,0.45920046364540645,1.5116845981994127,-1.2002028170444303
0.7952799100202892,0.24125653770108368,1.2909434020849693,-0.8571016599109427
0.3418333515580385,0.664690862239077,1.2634593345795309,-0.6233043898636341
0.6854057298384326,0.4915600267212567,1.2253252575074336,-0.8445499267134013
0.9331843441396003,0.4953211699306255,1.413644854940809,-0.8765809142843459
0.6778922287053931,0.6666373064009476,1.2960754874228808,-0.5510143414751189
0.8160507702387845,0.6391446880867542,1.5290049779513857,-1.1947020389904823
0.8760794412999565,0.555705343552133,1.142152681843742,-0.6943397089670836
0.7662332073042918,0.440252641085338,1.1772990888761918,-0.7248308041176612
0.47224433871708654,0.5321889483501683,1.9340115999725151,-1.7414553246892945
0.6270190181743539,0.342077110599164,1.5961471660770734,-0.14786957751771745
0.6335524846347524,0.5454330783117765,1.3982978742036798,-0.43903499820298575
0.9512716371722493,0.6400981577664218,1.4584920228100917,-0.7459848486804251
0.8839492502266483,0.5702521689316349,1.5787121126034975,-0.3361411680825391
0.8421856738749209,0.40259663804578444,1.945714635458272,-0.5760460042896425
0.644832319473756,0.5423571477048033,1.405578134514168,-0.7889869682331929
0.2581214438797304,0.2317765103128914,1.6366841650033372,-0.6230462404352946
0.9229111211452913,0.5727173945652945,1.194545688168216,-0.3757515868794997
0.8622639910125495,0.4930026437930694,1.4473409467680378,-0.44938600701659903
0.8864780207178945,0.7119124227144982,2.0455141556732226,-0.07793975540913242
0.3258213065312476,0.37406662032008076,1.912713521154669,0.09281814165623528
0.6880114249055528,0.423193140359195,1.8888747917788775,-1.301020975414217
0.7997472448832017,0.41044639773217545,1.8712038183596968,-0.569882653859066
0.9435496455829275,0.4668403241260531,1.3005799602176564,-0.811819617887033
0.8861957005600664,0.49936709334430796,1.6071133764412826,-0.5905541679935474
0.9677742939779653,0.4800654062601491,1.1024813493964651,-0.7906704341859299
0.660483812826069,0.35974777287024634,1.5782313509438608,-1.2766307398349364
0.9660989235962241,0.21284482652616551,1.3604212502572772,-0.31271424387257873
0.9587829879366576,0.6368347838839573,1.3779964952425299,0.09825822834655375
0.9021036094736885,0.4996675478695605,1.2855516864042826,-0.7860728999497694
0.8779899140200813,0.24842558671723491,1.8415760061917776,-0.3214209108440661
0.8713000085657049,0.5631352127652625,1.216521236900877,-0.38684002420201197
0.34876501104911123,0.35790471061623813,1.4123565956337494,-0.7602183399150615
0.5274270573092015,0.2887262385052768,1.564422501987279,-0.640655233770537
0.4671533243198931,0.5238177902298916,1.4775008626278041,-0.12321032450020285
0.9528189394951405,0.5858683822166714,1.7371147633293293,0.09448584574015277
0.7890550646435358,0.3604876786312017,1.3279443143592897,-0.11119631240982716
0.9439511323807045,0.6809109621006023,1.4679936243456522,-0.48205003528887924
0.7039471409225073,0.5091512470423732,1.407879837180987,-0.6327903628866688
0.8776258989343961,0.4257312526978865,1.3955539678892641,-0.9801468387681755
0.7013079582413276,0.708027688901068,1.1911891514769324,-0.5922277963390564
0.40799835735828816,0.6549868848836414,1.8254474950488224,-0.5919123489381802
0.5022653820775927,0.6156965811664845,1.8058453966404597,-0.6703314065746984
0.9151383212082942,0.5274544773261794,1.5693453184512094,-0.30431684894745137
0.7335094967599437,0.34661151507413895,1.2378532117896601,-0.9954407819966462
0.9060333500473715,0.5600569340717335,1.1167866211507873,-0.6705692682367792
0.7418978200602911,0.4773746496952038,1.9155471038079264,0.21092493024033604
0.90391744748423275,0.5699603777498317,1.380601366837174,0.3760035999813771
0.666276827226182,0.5332605521731411,1.45457046744797,-0.6985360076435868
0.7420187563010348,0.3886819306036164,1.510401664774797,-0.3036204520621964
0.6061074491712963,0.8103871942882329,1.4538260120702549,0.04037413750269145
0.2978264246588089,0.6762769712805746,1.6262792406206295,-0.4798340569888998
0.4498988710343359,0.30738844717112845,1.5199632955058173,-0.8572285255708616
0.4756632058553907,0.6888974758771232,1.9416618386379096,-0.7556314790767112
0.9494318200888275,0.5563802854671863,1.2710256011997536,-1.0142880768708369
0.9568117969701481,0.5155516951595,2.000917615546376,-0.42136560633687703
0.7183622655933458,0.1307389948848583,1.3694142690427358,-0.8877496284366374
0.9210615813672366,0.6031632213623663,1.1991520262507185,-1.5401725219543392
0.8880755720679129,0.5075938364167343,1.3921323629867335,-0.9047930355594636
0.953638590556454,0.6218113175326577,1.3504922686873697,-0.6336978981441583
0.7559970768655541,0.3754255257516,1.3998832421973053,-0.19150424545707537
0.9170192694001088,0.4989228683737436,1.6756915178857836,-1.463523356386031
0.7713656571974842,0.42908930518492727,1.5894111290743347,-0.637796019933396
0.9356142655052855,0.40889919737644626,1.2605070649468197,-0.39902943655771234
0.8974195616324285,0.4822935379555791,1.3372443092350903,-0.36805924142761537
0.8696107374758456,0.24616155482616828,1.2581714860254547,0.3344616530300045
0.8148641730438163,0.5632369868986896,1.4636532056618645,-1.0581682484527863
0.4775175900172553,0.4207167250627764,1.7776099658153284,-0.9369709827179578
0.5277525306832248,0.5408383944099704,1.5953415797100556,-1.4641358856634752
0.8821499248722553,0.5349469099475084,1.5913405307881476,-1.1452320446332866
0.8153824000579266,0.6487189801592911,2.271361212260132,-0.5974198518764847
0.6036425943641504,0.7244349400903234,1.1224681109127614,-0.6495897997851854
0.24322352237300626,0.5804243607294236,2.1310719999287744,-1.2160497946225748
0.9397889872164663,0.6082984753466596,1.3098876297590694,-0.8301927896571668
0.43635399207168385,0.5080272604815234,2.0051664076331632,-0.7875462619733667
0.8461676748029869,0.7198220448335183,1.6767810633692735,0.2665076497822111
0.9427884147953165,0.6062394245940659,1.3636377296401516,-0.13857602397119131
0.6489473509853279,0.6485975191072564,1.7004864063980183,-0.8035803616171323
0.897161237459564,0.4695173868225094,1.520100716969491,-0.6275075957624505
0.9606911800116229,0.5300086617605378,1.3813401777539338,-0.6348516044304193
0.46623451999649906,0.4341444056343027,1.4290833309046178,-0.7177160086358363
0.7744197491846667,0.44561095353513325,1.4054784042378508,-0.10859554343650037
0.9164014020881505,0.2901427378240239,0.9445184668223079,-1.1303780329137114
0.9595862966442468,0.3196221810819311,1.628460917088319,-0.6230376767891488
0.7521325030019091,0.3158407256022256,1.7068897500300695,-0.06192617662119347
0.5677392224341798,0.4430983041608616,1.9235156739368364,-0.5613477114966305
0.5307796210698695,0.46429834525094765,1.6733773786399324,-1.0004744976092588
0.5317370368235848,0.49768498396026123,1.7851857778431233,-1.157004815241399
0.8310497626322022,0.40990521392004015,1.4535166825367132,-0.3675383354003093
0.8661727382313208,0.42422088596514945,1.5534369202462894,-0.9346029961942487
0.48869201740228896,0.42264529894761815,1.5189966297066806,0.17001236278635262
0.6103113597811031,0.4943377173519005,1.748731455022842,-0.30803633286383914
0.5905063195766542,0.39686021752936995,1.4929834638637136,-0.2177296677900504
0.42703329542260066,0.5220875861368685,1.875973822257329,-0.5713273729731619
0.8808067507733057,0.5194951384735167,1.6860523720673817,-1.144952394103187
0.9387034413460112,0.4822830012313707,1.7235753201689152,-0.283941038136037
0.6400527792575708,0.6234623112875783,1.54100649519801,-0.4568228467955911
0.7236932293309714,0.31251471308453826,1.8314685206339787,-0.5783333487211431
0.7393546755002615,0.4848044334734407,1.5460744145690584,-0.863506431169631
0.9826014301855677,0.4521316887233458,1.5165120326867867,0.13042698093406058
0.8063104767201728,0.37825815052976675,1.7985079577994316,-0.17225886208113048
0.8343781657954811,0.6068725821147645,1.70146664904203,-0.32839072511430234
0.7776760321416926,0.31945671873179476,1.5878052293471816,0.1369607191083499
0.8969445658682453,0.4179899234726791,1.3656218316756432,-0.9813002413746847
0.9534752017353659,0.6948692478378279,1.6087717953152414,-0.6788785171549445
0.8183672088574444,0.34593044593276984,1.5732609317909625,-1.1870114187715637
0.9720053670475376,0.3277855847275152,1.4212833268819645,-0.8881540221909374
0.6462501065752345,0.3954450114621799,1.8816448811169522,-0.4927543779626491
0.49449391500925183,0.5207619761563703,1.868565883363875,-0.4354486328617856
0.5962808873729524,0.5575757637053124,1.7664625843820867,0.28229288067184277
0.6296619196421347,0.3438587805379947,2.0754408055971902,0.03783385523203759
0.7721914583676158,0.2945311006535903,1.8083727119133146,-0.8286018853339046
0.9623718480388291,0.3633802109021349,1.5064859155988946,-0.77515019236596
0.6533254902578398,0.5276368772049062,1.7605039066986812,-0.6408213172635688
0.5192287439357932,0.4282192568498014,1.3848797599763443,-0.9455250369244239
0.274338360644127,0.5629577978836828,2.0295653239929368,-0.9950253721749132
0.9170877680174138,0.3341805714947523,1.9027547146467194,-0.5603882236706634
0.8755763438245352,0.32518596306367764,1.5134923706640493,-0.6070355387656717
0.8598208883839851,0.6265693618642348,1.4438459261932326,-0.22820991170498145
0.5160561463805885,0.54585958809218,1.9958226691796015,-1.2838983471590435
0.34618261163051367,0.3029081228389676,1.7964563110016754,-0.21937623715647914
0.6469302215253433,0.5628376198785948,1.3691223034246514,-0.29660277595426476
0.8812505323309524,0.6138721493006868,2.023927166909032,-0.44909929000538307
0.8171841294336817,0.395951874415616,1.5812796906772875,-0.19575619427165603
0.7094019669096091,0.4753273336148983,1.8461215876408796,-1.3379062320758501
0.7357850589220096,0.6047190155544779,1.4049048932003936,-0.47513766400771507
0.5577138481213101,0.5044785747941315,1.4858997074260751,-0.5153877946382183
0.5615647049163652,0.5234678203980282,1.6922826632545653,-0.44024142079179057
0.9615155144951489,0.5568582593234523,1.307101760111731,-1.0450993926922405
0.9595483616029482,0.7281443234308905,1.3433419671334237,-0.6219944225403921
0.8945345194959983,0.5910599690749186,1.3882849150167325,0.055906841571564565
0.5221929479152244,0.29645444427335843,1.8633627044181253,0.02383219826284695
0.7007168501473803,0.5408522978691613,1.719334405887759,-0.6345243248515744
0.6832755892009061,0.4243105031274823,0.9643188472533072,-0.4135864079099965
0.8453683344992894,0.6142584677899694,1.327224552664454,-0.3397989659188715
0.89645139601964,0.29690331648948265,1.887292784410595,-1.1001110818599087
0.9817481038085116,0.4458189713918605,1.5347400778415312,-0.18607656771506437
0.9326944625721384,0.6118865950943277,1.3704331639266865,-0.17091911003363774
0.9351810081810124,0.6415236774664409,1.5310541331068386,-0.6201841474711425
0.8625020523808371,0.5525358917391283,1.1478049711343548,-1.097378217769129
0.780541792482904,0.6369178478106489,1.8098963146168834,-0.9212210277892868
0.664027592551799,0.2372586236924282,1.637507163690923,-1.436986481463503
0.8431912512554257,0.5188380664094141,1.8836030398663308,-1.1635385949683104
0.11558714964166202,0.37219021212788816,2.4571619298627625,-0.4797325236531669
0.9644216293482964,0.5633168456239455,1.4103956765691616,-0.30337499942930934
0.8719041529199991,0.7341465307393648,1.628995886966994,-0.005135496156315873
0.9117581223674996,0.7668790435712409,1.206686493498037,-0.6271145195419964
0.5120641478754946,0.49434042945410067,1.5265663282485664,-0.4106612433200845
0.7210738452966721,0.49928213563853635,1.5317751908375992,-0.5287651895023778
0.7021701679473585,0.6608534098870504,1.3540841941646764,-1.1457785425756213
0.9284168845930981,0.5717251968411146,1.0972469626738628,-1.2408187489122942
0.8303888281930865,0.6196821729820162,1.1999988628773108,-0.002046087536552759
0.9795719846440794,0.4030051276294381,1.3626060492363368,-1.1778555228200067
0.7873773899024247,0.36846107740612905,1.5753401190837037,-0.8307529564378565
0.881044079838599,0.3341937427186937,1.3708777481062469,-0.4882272970212806
0.7542103949911386,0.5295415139096531,1.2130007554077304,-0.5361552162882389
0.8674919288645945,0.4291934750950083,1.5395872051313926,-0.29752315281671804
0.8473012005218967,0.5986011868086633,1.226720487823491,-0.6017335907050467
0.9449049527004132,0.250382882089681,1.513559665575164,-0.24633993989524344
0.9593218438528861,0.4064451497609402,1.920513702007873,-0.11313197497990933
0.2765542627833419,0.3608782058486033,1.8526552226637159,-0.5402986367047866
0.9820069383817398,0.49590698689890567,1.7197507361073276,-0.21942290472289505
0.9192429158470221,0.24225565672589375,1.602176524248026,-0.8170774037054448
0.630969706532814,0.4325305848849721,1.9358628603371597,-0.7937232068778958
0.8082250740880287,0.57240141371962,1.166447146523477,-0.9366947820339437
0.7972889391597061,0.35827630330627686,1.3456261852169131,-0.5264343938488348
0.8798893493137776,0.31054749608665616,1.5652816229804896,0.15456229322996726
0.6398929674253262,0.4390017895382699,1.7074059491573605,-0.07303860475167831
0.5939513983966742,0.3819728424123688,1.7556085020417886,-1.0386301509053653
0.8974962118000513,0.34027285054218137,1.3605336027273602,-0.6066644857544492
0.8980422841734371,0.6785537622238402,1.3821219456652227,-0.49846489240014186
0.8370669138908874,0.43789104371279425,1.4301321763666235,-0.5805424938880704
0.807896104188305,0.3347383687895476,1.4985921863357496,-0.4133153650426311
0.3896621916942052,0.43645813728063604,1.6465104492510538,-0.7489827873763237
0.47042909825652707,0.5735236611883843,1.7801594461392192,-1.0731694453405989
0.8404100814038983,0.4928253322840155,1.762255591157489,-0.7647012182896795
0.7208887450084323,0.4850281451404648,1.417832524423491,-1.033135055591577
0.8800056378193505,0.44024493772088047,1.7097144631197352,-0.7453434246670343
0.5695404189527344,0.19248221775692112,1.6448336237389876,-0.557030972660041
0.8627888450880159,0.4282361344344127,1.2696903573607172,-0.25699058388273527
0.6751128143513973,0.5431244639774611,1.947111382428474,-0.611895816777386
0.8628524678227989,0.5616379590644562,1.673837941677612,-0.12614138417095447
0.6300516264887346,0.31340808470972953,1.7749982374634017,-0.599623860147543
0.658826356034701,0.6836131071050238,1.7083367202870086,-0.4246592153260639
0.9441418044037366,0.4863970834414678,1.4390452482146885,-0.8223893765764706
0.923274533319853,0.43095288423431055,1.4910156194340338,-0.5870164057693134
0.17777152958916842,0.5306562126986255,1.7365111764739898,-0.49986230565948575
0.7745819896900618,0.577945392566694,1.7810704953482053,-1.2136515487825517
0.9168726064182141,0.329591974028769,1.8224929363509186,-0.8954845941134484
0.5359979445962506,0.18282799923578688,1.8993309541399799,-0.9778235011399539
0.8946741242807381,0.3973069384395271,1.3816784049760837,-1.2483921895212153
0.7433209986290032,0.3422195452079055,1.1934165412804094,-0.1283555095170034
0.82805223849637,0.3342426816197671,1.575388427464191,-0.7338572201274901
0.9020303387401498,0.6043790269204998,1.528102146053331,-0.4398786551922072
0.8701785931838546,0.45481971946439703,1.6207032148213039,-1.1183882849829663
0.812943979647381,0.7005038736493704,1.3741665188786403,-1.0181274971042549
0.9680517895332665,0.631059088477516,1.604280560762959,-0.7715428777799687
0.7487631246849489,0.5399273941030308,1.7164403044912786,-0.44231689576652455
0.6706224985537166,0.2878781322098732,1.5792271450088462,-0.6090324500682427
0.576099533962777,0.3327937779633767,1.785750983055466,0.15515032777442372
0.9161139512991191,0.1978023908309876,1.6750936935480258,-0.590500766060433
0.4497608993003407,0.5951321755689377,1.5962770216535982,-0.9625574696263225
0.8739000820171215,0.5282228665970962,1.6759497193380786,-0.4995238279293657
0.6184583100062296,0.7905669641806835,1.725639432852302,-0.5105477871284824
0.9267840557740575,0.5697443348543034,1.9117406326487631,-0.3294449555564955
0.7765479075485365,0.5730886237435202,1.741239675351036,-0.480660675887228
0.9709794119036211,0.5011663663794118,1.7276400918351718,-0.15709124649958334
0.6161691343534601,0.5194521565464207,1.3639388671021266,-0.5412192752813815
0.8379098272097719,0.5333294965602237,1.3189929983929987,-0.6289337352921807
0.8762589345356344,0.5229302322268985,1.3018850166464926,-0.016758279291805865
0.8428127388524288,0.21274722734106244,1.6486183896311484,0.09732173339149167
0.6498101288511948,0.4914247466558979,1.9244906000975313,0.002246143705836451
0.9293293381121908,0.45018237346883194,1.5696578875387548,-0.5282577251947209
0.7814335928877468,0.48631882646935115,1.5062235455439288,-1.6107948779235177
0.8454433319722967,0.5177415848363272,1.0961539039801051,-0.4288017651192906
0.4206519265077315,0.34193603460645866,1.8658967500595525,-0.11357608133237554
0.8032784141612401,0.3389785781703503,1.4454483151050452,0.09539317934873612
0.6692986464485089,0.5590593538595866,1.5184835915891568,-0.9358810299644413
0.7551863925418111,0.26913963462170043,1.2918528354060959,-0.7728077379538351
0.7475627377150624,0.3600059068779102,1.83693600286629,-0.5440429551686632
0.8420084735649631,0.25654769852978265,1.5075428326318623,-0.2449661503323151
0.5953111211965119,0.30554916325945036,1.6473740368581002,0.46829290403944046
0.8498216498737867,0.5346218247301968,1.7935063104198163,-0.6135054782159605
0.8170878714129651,0.2525725050471711,1.3040025820560084,-0.9541004684187033
0.8110068252899257,0.5896854943390593,1.7755973651444912,-0.4167922903849792
0.9879025993197899,0.4792271810436055,1.4450627692292493,-1.066999925830976
0.7928790525631836,0.7180947537786104,1.6102172035452356,-1.3995784066149497
0.4413934396356487,0.4358596276355693,1.8007005374690501,-0.12531279789719213
0.8441801913777365,0.6306716255157703,1.3559108880521398,-0.30071915507282504
0.943080029624937,0.13615232634081095,1.3898951678604485,-1.0206921982034396
0.8081734894561267,0.48509276529797146,1.3334408033474203,-0.46844361597716483
0.9505122708208412,0.43655247452433665,1.469916692161462,0.1389703639968524
0.9305880034098546,0.564051255900875,1.4470011648743324,-1.0471538673646699
0.6873239806542326,0.36399186015832924,1.4252826062505266,-0.8328918573332524
0.9235570631657447,0.6766657018153925,1.5153542632519486,-1.2528066880446698
0.849949978820918,0.47982136355563615,1.9132149036931891,-0.5395521990361996
0.67595199510457,0.6656210335573504,1.3565287108037385,-0.8609779403504498
0.8440610557931163,0.6221893239249,1.2961827450153027,-1.007004730679145
0.9745292957096147,0.6927620420369086,1.1435422696556952,-0.2277321698794818
0.9363421627747972,0.47562098485339405,1.3622037030320493,-0.2833398071141121
0.8602860374541338,0.41848149082997876,1.5480784471671616,-0.9867176378028953
0.7745157031412521,0.29692420206801773,2.024813019058775,-0.0626147698548455
0.2875811866384595,0.47378171723081863,1.8725752210212214,0.06621258457217878
0.8981831650097744,0.65723942828906,1.589356469525711,-0.3843092739256034
0.8636297382765195,0.3099804718341228,1.767786944059395,-0.9329810281330769
0.6784495618405655,0.39378619016553046,1.6086165778021047,0.0689441254737692
0.7589345394060337,0.41574704599250417,1.640265954352388,-0.437857856129738
0.38193812317612524,0.34172789643207796,1.642155570761495,-0.49362302379712464
0.6156827655503678,0.46913741148332755,1.5042507514732073,-0.5981611700208243
0.648206094040709,0.17588393825277424,1.3596865637783084,-1.4125000315223586
0.5837298800497659,0.5317627242026153,1.3695782544520803,-0.1031856067922404
0.9757996509972277,0.6112076165841155,1.1649512266555595,-0.27492092767645304
0.7170201563560825,0.24934431417871014,1.8811245950997166,-0.939979877848704
0.5650140479018647,0.5148410144214238,1.5532648469022428,-0.34350409210069466
0.9583016519427385,0.4056249914569258,1.4055412779581018,-0.5938168165047467
0.8888218693866105,0.43771108641588624,1.6066454869980347,-0.8526956200309797
0.7839050653458544,0.4373513663087902,2.252763972098338,-0.17300363770300167
0.5290046424255579,0.39028541309184656,1.3153921495824263,-0.8049464823654996
0.48182155133020677,0.5460935500575675,1.837859926386822,-0.3280211877288286
0.48766884187270776,0.36619572368560904,2.0333409575236487,-1.0155214066162639
0.914539849774975,0.16274582181764924,1.4189528932514595,0.3804011484653212
0.6823778674892269,0.28070624806110933,1.6871619770626316,-0.39565121657427627
0.4845393080327751,0.6265711849693839,1.3910422856951103,-0.27340224180164013
0.724904763111763,0.5540682803066168,1.99187581935945,-1.0678178814206394
0.8160173227044386,0.48895518635354274,1.4887479409483755,-0.5044302305934357
0.9103766486185421,0.45852129263222147,1.2866608313710324,-0.643726587586207
0.674966281866555,0.4296913796955137,1.291286748632423,-1.5594602111312583
0.4660612261900264,0.27722122865205945,1.5397641881167894,-0.7262114583591875
0.8891884690504159,0.5093010122717462,1.2567108145214272,-0.7910861194381054
0.8496509203346411,0.3422804991444403,1.500129151737226,0.2422785262085437
0.34966323960764767,0.355448770144795,1.6991577589376774,-0.25551273509422445
0.6812324697996243,0.4495481059216829,1.6950704875482805,-1.9815349197455818
0.6459108972668165,0.3461239724437237,1.5075944544211488,-0.8059110851070633
0.8073121978304059,0.40639906990172225,1.3135829898217484,-0.7682122966931597
0.9807572818861989,0.32224350151492753,1.3834571423073323,-0.6977283728052849
0.41241840581032047,0.6225035468973742,1.9588388383958097,-1.057472296961894
0.7710715372938739,0.385720137860867,1.3837968245686112,-0.861860606210712
0.7071474377204907,0.414591079053039,1.618210086021424,-1.2952539557136151
0.48084102049124927,0.35038736184186714,1.5018285588224556,-0.3416915287637895
0.946506855330894,0.6137589686354078,1.7190824403701919,-0.5639372898027152
0.9340977779113514,0.602888140318629,1.3593845398363469,-0.4168618499058864
0.8669494554967936,0.2969648587618661,1.3723095223452975,-0.7793548489610541
0.5636518105678928,0.4484307965667008,1.5604992730202765,-0.20925502063729204
0.6171657705459395,0.648274481472488,1.4701052833419115,-0.5984870111960257
0.8923247509171651,0.4906723308429464,1.4195115415471107,-0.40081968099342064
0.6389242057430439,0.6145778356228937,1.7905762234038498,-1.137719552933858
0.8841988756928388,0.38376913787638955,1.686872083200868,-0.547770028786737
0.9625387053949164,0.664298535259619,1.572736391007967,-0.15653272163411808
0.7044077974859208,0.37056367988038663,1.5165268523328246,-0.8908788241457675
0.8819487392562336,0.5131950855061468,1.3832894455616758,-0.4476951079469716
0.7767164989445625,0.5187849968326335,1.6882899174068058,-0.7404777200389038
0.30950136636804504,0.3223808818567172,2.0185320449674915,-0.5038009244252233
0.8674873882132885,0.48231184326382776,1.6413573809228,-0.9446173794203355
0.7417734910563251,0.4756818150334584,1.5319126707587019,-0.6173449581323183
0.8981631100431778,0.12902893089227638,1.4773533959846628,-1.3014407062064093
0.601317603841897,0.5129308767856645,1.6980891033591201,-1.4796460373770666
0.39255649488134936,0.41724945680319675,1.664341937049224,-1.1379091842585896
0.9879162501519948,0.5695490769541338,1.2397285222535284,-0.30141082068013114
0.7681173847960608,0.6126204937378279,1.387058694930356,-0.21869848016913226
0.6638314903289496,0.3525251021372145,1.6911408593030504,0.3384174281211905
0.9044636440845959,0.4506578126286806,1.7361617444150137,-0.9981800484223204
0.5708960792156087,0.41365710471839795,1.6400811084702822,-0.7080694500932413
0.7704779580298509,0.7104219135721522,1.247867302525709,-0.3865103796367549
0.31109125345789573,0.40927510091659314,1.895365875313901,-0.5829072822929138
0.3368828871549076,0.4402654565291315,1.6643512044645294,-0.5007416923001542
0.8034247483143732,0.5167725371046451,1.395732854359904,-1.0504723719975986
0.7628190573456669,0.5841636762747449,1.6005634733231986,-0.1343411198256967
0.9291612303426545,0.5821489311722008,1.6923456960311138,-0.7224680125812253
0.5346352968791701,0.4283306564567392,1.6400782359287926,-0.12238042271957353
0.8337598756913185,0.6805054968760761,1.5431696949744276,-0.45738593192521965
0.4807716621007074,0.24956550135025196,1.5151664503597104,-0.7396207938930344
0.5626736695553824,0.30529730729683013,1.18620254627202,-0.7715828970588045
0.6118052303849029,0.2903234569304543,1.635734319477373,0.05385000112944529
0.8150296944332995,0.23085359478871256,1.0680948454731276,-0.544634463964113
0.7476513279891334,0.28887314292767857,1.0472584792320139,-0.9270340775611973
0.7867316756768938,0.5670359754755616,1.3436885189330348,-0.9289615253168799
0.8533097030418111,0.44156023269385647,1.6504919550105377,-0.2795543674315298
0.5512788964865468,0.5439011674900188,1.5033177164137579,-0.44560097039113505
0.9233898736479195,0.5832853687432019,1.040784399011021,-1.0682878397019353
0.921247382141743,0.5775229270924103,1.3740363990287245,-0.6937142491158689
0.7090474150926385,0.6851047796517168,1.754556868977545,-0.458555918751161
0.7174119411097971,0.29307311537521097,1.6753312886852765,-0.5470969431923574
0.7264634110525041,0.5758527657460304,1.4299281697006123,-0.6431319381215425
0.8846073751123535,0.3603422067851524,1.8808742865809263,-0.05935807277133284
0.7829361090880627,0.2872462784749043,1.7995486571182664,-1.369804874716228
0.9601981967626372,0.12418618441545358,1.1781238994485914,0.3161506341139439
0.41903824508227594,0.40955218573282826,1.7458614496253149,-1.369016983429269
0.673513995988895,0.45055658491981165,1.5451893798501066,-0.06066409547163357
0.974892550150724,0.3577860004038207,1.2202211312659401,-0.40847070030238847
0.9303423665438649,0.4454299328323066,1.6005036484258501,-0.6802866624280893
0.47136554893167343,0.4511619787009403,1.9073229803585432,-0.6010105976227209
0.903152486373963,0.4762882820603097,1.8530304914062161,-1.1797137996389502
0.5420871405040784,0.3169654560564565,1.9662728283577737,-0.5173134250699001
0.6776283158752102,0.591166601452705,1.5454258071565263,-0.39527677414264506
0.6822847425724431,0.40476819706678796,1.4919805961153765,-0.5638002751079422
0.6218373761037602,0.565885907686169,2.19144335366383,-0.3490363207929286
0.877262381936214,0.41142077577036645,1.438724409091522,-1.6532828566871374
0.9109425454054793,0.3748486922608993,1.5213794673328287,-1.074502879550506
0.9050157904515337,0.48881913924198855,1.650049514659609,-0.26532714110785355
0.5433054876697564,0.505695030370384,1.5325079300366335,-0.8361946856581783
0.8000490228001368,0.5954413391859726,1.7311246795234867,-0.9102437308321418
0.4769503755565756,0.4695611159304593,1.6847876724124793,-0.4173813171596052
0.8317206422298062,0.7477381430138986,1.2387488517556833,-0.44003949408318316
0.8742225395335317,0.6180367085303771,1.6570734243418588,-0.4059735100844245
0.5297418174389272,0.3329824900775007,1.8917915366054383,-0.5283230438735091
0.9277574264290643,0.29434986790455353,1.1439224839830844,0.23070888088602898
0.8157557379484215,0.48687873884182736,1.8961291597690815,-1.0995128134371193
0.970812174310418,0.3620142552366274,1.2636019455662009,-0.5606289230737679
0.6447001288878853,0.4320173467307449,1.5937000123873142,-0.9472817092728762
0.5781900214018032,0.43834235168581037,0.9422751941460648,-0.3779380849082604
0.7822089672844914,0.2823176489297828,1.4598793575579239,-0.23416503011637482
0.8925569550197142,0.448893111178367,1.7087029856021227,-0.9692105477175675
0.93839538931813,0.5177336253369149,1.0782350064247994,-0.6010925215332492
0.749242851415339,0.27141483490927565,1.561239036894607,-0.15076618968617825
0.7821212884196842,0.4812865073776428,1.5063979950860529,-0.321893925901057
0.7679942011465937,0.5241355230015583,1.8088131603844748,-0.17791342104430513
0.462900438472443,0.3996811779951935,1.3388055547613262,-0.3316910330307848
0.41727554943011635,0.5911431743732093,1.4616911018149692,-0.4278361270799402
0.6477761682823302,0.5106884880329471,1.3446174123207233,-0.980236822812034
0.7784230580304781,0.2682377788533581,1.4536931499626593,0.5074861556923581
0.8434948137202369,0.5684342893796482,1.9491576256267644,-0.8583662150039416
0.8602084940558773,0.45977260856181984,1.7895304135152061,-0.8410405403576023
0.3066465909142095,0.4398476627072429,1.8469599549666942,-0.4086273044572641
0.7838854293969043,0.2715956407610571,1.8655259449855819,-0.3772836099034609
0.7258223988008883,0.5393775004498909,1.6191875136863545,0.3571468150535157
0.7288119847697322,0.4425165331454019,1.5076291800096562,-1.3185291821128589
0.7294186582958905,0.4482298605609604,1.4141957650442343,-0.8187469508117249
0.9966929430306598,0.5252724846394106,1.7159502712389783,-0.7959268095058838
0.5934923529404507,0.4034786658381249,1.6340672853608988,0.1728170617349423
0.9846120381473934,0.3060394732157979,0.9674551843892786,-1.3018023234936444
0.6336411108803259,0.5782701707346963,1.7496853986126746,-0.4138518659880044
0.6967914485564847,0.4653533602784815,1.4102136165093482,-0.9333271999860101
0.5979697275630136,0.43775027231768826,1.8523930574746172,-1.7683832761063767
0.9403940321682068,0.5340870345166996,1.2264815796663324,-0.1829840265240608
0.6660138851527811,0.39426728896340474,1.675008179558054,-0.2356965149515224
0.7833902121408168,0.4142281762324428,1.7493000971544967,-0.7610423035198743
0.14340801356709357,0.6895850040472907,2.4262174003439445,-0.6573802918095141
0.9450472291402412,0.5998402128979873,1.2806320820949046,-0.048941160209411486
0.6849977439371019,0.26618176586234443,1.6994360749570017,-0.6031963415885763
0.3035371027964645,0.6326596964089161,1.7953398906781406,-1.1816357633294416
0.6718367796980622,0.6336068693704812,1.5873586039817498,-0.5836479015270201
0.961148391403654,0.5029327129299205,1.56144556540375,-0.5121107035594286
0.8321199821041573,0.4470151528917314,2.090784583534307,-0.2920478398597925
0.8711195200865453,0.3338643683745042,1.697915361712955,0.10284814001473262
0.7573333025869228,0.6533369005526916,1.5311245463484489,-1.3554742133933397
0.8287693176191344,0.5380782221661805,1.5203020777350755,-1.0184889488878761
0.8275640129081443,0.5618726274050863,1.3594422606285121,-0.6702705100859716
0.7612564323257445,0.39271272911423866,1.106580161194983,-0.253584373352195
0.6681171478705366,0.44128610038204674,1.6489215764763392,-0.3589283903596599
0.7048656271653803,0.4222119586298548,1.707797200706034,0.11912553490916104
0.26028202429582586,0.6666329356397955,1.6573696789157983,-0.9058286491972434
0.9243273925829176,0.4964740057019271,1.6538027488024512,-0.3395135164713955
0.8493515907918213,0.42505815565455946,1.7668623874151916,-0.4353012899130825
0.6436882744536683,0.38146245807641566,1.9021153943192997,-0.7083408617122683
0.8741776404851814,0.5420818056086257,1.9206066137757767,-0.46021343642123536
0.8557506832383799,0.5890125134830281,2.1828622303688703,-0.8110537227808895
0.647049866260219,0.6391429161582586,1.7419865538098045,-0.21142620424546082
0.493243482817381,0.46662775634050807,1.9794782608522274,-0.4830815263133922
0.8643051273029139,0.4833826310242944,1.1937185808452115,-0.4588212017779902
0.597397795340958,0.5238833209162913,1.8078514726734436,-0.8016179764623306
0.6129999951236156,0.7568254225210539,1.9075689622256111,-0.02960839584951086
0.7742297173526447,0.5066429178805086,1.7553471527704312,0.29781322039339775
0.8157492284696721,0.791985121086426,1.6325570034935037,-0.6226659675647324
0.7713827459301191,0.6049177519359594,1.5883218989299817,-1.0162252353938976
0.9388192248232792,0.28740700302022554,1.6606310745853525,-1.19712303791617
0.7076867430881447,0.5537310563111499,2.2337292178241244,-0.5373743896004775
0.9724288274621657,0.6157228829064976,1.6190554924895622,-0.20157516461094996
0.7881441506304172,0.4308551528788316,1.4708225373711257,-0.8575183228310616
0.6879194121581392,0.4653349248087557,1.627609682841817,-0.6247918352454958
0.9960947986953022,0.664663055057923,1.4637287733137052,-0.11038781332651379
0.9630640324825489,0.4920478111638167,1.403228439785984,-1.0984594474544254
0.9333286628848574,0.5708425732308843,1.3293618392955868,-0.8734509911878913
0.44575664864084585,0.6096853656280998,1.407155784129366,-0.34906567263452953
0.9103330134567983,0.45927630526320223,1.0755300714086657,-1.2414403170380506
0.6112751868346413,0.6037543850860341,2.042895800473385,-0.30596139973518255
0.6388545700292745,0.37960918114278513,1.6047388715550983,-1.1296372395348628
0.30887698401187863,0.5523902683905267,2.0396590514778,-1.2591303695037197
0.7841294038438466,0.4503813362590784,1.211099333413394,-0.7988676006534698
0.4128681821423241,0.31785230942749015,1.715229855682462,-0.39949263159248805
0.33181309830195005,0.5072859217667491,1.4321754750989821,-0.5268711417589915
0.8131003648934837,0.7502629968635003,1.2022146716808713,-0.6175940407348639
0.9831531265633978,0.4568750273796444,1.0602211189297412,-0.9771539709279944
0.9098280934565669,0.4325959404363108,1.4353867205055606,-0.5339163314744358
0.6718540649317015,0.48081719111260846,2.0691218019702258,-0.6667493416736637
0.8431146888410611,0.44017730695078733,1.644915849338507,-0.12928188109113845
0.523127103758135,0.3365423215199694,1.4720533666208189,-0.246806612931674
0.7335825343366303,0.4835274878046485,1.284560825946564,-0.7573432571875588
0.9750185525142966,0.3961859590821844,0.9898787699698827,-0.8408200699950081
0.7038945176039243,0.5029576334650255,1.4160215142762687,-0.729027719155984
0.9148428820859758,0.19621400155508473,2.019528725580501,-0.3678458326115182
0.9694274153538717,0.33097200449975883,1.5132837191514075,-1.667892496810643
0.46653689312027524,0.4507966813672511,1.843653142797094,-0.695691008536123
0.794605601173764,0.7456139545966479,1.5251180518924905,-1.1788392389051536
0.8116121818656613,0.42422521696609605,1.6194298763393822,-1.0485411729471819
0.8040168682607375,0.5738342760259196,1.4780000340877872,-0.4708518976820747
0.9392892397422624,0.5269389778296997,1.8085973741072374,-0.46587178815258357
0.7816853448857771,0.798637040147949,1.5302876535415744,-0.05572718639600907
0.7026225842956846,0.419099580797694,1.3163106017129211,-0.5319769831141616
0.57601533631923,0.22980291760091723,1.6593250463733218,-0.47291912045449624
0.8388065930597146,0.6916933097476959,1.2691514775092807,-0.29059023409777396
0.7631022212110881,0.3587796515368536,1.6554087050413804,-1.5558753033366566
0.6539001686558645,0.5702375144458448,1.5436063486538603,-0.5747413949520345
0.5930069031639221,0.4238088651372147,1.8093571461254925,-0.3067687806768618
0.8672407128609868,0.22264212068328584,1.6570977679479686,-1.5221363466817497
0.4937316918393696,0.6648859369579749,1.2697893031301084,-0.8469767362731381
0.4513974836831679,0.28425360689849627,1.4966108570281207,-1.0017491598856427
0.9860308178895435,0.48704334389874365,1.7862161927360858,-0.6593518389718479
0.3798021420776344,0.4772437929686324,1.6112282327146588,-0.41079537255085047
0.7260863025645659,0.48640520302260626,1.326303189532849,-0.5372386675063974
0.9505865156397549,0.45992521468310715,0.9246283832660351,-0.6590781561017137
0.5917968987437486,0.6194535022430987,1.738766501478156,-0.32205008372290456
0.8630625772676129,0.5270457619000233,1.6938779631293923,-1.252972051695341
0.7206986886194056,0.4710049136061272,1.3461497119642674,-0.9769642335289904
0.5636770530179612,0.5143416667230241,1.79432074491427,-0.556468607258047
0.7676441069218799,0.23746610971795226,1.3178815843403904,-0.7445683915618714
0.565230835717118,0.4699206511207142,1.998371198892381,-0.11855703391332709
0.8100008542603034,0.49663510375306646,1.8203665139245728,-0.6502181801237239
0.8676770530387209,0.4160844517471692,1.7386494511702626,-1.1064156410507662
0.3213132175185355,0.4722528158429892,1.9831752960041333,-0.7430831236303284
0.7055248145486405,0.4993396057005574,1.82049900314503,-0.7624735282636947
0.9110484597594758,0.4561296478132006,1.4683338268892465,-0.8475030601532982
0.4435165571875093,0.17706322344175257,1.5432012303329858,-0.3509375942678792
0.4316294006254287,0.7317460943987756,1.94168808019389,-0.2487480840947117
0.5148543410192921,0.5155674608990956,1.5438524170608432,-0.5184803171890414
0.8766175672532686,0.4646592474799835,1.582336818442928,-1.030414695755149
0.5371611357315077,0.45939855774164406,1.5576481907441648,-1.1111105627568745
0.7905715334967225,0.47207646677587756,1.4315407966994003,-0.7754025948142735
0.8393966834463142,0.23867373594590022,1.5410980147691902,0.42261431392227145
0.8898375374528121,0.48736999093238903,1.6167875141601078,0.016883413448859103
0.68074511340385635,0.4353490759325395,1.0925109802810455,-0.17686633648724315
0.4897342622559087,0.5008629891295436,1.582388824203586,-0.27650604516326155
0.9290191502361287,0.3803898776906381,1.679293147248499,-1.222641710945263
0.6563698214179539,0.34221314379843204,1.1689712723263117,-0.14147602185047264
0.6736395732823013,0.44237644675832477,1.6021636509129416,-0.7297324674843259
0.6208040260295489,0.45542937973852626,2.0180444414115386,-0.08126570058115712
0.9422794484027089,0.43738536325537497,1.696715136766068,-0.9683615201329461
0.7764694345814895,0.2513903751765613,1.191379686363723,-0.772566183589162
0.8515618630660612,0.4672632187510773,1.2559960403334685,-0.5301495907774242
0.36548023401055235,0.4395266210275914,1.8301770275079248,-1.1682479374295553
0.9564623642307032,0.6038202529699453,1.9938364247018838,-0.6551739384985013
0.3784466034856948,0.3806533017267496,1.4310198242508223,-1.060021042462077
0.9090546620956047,0.4460737599656916,1.389268192377288,-0.8991191911397465
0.6389155232717015,0.3197205449156527,1.4425991212761005,-0.8034419973520773
0.9756748853752825,0.551404657339465,1.3325734586743816,-0.7539075508714655
0.41067241376331093,0.4476559380159335,1.6445207624262612,-0.6059884698745936
0.7457873976008532,0.2921064443868305,1.0312771916364698,-0.6774935649563959
0.6118154005394532,0.4120614410020421,1.6976861669597356,-0.17580666237163203
0.843433527430118,0.5096949684890527,1.5766196991023536,-0.8953353875230752
0.5157084170255484,0.29976295769192146,1.6498042779696576,-0.7592950287566215
0.8713830175437834,0.7439667342801161,1.1449325843502929,-1.6713366383357227
0.9167992766488005,0.29397937057179807,1.550573912419856,-0.17936325705577874
0.8647513312052275,0.48157701861341407,1.4096325631175946,-0.5750697589307211
0.23346689954651284,0.24415553979615193,1.7839021385773277,-0.8922418701605347
0.4300097524762681,0.5296888161078145,2.0140234113672797,-0.4258344757397101
0.7613875698384113,0.5908155711828024,1.4447271692947496,-0.13451810521642626
0.43124095140535806,0.524268291254241,1.519997553193395,-0.4935106695952582
0.6593389442915646,0.5157632406192081,1.6222215914438298,-0.6276400749556255
0.2685087874012585,0.4397125433212693,1.9029553764666463,0.285373478923643
0.9329633081065589,0.5622865645389408,1.6272725042016594,0.8949933640440579
0.9524467912361595,0.36489144290416425,1.3489813537171726,-0.8161590917269078
0.7418215882347111,0.49006671796428,1.5863388542530656,-0.8521850372564447
0.9158076605879288,0.32069383995977385,1.5518838942014233,-0.24064538826255422
0.9140907768042015,0.2985646284831232,1.5284661830042043,-0.32537670046577716
0.5305422833584877,0.3410346622608813,1.8649163244195437,-0.6579838377830017
0.8988670013493655,0.3270247459049687,1.7616928028581607,-0.14038482643202774
0.7196074116031788,0.3606122632607108,1.8627413997186153,-0.5214584010092881
0.9365780145382924,0.5184898566725111,1.392596281769831,-1.1701916144473627
0.855619479013506,0.11853598915743561,1.3640422168883857,-0.8177893178357148
0.4088145481782614,0.6233845570418872,1.5762430579276259,-1.5868076282957373
0.7614141495869947,0.6064062784375586,1.3368793753480313,-0.6750863266242138
0.8395183456990333,0.5214723408276617,1.3931423713843296,-0.8759889729124312
0.7356886277759719,0.5674971713022967,1.5894359643228662,-0.4627472473458378
0.757782855423215,0.4154787338735449,1.639727107068672,-1.2533779390437096
0.9482645283371575,0.5982936771652211,1.3195388826484091,-0.6882354214308222
0.7099903954065075,0.37399328461904197,2.0219652461653506,-1.1084114799493314
0.524976286911133,0.6054184187420848,1.8371092409582868,-0.5150546237940058
0.9892851660745864,0.5137910313932667,1.2855152428775962,-0.09284102317509675
0.8500640776348044,0.7250776852920211,1.6430152053087705,-0.9550146255079527
0.3040987268217178,0.3670509031833782,2.180809637164236,-1.2126038101864673
0.8265276739397304,0.4766233283552516,1.3710983042465026,-0.19337577734827396
0.4622131060841882,0.5454682647352949,1.4725691409445327,-0.6642126959502604
0.8701157470413087,0.5053731515117892,1.3662818482687988,-0.8233072786774795
0.8526151662809415,0.25913837629116715,1.1020703885466676,-0.2910369138618518
0.8835643737650942,0.620391372178851,1.4245014119241177,-1.0896926735804586
0.6936979062379437,0.47331991070040813,1.3982294157703565,-0.8648860556956035
0.8477155289668494,0.7580037200866133,1.5812576107452194,-1.3513440194745103
0.8927200819881734,0.3625715150857885,1.6630618943846494,-0.3791604665517717
0.9666896843697093,0.4233370854273883,1.5969879637691018,-0.7652208028734127
0.6508571837482207,0.29012115158265445,1.3003622874374188,-0.2326924335806193
0.9805031220868063,0.5262296013855857,1.0872760181808137,-0.22900439902433187
0.49891492697890105,0.5876141563366978,1.6897347961142344,-1.310413822738763
0.9751745522734756,0.4416670699833372,1.3070500251432502,-1.2166920618528085
0.8513895262442825,0.3685817374203174,1.9050269325159976,-0.41108690036147
0.8812572293452906,0.4253845619141585,1.4768911650899612,-0.9076218094439837
0.9134894672921421,0.35207511341508424,0.8424495683710618,-1.0931966173280536
0.8237137006642192,0.44312297829197905,1.7128598967531532,-0.12845689359387252
0.8055196872909884,0.6078262159154464,1.9250403462475216,-0.07500467777406243
0.8833571895789954,0.663050879964161,1.7871352481039786,-1.3227752673210962
0.766106162039344,0.40318058592784395,1.3968892571034974,-0.6538855518334918
0.9634901145280982,0.5792160632773274,1.4256511825942135,-0.5225417915768038
0.7520396746252048,0.31977313146807274,1.8443521156181857,0.014956297541091096
0.9813047354979567,0.5438034204664969,1.0094169043969021,-0.27575011356060375
0.7646553111781269,0.215260004824913,1.4603831400002802,-0.30817662643174754
0.43282731713952877,0.45586144422004266,1.490585579378506,-1.039637648185707
0.9487630571091085,0.5586628800473186,1.2135923079688633,-0.7488328704722093
0.4267960788614844,0.42465385790697313,1.8220148807345382,-0.9273374072440503
0.8535552385202188,0.22585035370956277,0.9255068770741166,-0.47800381384128715
0.5803200745342108,0.43363802745385305,1.7810496589187483,-0.8793900595266404
0.7436980079712261,0.5403809271249043,2.0224708588710496,-0.7490112659763779
0.9399722208496533,0.2365352393394977,1.3998382948632968,0.2791049590288533
0.8521853155435114,0.3758079918756596,1.5898700856526522,-1.0852545040211155
0.7765175692428501,0.6262728845976594,1.711628962757385,-0.815850732135988
0.8452963981711658,0.5665665887108264,1.0817024650369471,-0.13161545807084035
0.8870903575778487,0.2752885611712119,1.2310639925628013,0.00597497219187848
0.7265097782805783,0.5238324916684682,1.7570209069984666,-0.9525081063814929
0.24250920984794272,0.6098674350680554,1.9547705885928626,-1.0171357653875566
0.4810378804174061,0.640758446585618,1.7987458367389457,-1.0739211929199703
0.5305759630237397,0.4176117410122706,1.6685097431393678,-0.6530206970000466
0.8237879491381758,0.31128780160874636,1.2697064954023562,-0.7090069707781681
0.8793614318655998,0.40673308894111065,1.3537839194780956,-0.13535390637861833
0.9534584581264899,0.7330596824282299,1.4081323208266234,-0.25139696036461456
0.8264210145611363,0.554698354194436,1.8853157252735746,0.0895160778672533
0.7218520557511067,0.31939516827882813,1.8741160895301112,-0.6110840425377669
0.7320792183356861,0.4093475748902325,1.5033123092209866,-1.0589199996945142
0.7914295664047047,0.4717458444240454,1.5268555482859991,-0.40045537962184413
0.7037221816128281,0.41275561718535614,0.9217651398499894,-0.5391936243208645
0.5734972918399487,0.49146023291052626,1.5777086453119107,-0.19838131404290338
0.6968512159761767,0.18834725704842695,1.8639097483112779,-1.3486893600185172
0.6374813976434974,0.5792698590457042,1.8410370781500351,0.0738325602410849
0.7560367342005114,0.3768435542537369,2.0218417055983893,-0.5633275295577773
0.7741238349745874,0.60081541987085,1.1107409977533615,-0.7974049275462524
0.5915708546220954,0.5172002004079599,1.5335242989636964,-0.7870744247542504
0.9053701858934854,0.38683979270217705,1.4618931809980198,-0.25897667134584645
0.7191038072978618,0.5033803581745311,1.457770933520178,-0.6443002121594399
0.7772339039099372,0.3814001835626074,1.5803026947904921,-0.8013116439852788
0.6240010637718943,0.552659790918442,1.55435171878277,-0.4381383849647741
0.8928621635212138,0.40669980972434194,1.2263556468682184,-0.5233491871766699
0.953585353239023,0.7013913094115931,1.1982244643931323,-0.364127795652797
0.555046984341288,0.48094164985757737,1.4798361345681634,-0.564909074296892
0.8604082170851459,0.5748343890251015,1.4747526143775984,-0.9026745271821806
0.5937690669669243,0.4747479686807772,1.4771790644370149,-0.6807970777451045
0.8279830106155106,0.26942658631066474,1.5987279915959869,-0.7804698511130083
0.878860084123236,0.5924303836871111,1.801711825239955,-0.24715709004895364
0.6282445948445096,0.5360084520612777,1.7132584023805815,-0.5516949304122271
0.7817703123722032,0.5660121988355904,1.4986736583291853,-0.28784460923381894
0.98159040342154,0.39581731726890756,1.6549302172862033,0.16449641351199518
0.7989146615204964,0.6145119378622536,1.6016057534642991,-0.2929881257976251
0.9358542625529759,0.4410517041312999,1.7063102453615795,-0.9559839134284573
0.9626290172873668,0.26916448089514033,1.5223212575700977,-0.34372535478242117
0.450525700483281,0.28284500639338056,1.791953540981047,-0.21456948154905175
0.6428911201770248,0.4042023260320975,1.4527200168977954,-0.20304359708106312
0.6361276125942598,0.37825176822741863,1.5301601794033641,0.06649871573108997
0.5768952065676873,0.5142936987691689,1.6175423849558888,-0.3305188808042673
0.8613239880429304,0.4401710140830096,1.6358697364958446,-0.09411395748531456
0.8874256615908301,0.5014587966699865,1.8653327857221451,-0.6794438935698706
0.8406461504635248,0.3045763913287404,1.6404893489789956,-0.9945327943130012
0.624190362611866,0.1923176203777336,1.2973206620328164,-0.37216079518758727
0.9078247065396158,0.4923650539270519,1.5316479001132646,-0.6736250087670699
0.8833007995454664,0.4953344825529845,1.492965857354358,-0.23892452233387376
0.5851474826083399,0.29808781410289,1.4493471136820264,-0.926337263924132
0.8401683063487451,0.22452145913545307,1.3931971445511426,-0.3709350108571597
0.9933641851998317,0.5326996756633695,1.3540325056638425,-0.5369069941099471
0.6863721519233977,0.3276620215409068,1.6217779512207207,0.28644145313208064
0.7044472566526815,0.47023541837650606,1.3076392466247695,-0.5183444456109174
0.7080706934402055,0.5390207770084204,1.4664815128919493,-0.8323180130574124
0.9614135426380827,0.34761190785853285,1.6058903469175485,-0.7153601281020162
0.9450848826896819,0.4600406648421774,1.69289726995922,-0.5585704067608924
0.7660615212262473,0.4861092112470378,1.447929882274302,-0.9225048640902471
0.8932502472301385,0.6409938102023132,1.9027707401982503,-0.7227787285983904
0.051427722511374216,0.316216514957414,1.6930948448714556,-0.9890424066722406
0.9090287856486615,0.5332510239992813,1.674311971896661,-1.7127081492158909
0.6907997998205271,0.4169431855175843,1.5594425808581156,-1.0086446327082434
0.844604210311064,0.41735406158211213,1.6664185022353535,-1.2687628226308316
0.5481662654633495,0.5419422594366381,1.7921210106097216,-1.3215063146613908
0.35522373782956884,0.38472060598284535,1.928364681105437,0.18007173895680972
0.7920302279374951,0.3991054561181227,1.6333670246305465,-0.7256569181608359
0.8632050104182272,0.3834186093297182,1.995254369663634,-0.6821084213331547
0.7645039081759871,0.5299130722699242,1.4112179756864924,-1.3249966182268418
0.6457932606562798,0.44008193649861055,1.6650653210967488,-0.6316472598967018
0.35125688015252665,0.2814837340445767,1.937577034884345,-0.22006766878642114
0.8670564116589237,0.5602615751554663,1.8177132504353894,-0.7256714402956792
0.5750919749902733,0.2804834755507145,1.8200041276648562,-1.2267630815774095
0.7180095228906928,0.3155136117210193,1.5649869242452281,-1.2677461772450067
0.5844709701296232,0.38737438910307476,1.6635196766221267,-1.1337419183152144
0.47190660322956757,0.42231939123297557,1.7098314779757864,-1.31069227192885
0.8552575933225235,0.613705167009246,1.6883800539270792,-1.4100351348085787
0.470975796106148,0.6875345098324502,1.5357096452479582,-1.0041323051860496
0.6173591989713513,0.29639465672976983,1.373981928680875,0.0013790225142493225
0.8940371982633725,0.5192159484902126,1.2123529727184235,-0.6052398646386191
0.6695700327429748,0.6465975481909576,1.5552420355825427,-0.1390712331287996
0.7557755214977959,0.3105474828244643,1.9088704066495106,-1.2925524367188272
0.7119283843750221,0.5650707590560219,1.781300776848464,-0.6640853315344009
0.3567572187779449,0.25558124253183684,2.010887417488825,-0.5284130490172121
0.9241697580133394,0.531481545408583,1.674883033890323,-0.47127587174218444
0.7713366168833702,0.3183381107225464,1.164763015675018,-0.8649886344773571
0.6824271968034081,0.49657203770258057,1.6341989303391629,-1.4690764200553843
0.7323213932374494,0.44293723158188264,1.7390270541986115,0.10457264606435113
0.5329352835775304,0.5526650480589281,0.9633665667505115,-0.27575153191566637
0.8764520084705476,0.6321298311411315,1.586303495313485,-0.48590047923203517
0.9431152614400272,0.5508765934834016,1.4344822365792183,-0.48162576127638285
0.7998959335009643,0.45168527639115263,1.7429892460667558,-0.7923900956117153
0.916488969439255,0.4463504694959299,1.3748391782337088,-1.1358607513178762
0.8151243486011792,0.42617721596539104,1.8045874040196934,-0.6882781387359967
0.9395425837088358,0.36417011038793007,1.5398422092472996,-0.983655700952403
0.5867565583878378,0.34281563418765404,1.7785761383934595,-0.003931991809045382
0.7906117463707832,0.48807490385993674,1.3525000067904052,-0.2571332297886217
0.6274456289765582,0.49492281243614084,1.4931338343002893,-0.04956893296954136
0.46882142744986793,0.40447618387893025,1.772047600489376,-0.15074164714773547
0.9841472938752882,0.5815240818176977,1.1123002981977113,-0.03698639862651063
0.6842698089437079,0.7485673397008162,1.531927413494617,-0.29660925249596026
0.7474720357769828,0.5394181838423894,1.4118543912139625,-0.866827044774765
0.9541765057614411,0.5613915508694568,1.5799652193074065,-0.35099889968449993
0.40872140765106313,0.5471011120656818,2.048362144217307,0.04310916573058955
0.49537395405777446,0.4274720082574952,1.3264235198469516,-0.669305417067236
0.9860595873748529,0.5807402292698823,1.2222860432995564,-0.2639906638068026
0.5037106469115831,0.37578258919748175,1.557749505968773,-1.506982699486732
0.24564762538580928,0.7592909525506923,1.7124052038784046,-0.6279530221233939
0.7998626282545681,0.35799288579868704,1.9811129789334148,-0.272867216573993
0.9376324661474161,0.27720438412915643,1.4169845056283048,-1.0324304132739697
0.9297880073640602,0.5524269254023381,1.1580804166854657,-0.0424032675642478
0.626279002102002,0.3161799480115154,1.8653954529330266,-1.180110563848071
0.7342598390816035,0.6991823236389993,2.1345450607368086,-0.5098188098299408
0.5732648176825051,0.49357136476708435,1.852330512876845,-0.9798377789333587
0.5599215272884002,0.5408524447989335,1.2935365776851506,-0.48433420697074675
0.6778895795194783,0.36553496583850276,1.8582211841570437,-0.6636233724881105
0.8179051732863013,0.4759485543608839,1.2117966201450212,-0.5563175709123221
0.9467468359188381,0.5016274518128162,1.1323106575645265,-0.6834263073113502
0.6715040535978514,0.6430313308596641,1.4583596505931278,-0.5479134703839076
0.6080593372625679,0.7937104842173477,1.5146802930288779,-0.6191240719304075
0.4198209019271357,0.48676647002557855,1.2930984678092983,0.2808731213416975
0.9479248916925705,0.5852378756126881,1.4169259702082924,-0.242922596848699
0.5091379613753794,0.339805167958475,1.5312120409618293,-1.2385786078353738
0.9394324803589784,0.4390097882758761,1.436766230727692,-0.14734793643958882
0.13339286407306308,0.44586495481053856,1.7181113049853964,-0.6149546272826356
0.5589368328264751,0.42666102757719243,1.756639755550013,-1.1262045079090475
0.5924940764801137,0.8863380200846807,1.7333739480672274,-0.9768476861590228
0.43012561885431105,0.6813238996161641,2.2055298834240515,-0.6299083415121987
0.8564371645406218,0.5404407149250555,2.081751416533771,-1.005815702235261
0.8061915857480637,0.34853124889568443,1.7472470727549123,-0.8957446373546137
0.996332823160363,0.5131923522891301,1.4599707486736333,-0.5105219663517231
0.37345903929102464,0.6407756224652398,1.313059477428679,-0.6313544712480046
0.4268657414197674,0.5309607790171414,1.6146768745649407,-0.986269436158653
0.4573962510974949,0.7439165661512053,2.0122239267342916,-0.3737385422523553
0.749041113844109,0.4342422438396004,1.5371914843623975,-0.056322697461159574
0.5228283451137145,0.39853868044281765,1.9026877725022477,-1.0489156050847812
0.6790754119421689,0.3865296408613294,1.6557752973359035,-0.8929320090033062
0.6836395271994579,0.4637180969180871,2.10518690470372,-1.0015768443082396
0.49612992631536496,0.5819110474771894,2.0174678397780585,-0.7729202179271111
0.590016735937162,0.6560396264311056,2.066656033525619,-1.0846524819948187
0.8588647370235586,0.4844564419093636,1.2552753028013495,-0.5201757321465968
0.7719425636076948,0.35065557643193174,1.5679059365090848,-0.5566784272979437
0.8584821049158046,0.6712309505514862,1.358103101872026,-0.20972598464786243
0.8305953718174877,0.32191554640446285,1.717175356293911,-1.1985704921105187
0.31160704925956,0.6270871201807497,1.9746642415621805,-0.5637090296983902
0.6876928149831675,0.5346095461130752,1.7701231390352554,-0.46272067936402084
0.907514987787654,0.35076171936751094,1.1757146015818432,-0.5693449748824859
0.6263605779630694,0.6221305804850477,1.7760684887751035,-1.2125994588964992
0.6798663913422155,0.4662390359184633,1.644598522249698,-0.46313732496532356
0.8807196398068257,0.5282538836451309,1.0685872990967031,-0.4582757712610872
0.9026605406997217,0.49811999269892226,1.231734391357792,-0.661481047258346
0.768409789806092,0.6715533050370668,1.3160955951119508,-0.42657388811550456
0.9948419895358885,0.6038321918976922,1.1176873029873597,-1.0817763117658679
0.561703907755488,0.5634701265898253,1.8911072310037438,-0.9334793947757773
0.621596458118671,0.2905265092819333,1.5950121567821072,-1.0062983202671236
0.6933038965084326,0.24979536652991338,1.6395948251957682,-0.229756493761812
0.3618114545300602,0.4686135945083598,1.785836364561806,-1.6520090799045213
0.9577027013375148,0.3588776227632612,1.3595243540669584,-0.7914054215693506
0.5950564131905792,0.4875098836743439,1.6028369518537877,-0.36676636349400604
0.7524627880994705,0.328677970326293,1.6297660536928864,-0.868331699572328
0.9507784874724206,0.5778920613186285,0.9805451792295895,-0.9322520540824016
0.5641860011618922,0.5416549893544294,1.6766299678185952,-1.1686481213698399
0.9225994840034889,0.7241413315519538,1.51207124699272,-1.383581912042408
0.9353969624885174,0.918773113359929,1.2137562208147712,-0.19266312582081954
0.7796628443927779,0.569449894927766,1.1313320251029362,-0.11272829912700544
0.5795475921977639,0.37996864349172743,1.1488740354460945,-0.3045012798145371
0.4690686087540336,0.35178118070453535,1.4495398897204388,-0.7387035649774709
0.6386525922517977,0.43236360445278854,1.4457508579220544,-0.35344769544111815
0.9181282101990189,0.6014985824188553,1.500634500571744,-0.6997047712441203
0.7731080748964702,0.3310312320616415,2.019547180182217,-0.7275512557819479
0.7530601386115848,0.4345682073986195,1.4328381160097505,-0.6089677407737097
0.8725853308323891,0.2989885769608754,1.7430382322214553,0.1944376267877646
0.9369040143444384,0.566755797199696,1.0839910779459738,0.03789217248280678
0.7941639959431253,0.43877248445861095,1.821562766889194,-0.5580327772169148
0.9229348057566668,0.479923285518806,1.3178202675673214,-0.36123955794164764
0.8537922815530592,0.4065328027414507,1.3870149941564691,-0.4163842615753812
0.9646967287047671,0.5983877137713913,1.9905352916451986,0.05011736529207783
0.8046831817837815,0.7043772557912585,1.6201894823958896,-0.5298133400576064
0.8077664786143851,0.35253788880048864,1.2179973086283185,-0.5311768172903395
0.8553638357612992,0.5454730666273038,1.3557166234871232,-0.4565402580531431
0.7710803492054615,0.5961828866600556,1.7823488892369712,-0.8657635671869974
0.9461955777446595,0.4146159182602582,1.8362871217464998,-0.8022282767646488
0.9583538519504171,0.42574337571939513,1.557625831506002,-0.7568827008768366
0.6694174319808374,0.657264602676866,1.2769972482546954,-0.5831352880818211
0.34229627750861646,0.5556925050131085,1.6470742355316916,-0.3348894828617862
0.9774972734796814,0.5066202627916517,1.4272305508797074,-0.29251441105829834
0.4474216460960897,0.16190635138000403,1.584198137573372,0.16687199769549982
0.9159591857467247,0.782911738720222,1.4979935563252575,-0.12396596103136642
0.6607339963633503,0.3752329959865384,1.6118658374503516,-0.5865046364857541
0.9533318942923132,0.5088820137534813,1.430338279645726,-0.30424984011800593
0.42416523090348773,0.3902555715165709,2.009474540857364,-0.6917442301416463
0.6193182562525907,0.5056906911364182,1.6273018427526527,-0.5580638730306515
0.8051987514842479,0.5049628426662137,1.3565976863984925,-0.42646185647141366
0.5778366781434382,0.4561516218284515,1.1343801139239384,-0.6804090809713991
0.7049689313473461,0.7285889166237152,1.956813539440035,-0.6149245482670233
0.8100639925656246,0.44832914877605673,1.444457979990427,-0.13062003531793567
0.4994510663553488,0.2351101517158724,1.740779668518114,-0.28436075410611295
0.525623991952423,0.49071123469931216,1.845832541384743,-0.06324561631968079
0.7003306246834493,0.22287060003981596,1.3479869681745538,-1.415089126258445
0.8765145151210548,0.7135359982285385,2.174210323199669,0.0030437802163112357
0.5014921514259562,0.7209465931400061,1.8315054016112684,-0.44340369806501584
0.9814888711535491,0.16444347560802342,1.1787823211437933,-0.9164590514494696
0.5458811321036456,0.5212425420305459,1.4206886691388998,0.1739410174900015
0.8322954920627829,0.5091854399574247,1.9312390794009298,-0.28933678603550517
0.7440854987468951,0.30786541203068724,1.657238472696539,-1.1944359751161777
0.9629808237197437,0.39742485665272576,1.6539818670123794,-0.41666480731282884
0.9010646837618675,0.4964071110254562,1.197452791256189,-0.5237175245818982
0.8889250674809552,0.3891466784784725,2.003107777696325,-0.7000682705462499
0.8199575608137354,0.3159280714238717,1.52786967971673,-0.4781071674527503
0.7676962326533263,0.6486398936735387,1.07249850878442,-0.7366347047279561
0.8324362610296127,0.2770087608250524,1.6141844545514623,-0.4424679808610024
0.6977284616722865,0.4538804403138199,1.6426692182870701,-0.4130566556904354
0.8429039859619095,0.4910033254943972,1.2674128067839636,-1.1474561510520738
0.9887459672310389,0.49962590020942693,1.3574659484185023,0.42845705697236136
0.8901310810554323,0.4174444685973973,1.2464157035058792,-0.039863700960758613
0.6800140483442249,0.4756344716190651,1.3296648995133817,-0.791345491601515
0.8163182021096834,0.6438841215816646,1.2501177731044748,-0.8374039280106852
0.4552443875322563,0.5447159252625201,1.91699171337044,-0.2791978113907114
0.7118018481610383,0.31735327708676564,1.7104805617493886,0.3522257373542318
0.7528914580058137,0.2679727376181048,2.002016770620402,-0.4640616300038877
0.946853306889261,0.42880225690839124,0.8389955186027186,-0.17208898728088665
0.5909240081138921,0.6547087783877317,1.562350686871707,-0.19492145680982598
0.5311145904829614,0.331675436626703,1.853015968422931,-0.8066655536130498
0.4028115108336126,0.6020920615736693,1.7246607497535926,-0.819439294819476
0.849147318795943,0.5673930331746994,1.6433882887436766,-0.6625302178993866
0.900444850010361,0.2913791868222303,1.4908110978405067,-0.9764447544477184
0.8435701690165279,0.37704610998717714,1.3129595921750377,-1.1638657199697195
0.5205206906175163,0.5023514134815275,1.8503499206259326,-0.5118436406573251
0.5675199127325358,0.624937597292137,1.7984279159694194,-0.6286871290968589
0.8509502506180651,0.30130422440100424,1.4443600629318325,-0.393040883508948
0.6689189005359117,0.3904490145029709,1.5792919387896431,-0.3675271245384552
0.45839849741576144,0.3445255749784032,1.7517000803509022,-1.0904148382627719
0.9299496016538701,0.1992663029912722,1.2973895780226008,-0.785957695147862
0.7991295477741123,0.37782091413069,1.7816088976991158,-1.7740561009580202
0.870272037238611,0.5463220130696236,1.7387882442830356,-0.7199397330740689
0.9304557571645904,0.3705852064247641,1.2663150754963064,-1.0824336252504743
0.7162695881974616,0.5226067830593834,1.3859211437880252,-0.5563976597523802
0.8680542112318,0.3160821456746752,1.3804344561260524,-0.5640615077130846
0.18827327248892733,0.3830403401522892,2.19859352009141,-0.16495472948786755
0.8838648465116432,0.6113278046746696,1.601028967693836,-1.1258573060682993
0.9122465279673053,0.30947298943336815,1.0708353106686177,-0.7685326925878484
0.6266292277637088,0.4702858354309449,1.505069839249056,-0.14874731817599912
0.6821918611652066,0.5270153909869095,1.517631746655326,-0.951896458065448
0.9932672160551905,0.5866647365822983,1.2254322103934008,0.10023704780230579
0.27539174996946264,0.7249747206107591,1.6783435482246978,-0.2725968283799996
0.9658584337258646,0.4556809219622397,1.3699335568332678,-0.592529316453977
0.9780063527133371,0.7145576886960903,1.1825475089857624,-0.6464736216445123
0.9240474907843013,0.5131040479270954,1.0457385051329637,-0.7021911340265735
0.36542236900127356,0.5397169389263106,1.8801732132462272,-0.6653645995903714
0.9011139970764594,0.40506336496880735,1.6191188165329968,-0.32216550625854284
0.53412720441968,0.39170449881907876,1.8585039635327967,-0.2081264604754189
0.623424509192375,0.3557942693976851,1.3364241657059772,-0.5653615080491029
0.8200348591478596,0.8448229519677068,1.595947025038669,-1.3697241517660317
0.9702845634946343,0.4856060171757524,1.6967706984785376,-0.4232101015924934
0.7604129762157039,0.5368987039229518,1.1599080798822166,-0.7536444222292742
0.573350830427443,0.5254294425401159,1.4845990991952438,-0.7811548446686375
0.5712288640420622,0.520570167699441,1.4049554040824392,-0.666320070448521
0.5765108008823207,0.36813814071095236,1.8827840311129753,-1.3700718055018843
0.5881197210155369,0.4311746730101346,0.9986028384943931,-0.7195630467862979
0.5944105931892326,0.538663249841666,1.4508211779125206,0.10051595015973161
0.8452072542384484,0.6273149514067642,1.462143059970291,0.2111969735573213
0.7243626531932389,0.41731740478685275,1.4183733525817823,-1.1106062534360295
0.5900876897758707,0.3153809711337793,1.7268994663494095,-1.0111086005022198
0.9283855696059269,0.17008516030791598,1.4677193292196926,-1.0031474816690047
0.9088710373924179,0.3737572613104949,1.562338505023761,1.0041484040365056
0.9509761030950249,0.37878455107024217,1.3211303508556507,0.016495718053191784
0.24110172664414897,0.6451080508639261,1.5229712559154842,-0.3628690833769058
0.8272031447395409,0.4248963478706096,1.4174112332207702,-7.88645390165571e-4
0.5442811971302395,0.60721212344762,1.757891370073614,-0.1989078206559471
0.8352238223011811,0.8115333517142028,1.52326735141194,-0.06865632546022729
0.7212068884295277,0.6481368750048982,2.0111033682822845,0.2802186938972873
0.8536724312754059,0.3595651405700654,1.609758698304938,0.06921997183158017
0.8038579013563418,0.409104661360388,1.6772735098113836,-1.4989398931341082
0.6909627223469591,0.3776467604254677,2.457350286849884,-0.412106771839294
0.9080222798624021,0.4238612350992296,1.7577445729876127,-0.5441170301638072
0.862182066570924,0.4955467688385029,1.7038985134749896,-1.047835859741677
0.7127049210022923,0.517200071038629,1.6307115095758433,0.2893892850417701
0.222691222848922,0.33506699690276764,1.7422969893516433,-1.0107116644953147
0.7055749313879147,0.453159872037022,1.5152892453931248,-0.762971770922543
0.6826537571656286,0.5573525223270245,1.3471459174716591,-0.48099710781599136
0.9715718219465492,0.4047369684028269,1.2649245595783798,-0.9431820743948669
0.5564330507618465,0.29432268645192494,1.5609068178348868,-1.1786907432562537
0.467580949236741,0.6590269902575385,2.113348822273944,0.04371337207903522
0.5703636857288611,0.4439389830130307,1.8949205350707763,-1.4973653156331406
0.5167239435923312,0.35666008476463223,2.0231767714513924,-1.1507132843830632
0.9240026329318289,0.4442623064442385,1.3246079340581849,-0.4628056555049904
0.8141251128805814,0.579520197932871,1.3727885679465388,-0.5665289913504735
0.6104934531218384,0.6501793361062517,1.3761506065229823,-0.5516323168494796
0.795399464850753,0.6956479245622703,1.8508939642089113,-0.8738870884939718
0.768497251107456,0.6638749129898524,1.1780233117927374,-1.1168821697481737
0.6537201085644747,0.5389455240027728,1.4657765174558073,-0.014268358102631364
0.6381689706918022,0.42376307329876495,1.6997631454108613,-1.244651155390362
0.6459599097325972,0.35297600048611927,1.528758381665414,-1.9341600857603023
0.7327469738041794,0.5418523112257752,1.4480264681064274,-0.5894718813998792
0.8813448608042284,0.397284214344244,1.487271282863,-0.3695186816239243
0.6946517367065056,0.38342370213662397,1.432411202851796,-0.297375174085868
0.8112105533883995,0.4088545207515005,1.6740231769332674,-1.4756229717182747
0.7666761899607047,0.6922488595112283,1.1602561955963329,-0.3180799904116147
0.9719636099711421,0.3648442501297074,1.273568795740941,0.059227758015958754
0.2550060235114408,0.4701790236565123,1.8161100787467916,-0.1988964618494242
0.8168573876771217,0.18373387440890818,1.2765039838024825,-0.9946487096390171
0.6784553971665914,0.36053988747375987,1.6402563305349567,-0.8528406661113778
0.4741057809570558,0.42418761726131443,1.898180340922324,-0.8898449087340434
0.9183300506920364,0.7685996186642695,1.570782737765551,-0.7183108704669405
0.8022811846339278,0.6443012207629977,1.511675253115089,-0.39547222044952973
0.82718364359733,0.433383552621716,1.8290509519787288,-0.32027564640148976
0.9985112206431976,0.5588835029828868,1.2613062944427564,-0.4358262098314773
0.9131064932151307,0.4801363286070499,1.3733157449893814,-0.5760019589447171
0.8984063834677392,0.35819345943464587,1.1456983357459165,-0.1838767663983361
0.7703060526409448,0.5336543555103059,1.6554635998483218,-0.5080210297881523
0.8379326327877248,0.47239204153474046,1.48350547618141,-0.5610553731013992
0.9766216018571319,0.5679167269910544,1.5945031267348366,-0.799538581998451
0.9220077153052457,0.2866082834861411,1.6110069589735443,-0.285705541966797
0.39159893609670926,0.4118629896345404,1.8524699314269661,-0.8114887638947262
0.766449868854219,0.36505268375017497,1.6810022462710368,-0.587103409053605
0.8590960559963222,0.37503263742640014,1.5200564611206737,0.12104711983555849
0.28551896859689174,0.38446874466790315,1.2826697836886285,-0.3801738877260964
0.890154908991546,0.368389820368848,1.3075857241629578,0.17153455390397032
0.4332363106815479,0.2177686804323696,1.6790078329351859,-0.7163381438691088
0.7769657600766322,0.3747368416315925,1.811423404124066,-0.5377854253955441
0.970260812101411,0.47088052608026176,1.7776516110014509,-1.2322333350296821
0.8321926719050282,0.28208424005676175,1.8530230450028853,-0.224529344576945
0.7858359259934429,0.6024751963153379,1.4442818072104444,-0.5446227162100465
0.7518868613271729,0.6076837427716653,1.5190581981354898,-1.4715630893001912
0.8955345081298692,0.2590445856647006,1.2486102070978302,-0.5039710490817384
0.8597799244889506,0.5175409000871766,1.4308909546409645,-1.1402124114694538
0.8401322520036228,0.3360271908839108,1.9061002244788456,-0.7504256050751327
0.9034435393308828,0.5095665664476082,1.6836202167000272,-0.8546521840371506
0.34120853676313717,0.3181919618845409,1.3906897629764057,-0.06318280293130019
0.984616979125411,0.5724929648956342,1.5338725800966064,0.03374561863600474
0.7559607469148122,0.23888155763710295,1.581638628829026,-0.82074776266841
0.35574145940327406,0.38614315699052815,1.3536574708049276,-0.1661844312556199
0.6755454376013139,0.6294391847660266,1.3042043953606313,-0.7215503769930395
0.7295770189614097,0.27624417374824894,1.369798142373631,-0.352399239439976
0.3527918080193015,0.5759614161991792,2.0532700752371342,-0.5093041390375825
0.9298317517300214,0.2387234047600156,0.8714271362950894,-0.18594993312925756
0.8707445017165238,0.5115361344333116,1.3873519044478648,0.15265273986474284
0.9063575405438179,0.40525507150230317,1.4993565564788596,-0.46480423170991125
0.7647527736035946,0.31092099663127326,1.2491884062577268,-0.14722883560774663
0.7881230697317674,0.4361176952154343,1.3431594455720002,-1.3093931062059765
0.7383721179099102,0.4095332245266069,1.981971674331321,-1.4629582979849285
0.8816378014990579,0.17720522411177766,1.2390488709772416,-0.44064776783237597
0.7476365803293642,0.6991216240788742,1.1788853628876421,-1.3242239857648475
0.579420111966599,0.6007703444767734,1.4645420682240593,-0.7371105166596944
0.19628996107218474,0.3794094539701827,1.764689490640392,-0.145535466233625
0.840210246280238,0.49037806444745596,1.9754946936235267,-0.949425964919513
0.8437993089961001,0.6816982616903547,1.7282223104802141,-0.5960436498363676
0.37560364306247385,0.4904866089488552,2.1792399070488973,-0.8993457166045319
0.8302288008855309,0.527887237582739,1.72352900243147,-0.5235406153853834
0.7675699444944369,0.47073592407706055,2.175338155344205,-0.5995135760074064
0.9579496030784905,0.4778183090086585,1.4612011362311845,-0.3906338641996692
0.6847555225589059,0.3536914283204684,1.6349972704025348,-0.9111513722800034
0.7465835551978094,0.44026038813617785,1.610492221413217,-0.7783141859734998
0.8495796108041033,0.519786277721192,1.2506107306500946,-0.9065378747033204
0.7690912259388958,0.49049062311138186,1.3391925704767027,-0.6287302393364308
0.3902311649326416,0.4783204757360521,1.348295681546133,-0.5157563647343378
0.9045582186932727,0.3091561887032356,1.6709362086576585,-0.3965770195344764
0.824525651928251,0.5049168193971983,1.288628233142193,-0.9567368765021004
0.9882739323364895,0.5236399471088125,1.601093308956052,-0.447366170789646
0.9401858961289469,0.45896222312903723,1.4752418013175657,-0.8269049334650697
0.8901273737320298,0.17477643321279687,1.1524139655118935,-0.39777025723231774
0.4128991655276435,0.46324368909725966,2.03731521200916,-0.7657945472179516
0.8610031723753425,0.5057463624009285,1.6440031643475557,-0.7436733099283953
0.9547015526598572,0.3557757756757985,2.0372012428855153,-0.6793106128013676
0.8117005053763691,0.628070641447539,1.6176317282185517,-0.4170491849363257
0.8040796608575635,0.38792914493904784,1.7068514131338688,-0.9879593288852543
0.8888367604679611,0.5652973961216123,1.4163174856956717,-0.9529778956202382
0.9441740717454056,0.6215811232749635,1.6658727093803465,-0.8723591999119247
0.24879819137091636,0.4609663772884462,1.8847727022667324,-1.0264090180489718
0.953418601971636,0.2790958927669409,1.2353775657182875,0.07493956311014471
0.9084861314068972,0.680406483396674,1.43390768878636,-1.2861595456423955
0.4865343078309078,0.6012688037087023,1.8809339917520145,-0.48007794298940726
0.6233486726548966,0.32621653052827615,1.8673593372458848,-1.2827959111164464
0.7289181897783414,0.5486949575087207,1.3727764188452034,0.01005742258078082
0.6770990721290794,0.46884236536624196,1.49040936593793,-0.44724963407355567
0.8766852229292847,0.35491757045844297,1.05660511503095,-0.5332407034270704
0.6610104879222846,0.5055777893747747,1.6803304934277001,-0.5366999388069479
0.9034246712564825,0.37810453832589946,1.4949560663582755,-0.2626177034167945
0.9516960596693252,0.49774985566395935,1.565514634152752,0.02085475936155712
0.36546352032143853,0.4176672835541628,1.5432258533404253,-1.3191333667932597
0.9076271727773644,0.5050785526074013,1.4009116972198896,-0.4388624648778082
0.6971520585731529,0.6502921307361471,1.782487145981225,-0.14366917329538031
0.13754464420353127,0.2612342417892866,1.8483771988983968,-1.5410893853184446
0.9150874387827813,0.1425014995408425,1.0796512388436965,-1.6718835439193573
0.7609846967181452,0.3961004289737454,1.9730788670253754,-0.5130656846569218
0.7628732762258067,0.4956234061850066,1.5002749282802434,-0.7289471817785951
0.7075908643466833,0.67660804562146315,1.655795266579059,-0.14604254466843308
0.6954898870840234,0.4339284412747849,1.1325683807464166,-0.33944354147277345
0.7445647363861727,0.3241214026093458,1.5335406514878809,-0.48891380968859205
0.8595262237901886,0.20371085365344654,1.1544679697255698,-0.9663165477776143
0.7961680079198834,0.4378162471096527,2.143504462485873,-0.778537872828494
0.6587109353536746,0.5291582819733486,1.8020815025972787,-0.054113536375746424
0.5342144947903876,0.5522973126201939,1.179874493528772,-0.1657945412002659
0.9662452356485683,0.6173089915784258,1.2374089346865211,-0.5622934822724694
0.956240923614608,0.638502472558154,1.0581133181553066,-0.24070460658799955
0.4992197028463266,0.27990077141060576,1.6088577553615988,-0.3524752660793668
0.8403689038095232,0.6373222540013073,1.656706272330239,-0.18540569588751368
0.7597005121432896,0.40454205962591777,1.520656815781698,-0.9903796254808986
0.8151566600751927,0.2615570954664162,1.0001574394547452,-0.2621444916813801
0.5646746397163329,0.5623003768736151,1.5865805010811536,-0.5405771481310051
0.5845308661323741,0.5333876980928035,1.82101792391358,-0.564575811304207
0.7595194157196321,0.3060956134471466,1.6363614818587027,0.08016886559281901
0.7527456774883141,0.5562672902011458,1.7408240322342905,-0.5172953533945923
0.33985300776132793,0.40579305541433924,1.9625666593880033,-0.59197863647082
0.9425954116865041,0.5102025302200286,1.778185820030507,-1.2573026307409838
0.4925739632643675,0.3662861700320393,1.6690251729734955,-0.8747036111255344
0.3916467760260877,0.38672215810474647,1.5261361015055472,0.14460915088259935
0.8181755135617764,0.470071004481583,1.6997605614582816,-0.6509984501519755
0.3301109565450231,0.35141243535177374,1.7246922087025016,-0.07695562616204955
0.9625191660265034,0.4479935175298647,1.4608791274500728,-0.6585072333291351
0.8501047640500138,0.6738511613175301,1.773307188982995,-0.935543510127711
0.3932215814811508,0.32878040014542076,1.5564299523543017,-0.42316403188103263
0.8303772620387875,0.5432226629822875,1.878716911654769,-0.4291011863643177
0.8027803576648805,0.647414984272208,1.7262613450314053,-0.418125085438769
0.8981744937935722,0.5667776797895311,1.4195732543957769,0.1511567040649225
0.9436679401044423,0.4710553540787744,1.4164511170912713,0.40326712903004014
0.9217418133832228,0.4226011973093018,1.111912813926123,0.6348031329088655
0.796158969427347,0.523630093916853,2.090047158742542,-0.8177876057877851
0.9702204688978923,0.31965531846415535,1.7914523891727852,0.45384869348585155
0.19736812180829547,0.506498828338288,1.811690033243341,-1.0614587285714872
0.5264010615041524,0.4685711222814078,1.4695285958444602,-1.4786848831112094
0.8939968557106294,0.5771187778529352,1.7350575580113428,-0.9449265807016662
0.8469972912188167,0.4506099224105767,1.6076516453373968,-0.3168541369978302
0.7693891273773384,0.5299852041108719,1.7427480650840763,-0.7420698819818387
0.2722280891020823,0.39782658918872066,1.8932604703970752,-0.3750532979887865
0.8441321687489183,0.568964554166308,1.3641456752851264,-1.0042045022572819
0.9121733908235976,0.26515283332816136,1.153330063474688,-0.9468742899747131
0.7167857484986379,0.49772133721750356,1.7588567350980862,-0.6273187812721096
0.9096986607488998,0.4069072277700138,1.0545818731349201,0.5854663857264402
0.6015319610662762,0.5387883234304149,1.756560131794082,-0.6171457137965553
0.7685374324838657,0.359997125242124,1.4346950188852183,-1.1839408495978605
0.6209954251519819,0.43455328251201264,1.5205259857944504,-0.721687859725773
0.8589602558521183,0.3038190772757682,1.7398718035004535,-0.805576569523397
0.8568093003045701,0.2948574444903459,1.346360281605225,-1.014131823164165
0.6623271562430972,0.5492076242178894,1.5991284518957913,-0.7320537109623624
0.5893043822901244,0.5670120409065562,2.2300336616393825,-0.5349718371279314
0.8987020279583863,0.5281710598013227,1.4279601480944246,-0.36169112363679384
0.8593477159546958,0.47996596882627046,1.2794902571840667,-0.6244566918866759
0.9417982592366421,0.28984994900063443,1.1295220643748505,-0.06142670607709906
0.6373905362212694,0.5468875846958066,2.1283224882395597,-0.7014781458342729
0.7117626212581575,0.4747667943430923,1.1596887077264544,-1.2811687898234225
0.8893941547801624,0.7748944987460794,1.4671107079865813,-0.37141464706505867
0.7025005328747681,0.5517681029403207,1.7031803887692056,-0.4887819882378421
0.9823745363809144,0.2901555163274975,1.5538427466095563,-0.5442404184104219
0.6958397211583599,0.2317968574835267,1.2993103856888513,-0.5319808337911707
0.7745497894572084,0.5204529256111927,1.8854581246549598,-0.9050962231630882
0.22123715948560485,0.4858735638108127,1.7046561359102606,-1.260290386764013
0.7631884391123641,0.4539981054702882,1.5776001911822728,-0.5558597801943779
0.799361955762919,0.2244312366108466,1.5891007389196938,0.30344299567137367
0.9566545308147143,0.4421733940418508,1.26491740182969,-0.9889010325311228
0.43432451260961474,0.26917013032179554,1.6733440350775073,-0.722084651480215
0.5786209835808066,0.17834824087518733,1.3372858438809132,-0.6188586666840042
0.8645968209705152,0.45321316247125865,1.7498519839884068,-0.9765514610018119
0.6864704169809243,0.3363204753924565,1.3739705976188743,-0.9669580649824068
0.8178879665892799,0.2799230388257049,1.6500972258861069,-0.2578955446091622
0.510267153297443,0.35284390205113125,1.723969006181485,-0.020531925881258198
0.9539690329053683,0.7082979996912309,0.9679023120089623,-0.6841668377596779
0.7505416281894526,0.34030036455056856,1.4960243672153548,-1.38965256146054
0.7667176823534644,0.4941465014959745,1.5468077063151193,-0.34730654982835657
0.9621748463869921,0.49577247727815255,1.3436907433316647,-0.47251500920903644
0.7176559662144784,0.39642200416633316,1.705763080301412,-0.6476252661132176
0.503133526599157,0.37822588398394946,1.604875727689844,-0.37687629421880553
0.9533667863955221,0.5050617312619009,1.2643566048776713,-0.9476129028800471
0.8436121262975695,0.396599269371868,1.4471408903566492,-0.6057833183416483
0.8001473745562914,0.5796891249413421,1.3199557257572938,-1.0246665730167162
0.8052516035167109,0.39825210498357105,1.4142812310752764,-0.2127809987335932
0.8999038644385186,0.49079178449892397,1.5337120202741812,-0.6943410072128448
0.9265600648813264,0.5044665795021029,1.9177554545532824,-0.5037316158963504
0.7453285390663844,0.3675372518347298,1.766784984737395,-0.77440011458325
0.9565073730619476,0.730698921014594,1.6785304982422793,-0.98408280052392
0.6434465861808519,0.7672771458485687,1.7373510164325303,-0.2936403711591617
0.7521513836798402,0.29848193606946066,1.081942958316421,-1.2603571565129787
0.9222148166799727,0.40081468484116267,1.193255180183263,-0.18605058623121049
0.8618882803210626,0.5371136207899045,1.3488405889490913,-0.736538670271987
0.947161384529503,0.4500884162107809,1.4807103570842113,-0.870017901877421
0.5779397287834879,0.3813978415393211,1.7629528519642321,-0.2716837295845779
0.4708017951738016,0.5017282277307745,1.6848731634872205,-0.5820005117648888
0.3943053578311205,0.431587802537258,1.5642046384025567,0.2482939384710767
0.28564910106569164,0.48311158704798507,1.7393259620358217,-0.7807347766557801
0.8994379508271289,0.45952517873208315,1.570685378226383,-0.3517261567742388
0.7689746167001617,0.4934709758010521,1.485115255297425,-0.6052698977522007
0.7205086095661147,0.5774866539352781,2.1778642999761555,-1.114122288197707
0.7523489696112953,0.3529587883017545,2.092974928473796,-1.1239455840545056
0.9540156970343779,0.2969465505614411,1.7039433216340603,-1.1413385489024854
0.7549068582854284,0.4146475192373267,1.4122205689257212,-0.25180221882786563
0.6169541484286435,0.44145342074869903,1.305614573754769,-1.6358421875880147
0.8302681645783487,0.592818185622441,2.096079415744118,-0.479093441162024
0.8898703595125981,0.595737929810615,1.7846016113698402,-0.3430112018727864
0.3375640235278306,0.5292546383509193,1.5748611340135388,-0.7060861918287206
0.8467759240911759,0.5152410385274417,1.6614485174540516,-0.5179859877191401
0.5318700855817724,0.3764502070368559,1.714070791618484,-0.20741915720758222
0.6384921920366303,0.6653236143880188,1.6738286774728237,-0.6028058031272265
0.9701578139652755,0.5781313709635755,1.940438144175522,-0.6710842609394847
0.8061826977537078,0.62720960040201,1.5500565463097924,-0.02293786997131992
0.7252315015790134,0.3014996504712474,1.1242248362091727,-1.4737889380409386
0.9183050659220796,0.4989971138366697,1.5897638536797642,-0.9410448332513737
0.6052014793772132,0.5337339529376264,1.6843479239876946,-0.28881746624695337
0.4972710718104109,0.44049584455872387,1.1382489384078192,-0.5016877732585044
0.5921029454617168,0.37056173478532545,1.5110333485092926,-1.344466889611668
0.8552933692049481,0.5588690511910642,1.7252628078791024,-0.12355534157278927
0.784046876875251,0.45747236358569265,1.5697742046838234,-0.4919286159266747
0.9013459288595315,0.43152731284639967,1.3813821448087253,-0.3706390599929658
0.32007600436887274,0.6403554682068634,1.7852269804311804,-0.23343551090950804
0.900326062103487,0.2638960409842749,1.592331533038122,-0.4656817096742473
0.7255843431054824,0.6678851737482324,1.6317783344357026,-1.2291433776286158
0.6651605838543057,0.5967979491252398,1.5951549584346827,-0.5279134796931926
0.5221390622684322,0.6485717164461888,1.8112090800946985,-0.5364872130827876
0.739933889633448,0.53450243104078,2.0822712669476493,-0.8732604317170698
0.7575608402508042,0.3102019995097495,1.7061439122520998,-0.8625292069371464
0.6390560543659826,0.37939460729259367,1.8469114643345594,-1.10280228460823
0.9359559900750188,0.458356758808928,1.3129924531659505,-0.6688683102665112
0.9150974661514429,0.5394448607847154,1.4904209570364155,0.2207851628210583
0.6201777570656087,0.48452076108114883,1.546428344714191,-0.8351263028464536
0.9384608141165112,0.3718647108563523,1.4884888445783533,-0.519779164495976
0.7996105447297185,0.6855665016697531,1.7249353405026382,-0.8290772274352378
0.9071053540550991,0.4812235365730818,1.5462270303558845,-0.4224091016934375
0.6462716026718386,0.4226758937900731,1.7807990852583302,-0.589797678053739
0.8430352624044933,0.1843390927609276,1.3086089123541151,-0.800759265876169
0.7474866444330087,0.5733335641112847,1.3679686462350025,-0.9128032933329842
0.6416739479091721,0.5511678714787408,1.2855344058722267,-0.6955771358153136
0.8910237956767809,0.4207553409713438,1.5006612062803977,-0.03191820802958464
0.5930816685912197,0.3575056249837996,1.8093654834728714,-0.2556453314489288
0.5314204470408003,0.27513146956316353,2.0916844710118143,-1.4703906511804092
0.8017904798961271,0.518210052621717,2.1578004622810374,-0.9607388060555421
0.7816193825308047,0.6255255510211672,1.5773258286706178,-1.1812451970194526
0.9296635740509834,0.20658264539491739,1.2752073673753515,-0.8736117180523187
0.7179616457240867,0.6796901276634588,1.639353967056865,-0.4484018631096948
0.9198197697398254,0.6807425635813252,1.450136953871963,-0.42991262323725776
0.893806380277282,0.6764119765798992,1.23784220324315,-0.8358086647158969
0.4881704821352267,0.47635400808109724,2.0228070049040814,-0.5495511498088358
0.6209523606827942,0.5088041875943075,1.85540098297263,-0.1679497135459812
0.9165422161819163,0.5294731356514559,1.7138856550050399,-0.8794399929223866
0.864817081096178,0.6638517035079727,0.9219311830461998,-0.807609223640204
0.7688780544725796,0.5339983957038467,2.0020838414884303,-0.4605618442565903
0.5837833971528458,0.26038550815784534,1.6889845692374619,-1.0471052235998848
0.7121993025794872,0.44742531837654065,1.8370548435655631,-0.2956704060178525
0.6389237587950958,0.6025009134095691,1.692507264218207,-0.3256307849163509
0.16740893172056506,0.4344355907841559,1.6908926101436579,-0.9748210858031214
0.9981545448354032,0.6612744345264187,1.0687496576731579,-0.41391100884769827
0.723454316647372,0.31912226828295165,1.7029134527513063,-0.5942368265121349
0.6344832287751591,0.6186119413622415,1.9479035590063138,-1.004385249367099
0.6614302814102688,0.5163124125652206,1.3990345606995591,-0.3228256524422784
0.960024891852025,0.5369738344526983,1.5882859099582418,-0.37905199930395056
0.8504761985914755,0.4672171409775162,1.3524684637821,-0.5529193889823742
0.7913417363942493,0.5070120620011018,1.8480095642950374,-0.90955673045581
0.7249258263029672,0.5894732772603174,1.756503212429574,-0.36068507157716345
0.5833561741499004,0.452654042379528,1.6781547321740589,-1.2965592431108486
0.9810341944594053,0.6724911176209736,1.5852213042211238,-0.31968140772612386
0.867045261577965,0.39390635905554355,1.9948492865770255,-1.2853428360806507
0.9635242708710754,0.3802619132141833,1.693908435731597,-0.8285128724070695
0.5349865610693514,0.24475228575914726,1.8385537346206489,-0.052711170411958816
0.890951576989378,0.644447508018082,1.682755359102085,-1.1491624433464473
0.4564322860545563,0.5792354148249312,1.6110830027392031,-0.5011064041714458
0.5391198138993423,0.4558449388345729,1.0149831301494048,-1.315645693542203
0.9234219334688141,0.42482420869809545,1.1514083721162522,-0.7873543654232735
0.7780681757037168,0.5785226492781576,1.8545155089211887,-1.1670649016979007
0.7958372899201257,0.6107199303304005,1.6355937161880187,-0.9802380741157236
0.681750823924426,0.7507219705255642,1.6170371587651597,-0.6763379637284979
0.887056540732005,0.6686939020095739,1.561331398515919,-0.1386074200912422
0.8807820259655912,0.5356976045037428,1.6530843348723363,-0.828372671009353
0.8528670996485742,0.6035130791237299,1.49207053572665,-0.9416074598153376
0.902576679301616,0.6354219155572279,1.1698290178584339,-0.6901775533543029
0.7712646572875997,0.4676665086701047,1.6162517889405383,-0.9519236643026526
0.47497459806497,0.5038520289219518,1.6571982701292964,-0.817381018292269
0.6502075765055564,0.684932147911119,1.3298271602364549,-0.585631219151958
0.7120248143671705,0.6214382409989603,1.544813273992953,-0.5708581433954079
0.23949365657946464,0.4364557134727692,1.5668247894678093,-0.250332676537286
0.9669207566244159,0.6203998572236079,1.4700139800676975,-1.2576648149922318
0.6385580398343819,0.5147706190043733,1.7343514470662893,-0.4842534802001493
0.7435951581600283,0.4380943642034717,1.6489009511048693,-0.9351910846288789
0.49852461318560265,0.594248271193732,2.111599218002508,-0.7039688243870428
0.5736047379325706,0.470141285502166,2.006032195069715,-0.8819582082870316
0.9502845222279974,0.3339627496178689,1.6968429159118334,0.7424082524132337
0.8317471757195315,0.31895565203603,1.5163071773841246,-0.9501606927879872
0.6036308629535599,0.43412112505603034,1.5431277753327333,-1.3322077283246736
0.8249114506002108,0.5760210416759212,1.7356028564810333,-0.1441690147578316
0.387614618132694,0.6511446391991119,1.8468805927255505,-0.0984567639789194
0.8888693686294701,0.41715659214561984,1.7047744450794518,-0.6617139563064471
0.8512226542082054,0.29196331520954677,1.3386425288993664,-0.39649003989174963
0.7923847323762121,0.5825383038526526,1.4742972859962002,-0.20450632344409342
0.5870412822365029,0.7019829609278395,1.4850956646953732,-0.749377357506042
0.5400792378675994,0.5449531003982484,1.7220634933685837,-0.5140543489970567
0.24048722737000747,0.42117194623931725,1.7274348433204179,-1.286161556868491
0.7965030944928367,0.50777154357528,1.602973563717143,-1.7510520407656205
0.6982316847605121,0.4006723837808077,1.7084183769718366,-0.5350817747708534
0.8460087200055408,0.3475653383413892,1.595976207972094,-0.9888063025131315
0.7589974761538367,0.6099631896178968,1.611970577981735,-0.6739700769453465
0.8926058986963712,0.3839457592830987,1.716470699980287,-0.05205932222381372
0.7759099828424557,0.5600890938172218,1.8380536300204202,-1.3930043084979986
0.8334031078202836,0.3301696203634267,1.4366031942264448,-0.46632666797775346
0.7028837913287855,0.5558496766645632,1.1794826224664015,-0.5588503750959077
0.8621368472809435,0.4558549091753773,1.5204393864681836,-0.6060369727937206
0.7930666347675273,0.5624564627413012,1.7742789177213676,-0.11871369867993818
0.7255122814156342,0.22194482329325727,1.6402470386634023,-1.0227287081052359
0.8884505344458034,0.3987692224507516,1.5016865209671986,-0.5707166895711867
0.7958478677939115,0.3174597148112278,1.4557799233699285,-0.7081117267829234
0.6287505222052453,0.5850042727725585,1.5644061419841186,-0.62440255316909
0.3382173199530569,0.6263343383048718,1.9294003820954524,-1.0884132512052438
0.4630589240839018,0.3203866758606782,1.5515073715798309,-0.47274597104273014
0.9617151995743787,0.5508359725945441,1.2572634786781325,-0.6977121884948455
0.924367726702235,0.2395507071499913,2.097191060894141,-0.7780454427070621
0.5965236261471573,0.46194293264099034,1.6506759550907832,-0.4331008482718219
0.8330534889350627,0.6057968216601994,1.0980838746144455,-0.2231089907138305
0.7719581727579978,0.6953181421509811,1.239810776759979,-0.5743054441152946
0.8631891431955855,0.3540792013357034,1.4093005685276443,-0.5203915394724341
0.8561380372741695,0.5531137312629387,1.9176998845460367,-1.0585616101703723
0.5898863564667259,0.7748115601613219,1.8818391638356629,-0.36897179479295994
0.8665566344291369,0.578570476700359,1.527716544126108,-0.8569985681517523
0.907933257314101,0.3167068529478656,1.3758367776066234,-0.6116268138248185
0.7762123313426335,0.6775938199545986,2.105433242483188,-0.5066118323110174
0.8166061162392426,0.47858091816224396,1.4742073337944068,-0.6339490984016919
0.7777752467288868,0.3194954186560288,1.5464142898857107,0.04477853549127658
0.8633488536766921,0.42651665383194554,2.0001929931132136,-0.8465868029718759
0.5541084110258774,0.550513212038749,1.4657942001895006,-0.744727461623775
0.9325980837561288,0.5221852747952153,1.9062744557289737,-0.17243683777718818
0.4998516065150245,0.23350490227372722,1.628820964760016,-0.625328852109487
0.9291631130459419,0.5974567928564365,1.6774349723829562,-0.750719769748573
0.9478714191868027,0.590868517903978,1.6733010004691569,-0.9837932079147136
0.9228279728727575,0.4178093583639737,1.731230325886645,0.04491637851514126
0.5655803108570605,0.2984336424785285,1.425154296500269,-0.8039714437924467
0.9777888140833187,0.44896243122849483,1.4612968586420836,-0.8819093374927377
0.16583148748940157,0.4728731982594746,1.5673093501105777,-0.9709860190185382
0.7669113442587451,0.5742760937179503,1.227043358275996,-1.0380106506645115
0.9855064539248231,0.4383880884920864,1.7534824043417145,-0.6523310920327288
0.8974286072331087,0.5495182394625874,1.404185246010664,-0.47341258498683386
0.8352806888643104,0.3945273935345879,1.1956850729668924,0.23040019915829618
0.5857644552253627,0.5302466690144776,1.409947927851426,0.07709808643426908
0.5402731384478807,0.5858964401055752,1.7246267848378538,-0.015175532315433421
0.9287171568649373,0.42542347445482703,1.642456999408024,-0.8245684343413325
0.8012586103332622,0.39260349535434264,1.3995848849183294,-0.6288811611935003
0.8662411040559328,0.5638671579218564,1.8406727817295,-0.8847851281052187
0.3883485068697966,0.5425633956046476,1.9644914857174727,-0.7117781251013976
0.8763382943700343,0.5334464031294956,1.571965054568983,-0.9125749798692072
0.8323509067611665,0.45010644565270547,1.662257223780417,-0.35626394016588847
0.6623230933835259,0.5716295107981241,1.668176963418711,-0.05021335583433995
0.9215523662688938,0.5186689984834664,1.3561066575197094,-1.582899562538199
0.8479748774967926,0.5595405147202962,1.4120306826337978,-0.7945325850163509
0.26333626843457025,0.4870241066446935,1.23058892725594,-1.0093626597529
0.9790665069595736,0.5134059759005875,1.3085408041739242,-0.4648830152524683
0.8406769495221943,0.5701932629149701,1.557200831530855,0.1263357514047548
0.6512305496862667,0.3673529876905543,1.8305537148517115,-1.1445774474659773
0.8853123469878953,0.5858836313928789,1.5858683001148801,-0.9915445256793922
0.6604653105972915,0.483795484039087,1.7030402276841163,-0.8263295485373224
0.6636262528798678,0.537508771593512,1.88258203080955,-0.8575576115096583
0.8717568568004719,0.4613950629907331,1.7887594942969882,-0.6038443605135547
0.49688988220788155,0.40534951812739506,1.5618335467888727,-0.7271301825398131
0.7836744482451339,0.5507597163801847,1.5651882728307072,-0.12951279874571567
0.9924095540418661,0.605130871056618,1.1458735929821684,-0.9288383389486955
0.28853835206738854,0.4781272551720196,1.409801061439657,-0.6358811333804965
0.7495352083317012,0.4119552274357875,1.4390618075341208,-1.3011927485006436
0.6963180239314544,0.4068075213340528,1.5625140374329696,-0.8265021194039941
0.5485343116968937,0.46878407141686235,1.8339987509789046,-0.473337976285181
0.5153126456862585,0.36955940858926334,1.7626180860632747,-0.5984733788630693
0.8966871412097596,0.3731617457881223,1.5577721658113348,-0.7459564612855026
0.8475255837755196,0.6711350199320891,1.501874981077877,-0.5008226176343288
0.8493227852800549,0.4738503960603781,1.909789926264461,-0.19508009958519762
0.7093349675383938,0.5019794583891364,1.2456872061572144,-0.6663760915990701
0.8397899696403308,0.31791500322710314,1.2794656318035964,-0.5543969800006272
0.7588763324468494,0.7312516795892601,1.3962541468478809,-0.6332010577316664
0.3277988933760531,0.6285106769636252,1.930446484845835,-1.0719944592634854
0.8272737182816017,0.5121939392269965,1.6507733928691315,-0.8418076868233907
0.850169279755984,0.30911401644501463,1.486592197876056,-0.5042442976910084
0.9595452908225042,0.5519535102038897,1.4185302545892677,-0.06593078397237205
0.5403167399308165,0.534703732859274,1.558373734659413,-0.5182384567394765
0.8527229640220325,0.3088625119773335,1.1660349742629592,-0.2586806080184632
0.8482790279578695,0.48605164312203897,1.6589460722200713,-0.6463118466018374
0.8617869234465477,0.5903707014891832,1.5652498740980112,-0.7045551216748378
0.9801117274871175,0.18983268307998438,1.2507820469386122,-0.7031004279306953
0.8172200302603017,0.5661901715367952,1.182494335875254,-0.04581726344653287
0.9453384669696345,0.40164005687991344,1.7498051756494102,-0.32089909991961907
0.9555831246902918,0.4387278618971179,1.3280252431433515,-0.6700590128126936
0.7602853639902573,0.5919517813769183,1.6202263902909801,-0.1943041562855095
0.8268745061163043,0.43906362770546026,1.88123319785382,-0.3717433660915329
0.24638847544415177,0.37492664380354584,1.5516474122817883,-0.21735301780514485
0.6568764847951188,0.4531594536607729,1.8511084673159166,-0.6886434921700499
0.6310894245302663,0.6889475134832305,1.3042507055751877,-0.739201916805979
0.673450752214363,0.3301907585322636,1.1822870948598578,-0.7339891283899119
0.9267204585333795,0.44869765732860506,1.696286967554322,-0.6744110183422771
0.5161480853521406,0.5103603115670247,1.623238313272708,-0.8035557839285958
0.8466786285440038,0.7305201812158085,1.5305443459202241,-0.36597327584157724
0.7030711889996946,0.4116484304026053,1.8246624914619192,-0.8569582307740411
0.5118153422578129,0.5398682658206029,1.4887446933851947,-0.21193731387408055
0.7824789982961666,0.5418141054041399,1.7573050253092068,-0.22799413750010716
0.7851712585364792,0.6753364323641619,1.5930548442221069,-0.15337989335523267
0.5023654091180951,0.4278705781336998,1.1536605223321625,-1.0101264867510376
0.6286843586280867,0.46559892477907855,1.5870584854071685,-0.3017105208174473
0.7767799466318328,0.6125322440381985,2.0698993053632284,-0.8761704770297443
0.7023577701782321,0.44684352581114223,1.7691772562307828,-0.7708309212490914
0.9721604555606115,0.32183868943997457,1.3906093979940801,-0.39395806695599994
0.8127119489332622,0.623929441170943,1.5947308939890923,-0.4421750460546125
0.8778351009631592,0.59320692207288,1.090911694802878,-0.7665252272078786
0.7718825188408321,0.6403458705040681,1.5375219282271424,-0.7219342179450682
0.44829769781681444,0.4441006521236881,1.4220569814621722,-0.8235236135659736
0.784369632437684,0.5807750473230422,2.015813083478694,-0.434653442860574
0.5648314656839827,0.6876597179162918,1.9000553037415602,0.14343810158555403
0.9888697412649551,0.5035291751995433,1.0177431609396603,-0.44316007431971705
0.9632225579325271,0.32226692446963046,1.451220445194889,-0.7010195291473555
0.7001878993880298,0.5991040100055065,1.510169028575745,-0.5882776877088225
0.8896240656553073,0.4772426365388567,1.691942537021706,-0.2796226966527539
0.8181847751602755,0.3779228242314544,1.9705542479781188,-1.0978792817887584
0.9077823479572171,0.740699518065813,1.5824431531215635,-0.3327556548584265
0.9347934927483293,0.4000879277030471,1.6269485322956074,-0.7925656515426794
0.9143566153258201,0.36019876451931115,1.492852683047791,-0.8877138228511824
0.5210668454291459,0.6151148746747747,1.2315063029314786,-0.3269906427086187
0.5486679746722649,0.6726525038460545,1.8725257333534915,-0.5648642958808783
0.8896020389291514,0.4513617502049015,0.9443999785237417,-0.3113151643710305
0.6076618353386758,0.5404343159037778,1.8434787140167628,-0.5549661014972914
0.9254445334386769,0.5756409575102318,1.5854720081323075,-1.1858296456649131
0.4827794231600266,0.5434813931602336,1.44432505166948,-0.6407754155773581
0.5850278477358137,0.5175395989967853,1.7719995974528608,-0.882842026427382
0.8428622570526566,0.4240281643704205,2.091080971264499,-0.24604386245129667
0.7932037354863659,0.4864879909576466,1.494966133566639,-1.2302663508750629
0.8632768487128339,0.7207064609353284,1.5787676681738267,-0.2486045211041352
0.9086465559339326,0.41966162898419723,1.1401377255026248,-1.083748398410124
0.6244655667534778,0.31806776620574256,1.5534072758825368,-0.3125285445914966
0.6999073688173488,0.5661005509217428,1.818578551624299,0.00977403398296783
0.8454714091269022,0.5047524065957383,1.7215911392845475,-1.1633785268256434
0.6057406081712973,0.5508338361511059,2.108138379750592,-0.6015565679644478
0.8485211133598518,0.43182647548237335,1.3392143280335853,0.09876267623033547
0.6378951332116076,0.5211419846687062,1.1551854799602799,-0.4564583762956187
0.596064642422818,0.631729849465917,1.9364247429831978,-0.24720525470340438
0.7169333438556144,0.6338441719974469,1.5775850775012448,-1.150516900299508
0.5583003088676249,0.5877894788951924,1.9336393214022918,-1.0000485708525695
0.9836868491287837,0.6099908594765491,1.290820624820337,-1.885840533055288
0.8571546012102593,0.606624122947971,1.5145242405276507,-1.1614538469519853
0.8994331208579555,0.5706513099590269,0.9061556831338364,-0.3355883744332804
0.829463137249181,0.5203404273840767,1.6444244783788704,-0.47864777325525365
0.8107965325262765,0.638426440864876,1.5397317485155335,-1.1309715055449745
0.725595394224448,0.6178063475275771,1.4616447142632025,-0.016047593118685467
0.8889681347416787,0.4093718157539774,1.6423295037634515,-0.858508066779984
0.7944666825389002,0.6553558303823248,1.184566847643182,-0.8177755365300414
0.8023816308549739,0.5888355406494249,1.7702296476819237,-0.8547628250678657
0.8211245138928042,0.3826113280281597,1.318209270222309,0.6105645340696838
0.855380730629837,0.43580548140395886,1.3549829249664005,-0.6182179606458632
0.27305187269357717,0.5323032818463442,1.8305885135592077,-0.8241861164171936
0.9302508300891499,0.4999028840550828,1.3599679049855635,-0.13627720990977515
0.5614606958403174,0.4804118245023729,1.5351845893899854,-0.44338918254622284
0.8023748664248714,0.42701109532247133,1.4458505942335234,-0.6052177342867339
0.9219832241182951,0.6470681042107913,1.86472670345245,-0.8432858883852641
0.7881976817517197,0.3095756345615491,1.7802510824415565,-1.2199289434160887
0.7649456261841198,0.39107360653512024,1.29997112051742,-0.7620662906559919
0.9413055802920275,0.24718494866792443,1.6137060879632186,-0.44793050921399763
0.7186815225906323,0.5075184789192602,1.5748272859623798,-1.200506991866939
0.9869354764724126,0.5360462761992153,1.7343338170867668,-0.5434892710266308
0.723221784219438,0.7618869371977045,1.4494173943634585,-0.3478208510648402
0.6479048304596081,0.7008778536489906,1.5779791956202698,0.15246543614214703
0.7447213645478447,0.570290807147674,1.454859194328933,-0.5455734529950961
0.7604174027871518,0.555665575523806,2.2714427336864143,-0.47627452286598504
0.8820669294580421,0.4212243650137796,1.5898658486129695,-0.7115768443360112
0.8445771533075627,0.4323064271185071,1.8363559976861161,-0.02456778769905416
0.9177349956025834,0.39060480274957926,1.4270071180288184,-0.2562224754343876
0.6711423464486089,0.3561239302660879,1.5356637108469404,-0.7486590885287832
0.8158673791542971,0.5375867916763488,1.5926413226285179,-0.6237076135964923
0.5883898569059088,0.636534709977267,1.4769115797362544,-0.6080269813894977
0.29692120654039605,0.5254718092217084,1.8572893239909856,-1.0329684992623414
0.8429438470325461,0.6176525784221881,1.5970451181125123,-1.0286821490570903
0.2736393100427618,0.7097748892234264,1.8961311820397428,-1.0429712076202913
0.379899734571839,0.6712884349376635,1.4057175423155723,-0.7865927332725042
0.6550855759054103,0.3749171472711881,1.9337905002781544,-0.3629783801659256
0.9143025236197112,0.5474758919279489,1.2449659873460968,-0.7922501354972166
0.9420892841220119,0.575209108095511,1.5179048087648845,-0.8948822687139245
0.675019558037454,0.3360209724874556,2.1039295898294026,-0.3130784041495106
0.8373033658518734,0.42759225334804524,1.8153059926928676,-0.5092403511745689
0.7449417374157443,0.5158847051576483,1.2892872501492212,-0.46019388700676683
0.7847172803782912,0.3933741159133873,1.5019171959062347,-0.4589144940046995
0.2914155289859229,0.46951426415770287,2.0518778148731482,-0.6137015729753998
0.9273673908238,0.4700925502861824,1.166848919701082,-0.7576735179568493
0.7843376040282727,0.41925825320627147,1.5582894817778492,-0.8550136422481953
0.9401222294418501,0.40263172575940176,1.353200907790739,-0.7021503804510645
0.9346492072484214,0.35346823529110216,1.8785196426632964,-0.3182437059780073
0.6600437546539657,0.7041645260510291,1.601243357914315,-0.4706626958638639
0.8552980345349158,0.4053075214511684,1.694941781530025,0.03743905903545753
0.8424115399568136,0.4155962547025145,1.2758154877993044,-0.7198569725954468
0.7298554813818109,0.5490222234991545,1.6709364538779987,-0.34061022398275126
0.9412362498606667,0.4689175683232786,1.6530496582010554,-1.1121884209900448
0.8526954651601311,0.6197125288298078,1.5671016827847952,-0.6145776878049389
0.8677427242502901,0.3286904238467362,1.6390102714435786,-0.9653227499786798
0.8168258136197055,0.6436006012009009,1.5390879056695326,0.029786462302490702
0.8084277464696936,0.3269300056644946,1.529378237864556,-0.27261384526966864
0.991373781560879,0.20826452074727353,1.1056179224347442,-1.107831075733653
0.7466293756673721,0.36940611345537444,1.6993105062453542,-1.4352605177041942
0.6011903039545885,0.4894861095630398,1.7619720757899593,-0.703252681513554
0.28636020515714417,0.5707337959322789,1.3275267294948414,-0.899322729769441
0.312093897991597,0.6251742083360025,1.9023402897797834,-0.6728126559488069
0.9689247151083513,0.6328753528953318,1.4834574808329088,0.10116167935238429
0.8602848648936096,0.5846354725616422,1.6432418395190658,-1.0696565480359845
0.692696543190505,0.5799049856764121,1.5815459881677951,-0.38613614002186586
0.8690793104636776,0.4849895810370353,2.070651536484804,-0.39587487322694687
0.7469850631334684,0.6057512806135825,1.3537213508399502,-0.15671751957287147
0.9681424054060377,0.563064946946449,1.380298837647178,0.052855837532559964
0.5704533117231768,0.6208957499130019,1.510828909417575,-0.531225298316525
0.9151467328882317,0.32408091476524115,1.5747650650818525,0.3232170096248344
0.7436719566749949,0.6115710526665855,1.5349685246543767,-1.0151699990737377
0.36349099861816486,0.5451687338037982,2.3081593099607365,-1.0285991332307212
0.611359705787757,0.49137134005881816,1.5893557341861961,-0.8429529078395553
0.8608989058869115,0.6193134895805049,1.8365272636596421,-0.5791408848167116
0.2110698000672581,0.3838504412714344,1.9106804698294475,-0.1886451600727577
0.3783993124676718,0.5402579628163211,1.7090521194234225,0.1733467968261362
0.5118159708276897,0.39300257216675266,1.7580299653310374,0.16382066050011043
0.9106894242755891,0.5265252645727191,1.6106702896060936,-0.6617951588959002
0.7637485963189579,0.5229109346120149,1.3830358780040135,-0.4257056676364056
0.9433592829121926,0.353497787786443,1.408149412066009,-0.8823070643854015
0.7643259077641007,0.7129912061451326,1.597776800009382,-0.662296302885661
0.8359562483035944,0.4392552378477511,1.4095360869995714,-0.2283086647994763
0.9566923281398821,0.48350578648440234,2.082465354152077,-0.06378169710493761
0.6239144808556285,0.32817907139581753,1.6628737709388905,-0.799607829866571
0.7908933593687454,0.6230550843756434,1.2467714913775636,-1.0484262944759972
0.9030818137023182,0.34047717434315206,1.6467263325777601,-1.0588719276513805
0.7752121215755813,0.40526468953321976,1.1867829400553294,-0.4951865439777384
0.5752828930945277,0.5036361083259588,1.7272116483394653,-0.4573803348236203
0.8012261184655095,0.38532683759416514,1.2452719711297568,-0.6286624877471465
0.6349903657951704,0.27141651634813174,1.335892465362742,-0.2329159730118915
0.89714461155349,0.7850189669050202,1.4376988481368294,-0.8541933832789752
0.879533345640009,0.5365615315407505,1.4128967374715562,-0.5324921050678814
0.9840445968211747,0.687869818344622,0.7908874077606701,-0.4319323825895847
0.8551473446941954,0.7164950394947148,1.7179294461424333,-0.7051548887206948
0.5893995004619285,0.5095896875678256,1.8455756822889051,-0.12619496740650596
0.9613468284245321,0.30261512216410025,0.9769760297876612,-1.6498430468675975
0.8910313473747049,0.5717712269018708,1.7767731809989769,-1.0084514636256223
0.679350114198673,0.46990976553666003,1.4671247758337085,-1.419175055749361
0.7641561593442916,0.5101485429286756,1.7869793914307461,-0.4707143131056
0.7040258241707289,0.39358238858204886,1.3948591657248894,-0.7766889403366252
0.7617130256286253,0.42019053159749464,1.6378389796074364,-1.2193378308874312
0.6940068167177278,0.3546902666838713,1.5931754366618145,-0.7681529805341972
0.5165714524051818,0.4103221181390506,2.296702224549984,-0.6284128061319159
0.7544305678307429,0.4269772275883138,1.7546328153103987,-0.825308158870603
0.3642771023371389,0.2082567684649748,1.6211097365989242,-0.5337692680007916
0.8457383070952362,0.6487166468952388,1.6383814570878692,-0.277943884505233
0.3710239865575612,0.5780278071998265,1.5485198117532828,-1.138832571804802
0.9781284601034284,0.46649511015136685,1.6459727550927439,-0.11734074626502164
0.8558682159715028,0.47312196764982245,1.5519425826060547,-0.30361355385986083
0.5563390294205065,0.5498221214722329,1.8292159538014159,-0.423156774497786
0.8600103260128233,0.3901653020371521,1.7769537471052879,-1.2556584822192183
0.8262481789306456,0.44979915605814064,1.7347680121890277,-0.46928564666759587
0.5954483259062959,0.4038800334327076,1.6083576126319072,-0.2608662227909586
0.6439561034619481,0.5385414160854138,1.996361238327355,-0.8916980914936727
0.8851017798671422,0.5424132752241565,1.8571535569078017,-0.18449883148500884
0.7873745812646229,0.5010925960093447,1.2824600521885907,-0.7370783513277667
0.526629406914311,0.4459172938497121,1.7575427279592617,-0.9349677936130494
0.7631587420701614,0.4734526060336978,1.351387034271786,-0.8419978963787541
0.7709866537828923,0.49993596744872393,1.5225416860318186,-0.28534648552859826
0.6509630108011326,0.6231451585842521,1.847623883931768,-0.4016394688195241
0.7083839741618277,0.4740351291221557,1.7989178368970036,-0.01616388915178745
0.922443240687935,0.5625779080786992,1.4277926388992155,-0.9207366549647721
0.5060308289887943,0.2262719891375698,1.534456274477226,-1.3683228707720299
0.7768608777945548,0.5286035555480482,1.733581929130496,-0.30185662064430796
0.9066078973553824,0.6829184391341391,1.3667614069837744,-0.6733732582287166
0.8968802316140795,0.27193624402376404,1.69409561371667,-0.5668489970816758
0.4918114868962642,0.3473018009892556,1.9098395893639026,-0.14795824864985396
0.952498481570988,0.6124281138344884,1.234354098583085,-0.3296004456450753
0.9700480146700653,0.4777554539465717,1.2031327873227085,-0.9459363021529461
0.8120612419442594,0.5068071896269705,1.694478212101661,0.09782711593710484
0.9722798731364624,0.32245048790518666,1.4196083031118294,-1.1249323769156732
0.8283013578116954,0.5440005689621215,1.6129382887007526,-0.02610716324251671
0.9586285425594642,0.30696499575191355,1.6827978725148847,-1.5014699344357998
0.8293177565095993,0.35007664533163996,1.456379322090337,-0.28802050843652327
0.8801148674211964,0.4521640018054704,1.5649566230539234,-0.09251130633141152
0.48949652962736534,0.2918833802890194,1.6714022992014845,-1.1732178968596403
0.8911074919183871,0.5427173052584588,1.527530600809454,-0.9043853525141263
0.8319853957223949,0.3111684794541457,1.7503561706068194,-0.5180756444730187
0.47677182329780005,0.5513056259441232,1.7645758736740424,-1.3100807915396164
0.6687050078083966,0.5562778003546377,1.7332582055726615,-1.129116261749389
0.9697822178071608,0.48502241601958157,1.6383780209587184,-0.5195459609542328
0.8404665322599663,0.3893849489748363,1.7078050284716015,-1.6137378392934059
0.5535318889791411,0.44365759415835637,2.0342585785015617,-0.8357034130928978
0.9546301269169486,0.38684095486533904,1.5038372340023876,-0.42949432703194323
0.9350414642028022,0.5690566461498175,1.4747743106618962,-0.3643069513859264
0.8743409693140599,0.42057733271381514,1.5603316935241378,-0.7299922868241702
0.6138626424940061,0.46445712886257035,1.796617771482895,-0.42641580253067685
0.5236686616068156,0.39819331194524915,1.60397297797934,-0.7270087688258277
0.4675856534512678,0.5030899864976993,1.5115461576123825,-1.174343514975657
0.9901060367850425,0.5691833625558098,1.0997538278033256,0.2742699605138156
0.7293518363741919,0.4188096510051361,1.5807702480422334,-1.029378117777524
0.7062289687015281,0.45164688733775255,2.1528949322532247,-0.6313274612533202
0.8238954125625555,0.5578652526332938,1.6471331820027983,-0.34243390639833027
0.7298169769657212,0.2982897002481273,1.485832049994566,-1.0188282197045972
0.8857507208911974,0.6604841766437338,1.4657125727159985,-0.23483555597894862
0.32252745086117035,0.7998287276695364,1.9849069482640402,-1.2072580773177886
0.7065618092388201,0.44585273091513855,1.445755586282158,-0.7684995393661226
0.9463741470570467,0.2733992277146267,2.0092095920034936,-0.4946574686490912
0.9771556930560787,0.3241604091468414,1.947242543785627,-0.01285541714995074
0.6840460727635914,0.28893080108263525,2.0294313404581223,-0.5734481078422589
0.9507192659781689,0.26490007868007215,2.070236345243776,-0.9568849298514351
0.568903426369597,0.3409393312820903,1.6113079857857953,-0.6097771012248211
0.8021318555482165,0.39828586187383724,1.4743021497354571,-0.6121074050694435
0.8679507303410887,0.5868288464738424,1.6501213741159722,-0.5451573564933875
0.970151940673294,0.3916986903379544,1.6284916992907041,-0.23648799162474102
0.8088671594544191,0.3877406677775074,0.9126100011651672,-0.4233621414418048
0.8073680683205827,0.6025433610737692,1.6244654904665374,-0.6350876457474758
0.9563509113000329,0.5834216313339051,0.8668938019762829,-0.7492287406698835
0.9623710264450736,0.296033731771686,1.5484166168166602,-0.5811285420477292
0.9772432862606921,0.7614868280382509,0.9365240670781078,-0.7796544833248717
0.49247118438957865,0.47141554820178644,1.969057043058906,-0.7678525712370375
0.7453865042140981,0.27518209675332045,1.6875741796479982,-0.7196732488192019
0.7630300890679552,0.510593165136061,1.854713141269044,-0.8696813835834025
0.7667224807040961,0.23833439202860454,1.217511834339282,-0.7006367448337976
0.9745846398334596,0.2882132137143196,0.994282051178224,-0.963420516634587
0.6536782863594194,0.6116265668894969,1.5117494450518436,-1.0011671541846452
0.9067013462098542,0.8661638176026427,1.4527445603660947,0.11252953846709654
0.7676544029200849,0.6123268852667674,1.6223619311268505,-0.8335177900533288
0.8644462240702343,0.42108621278917047,1.568681548632893,-0.6514791301576522
0.6180523847671199,0.3310191616107806,1.5092446638910073,-1.1602153981310006
0.7587704677754278,0.5018515953683044,1.385958282114147,-0.524587463705069
0.9036993927421906,0.3965962799443124,1.3996571599360434,-0.716209097461148
0.2509177987658255,0.3924523076274958,1.9287669524028979,-0.7402920968654645
0.9767810966764736,0.1806972210886807,1.2596888581869816,-0.601717771012906
0.9264860222888379,0.3300260704232597,1.8351086616246528,-0.3490181672643982
0.9186053295791345,0.5540272271737882,1.4213213856794908,-0.34439990603431364
0.9004045003711557,0.47594551923409084,1.5217496136965438,-0.6758606277217503
0.7415168637452657,0.4228549703602219,2.007439417181892,0.39540840989011694
0.692867230511679,0.5666972817428584,1.7408337047808147,-0.5874828710771469
0.5736658785066987,0.6041226667273238,1.5306182405637119,-0.8429866898309062
0.5481200463761264,0.5123219921232197,1.5310005208822253,-0.618662965253298
0.9416340725491307,0.607377046623978,1.4799506757445886,-0.7568597522071208
0.795291609855308,0.41548125765695254,1.5612800522661556,-1.098884741109576
0.9628443904128074,0.565238433831863,1.4137328664332522,-0.8935759270555294
0.7348362294813706,0.6155473821758183,1.6203868392416279,-0.38832000797243127
0.93093907058003,0.7002514614419446,1.493403113901048,-0.34587697689164126
0.8914839166466495,0.45313814194971597,1.432921275583685,-0.5867548427691872
0.5782280976962141,0.5785302008156988,1.3273426656887415,0.27947917885117624
0.6233796725517435,0.44684236731925125,1.448307513346867,-0.7242314583746614
0.3848243144977918,0.4273543630558874,1.8555168079043152,-1.2495648343447423
0.6608878750988539,0.3331264018500256,1.9333102450730515,-0.5445599923413996
0.9176544083377196,0.46127904985493545,1.3502286548943048,-0.887747085381213
0.5985475400007649,0.48225283377112504,1.598317087956678,-0.8086469196811752
0.26928054544427094,0.4783173372623449,1.5078063351435094,-0.4951322786449653
0.8015550399186114,0.6058134830851093,1.6103069453829668,-0.8491526196189322
0.941214864932369,0.5072179393295377,1.4096566639927426,-0.33843743946037463
0.8037992744178086,0.4019194183468428,2.079000633695813,-0.5108167739940065
0.8521784269178799,0.4538913474172193,1.6481737225347057,-0.8055177625059459
0.9372040699619195,0.7754536670845761,1.175136389599747,0.03379247809343205
0.8200924136860218,0.6127049006216875,1.2769474176576714,-1.529276906258749
0.7497105077853324,0.24943100901247103,1.513835736936034,-0.6650642418167219
0.16514405926954223,0.2716875990569215,2.0989835389371265,-0.7359326402363681
0.7125591053011395,0.47029468303692423,1.4005993199261155,-0.8284909937488469
0.9635166922786258,0.2832830466928209,1.9971161885536461,-0.39258175060830236
0.8201648598426012,0.426035415643504,1.4401355945053684,-0.5960180614361366
0.9148312334431862,0.3543136188975046,1.852643434455673,-1.089364232117041
0.8488599716029048,0.5169847152015677,1.380163811366518,-0.5337060667761815
0.9258132338021177,0.5098317780456743,1.7854918148144026,-0.6538838629802494
0.7969953881247083,0.49310182807964775,1.874903948476345,0.04558283550491074
0.825903480001992,0.438513413603591,1.612824661332845,-0.6769177594536893
0.9128855694271547,0.3709155863836111,1.6706476401715762,-0.7513183252942278
0.5339272774359727,0.35496985336964304,1.7160973641478747,-0.8331043839615773
0.7618990669569596,0.17630237997487075,1.4885068476700893,-1.1404366908487988
0.5083937837956997,0.36435926558962767,1.8582868752266648,-0.34847727743949003
0.5843997314972218,0.5813645868525765,1.6815107445513817,-0.9684412959353704
0.6424919869102098,0.5677427848455838,1.6524221655566715,-0.2766382932569784
0.4501124678740039,0.2609514910955323,1.4751275454897088,-0.7233988812262737
0.7822839443514493,0.5738570430519114,1.6181098855723248,-0.23889623027554088
0.7942629143682031,0.5036625173487932,1.525657757703882,-0.7829532084593057
0.8634986937896391,0.38067590412553315,1.5382450851054017,-0.4127286268837938
0.7387094023153107,0.5191518121705405,1.6811259419179845,-0.34837166573479705
0.8868267453174397,0.6579321801341721,1.6638576144413728,-1.0087754800316917
0.8400027054028775,0.3935698320167152,1.8662537520801559,0.026552966866967884
0.9401016899471183,0.5866058166785795,1.4579251622115381,-0.4536859941830847
0.9505980223236796,0.6256967421511664,1.2451412468186205,-0.44979361902673515
0.9457634467117342,0.6116535703086787,1.054750896313091,-0.7935647228595449
0.5808142947265004,0.5893129958360753,2.2301509411937817,-0.7221415749850975
0.7328994983908396,0.28011812544421033,1.8431752376048238,-1.1578093163574728
0.7342576154277377,0.3906901031211559,1.5050963647178974,-1.0832665586349042
0.9022952188847508,0.32339911115223485,1.5496584519927352,-0.7498095853909431
0.31207696361983456,0.5537262961560895,1.2962916072932908,-1.0900179009454034
0.6579862798978291,0.5032376885060029,1.3522874888300076,-0.6477915316562202
0.8736234053414607,0.47203018506673555,1.743423041056418,-0.6284118303397105
0.9745494962225234,0.42522165615716834,1.5750885018073406,0.20270986418041434
0.9068483393219924,0.8452782407710795,1.5731370207941195,-0.007644179443111264
0.9356253801819794,0.6006366073188837,1.414208269598202,-1.1778388523221073
0.7281741768244957,0.5323178626224284,1.7629185756399484,-0.44274738619061044
0.8763857455551967,0.4759730178826247,1.4503922728315484,-1.773711886783014
0.9525393743560399,0.5273371523853182,1.1238934852083142,-0.6167153399669121
0.6176937650320442,0.40525714915839367,1.1255366994176308,-0.4115609013292506
0.7273305705650847,0.516257350358,1.7540777811068184,-1.0679948348379003
0.7703998933863063,0.4001667262635278,1.631240828510766,-0.49611098995514774
0.9686933205196765,0.46024817495178966,1.8104659751527281,-0.3680477389511869
0.7593894171961755,0.47920390904377536,1.3218382776007183,-1.244209175287406
0.9134793021541293,0.5326517648568209,1.8611309350370324,-1.1765782195170453
0.8411695630636906,0.31085138239149634,1.2742407701634828,-0.2738123500230163
0.750629361011864,0.39818995705441884,1.3284221736596888,-0.19960599032111231
0.4898812858870644,0.5007158394217281,1.6799367489537502,-0.57514944906653
0.7906371483823706,0.518252849586263,1.7231006122123784,-0.3353510490128381
0.6632478320959183,0.49964778907423607,1.7578650886525693,-1.1462789128756907
0.8865667389070118,0.38370882750507207,2.057649358245243,-1.2007623409150132
0.7251982137143033,0.424288033833131,1.7902099921474082,-1.4335049477406225
0.9700763781335716,0.6762525631883826,1.2753435552840133,-0.4107009971358971
0.5337973966015198,0.3667123531424932,1.6180266062677255,-1.0563492307205962
0.85299488694213,0.5055751042726284,1.5139588286018517,-1.1108120006294078
0.9919128816533913,0.2061053077485732,1.0536721123093116,-0.9942892333632406
0.7714757780312353,0.4650318946734874,1.5470570727335693,0.6462402567879797
0.7667662638604127,0.6155638205824657,1.3366373201298392,-0.3065415091107253
0.5921759046963725,0.5148077344701422,1.5721968370423598,-0.37402264003167773
0.6347182263978377,0.6162168068794637,1.7433881521866932,-0.5277266456246201
0.7703610692651048,0.40188699396398747,1.687828666289394,-0.33171657747011
0.5449750824625922,0.5495986015043329,1.7651047825866848,-1.1131816276299895
0.15273579688016328,0.40910279395035803,1.7493283767969314,-1.102845648993902
0.48946593840442565,0.4797086954589368,1.7144263379529818,-0.8060200315941328
0.5729913372985497,0.4227455350220229,1.5321448882246362,-0.7350733956904097
0.23456337981512673,0.4609149172865106,1.5969561836688204,-1.1556441201951
0.8314225591721626,0.3289488083559508,1.805596290934449,-1.056103971722321
0.6718707492340453,0.5732803959213225,1.665724172967186,-0.30920066344890496
0.36520310371520237,0.5690444267424974,1.6038643244952773,-0.951678310188904
0.8838735658699649,0.402483245203577,1.2950781384391226,-1.5765770077029986
0.6651504364069362,0.32641129448460765,1.852011852943328,-0.5781812743722605
0.6895225305358105,0.3489419724927777,1.6238787956977545,-0.971767746137603
0.8915248791817243,0.4204777343724287,1.5628298095329285,-0.6112975000602592
0.5121810416429237,0.4802681662621816,2.0907395779423728,-0.4828778507882433
0.8986374864358897,0.450130094695989,1.226407247210852,-0.4122700859665263
0.5124516593879415,0.6398829686507679,1.733324018348872,-0.9608520091384112
0.8424685468916906,0.5556473585619858,1.4125135839673042,-0.8889178873097192
0.9348023913384331,0.4637754733400661,1.4795602636842105,-0.6108013495769015
0.9219937558627647,0.6330118195581155,1.2320679731422552,-1.205832360174487
0.6870521248938407,0.5359358126687741,1.9564732933588707,-1.1609180813427082
0.8641203164732139,0.31133600959302343,1.929710332663168,-0.11885098507703383
0.920792468964865,0.2705823625740932,1.5218630851473816,-0.7631058257167754
0.8169676244923851,0.3493231571042306,1.2900638670876072,-1.6040637174293664
0.5146039959246179,0.2717717963486218,1.8466019511440384,-0.30407468575809726
0.9040311811821449,0.61115333132209,1.6126658078346647,-0.9955820001550978
0.9547331898566569,0.5688319869370781,1.3521516243441067,-0.7405136240641516
0.948880023781249,0.6357926736680803,1.7095788637416842,-0.6583381573723515
0.6984936551774137,0.5977902002097916,1.140391194174289,-0.7467956323219335
0.9776114057027245,0.20332325546701513,1.2477706195146847,-0.6266784360529933
0.9402095452777783,0.6503818688921533,0.695220878418781,-0.07786833754659318
0.6435547747253624,0.5200699772419305,1.563469032651936,-0.3541402122070343
0.6793629731656631,0.43421655376466006,1.8932234763098474,-0.8926905083445513
0.764945992168766,0.5941786715795556,2.237946924395536,-0.8564136905789013
0.8989039916713361,0.45221627668419173,1.1791048885962652,-0.4851354895218295
0.9202935087406627,0.5033304450667535,1.4723426038679617,-0.64053864775373
0.9645992636645924,0.5891135683765509,0.8986380801346584,-1.008592628666257
0.957437097513505,0.6649541999050235,0.9389221562317774,-0.37153754878688316
0.9206292996129332,0.43314641061755454,1.2096996030061922,-1.7356639151660367
0.7172556022685004,0.3372057981018901,1.675341289124522,-0.7865013241271972
0.7777838901979759,0.5212998669271467,1.6523085245482385,-0.6556992359776845
0.44623929365343923,0.603235992593062,1.7835497471536226,-1.1970609429092627
0.41520591497568593,0.40120750414651835,1.713680333968921,0.08390762684957093
0.3636976150437781,0.475862976256579,1.857654992454305,-0.4471828211145303
0.5690330916251648,0.5100913241424081,1.7262001058526155,-0.7923122659475191
0.7169566619783545,0.5422200862327954,1.5855176070082033,-0.39649480974970924
0.7232262854930454,0.3651321560330591,1.5106006765111302,0.376813345534692
0.9231796316124824,0.37162455844402814,1.7058776132718763,-0.8559008541916469
0.5460155676907258,0.5671493949022034,1.2696850177854582,-0.25015660932440004
0.243317805795111,0.7801765897872001,1.861205417927461,-1.021259547825296
0.9107845334080396,0.3318513304924803,1.7191737463057886,-0.6939999915139553
0.9846641813009334,0.548862983614169,1.2561846885599324,0.05238116401287145
0.773916053359108,0.4621665716501071,1.7158333078141348,-0.11042973030500272
0.7557594788502693,0.6177709426133676,1.2040507847831854,-0.25209004215172504
0.8235212030471899,0.4642279622649956,1.683314263733105,-0.4325252714384654
0.4487406090717601,0.6626925453091042,1.8392370783533938,-0.6414751578098937
0.2818255952306284,0.392342509547649,1.863181121375094,-0.23596188663672824
0.34982891820944806,0.4153723828330086,1.373146621203603,-0.580570811805952
0.6545495983299014,0.5906886777869835,1.9322333232100233,-0.39515181350074663
0.3872142484546196,0.3489433760745784,1.751349628966383,-0.8154294057319539
0.48089216259445056,0.5515266902510364,2.0700988738334467,-0.6708782182897091
0.4625155473959765,0.361336542393507,1.2712095734055398,-1.0447391648715454
0.7426278715052539,0.4120611171787626,1.442200575965349,-0.8841097845349049
0.6689310032777189,0.43952372569437315,1.5644896182243553,-0.8968635961955075
0.8543486884553263,0.44898761833405787,1.0880241887663638,-0.45655513456579194
0.5658114605633604,0.5606201904650455,1.696582728625429,-0.39962159962565336
0.6891465749790985,0.4683937976973473,2.2594729146109764,-0.8643141699696464
0.6397144725840318,0.6484483845977319,1.9345259627018203,-0.6927794810801471
0.9218446281771528,0.47214424141013206,1.396154174743937,-0.2358346378620032
0.4436325350495291,0.24106377231294832,2.069014483566672,-0.5951231714038945
0.8325401502963429,0.4128878343144723,1.303005201859133,0.7124722177512869
0.7179509547027793,0.6657918772074723,1.6906514737489988,-0.1396689376872148
0.9717837406990288,0.7948162907447275,0.9530944501594916,-0.8259070709583638
0.7526913599826074,0.4381530066580377,1.9955466005575464,-0.10158827208227565
0.8814626340075581,0.3441789181348316,1.6434858614920462,-1.0381532019006612
0.8909883654799524,0.38362342281565637,1.246077071084083,-0.5288784110656304
0.6575614096055484,0.3904929218698482,1.9855626308739596,-1.8304802095170452
0.6944704013293426,0.6510498050586794,1.583269074047255,-0.7436843613284204
0.6452275203771374,0.6266804928701744,2.1301452721077268,-0.8008579227063805
0.5640657973111965,0.5292892496173728,1.706579700517913,-0.14731915115261884
0.8970810188960823,0.5831811940448961,1.635747199301851,-0.5667218300168257
0.8700066337835229,0.5014226637930573,1.2666203384602235,-0.5859300085029525
0.9612586230548729,0.4005273618213617,1.5921068315607783,-0.8819307317482085
0.5626807070700389,0.30502037367200835,1.4172550317329626,-0.12487063043745829
0.5456621430233481,0.6065119849702858,1.6598144996243538,0.11126807234193888
0.8174997835977749,0.30267412093128204,1.377670905258128,-0.49764784465505746
0.566838827989449,0.5707102768321926,1.2013727243121424,-0.8201913462899105
0.6440718717791994,0.2908083270108493,1.9318512056791537,-0.5342060619324708
0.1388928249029608,0.5022644870148976,2.329039020888271,-0.5965626969144467
0.6210605298193301,0.4965661063006093,1.6521254981113769,-0.3915059846985041
0.4892490906200514,0.5402686932352282,1.2302781074730276,-1.0593189032617816
0.9387440032101437,0.5510559076247006,1.6985337124519821,-0.597788575338195
0.8161409371836033,0.4314239177955337,1.428905914331465,-0.5673323618413977
0.7757998958732883,0.3408781608619523,1.5660867834631795,-0.7298049996846594
0.54412456781927,0.48174024368606616,1.6449862577137766,0.2980087035783444
0.803805889449828,0.407624626718945,1.5951638076730892,-0.7804867879042273
0.927827061022929,0.5831036287269344,1.40860940278658,0.4222573350668148
0.9056095139551585,0.3872208956485843,1.7166570971838582,-1.1339736564005642
0.5170704605998451,0.28909116082337494,1.8453564990407227,-0.04408136781916798
0.8771412877268684,0.27971542394922644,1.3584970763163466,-1.3737547259894867
0.8427980264526594,0.39618539039889744,1.3399626481364997,-0.5443596428602441
0.7294094998215883,0.2883856083334273,1.4443469678630434,-1.052344516949992
0.5941267175473798,0.42820834418980236,2.041687171139718,-0.8765798182465857
0.9270048936915318,0.5289584521045413,1.9779050476513673,-0.6582017363919801
0.7246309892034188,0.5011098445231417,1.2435603992968849,-0.20880229101684294
0.4032946772938096,0.6647735300555901,1.7097364724947761,-0.40776179520527833
0.3330132855223946,0.5812924333247761,1.7096997954608215,-0.7741077884395694
0.7093272960188362,0.37644134768870446,1.972434811486078,-1.1523200268885914
0.8063557806503763,0.5157186662044404,1.9628293892988553,-0.8265661740559375
0.5901735537578976,0.5082287041207573,1.1623182902936227,-0.4611061790778018
0.967668353362697,0.6466650789144118,1.6707514959245966,-1.3926726222717873
0.1252924159000994,0.5174433118165682,1.9477221016341544,-0.6750647345228584
0.9174290369489633,0.37208371781053623,1.538272270354867,-0.05618190581322108
0.9082517379669466,0.4347090514363965,1.3784953857503006,-0.8688158644142363
0.932873094237636,0.6091977870758721,1.2609864284195191,-0.46378733027448216
0.8287606683746117,0.46908355172905464,1.5145673711245597,-0.6877638242852941
0.6045772525110206,0.6916854855287978,1.9211436789970522,-0.6119371232188658
0.9425606165531968,0.7702349569037773,1.7098952051506036,-0.24352631650641343
0.597949489489569,0.8234124201738888,1.6224651183145467,-0.8146377030744546
0.7488725960278264,0.5455368765366925,1.8095135241752704,-0.7088046149010545
0.6912809179068455,0.4701574205252107,1.7384174813832596,-0.7397725365310913
0.8786447136767362,0.5213738979264629,1.4495861067708662,-0.8983382007259983
0.7401924321588279,0.6007441022962299,1.49345867986882,-0.5614207363423461
0.7766428012204086,0.202041808240301,1.4820407007398,-0.68775108534248
0.8342824027954049,0.4124549878162357,1.1742763067391666,-0.8426565349177683
0.669022845915674,0.5863639761859588,1.400614432868853,-0.8575825746011136
0.517822235439473,0.5320845981243062,1.469937582643983,-0.7427974589876443
0.7831294102690277,0.565685289743798,1.2325596302919177,-0.5273410524715029
0.9225157804250553,0.38568724662539133,1.646366016933279,-0.06998851531872317
0.71628165643018,0.5800471175457542,1.4510497595300056,-0.7121831936327295
0.6275882668660762,0.5996091745547316,1.1847057594174681,-0.7912509838377755
0.7899573382857871,0.40288060257978675,1.925237339911068,-0.36240261659021744
0.9114916859815502,0.4634495009856749,1.6681898882411108,-0.9428092091378663
0.8675464263191426,0.3222612082673084,1.5990049090731078,-0.4532301240401938
0.8170825463954385,0.62659971458181285,1.4922471187328976,-0.27409061602969753
0.8879238492831344,0.46371912376097263,1.48607058755442,-0.5243620477139931
0.9067695488145054,0.45094965114201147,1.4220116019435813,-1.1780785410370012
0.9516518111694232,0.4451454026292255,1.749921568408572,-0.4280942101325829
0.4874985806867217,0.5809582679444001,1.7075795038655717,-0.47297523331508534
0.9496303273162116,0.5715562669337914,1.2657578720317524,-0.9389334381085185
0.9882715463259205,0.35083597754389967,1.2502584410494317,-0.7350224482585674
0.856248042528326,0.5818480779000824,1.2866269821496374,-1.0903842351335298
0.9416356790241117,0.44791985632161246,1.1789818749184615,0.7828804021388895
0.9032488919521999,0.6098180691532904,1.48632650547314,-0.8890276283099572
0.8396269882061443,0.5158303474450402,1.1106178709271275,-0.5665820932457165
0.9513370436597157,0.6038079874463428,1.3635626223753925,-0.7881486531302935
0.5839472286312765,0.32353172150933796,1.548512214521774,-0.8591107378793998
0.8458166890177452,0.49836569275347437,1.6792149626328192,-1.0632657220942074
0.6580127394807957,0.386012549315182,1.2821760900554444,-0.5318950401791707
0.614175745086529,0.3966471161107792,1.5872419878211912,-1.0900817760579273
0.9770464517392112,0.49914341310869803,1.4472082513735198,-0.157322256844204
0.7621003398757653,0.2889654373622795,1.6914137595519911,-0.05649211397627728
0.4973478441046231,0.2704217077246046,1.6584857750035944,-0.7134572137493758
0.9868679837762832,0.49441184405538546,1.1373126007612064,-0.6247729535500239
0.5681931693946359,0.3355304957827199,1.4776272159864592,-0.2761937608583009
0.9489396010063587,0.4922776196321479,1.2926889798165948,-0.6396798520083182
0.8276041896585721,0.45295235790293004,1.5168981799840628,-0.8744353781088946
0.9873308091846014,0.4763719153824497,1.1428359452385197,-0.5296481332447621
0.43209325104998897,0.38526807599590157,1.8947260872412848,-0.7017898520332022
0.7419218968001631,0.5252569605440484,1.3328527717706613,-0.8950716184578954
0.6335267088141837,0.7162154707183689,1.5600802655429147,-0.8875526397006995
0.548521268098385,0.41331719503995,1.6964513905596097,-0.30489134829314546
0.8164146897467365,0.2852735564978115,1.4809639190553263,-0.5786988591637071
0.5942134713072474,0.5374042763939865,1.6413380971785578,-0.933966482504325
0.8125006288835012,0.33797795142432213,1.203546263039438,0.43643780175098523
0.8836928131308895,0.24906745107343228,1.7056276200247622,-0.8483791164827953
0.9536801315648255,0.3489160852254157,1.854431748492605,-0.3485088587699735
0.8552831951606387,0.38598644942410404,1.562108435944208,-0.8846422160751696
0.8996569904196502,0.4279397304659235,1.9336413345899135,-1.4112350090141457
0.758937915686784,0.4309255284477711,1.9411124131499344,-0.9528520037522443
0.9853980964202995,0.5043943713429092,1.4569263739448313,0.0669965653216104
0.8326870636668079,0.5786770103587437,1.2388761709724847,-0.7482728379286528
0.448305123861661,0.4858565080512477,1.4309004044052789,-1.01821647006709
0.8792087247972015,0.6118678621364801,1.300377186053653,-0.48791552829531853
0.6221705002649505,0.4772526156449568,1.9613752766517805,-0.19361446015865552
0.7734821941270196,0.30376701950943674,1.911851256289463,-0.8904641632761912
0.6847323865536867,0.4559255350993799,1.3209817339307024,-0.6799445172121066
0.7953477744215337,0.527042576897764,1.943831340422315,-0.12546263102372826
0.7403844060264898,0.4028142256315757,1.6768102719896016,0.05682612030919278
0.7843499662704717,0.3200849053355193,1.5329174128035876,-1.2866361932666182
0.48439039285504126,0.36577767684894996,1.5697384398362193,0.2999077096845892
0.8920580011725595,0.44652475716340506,1.4870432154949433,-0.6633764666689892
0.9577898641275391,0.47376154590242897,1.1510946773475075,-0.8809023810560581
0.5724795983355307,0.49609974826807424,1.3219349381750751,-0.20081886011040617
0.7549222865700379,0.5306522498695496,1.8131909685159797,-0.5866718120363685
0.5901150162794923,0.16861562363687796,1.597541055387939,-1.2076031932357767
0.9677108963593746,0.3828253087982411,1.5579229701793245,-1.0416245171476317
0.8145747242995525,0.23282552317057892,1.5938714581780336,-0.25503702762240227
0.9662067943072414,0.3936709058301139,1.1713168109939383,-0.6713484478994006
0.84368656961496,0.5097520066217252,1.2762537824473592,-0.6759800903182012
0.946651331941243,0.40051822358177697,1.737343356515971,-0.04491504612776187
0.6532096203370863,0.7439633213612229,1.8337665065180895,-0.7764449927113403
0.3838694769636975,0.5554696015222975,1.5639190962004637,-0.9248600548460727
0.7657650732908918,0.44526548797200305,1.2972279835754934,0.0031189527583034594
0.7749101670021085,0.4797197563393828,1.4739175931806252,-0.0076773994008473775
0.8578199283862371,0.4264384239018348,1.81980204006642,-1.2977659735141105
0.7286177730692295,0.4252490127662256,2.1825086061545362,-0.4471702815025257
0.4079811414095851,0.5901772271375798,2.180081840581146,-1.0584128338727725
0.8387411269673984,0.38540759243120726,1.487556767032134,-0.896582766039358
0.9683750228353595,0.3382165206309368,1.727003992740913,-0.18360481403829018
0.9063736545149446,0.543248515438669,1.3666783350140896,-0.1889935477392818
0.7530256176631378,0.40131909075530814,1.0397242120653318,-0.623785841456322
0.513876670271923,0.43741697151127246,1.394697429249855,-0.6087604961685953
0.6648451452630609,0.4047260980385392,1.1260971668321462,-1.7733837273046071
0.8716388036099303,0.5695928015733519,1.7640710688797565,-1.3090664658277789
0.7367474190327096,0.5132431785981262,1.0906400809477843,-0.977181701576103
0.6068920591017531,0.2156080769201875,1.8157743172904497,-1.0003405361274262
0.8389894295305642,0.43806439313432616,1.5928393274689574,-1.2272281078066656
0.6875594477834323,0.4266773859853696,1.8890956865695119,-0.8002194612563751
0.9719596593122672,0.2379686229243668,1.0421330753790692,-1.293831115139367
0.6484470137727515,0.3888897501744731,1.7432232229656037,-0.6460487357371147
0.4980520522624046,0.29171021568493194,1.9715406869973422,-1.465759120102634
0.8206387598062966,0.39850957685887833,1.1557896951940994,-1.151771783990841
0.6779781254770041,0.599000656524854,1.8083240615950629,-1.1027649731220432
0.5798922688143101,0.7675325116516827,1.513315134617256,-0.6413273606140162
0.6343068226996347,0.46499834906446047,1.6123145871423428,-0.15562248050419847
0.9593492433291515,0.2977628429816129,2.0704671580215765,-1.2403001495792954
0.5282514043360319,0.5044833629569625,1.5762913249577541,-0.46150013605878665
0.6339453054601484,0.7626566433052534,2.206225311187137,-0.7322937996551407
0.7679543040305943,0.5829211780982887,1.6375535059399176,-0.3254144110464286
0.5776884003338937,0.6973147427109784,1.8365504853528714,-0.7494960517547125
0.9441873974128735,0.44605518389528953,1.9412066128206245,-0.2464124666941746
0.8358931223461067,0.3266315512375224,1.7200887029108842,-0.6874318032606759
0.5242503295888638,0.5513495113247715,1.9273522231699216,-0.6286243027409792
0.6993960207871965,0.4488510155219576,1.6805121333385575,-0.5490790694804024
0.6290850970783093,0.7624865656854941,1.1488853180621197,-0.732063678964441
0.8875220265839652,0.6144892603353547,1.6474780736336243,-0.3521031316154653
0.8694118938552088,0.3902495542770653,1.3171061633433285,-0.5119551899773385
0.6209778501434894,0.4080799830827056,1.5034968544582958,-0.6795723632175628
0.9522519220154446,0.46050609921029595,1.5833556217748004,-0.7326206603873588
0.8198183280630719,0.7756024472593228,1.622966292379517,-0.5217018626961594
0.9788498179849415,0.23097759084114527,1.1726718965315963,-0.8580364383823035
0.7053023549722489,0.2160106043774744,1.5604553717583314,-1.1099509945990824
0.7759217240493747,0.4728901181635954,1.597970040386351,-0.7868032382176849
0.9448209942409643,0.5900619659484148,1.1725661745083247,-0.8241324182877016
0.909969807752947,0.6618422992126914,1.7624440171835463,-1.0379040724571282
0.7077527209721901,0.38980745957014473,1.5926243813955452,-0.5414223998326394
0.7302946371452461,0.3746774273408999,1.4047794630637258,-0.4707812400919297
0.7126226451432187,0.4582891630003347,1.612691005861057,-0.3532670117934985
0.9410884210789979,0.4155987414986134,1.3832871892601943,-2.1053646900450635
0.868344530509893,0.4902434203757013,1.8883441480185483,-0.7354601948903261
0.8825857206294272,0.3207897048904986,1.7688769713973278,-1.1360488546199814
0.3086444722344755,0.6512681286931493,1.9874813170051895,-1.2214485644701518
0.47971174879320194,0.6624489708941929,1.5776395132399779,-1.019799478588374
0.3826579849244922,0.29785703235740146,1.816914479575882,-0.27108360229954864
0.7390306142043067,0.5802262314949526,1.4096724804214604,-0.9488812480466046
0.49773042370988796,0.44345706099505305,1.4958091406369047,-1.2797847769787292
0.6963948658669636,0.5141824703139817,1.7191814067436426,-0.308743790472958
0.678347218152265,0.5149348634215197,2.0369662103390764,-0.728217884370073
0.6264809441231401,0.5491245187824146,1.516527391844039,-0.8845993053167982
0.929036640301872,0.3947968848957765,1.7639579473050822,-0.922488169389614
0.4859977841649586,0.30577296006221666,1.4226094176712847,-0.5460594418594394
0.793817437596846,0.572553518371419,1.8118516114927419,-0.8659366998546251
0.7362084783546721,0.4210015953046732,1.1721133016818268,-0.27523514922684417
0.6079991384634905,0.5736973484869995,1.53631863444098,-0.8587890076623463
0.4806854537773479,0.608337193793919,1.9030515608874434,-1.0572262992840369
0.976274572336909,0.4969373884962943,1.5465212156038923,-0.8296073423929643
0.7481398140858372,0.46555839421065526,1.2381669665866453,0.37304973394568414
0.6810654642261113,0.35307974660316693,1.9205431421252337,-0.5407280185455976
0.8407060880460157,0.478884938384828,1.77832831601123,-1.3623779429654848
0.7625414074175856,0.40187168555694275,1.6146402005902416,-0.3341467531947952
0.5570115244438912,0.47852902045066675,1.9190523439884835,-0.48403453196494295
0.8384470766164704,0.745937091444148,1.3264405364714398,-0.586097636944803
0.8634486645971073,0.5061297837826042,1.6495506866805605,-0.7298217276718864
0.7203087628927358,0.4515310424837536,2.001505428103752,-1.0786720508592655
0.9549478118449038,0.6669994038364617,1.2779168123952878,-0.560711899811777
0.6999584515540406,0.6162079839999997,1.3454404174748762,-0.5682467824754569
0.7387425714106198,0.3442672698839754,1.6848640994880735,-1.1107513453467728
0.8322561224072075,0.5024441486899971,1.3669984723895594,-0.697953815134046
0.7342754175777653,0.678235866073366,1.5267896077614886,-0.8528909863163633
0.7239824088466573,0.3782879862716968,1.3775182525249108,-0.48216679300848064
0.549945401751943,0.6641298954903315,1.302072533688954,-0.23652240565947283
0.2768287872226116,0.49687070992619753,1.4560389429355856,-0.5303886209468525
0.7896807249381504,0.5894313203740833,1.4954454081955246,-0.4184609184521737
0.6007678250901264,0.5857634671601716,1.874755200833381,-1.096260157050402
0.7447176227377215,0.33220433324106563,1.8551985863652773,-1.2680709557795355
0.8241405567272823,0.7076041854053136,1.420778736745963,-0.4425277563961717
0.8612284248047831,0.36275127093717363,1.6422176277142542,-0.9300263423111094
0.8819957532807529,0.4112864476960957,1.6949227428162763,-0.5382436087975768
0.875350987987125,0.45821569241468985,1.5357609574856776,-0.8399757722021781
0.6531835565026387,0.6469177139707712,1.5522111172027608,-0.2510053124646734
0.6907706822740224,0.583742042891172,1.7981961078931854,-0.4914426210900335
0.3639567379132491,0.5658534460195404,1.3375274436529145,-0.6646449083950156
0.6299117050771238,0.49346407718700674,1.4121568237160218,-0.41622288809703917
0.8085109681285635,0.46556879393199757,1.8524518246666006,-0.8465811134846805
0.7868083510193264,0.39771723178904067,1.5581281935388474,-0.7329974962411395
0.4778155285109225,0.541085093670312,1.1728150969025224,-0.8149964156338323
0.8443022990720009,0.5392139705617227,1.5826989735794967,-0.3672424552117269
0.6129702756524386,0.373746482580407,1.7933099705628928,0.592519633882059
0.5422282479715385,0.6508264312820479,1.8101516157583106,-0.3251595795887225
0.9164037030242413,0.2334368791866846,1.5540782387058916,-1.317084478700185
0.8616492703768446,0.4068756382575485,1.5427775834363684,-0.7505683212667936
0.571687274287181,0.5317455734478038,1.5793090485464687,-0.2806280079684542
0.898125129120504,0.5452326308157466,1.6773587909139798,-0.26985026730725187
0.3447406803675042,0.32844031305122917,1.7402809697483697,-0.10660568306936989
0.8663917051571491,0.6252637436713709,1.7306212858182894,-0.2998500845687958
0.9802682938003835,0.5395678223335495,1.7371510916999044,-0.8480385384164307
0.7465482779577669,0.4427566219823409,1.438021999692427,-0.6394145207989537
0.8175416506166553,0.3740043764369618,1.5172481673890943,-0.3313122077455347
0.8296571382605807,0.5421376484785141,1.340658492570771,-0.7797495109381644
0.8933115455937655,0.5738841806100228,1.443170186655502,-0.5148175857014388
0.9267403260642085,0.28476615754744233,1.8385163597425296,-1.0191267149093965
0.9776757458003993,0.31620728333065967,1.5046891299449339,-0.1262227961957767
0.7479503895364811,0.44268334062053144,1.679884136233297,-0.7460391844659771
0.7140344015312017,0.5724049634488997,1.5294257261781528,-0.35882089677308354
0.642093183346987,0.5242983955795184,1.4593100642057726,-0.45856532619163715
0.7830001563932943,0.6840769506680706,1.3482837288544212,-0.9142596314662159
0.9723125276374223,0.5352344533639333,1.450360939012472,-0.0842426202300591
0.9447400167485394,0.44993750544385086,1.9581196817059072,0.2004922120700595
0.9201210066390823,0.7013556171744129,1.4177739753962848,-1.1901738666880946
0.8583104274491268,0.56952641569898,0.8921614726882271,-0.47470697458976563
0.8942250666013939,0.43140523050576796,1.0487296422640877,0.662767163403856
0.7785799891826313,0.5941095812244864,2.2775541577608434,-0.6269093234363418
0.76124786376375,0.5545834760638787,1.6068271536788108,-0.9592585381357673
0.5192134876366465,0.6139693436990626,1.5285317781223255,-1.0901976310266654
0.3242126611363002,0.5248484671392515,1.9270587930654162,-0.04239955560067685
0.8108002137563429,0.48869231505974664,1.7869759509230903,-0.8466073579661472
0.7251734227010307,0.5891087585387861,1.394749346425838,-0.5710176142365571
0.38212026921670794,0.4305708289933503,1.2738034222871752,-0.6514412037531913
0.867283583385302,0.48602104582793487,1.6637653200677216,-0.21589467029566523
0.9471502770117606,0.47280090973976635,1.6390754018003255,-0.9159120449760374
0.8489206283847501,0.34375597846596456,1.0858990599603415,-0.2419766750119635
0.7300138016413715,0.4991097284027448,1.527094736621854,-1.166721852151848
0.8910030221208509,0.5516451756998101,1.5556254254388633,-0.5494371267846391
0.7007244026863967,0.6211909521294108,1.5169082003365986,-0.1942403613961038
0.5471989420548583,0.2681548863930629,1.6691749806153202,-0.8731793815336386
0.9849327927851739,0.522396462920913,1.2519145691275553,-1.7621569154663839
0.554719291324941,0.6162146009705038,1.8705819454875139,-0.7280794638433159
0.8798003795140594,0.26080253584373714,1.7984014181141126,-0.859797067732386
0.5833757805018507,0.5876338154842776,1.9082033104906586,-1.2095600063011929
0.7959530587335734,0.24043332809353954,1.3779876468367873,-0.8147257065731915
0.648728635212166,0.5204696562636831,2.0256998002201025,-0.7696541752521598
0.7448806318679198,0.3897856678496511,1.5592924033190576,-0.006218530826613777
0.9031667000950423,0.6094964495178385,1.3770917155879998,-0.9506447456599115
0.8010700661666014,0.5074044326017876,1.5794252891262182,-1.3483653605697392
0.32586005885833236,0.42142871776928614,1.9557809606487153,-1.0372601666435566
0.8748164951989833,0.310885001749465,1.5502575008500061,-0.6555895462733544
0.9421040867053172,0.5473204381024732,1.5297179302616055,-0.707435858842993
0.768716447451793,0.6590512484157394,1.6863441065056617,-0.3871818946179843
0.7458220867605032,0.2520490113352626,1.7821184167575608,-0.6641327642696213
0.8701374842354651,0.6132100719403426,1.6631966746838447,-0.5654050310522145
0.5158037559447557,0.3874143880009648,1.805117191685245,-1.262022346404403
0.8143793462901145,0.43234028763824545,1.5216355459865225,-0.6990907278127549
0.866657741990243,0.6282177468706336,1.256978291191631,-0.6883039602654495
0.9303291040008027,0.39238241418761916,1.906838466526843,-1.1388655790666928
0.8114346370804473,0.5276874042346256,1.7123713893511243,-0.8928660689613478
0.9273977522276824,0.42024128397324423,1.3229576259128415,-0.7135353582960261
0.9571862850910718,0.36007263722774696,1.2192461282414375,-0.22147434397993163
0.8514982028036788,0.3676781029587622,1.3941107503861168,-0.698778476339558
0.8253265342135182,0.6682226667782177,1.925510521369599,-0.36730582839323034
0.7019647839771929,0.6014669982838462,1.6044108729044138,-0.44866225732538784
0.9544672514220796,0.38508501619541535,1.7078573035954472,-0.21368168524009856
0.34860717889931253,0.42643473352992567,1.9404710665764455,-0.6403264683963612
0.9469115174732575,0.5052704342158982,1.239956874774913,-0.4104738076479291
0.37534314762044335,0.33338986812846066,1.6685475119002167,-0.5929932404827608
0.6413978621150113,0.5490062590733287,1.350263793314455,-0.9157700032381968
0.7970687391774279,0.3632627140468273,1.4118541961846343,-1.1443039626823057
0.6276883260820504,0.5777260305244435,1.1255065647440976,-0.08830711532342478
0.8031958871239477,0.7598535883501955,1.6338008856952424,-0.7178603693422406
0.48585873280044667,0.46642382462629955,1.7449314927206225,-0.9838245769677927
0.5773874958059652,0.600169288610305,1.6434408354295418,-0.5726198454955432
0.6432981912940733,0.3865444104792344,1.9334878070979662,-0.8288309439519012
0.8764597438262401,0.6217457140652448,1.4297781726959966,-0.6835704105378043
0.6194824285315662,0.525920449541936,1.4115673799062478,-0.6694982366070215
0.8576545404159207,0.6009339088907408,1.4721862940902715,-1.2094184677491298
0.8312663041744952,0.5147222546747815,1.4021712227548313,-1.7432503439573697
0.6581151543157642,0.45791514032050146,2.0161829468352743,-0.035112081996513715
0.7903498853390838,0.44747033977341055,1.52646106124117,-0.42500529921580804
0.9118926964317897,0.6368474845485407,1.330684884129363,-0.8683259439196096
0.6798311699753611,0.3618186502699517,2.203077081579792,-0.9198981831783895
0.9455874211452507,0.4957647136014308,1.4429971781404358,-1.2082384677535203
0.9847498047035971,0.34049102543756865,1.6382139986038966,-1.5613121349335397
0.4756356107610043,0.6367601287998956,1.4367130501741554,-0.39688876676945106
0.5802373299764977,0.4717362705858033,1.9102676769388323,-0.908984598887304
0.9334782421233169,0.5720203782050788,1.5416136911691642,-1.386413754993243
0.4685287962146211,0.2601005490839326,1.3155827384233567,-1.5951082927358315
0.4722794804848969,0.5727284967359169,1.6744822828728765,-1.4768902136806263
0.8745040155546014,0.6156735612259525,1.4826522654644365,-0.09052441041103534
0.7080539797574403,0.6147642309460454,1.2835064340502147,-0.8253282367796874
0.8338933269861254,0.46120721303699663,1.1384715938312933,-0.6573371486339215
0.5022227389299796,0.3865661244937005,1.4643582456008624,-0.7729953518974896
0.8263136726411097,0.3829439045282022,1.7248109662082334,0.09899343627258869
0.5456798582528801,0.5337087069795919,1.7506248191995992,-0.7537467694099174
0.9269443890618276,0.6208193655026332,1.0222204599930942,-0.4561597816902695
0.940878345350464,0.5137170388525051,1.9203256645280253,0.09458319491826367
0.6859188745673931,0.46334459841162035,1.553420986272655,-0.7919767594142618
0.7384595579030062,0.7151486013422917,1.954268744853934,-0.868775190579232
0.923895024025444,0.41350190645172125,1.305977907220017,-0.17856438916364292
0.4402932762146501,0.3451231486495649,1.5656384363389242,-0.9384891143030637
0.894071801038851,0.6604065634349292,1.4696226637514238,-0.3982364817267563
0.7302911336880467,0.3994360046609047,1.6374930587555943,-0.6389536468937265
0.35753272047822143,0.5812349545927922,1.634241706141201,-0.7217450129525296
0.5201336492821855,0.35489826696926474,1.7171230651034417,-0.7654943510857563
0.7847892186434768,0.42806327769837255,1.3698074758686067,-0.6700911927192337
0.8485109053510617,0.5046154002107387,1.8202260200628362,-0.3546312800282568
0.6059788270415408,0.5656694891531341,1.6229011493471386,-0.7042626150973322
0.6461738150526839,0.5036638927974391,1.6954974061590675,-0.6943595554424515
0.7787747525805839,0.58632506979319865,1.7861144000423834,0.07655170891704671
0.6646392077332465,0.38439552585890857,1.4691067080606535,-0.6961842487383444
0.3531204977641097,0.5064521237693345,1.690502749030456,-0.3576804770383008
0.7217397966361274,0.456265726148006,1.9800257606671545,-0.6022214592172587
0.985931898926196,0.4445574089680946,0.9458167645292684,-0.03552942294170455
0.9122920613930929,0.5298743335597088,1.4212024136527475,-1.1406046898218962
0.48025384011026795,0.5341162440304679,1.7788135955522408,-0.12312358810563125
0.8166577566425322,0.3748626945313537,1.3851045595024776,-1.0203016913126683
0.9086615913179347,0.3437696813763003,1.9333876373388221,-1.0841520465764853
0.8679856765327216,0.43514913196085026,1.378044043209555,-0.246534043268554
0.7783460706648304,0.5715471099268091,1.708497440678787,-0.7897965560918132
0.5883779648066231,0.28708300830676436,1.4624349721622776,-0.9466320779753769
0.9132826146002397,0.3771321258311357,1.698829844108526,-0.6707952190879135
0.8084718055854836,0.5186841613168393,1.5383865874818963,-1.129337457177447
0.47937156988874735,0.37918122440794777,1.3478047934545523,-0.8338935014466462
0.5466678629309445,0.3545828048813053,1.395813229746285,-0.7239412492371482
0.7387448165235266,0.7066340096348319,1.8657179474540824,-0.8767320909983066
0.7328107261679082,0.5105665362078062,1.8479967873336955,-0.3262265860072293
0.922775610965926,0.640326269981791,1.4213646673305813,-0.8879740961977287
0.8673828133128273,0.4916078809630232,1.3716262992514272,-0.6862549511691204
0.8352289171984691,0.47212283063983207,2.146425723924457,-1.081432253470372
0.6620728563814022,0.5228461432391998,0.8531300338923388,-0.8483680378645452
0.9219176974546501,0.6062251395198642,1.4663033254575613,-0.09776267030234091
0.5820317619348251,0.5460504002053532,1.896236210784639,-1.2070402195333299
0.8332103043039988,0.4403508310377659,1.19817878724048,-0.20483651793865387
0.79983094886858,0.3250483201787198,1.2438523895787583,-0.21097558426235535
0.622934897234947,0.45775427109170574,1.7406390800527092,-1.4111794346687685
0.6574536764051885,0.49202017877819443,1.7362560436448218,-0.828990700956638
0.24118358206050763,0.6312337919925014,2.073258991228535,-0.4457484038863555
0.7993249706200711,0.5833619462647586,1.6227194649269352,-0.4488987314244208
0.6388095378004736,0.4491011744258774,1.737259765659059,-0.33722525244274104
0.8706205117081065,0.4349094394916687,1.7445944347387095,-0.4860294196180271
0.5165813270656066,0.5151889891731167,2.1080567118452276,-1.600877016124989
0.9181319356141733,0.5475778497716055,1.7937692121987507,-0.16810670630363095
0.5129080509951559,0.5371030812087845,0.9496111025897852,-1.0166684187715616
0.8790990463165679,0.5385235860624598,1.6068776792106851,-0.628639665675607
0.9788503890126612,0.4782751128943138,1.304493541415648,-1.0217906294553074
0.7953381192661647,0.5983572777082982,1.7362060164492454,-0.8450443993658557
0.7644386430236606,0.42532074418055454,2.0793203435642287,-1.2137461234288345
0.8326569818760058,0.7191812249379191,1.5243580454517147,0.23291105809581686
0.525403952760567,0.23322325745436545,1.5006592901257787,-0.9366769943236647
0.6293175800469653,0.47501559799346016,1.6442680020667466,-0.6293781048102025
0.901735370776566,0.6084257524969906,1.5163651264825724,0.08853997600685844
0.392319355446437,0.22712388510776618,1.3781560188784094,-0.16288129186497163
0.5921987498203827,0.30930353115046694,1.8215509452349345,-0.2707806479715013
0.5998041318367656,0.37143340451493156,2.027744019471153,-0.7787777823602287
0.5583890893412224,0.28501788942208967,1.9859948493978778,-0.8566483698883218
0.8595135107806647,0.49574436797308463,1.6158934498699125,-0.49207109370851854
0.6568075339206861,0.42486341276222356,1.695396589837071,-0.44640917800822877
0.7984811180016597,0.43063089290737744,1.3186128770761625,-0.5249914131200879
0.651195346904073,0.41482228964408313,1.4316027276669203,-0.6819262530758218
0.5053219185927987,0.5021096793763593,1.478336275116253,-1.158750239530034
0.6511505478760403,0.4051174972288343,1.7677899633064087,-0.8506856004318079
0.9932837762382711,0.6286588824831305,1.1677153546461487,-0.5192529826014111
0.5333067517414048,0.5112430954099006,1.6402266476307705,-0.4430529687661574
0.7315518072449506,0.6070253272562043,1.4047729733319803,-1.0477522406900557
0.7687113902001327,0.4365234572321395,1.6963875024361716,-0.5156952867162293
0.8403567173863314,0.2443026924951303,1.7771592800974165,-0.6506781403567012
0.9460414518346217,0.48465160959512005,1.385431347030926,0.16216487744702118
0.9031853915947765,0.552393247788354,1.5502213972481524,-0.2040897880940291
0.5784585629822981,0.4736672710731545,1.3795830926202752,-0.8396018748667748
0.5651117147419388,0.46569007517421096,1.3388792539929428,-1.2960197478040039
0.6367573640738277,0.535101628165006,2.0379613735609725,-1.0011329245312441
0.3216155725047727,0.6865806925709855,1.6165590188852808,-0.6846560392313945
0.7643680306028096,0.50689706588888,2.1359306792393062,-0.590505254274758
0.37711396889667637,0.563918171894347,1.3636538719383795,-0.5507714955483489
0.5617827949503182,0.4239471752699466,1.890522346215434,-0.4240701969117486
0.8395546283585428,0.5119830381023965,1.6320253772066764,-0.652772250812207
0.6943093744930524,0.25793684215112045,1.4141286616853126,-0.30067838317382223
0.9029943335612635,0.5650893621919718,1.0540795264283964,-0.7287359510207259
0.7206500487201367,0.4349843061529686,1.6093218794427009,0.1366055616607652
0.9881295310220514,0.23834797067768895,1.1959923700383308,-0.7101511382770979
0.9945842465514172,0.29726097216747105,1.2296122792543864,-0.5922055881791581
0.8636260796917634,0.3649595087984854,1.5905424067253016,-0.29156506272835475
0.4877296555769461,0.41891400280270585,1.7914319251231374,-1.0535106026533252
0.7864453183529662,0.5910533353513262,1.21901822890115,-0.6716406121708006
0.9699721672696276,0.6353729349256442,1.4582652586788238,0.07524842194306121
0.7351324738162691,0.29704040233850815,1.6211254289303434,-0.26011880693373635
0.9138412605056391,0.4697416500083755,1.6443701761059326,-0.7505036771633476
0.75792690859282,0.5637714015770227,1.4245474635936646,-1.1623928802718493
0.6424652942426354,0.6309546878379336,1.5513032407201401,-1.6307024063400941
0.6824138463982503,0.25252311189726057,1.6568378025504986,-0.39913465617095384
0.3583706941202599,0.7247724761438504,1.5485985620876874,-0.11140191263776797
0.7312157408853242,0.4434771797340571,1.593361002289246,-0.7497519454534449
0.9758249101530679,0.44094352202662906,1.1929029085820735,-0.5679168545585238
0.577901996155353,0.48628964293671245,1.6129221809542473,-0.8200822022669808
0.9903238543555176,0.42603054481182134,1.6999034852863284,-0.6093212220496808
0.9052306006277296,0.5022158351138175,1.67807843303919,-0.6141535787689272
0.9850882871506956,0.35405570925421437,1.229863972127612,-1.7248381492427673
0.7400040362430701,0.5740311798521224,1.833455757177551,-0.45827245694257307
0.6311332271245372,0.5191383321981587,1.27256566539162,-0.31732431514340365
0.801348073668394,0.47968190099463653,1.308969992507228,-1.267006634001968
0.6836891788623091,0.4800129508065425,1.7784321594185832,-0.8614776626020152
0.5882165764459727,0.3945015788368016,2.092384032244702,-0.6900972314699889
0.7731639388781744,0.5364923312998183,1.5760337249294356,-0.5217213918008248
0.9231209945864607,0.4163385042530116,1.5862794591375837,-0.752613506876347
0.8060799163888298,0.29897912004193006,1.0457693000107422,-0.9365101836162845
0.5557913373187542,0.444773003950696,1.6901868975524135,-0.5886164514662355
0.8238192079410205,0.24798909179782874,1.3229989962606081,-1.3678634051335834
0.8830355049856294,0.36982425316183165,1.8078396229971874,-0.11340324696687534
0.3789278385832307,0.3982152701887626,1.5218482314606012,0.042819480950849614
0.7318290305585738,0.2414895838929981,1.571229632740859,-0.6697376508799777
0.3778035306052524,0.40028679991527494,1.489996094117091,-0.2414034490071484
0.8596822974213681,0.6074786026594606,1.3711594157787055,-0.5486332706985948
0.9724126369613795,0.44976201893094864,1.574245013084091,-1.1017440325949532
0.32755152609768523,0.38250711215009137,1.4692809672770304,-0.2541022874522966
0.6365207562312015,0.4595898335440385,1.6724029085722187,-0.7821447009035782
0.3650070167039094,0.5258885990760777,1.5336454994880984,-0.44921399339065077
0.9195830147482297,0.3341199425467762,1.9170116161905337,-0.8712919343086611
0.9020174430903554,0.5275539243268952,1.349285371123027,-0.33187450232274174
0.46790800869668303,0.4895172095511221,1.812232761265333,-0.7106413196383428
0.5954063954470372,0.536211456307764,1.3744567540728514,-0.7704776322188316
0.8171959439550306,0.42313774764224127,1.61034618007834,-0.34697878233600343
0.49808148158612753,0.5784422512134914,1.6534593285059422,-0.985750543012694
0.803473129415922,0.2974738407670129,1.695155134654838,-0.4641976691626398
0.6163080362832749,0.42844771141344046,1.9382524696899455,-0.14083210369769564
0.9173822196268354,0.5127849091852323,1.4288079622976584,-0.35219400320774746
0.8303099590523418,0.7110010152567846,1.4854518434967976,0.4823978034324997
0.7706569614864412,0.6842403063089602,1.9002718439424022,-0.6622776217853212
0.8128017191238796,0.3132950036083777,1.9116649819502411,-0.07527878249290418
0.8095379017028952,0.4854685092582403,2.0888475449896307,-0.4776085570514879
0.6399109781772239,0.5755822769688693,1.5669960772549631,-0.06204805205255987
0.8645978228251039,0.6606125271608677,1.1450240413679094,-0.436657633447724
0.5870583799191145,0.3788587753426933,1.318811895902239,-0.6976435893250243
0.7017650798930761,0.44676367929311295,1.438716816920113,-0.43062615268168797
0.9089904587192219,0.614552143000759,1.6191538261704037,-0.8108466216170523
0.6753605715499978,0.3895205308199168,1.5509983730137498,-1.31149926409174
0.735151969909694,0.29886408421694693,1.8268900984588663,-0.8285534736872568
0.9824153953795954,0.422489142294947,1.5111889843055928,-0.8505352394456257
0.6096841767094182,0.4265856048312262,1.4455948293488083,-0.41373526731630084
0.7193420375617948,0.6113689777766087,1.3627081633351763,-0.008001082735654853
0.5259557960994995,0.3338793076614976,1.935702090283685,-0.8613562841096496
0.8137350219309936,0.5039130840571457,1.188067647114282,-1.0153282242583546
0.2593036202276669,0.5286921582197713,1.9244813760462267,-0.6737557546560203
0.846792541938969,0.47357838989455353,1.4920483341578417,0.13556195171352814
0.9268937558653926,0.4544446015073795,1.7324039966215175,-1.1964553472068604
0.4309249792809046,0.5378596115678502,2.0161831879285925,-0.317938755494639
0.6632747796017433,0.363686581458981,1.573562247537807,-0.9627208289852487
0.5455251370315877,0.6819058950743617,1.4176918633505544,-1.0373492423159125
0.5513124834547939,0.5250918394967239,1.7556492880213013,-0.5815235869532227
0.8020388198448531,0.44191633732798397,1.5379053762236825,-0.8998273833514302
0.3577249421003357,0.42069810172171923,1.7701045515416527,-0.8468290163991324
0.5714093668850694,0.49842469945169976,1.3906299636226522,-0.08094667190037043
0.8470306911588177,0.40424983265781084,1.8386527419211136,-0.6806294260553691
0.5986100892057784,0.4790882911948345,2.2981223198930674,-0.5601008047587112
0.5111801376531436,0.49558127526528156,1.4649966325057742,-0.03931040358543027
0.8275245850694055,0.37761690142944143,1.58788071597173,-0.6755372635134937
0.777491809337514,0.545480389061421,1.8901640001290478,-0.3250334748267558
0.827862946771766,0.43458118393421025,1.6936620810778888,-1.0247603804936045
0.9932502559547293,0.4406065329003895,1.623062626496799,-0.13213869674659476
0.7922850163064254,0.4827218793632153,1.5062897498369758,-1.0238565176156778
0.663055721583094,0.5393060258296049,1.3535939808845379,-0.6443242355566047
0.9484157434983266,0.29678220695383817,1.570666845950443,-1.0007679268294374
0.7988164824069656,0.5794368636181658,0.9761810072352435,-0.9796972324274296
0.7827785648871534,0.22239546652110878,1.370450905108153,-1.3434833756164783
0.5344207809291335,0.584078866611488,1.6618172735484937,-0.6996286310843737
0.7258956194222302,0.5739766333359307,1.5576386367499477,-0.581919523271427
0.782441670307938,0.5783315395957596,1.6188334749301228,-0.7872176229859891
0.786337359612453,0.4122086690922416,1.3069362605417967,-0.699097415786419
0.9447048082465604,0.3961047599076073,1.6240490507172052,-0.5137235196350901
0.5085413813590417,0.5520998204452345,1.6245134783066792,-1.3936452926825706
0.8581646629529969,0.29176953178967496,2.170272915386873,0.061599733437082124
0.6804270555328633,0.43485058474550775,1.4246344345506456,-0.7068280205550166
0.4170418284888259,0.5561116877817809,1.8350651050294926,-0.088445928957922
0.9030510023188573,0.44414061189119136,1.49959112962649,-0.8465199070177075
0.8630461535160687,0.4580114694110117,1.3078999749396978,-0.8726006389380989
0.6127463366382205,0.31035899332049643,1.6022888178779846,-0.4078572736502922
0.5227427616099001,0.4099212733638541,1.901980692533247,0.08602720239106479
0.7799411060412563,0.5099762284527761,1.6197803243031534,-0.5861997427728068
0.766515334973122,0.4051055211839236,1.8829272573024718,-0.750868345085043
0.9220757697136378,0.3921146196049405,1.7178570730624267,-0.004651137977407092
0.3566110326200266,0.40276654750756885,1.4456851366284285,-0.23428753432792146
0.8285631483671433,0.4830726244256876,1.5635361996203379,-0.1901918293670559
0.550751494181189,0.553932629294227,1.423585620866736,-0.8478471081277518
0.95246451722531,0.47636146587419836,1.292552775581437,-1.050084356596046
0.8611784345833194,0.3964371451039887,1.3102910901246991,-0.9056011098424092
0.9162444551180643,0.5300751826386407,1.33493854690771,-0.07395106843831531
0.6359720667214909,0.4179813258335007,1.4695816036621068,-0.44335277756205904
0.6051849737025662,0.48197316898659587,1.4506329176131492,-0.5034211828560582
0.866304460714085,0.4729249589092613,1.631546869866945,-0.41673788889770097
0.9772420044618828,0.6530712995221907,1.798366859292532,0.09399112151402789
0.4600771893467555,0.42676412602277314,1.9320163472025975,-1.6292931052859447
0.792347366883884,0.5236882202092646,1.6854856812062733,-0.636869923161881
0.8521348668324651,0.6893781218245464,1.6703917171176481,-0.6200918007843843
0.9612414509340818,0.41549289897834685,1.5710079864103028,-0.08113447724442409
0.5514408777587038,0.3423670740390317,1.6219889765745439,-1.591305697887984
0.7735257424861189,0.3027124530123104,1.2983374675231394,-0.5429763857524171
0.68427451404142,0.3963030836939326,1.6139134888647761,-0.9122403475343559
0.7965395827153039,0.5184206406453695,1.2930410199682558,-0.3184270996537607
0.8891451140665992,0.5612701120578145,1.4789473070465808,-1.6788085843197007
0.9240572330603056,0.6130257070399928,1.4046610048752184,-1.3267948387498165
0.9035889572642077,0.6390475154779751,1.720064380939766,-0.6097281306460156
0.8518504044078344,0.579942564790413,1.9641594400339133,-0.7728361791960124
0.4928173508623371,0.4900447420387276,1.674133693868339,-1.3903513862023955
0.46228096673863606,0.45261951744743983,1.7795650402221148,-0.3233585735469012
0.5543353002243335,0.43124160539419076,1.2392574123494302,-1.2804836611741321
0.7064134853790004,0.3838863732034668,1.7457416980590021,-0.6136947849304504
0.7244460290688264,0.39961660963756407,1.770760573879489,-0.5972446477953697
0.8170722588097593,0.7503433529915884,1.5230215760379782,-1.4261657824256118
0.8640201897546701,0.5050680776267082,1.5602249418306187,-0.27595577524616544
0.9177765133490352,0.45218056893100267,1.53446878465057,-1.1598884485997571
0.9596947193054497,0.5388906958258671,1.8195898588053956,-0.6858786529996397
0.8782678380002621,0.5906471435305057,1.5315060636270132,-0.591933198196335
0.8916643594237934,0.49556529690547174,1.5957915299481038,-1.16124127706542
0.6310142099965952,0.727485183432671,1.3230215885470848,-1.4597409788234288
0.8409927794853815,0.40064802385500065,1.4796249335220455,-0.9863765527784718
0.4492884082884155,0.4267515571410908,1.1850281189515997,-0.9789353407619753
0.608710993656343,0.459097779281215,1.3990024525964477,-0.7568202669226238
0.6933573878035653,0.44666323618520837,2.035209107515408,-0.4840122772549039
0.8527161435811661,0.48447733628194506,1.3561605947990643,-1.9997634920256588
0.6935843340868137,0.587274711856405,2.128514248640655,-1.0549131158404246
0.786342712611887,0.4546615464724195,1.5054661181820193,0.06954920046473964
0.7885059438810487,0.5554961466438263,1.642088597564164,-0.5544191437768027
0.6825792135228147,0.2213626545332668,1.4603081725599287,7.363960706813891e-4
0.6601180457912919,0.4048476848199843,1.7415622304346763,-0.7444033716513246
0.8410940276596124,0.4434671418845592,1.4559847202042602,-1.1293057410999716
0.8620435480552069,0.3911960786518932,1.4980059275764055,0.0991481879752092
0.6568845864351697,0.48247921286093853,1.5724794039399956,-0.8995965914342277
0.7552438243853945,0.25462350680157725,1.4663703977592708,-0.5747856272154951
0.8233174245660747,0.38872232721620487,1.6108722098901158,0.17250866473213894
0.761380649028793,0.4116481495648052,1.4834991018221952,-0.3680221216880905
0.6380682227193433,0.2497773204186339,1.3430020076502371,-0.36075142174392294
0.668671074716366,0.5228426712062372,1.4745572016841528,-1.373357513529385
0.7751882625498817,0.3971495435734367,1.5580536687428117,-0.3079043449416534
0.7509269739321779,0.27284810423755745,1.7022451562186958,-0.3884465578794216
0.8804783385044024,0.38238805647138496,1.6277287254030024,-0.48573626808365467
0.6488078240441871,0.35370748583719863,1.334651129864314,-0.11113258955042146
0.6745785199435117,0.3871558003815051,1.4589541745089878,-0.5624671137930977
0.949273404621125,0.44670797041002097,1.3959631551928522,-0.346913323173276
0.9249616562468155,0.6207221873436204,1.9321762113640497,-0.9144541915069558
0.7761846659634475,0.4610993056962889,1.6892346952468056,-0.5734800912877803
0.9138111645631112,0.6523925980497457,1.5283226736296445,-0.3893458522308175
0.9823296880974516,0.42659743720518556,1.6906856971160635,-1.4734442628435789
0.724851565063905,0.4743131050601628,1.5360858905884045,-1.2419264811623707
0.6227801297934901,0.4859945090028593,1.9158872239823317,-0.9837533727072232
0.9877363855504921,0.5528743727902671,1.3736260979892412,-0.7682414108808636
0.39707848064676216,0.4315724093848985,2.098802255229953,-0.5578889673288167
0.6507379003759585,0.4211280972183594,1.214356969416653,-0.6844839684479338
0.9049062381516644,0.530862250617638,1.6533463347637385,-0.11494071890082554
0.4656812442299419,0.34508294714982773,1.7564578137042095,-0.6690977663473858
0.23954786401337141,0.5366518283483069,1.6044288572321426,-0.9786148193196347
0.8025480202011459,0.5131626427148301,1.3249056624016189,-1.8010099197039782
0.7216511904073857,0.2953181055039574,1.7283823934499962,-0.44916980552353697
0.8369337898472623,0.4405513278442081,1.6741307065502424,-0.9047839460484584
0.7362773817044435,0.3793255745493278,1.552526263055438,-0.254037727454711
0.7853833710395794,0.6145515900249647,1.8294642165462747,-1.4103112364099382
0.6087935448404218,0.5886108941838384,1.511530814002425,-0.6155895659193962
0.8871485883218274,0.3662885520133804,1.0124446335355601,0.07819580131643154
0.23453592263293405,0.6034259769095704,1.5672651378111475,-0.6183013871420383
0.8277571843753432,0.5605860568891382,1.1711088085965333,-0.6781706638697302
0.706811922216124,0.5164577062659763,1.7150727839146533,-0.7050901492379467
0.7939090191167184,0.5146232172062623,1.5921333908160127,-1.3318053742798854
0.5930749234349303,0.4206087763252087,1.646194771172014,-0.19946379408821088
0.4969756181971284,0.21553242217622215,1.9379982285000357,-0.6341618767706807
0.20697905877619877,0.3220792521491425,1.742203361135661,-0.5742507477692544
0.3807163049590489,0.6421395771122492,1.636322625184859,-0.604724963194143
0.6226680391447024,0.32962069339099087,1.868808093138814,-0.8740376787105509
0.6515729933848152,0.40428870892018925,1.7222076712508727,-0.7945905355456268
0.9743455173121698,0.7374946551091465,1.6205072099355897,-0.427037015616422
0.995762226032491,0.34818801306682207,1.3055271443143484,-1.0146352864024177
0.8665178938578213,0.49478828462476543,1.5522398862205853,0.1009826279884696
0.6962077891238989,0.37321956925798216,1.1493683286277478,-0.5647523300020516
0.739581384989869,0.5734086565273295,1.2706233644577898,-1.8668694679001878
0.70751166354252,0.5514808338577254,1.586406504990283,-0.3968036151773166
0.9342944167179543,0.5223493675760923,1.4772428146147782,-0.528432653613285
0.7615271398820501,0.5181305098708291,1.868263149133119,0.22591475587345183
0.6239621309105661,0.3236487113470566,1.6575711776748485,-0.5052675450655054
0.5897791076420325,0.3457858520634944,1.7893037853987779,-0.5310387403176412
0.9306176738267684,0.7264257715082971,1.5706731776841394,-0.38279677475762286
0.4780502010558802,0.5398383021950226,1.8895897639676387,-0.4444047591850743
0.5062246627160719,0.358080611320134,1.6529477463776765,-0.8602036389277772
0.9721157573667345,0.33285046629784454,1.644822476795204,-0.7412654554977736
0.8346691926962928,0.47097070543020453,1.4326215395191355,-0.28803639820699245
0.860698943688231,0.4102087455137309,2.0393766561193467,-0.5677850773222385
0.9206664910936168,0.39758370074329047,1.5279864330405455,-0.7149631447910889
0.8049929537291609,0.1787245615344551,1.5178444087924867,-0.7376792599733131
0.5554417309879993,0.3816327213053543,1.785583799902971,-0.7832081827807623
0.859788257886228,0.5076561343735064,1.5880534260508774,-0.778467780176142
0.7994194307328435,0.5180287986217704,1.6669120231985188,-0.8990044555415052
0.7850424962435529,0.6077688087365196,1.5440991089283997,-0.7729614362464411
0.8647675143148944,0.4077100039851259,1.272848069109734,-0.6745960916600988
0.5857757108362266,0.5755369632998607,1.7909674882783726,0.10051554350972138
0.9368337893761908,0.6379883820028225,1.9247951611610268,-0.5265785584340217
0.3865174815731711,0.5041593101845763,1.2782945877029785,-0.8400248862672769
0.7371623747184218,0.43426069761066166,1.417276809879423,-0.9865526686041529
0.7582489183711582,0.4685874041236649,1.5887209842690289,-0.3114363526612304
0.6656494510272067,0.5390373774348727,1.7750759768067825,-0.6968422128956737
0.8270175193163605,0.3996856042272539,1.4626623342484022,-0.2900863042263243
0.6188370393042794,0.5180168853704665,1.7019574286882457,-0.9423745117120857
0.8638329956461067,0.34159076742606287,1.7923697202063513,0.10858476683621371
0.9816010773016098,0.48649317508185086,1.3253257901747957,-0.5547666938223118
0.7660986267671737,0.661310592648147,1.5282268670913919,-0.5695673325880892
0.9597379817937743,0.43728483881988905,1.4492749965307978,-0.3348789330961964
0.6874427310908549,0.42970897055513096,1.6776097972224866,-0.6030961146910924
0.8294488290572823,0.5429182051437019,1.6895329925949558,-0.4310217760865268
0.9549994671266286,0.6212448180451384,1.2979335460586585,-1.0186666466892074
0.8110895407885165,0.4817228181502856,1.2399169311015803,-0.9386011747116443
0.575519878009619,0.41513032645847703,1.586374524785461,-0.9093412906665437
0.4898826748888446,0.2603566778344287,1.6775567529677455,0.35408036596607945
0.808054795839168,0.39391642698130347,1.6278459932922897,-0.765779964986029
0.9482045183941491,0.44847396329737127,1.3396109976879444,-0.6080460304231082
0.6973014003898053,0.4469853955161343,1.363551526421984,-1.141548413320418
0.8949308224870401,0.3811961713670057,1.3100860929188325,-0.39699976235510115
0.6210905986255674,0.5256921125993843,1.8363746362941824,-0.5367787528869085
0.6379421827990049,0.5517173227972334,1.5265624294835491,-0.782555504860337
0.4533218898661792,0.3877012782408419,1.5902051731120463,-0.5445203315083138
0.6875209485758313,0.750691582001439,1.557276934638981,-0.25602057663932515
0.8224155228770897,0.40133454163449056,1.161188781563378,-0.6903291980017622
0.9005384558282915,0.375044331968713,1.7214833509709495,0.20109481266560017
0.8612583771670967,0.6772594555100758,1.4387131917456562,-0.6749923933347274
0.46162245661427304,0.5029495193420387,1.6542569967835643,-0.35611512996007166
0.8782623357633885,0.3901203973228688,1.6866202732397808,-0.3330664577996995
0.8256893199258383,0.5145017130018839,1.3379954652165822,0.12003007273412994
0.833814203629067,0.3191351687659314,1.9193470043609344,-0.8356792731967746
0.8568829896634117,0.3804410908348308,1.2396982712336917,-0.4419875266197854
0.9436269855082792,0.6004528281742814,1.5211214472875207,-1.2231278369170926
0.8419301660888283,0.27247772625499306,1.9984793367432514,-1.4082407834726245
0.8220368244739509,0.6225569069917515,1.3515803060855405,-0.5179883836710071
0.6838464335177212,0.610716306871941,1.7123582609406642,-0.7822093428835092
0.8968404160648286,0.3690944881748465,1.5567506184118234,-0.0520278831279547
0.5378897544113632,0.5415300397959297,2.1316670044270705,-1.0383262291529995
0.9654402351468264,0.5134717850887498,1.338415687239293,-0.1900926011634697
0.4589415096616276,0.5012610289157199,2.327700511480577,-0.5578286105394034
0.8055392098975648,0.5387270054140751,1.7510340343706254,-0.13789823949843116
0.8813552563055992,0.674901058794918,1.6297942535253784,-0.38111541139492455
0.7602365389799254,0.3733418311393763,1.7154207602455456,-0.7446973278657224
0.6824199677431625,0.37822412361214275,1.2617874463881025,-1.5425424883007615
0.8665513252073398,0.513381845164306,1.4321409207256737,0.22603913426810518
0.9131854677531395,0.4066729811650944,2.0087207319296785,-0.7893761057274247
0.6807158376648845,0.2848666155157841,1.7356906504548342,-0.24830320902661973
0.8432313240499911,0.3113918468711581,1.353220157043605,-0.5297659457336671
0.6307149880350832,0.3152978515509172,1.8281773739272158,-0.5828134005464843
0.5380475420745244,0.279369086689806,1.3499873484478386,-1.2918041518215782
0.961733167966327,0.6809218013168138,1.064377914101422,-0.23634904591638278
0.949497330213173,0.6808420651391395,1.0561125940300242,-0.16615359450960326
0.7225791539181696,0.6278486980989589,1.5952189035226552,-0.6969900363543188
0.6064837913741234,0.32994374459769693,1.9727446726883417,-0.6269145490940983
0.6929848931504043,0.3921864460317348,1.637628364768552,-0.33893930709439263
0.9807961489740449,0.48552923869679143,1.5748497899110265,-1.066711765040656
0.6514640811282909,0.5638665379098687,1.8008630614447314,-0.31163665027043597
0.7873859157670072,0.38646455958454845,2.14032541196634,-1.0670165955504263
0.9242183696941842,0.5405792924755184,1.7958111058680617,-0.5847785671094247
0.8344090253352248,0.413092492674676,1.2780545110023116,-0.144974201362958
0.8157192221066073,0.31254634790373376,1.5478143976631498,-0.16342482675514194
0.6709504757282534,0.4230574199880701,1.5847546609718133,-0.2638760307005423
0.8608524630432359,0.5850980309029191,1.5190586907484882,-0.11338974996781485
0.898208215024504,0.4406484216983388,1.5831135207903266,-0.4346326374682622
0.8932204908876136,0.46273203237548854,1.419381368873357,-0.6825647481609733
0.2943343674676326,0.36427505751355826,1.9901828709710685,-0.2564965651010359
0.7732604542773402,0.6113199215789846,1.7703243477889832,-0.228459890814411
0.8979421415552129,0.3763134740929206,1.3240212833605456,-0.7093139800832172
0.7911081540506113,0.36041045403645183,1.089109150461362,-1.4804223400431418
0.9248771226374278,0.4409050263119,1.5129226876672126,-0.4337581529363995
0.8901504330644566,0.2704256835859809,1.5577591669359114,-0.5794585468807959
0.9069521735035049,0.5371194416387239,1.2068061393989657,-0.9557917339744864
0.9402046559078087,0.52168527666604,1.33158741023962,-0.6098942430616658
0.7562707751659734,0.38910452077319024,1.8345937689593808,-0.7534624928802169
0.3670892592213109,0.3906946560690969,2.2786147209728647,-0.5930992606970107
0.7184391579625432,0.5607660718926685,1.7243341754627688,-0.6423439978139498
0.6725158793204413,0.3036798137130235,1.5036476762438034,-1.108032472027731
0.7387241244372861,0.5781283228329627,1.8194531616266887,-1.4881658076865674
0.814740063769201,0.3979233098850392,1.3091956776969333,-0.5185023868531771
0.7261646007013561,0.8905923369245656,1.3351144733271552,-0.6149755208382575
0.6470263502268312,0.4228477128273157,1.3452658801732713,-0.5659932833257909
0.9502000256682104,0.469368611432776,1.2911993029103102,-0.004400781113847929
0.731620286802714,0.41438758555247723,1.4565691620597077,-0.4630344369335112
0.8931784739434347,0.5190086267203026,1.9708237225301573,-0.5243669405521457
0.8355602722616288,0.5251404803495452,1.9534236830131424,-0.6105481952545395
0.8130322695953592,0.5428342666489018,1.5605105716608594,-0.16366071128947413
0.8372149180553156,0.5020576686193557,1.393899108533944,-0.5428056344671472
0.7327388367907829,0.39870670508936945,1.5144468989681448,-0.3993020301100218
0.5976995747672127,0.592604098928545,1.689585059818497,-0.7566975864628145
0.5589839336662008,0.45841194318777007,1.7232783041361912,-0.557435533771243
0.8466372422775005,0.35856024260019975,1.0054828520424681,-0.44946471275995337
0.8591233399343022,0.6406336380373088,1.7101254162593875,-0.22855625714609124
0.7895912685068383,0.46014763052535795,1.4687889258973998,-0.24328454150906093
0.8615739604608704,0.4700369954434276,1.8376933246593643,-0.5526997151029288
0.96013828389403,0.4376092921661814,0.8885615961261888,-0.8615940159930057
0.5171691112532515,0.43035266102942515,1.2987000996113642,-0.4582070846695828
0.6612535511430989,0.5244009305414298,1.4100157004258345,-0.9702455184488188
0.6961514681096393,0.37317139454280224,1.4931916787714803,-0.26595395996430116
0.205956460967757,0.6796029876497022,1.9408696689714158,-0.5908626087541206
0.988587643621797,0.42567631351579505,1.3467402754411855,-0.2640294918991603
0.8645316725856472,0.44593908292217227,1.4019056824756773,-0.31906240284336945
0.6757024357367181,0.41517784957533627,1.8644160503758447,-0.43550553379754625
0.7185411540506313,0.4374234568180807,1.4693978477055567,-1.0560294270415391
0.6210423895638001,0.5102649575378967,1.7278793636306542,-0.4136823413976841
0.7934665589000903,0.683358321980912,1.5000681566455742,-1.5069849738138326
0.9086650590327183,0.4910801122301593,1.1492832058947038,-0.6519977505061741
0.8108220315875246,0.3416001215796671,1.5999660925483685,-0.7784504116042741
0.6878667843483279,0.6008077865258278,1.7837909635861735,-0.3110103058220771
0.6382280132423521,0.5862605903707443,1.502412471781414,-0.721350078915506
0.502915051762415,0.3676827068436292,1.8899901526637584,-0.7720741855168004
0.8882813814967534,0.3756241801276838,1.6153712209894375,-0.20210824042329376
0.8553177067424244,0.5204467607346255,2.0159626270509436,-0.8957474714446484
0.8386512723104956,0.5330688896704155,1.9843770788223554,-0.8078770392518723
0.8625934123408576,0.613536693165844,1.1797398593923185,-0.6372565014902314
0.947646899575905,0.5118609730176517,1.4085176916767874,-0.40640174849577726
0.7766113469917519,0.3775323927022585,1.8488276843747948,-0.3562920819106641
0.9341499046196304,0.6074731539624053,1.3409086819149054,-0.35731199754722653
0.9490738425721712,0.517010954376884,1.6479091932827148,-0.772583772496711
0.5810754142505338,0.3694540189787302,1.3220235717991404,-0.3437712602640989
0.9237104468194014,0.5233501174179476,1.9571770785497125,-0.6260415415913012
0.8766050420714873,0.33461659938869076,1.6813040647528326,-0.27487373484457645
0.8650724871885215,0.41258007865526936,0.9909924559617244,-0.10692947439081166
0.43694405946198017,0.4863153156348862,1.7578364061053648,-0.6949357325175735
0.941985514760592,0.4175255647586255,1.968916190144598,-0.5175619429050675
0.8809020493681082,0.48791039029539146,1.5554657493046713,-1.5104881346697108
0.8445131156573061,0.3590057749642344,1.7942657384806489,-0.21321878031144229
0.47461954414084984,0.31145840014169657,1.6830499063307847,-0.8302680143669491
0.3197481632587105,0.4966293865804492,1.5349755687599043,-0.9840736563356037
0.9214919266071878,0.6372302725744575,1.340149102612394,-0.41584270228857934
0.4293100330882447,0.47942108233876246,1.870419213608398,0.048398313324803
0.3068932530040497,0.4627059821713161,1.8694140494636295,-0.4360179958535197
0.6875912895136335,0.6355924282553941,1.945205048813215,-1.0495246640326747
0.9663101949077049,0.4354345228423049,1.0777440113390968,-0.404544197524722
0.7781228145586487,0.6555973089847994,1.6711793745416517,-0.2615107037612223
0.8295347399352917,0.5332091578792476,1.3657988379380928,-0.7945960815718363
0.7480506141199473,0.5929437943519068,1.2062233865157037,-1.204971790688363
0.4846597110481358,0.372792926533585,2.0171297883917743,-1.1176205744455165
0.8179172598278273,0.5985096752147891,1.814554765233723,-1.2810007264624792
0.8070412039917977,0.6706613261757515,1.9291528829367441,-0.76932575680303
0.8175289381017141,0.5695524718829283,1.2448231280047888,-1.41471855169094
0.762340545238903,0.3276928434011251,1.6950369591139918,-0.010041987566841527
0.5924724787711033,0.5671739751683115,1.7260450777865615,-0.7684636387718281
0.5065008388747442,0.3873155803036641,1.8957534009125552,-0.6682256329295948
0.9290206222348539,0.623266536524454,1.5119116380221662,-0.2598902544530981
0.8073557699996442,0.6571556461977474,1.411877830382343,-0.4968473953143443
0.7609736089338801,0.7779793977048215,1.2660555165125136,-0.23355966372938522
0.9363303730537781,0.3557639565862993,1.4657597109234222,-0.258082814164112
0.6716305275748451,0.5559030385107514,1.3779074368992352,-1.5632394875413769
0.9842262890882371,0.3482050483587515,1.0350909871937204,-0.3733461799291462
0.761386753057174,0.3976038218765388,1.553480273508481,0.0374195566277278
0.5904553166243669,0.5433509819635575,1.7724140277184393,-0.681286405393796
0.898265357138955,0.2897742639956768,1.4122714158433682,-0.44211722044959484
0.6340431119203648,0.4884616813008379,1.4256813178501084,-1.0703721800890704
0.9153233135966733,0.38099663678148743,1.0691643035964444,-0.5403242577747231
0.6265617082135181,0.28497388621285513,1.6850535113795855,-0.1742477809738825
0.8423297741603761,0.3598981621286879,1.9049178281979846,-0.34211047612645873
0.7459891235068217,0.43394999313580024,1.733062132057253,-0.6924563184391159
0.4999347429084708,0.5250096167863023,1.227114797875971,-1.2955391814749009
0.7711591716076739,0.3736529373338796,1.667893020394597,-0.5112611868424081
0.7446188514099489,0.5908739650758236,1.3684956593426827,-1.3508834766073303
0.8639862580666932,0.8258827356775952,1.4435360595322264,-0.4964547428445706
0.8900257977364521,0.39811557115181256,1.6243589691804627,-0.4787588685041033
0.821310070773714,0.5094727167256157,1.8995284942286637,-0.7581655614285755
0.9618647639140797,0.3373938111339744,1.7658183261466782,-0.36754595703937715
0.8302950484334548,0.3951813791516794,1.2499410027029936,-0.6572317937269015
0.6187446205518116,0.47928379196509463,1.8996363555690918,-0.7032548078185465
0.8980280051114116,0.4702978392320151,1.5485112288300253,-0.7246591184342462
0.9587839071255992,0.5958344485389391,1.161076707356637,-1.174324986509448
0.6732315681467235,0.4221952529911449,1.1521501698569763,-0.981535270589196
0.6956761054397786,0.5446590169862028,1.7137626398206243,-0.1248026135280666
0.9335565342286073,0.4721901072298041,1.236510659873485,-0.5469169270086088
0.9164623166413698,0.3682097484172112,1.4520997173725925,0.007000150057588982
0.7616252015130867,0.26557315882046295,1.6579080745897457,0.03778093196001317
0.8001462523463414,0.6477806859516582,1.1762818799717618,-0.457198802220596
0.2564718325019617,0.471528113750366,1.8682343948011406,-1.0444264329423882
0.7302761777179507,0.31740623406593205,1.696511880485599,-0.5884790985793246
0.8472878711680981,0.4537539104024509,1.6600678617287634,-0.9449531441820995
0.7599534429807859,0.5014505879211114,1.4869047990299713,-1.21853105436054
0.944321517341601,0.5593455297849328,1.3544299915287392,-1.1334574658153689
0.4805373743924341,0.4163185520442025,1.47751595547773,-1.327148851888824
0.8133736209678913,0.2579396148632349,1.7465906887627598,-1.0009655928281966
0.7776218379183294,0.7111281250164855,1.3978506847243515,-0.685161785830336
0.958643614830532,0.4862580863150184,1.461979999922481,-0.40036738975092584
0.9132955892648251,0.31898227835183934,1.577801787974969,-0.7585503416786894
0.8539805601912595,0.3504034438311207,1.0253641023010744,-0.46463992766226714
0.7167008853188526,0.3994142620897126,1.5789336333882904,0.017209846365855576
0.9034982493774412,0.2408517193288783,1.2747999699156105,-1.0470040191684207
0.7327682607671675,0.33181358555662227,1.3598165936762874,-0.7366043064579351
0.9526714404081835,0.4229871527076279,1.3875368453685701,-0.26031189939439686
0.5460785269585642,0.5090500819808113,1.3822012835469182,-0.05016191769305661
0.7348784220988189,0.5480770171691391,1.4812312189518482,-0.7193801285898317
0.723443323681516,0.6673425986423109,1.9382197002337826,-0.7086234571427712
0.8795734516686329,0.6026373126405178,1.1557310919017463,-1.0389248364492374
0.5578721387002796,0.648823276540298,1.7810929170601004,-0.5519345047088877
0.9422047198880725,0.5513520259605883,1.8878592495142419,-0.7486511855706368
0.655652758565303,0.44890490725863497,1.6976256261386216,-0.6413726394331444
0.8416267360244858,0.37696284077581543,1.5712538660394244,-0.380548051554804
0.9419522277524265,0.521821643677896,1.3179663735024334,-0.33619228300523246
0.3429162558251068,0.5435769673958806,2.0592243127441456,-0.765370172852975
0.8939576901194124,0.5315381772559895,1.7350615763265986,-0.8145347153942893
0.8238424650244155,0.6243804367002076,1.0144722033169375,-0.5140985325073999
0.862608369261561,0.6268623701747273,1.457346869747188,-0.5534084810504403
0.6850477635590965,0.5599502671166834,1.555547734585631,-0.4435249471618439
0.5906002262732892,0.4206015294296119,1.2989097948571524,-0.07074862705292889
0.7504628756159076,0.479024268639063,1.8629029003555813,-0.7436394342318695
0.6826374704116482,0.2692857712837749,1.553912825382992,-0.394692542214879
0.993334065316844,0.34445799137725647,1.092040435214812,-0.5771939220213945
0.8796190302687045,0.39182623471093614,1.5982917926976774,-0.7651559321509394
0.945377629035164,0.4934785291706501,1.5659650389918727,-0.41857913934019764
0.3570753616848145,0.2900294437920317,1.6166087789585681,-0.8412930357571149
0.4490273542403554,0.3385524146504893,1.6436539072223306,-0.797612449770997
0.5345252930340784,0.4724853471626801,1.6620454307729382,-0.763059485116998
0.8577467900594729,0.4241483157241572,1.1378484176953685,-0.8679208055580132
0.3424317284821942,0.5821665036085274,1.572652935896224,-0.44059935848886533
0.967269468789313,0.6527868076472526,1.83096252805387,-0.19373466871234368
0.5757029500514564,0.5099209789049814,1.8805091897896986,-1.3447062812936
0.7636781664024813,0.4452554778142993,1.438113525468654,-0.8222836064237796
0.7920569688661954,0.35601015172270706,1.9960008088186474,-0.17486192306547266
0.741009512672402,0.4411202694141566,1.8675172618735036,-0.7390209106628319
0.8519642736705957,0.34575733366595957,1.2160730861106734,-0.15456953476719293
0.8440085402068599,0.34979394979288136,1.5836276649019663,-0.7637056183836721
0.86056941899361306,0.45399117864959965,1.621742753623517,-0.6406374020429187
0.5998816115443898,0.5581969283976534,1.8186782671978323,-0.7970113539074432
0.9023159310814097,0.5043274999411592,2.1013610008062877,-0.534359807727158
0.9002632805441454,0.6745846111068866,1.217335637416362,-0.7845912216325449
0.6960949104298071,0.44173953509054853,1.196017552056198,-0.3474123708536269
0.8768799356109919,0.3493215885587088,1.4209372460950354,-0.019651714997445887
0.8685351671138626,0.5127158456833397,1.6876994068741022,0.2674270317554258
0.6245011220741333,0.47945211713672015,1.7356675908114774,-0.46986812764546926
0.49322305249359244,0.525963527702546,1.9234601627805767,-0.9460543564805367
0.6489933807059023,0.517173493750401,1.719595235403761,-0.03335039622896864
0.8940358133178962,0.5007982634893985,1.506651350329287,-0.9943642045186012
0.8682109226656114,0.5527325814413212,1.5404639338910762,-0.10208133032094019
0.8632596927203798,0.7756912456576335,1.7879803977266369,-0.36982422199784565
0.9582297124672111,0.6852846783029605,1.8287945399320469,-0.628542133889778
0.8961141636685976,0.5887048629120447,1.4070950411357934,-0.7988109124619712
0.6947835787564336,0.36351335675840357,1.7664873903214002,-0.9997677923941864
0.7997591410125449,0.33516492897075256,1.5130633728772194,-1.624582174414788
0.9581998532387239,0.5277673124559713,1.2936366265901933,-0.8156292150494425
0.9569624548418263,0.5833312434402427,1.725185570722346,-0.230696582530663
0.9490741466657244,0.5092032337791105,1.2353956327318614,-0.7303319736119179
0.7465841928332834,0.39453330167505657,1.870376261970147,-0.5749151592899345
0.7512202348983548,0.4562598171761182,1.44685848109947,-0.5809912850255499
0.879479055524919,0.4565713655093152,1.090339425005437,-0.9040118407557195
0.9685658289317213,0.40809169668037887,1.6841754161023639,-0.43050731871697556
0.8452914021496234,0.5281851248798124,1.9922434756394984,0.21760278163451702
0.8290143674854581,0.45337932109839574,1.547256118889854,-0.8511708448964449
0.659305874466919,0.23165523858360895,1.3613100172243475,-1.8402637596962985
0.9756347718851494,0.597772690000944,1.1466604676400456,-0.9079024255228638
0.8447678431357055,0.5028843926075749,1.754235671797015,-0.7132229026377936
0.8863548903068645,0.45419530486870135,0.9455001819720206,0.028351758966703985
0.9464966722435292,0.5173900907433393,1.277916043644373,0.16365398828917319
0.58039672283599,0.3883767354441898,1.8326945075212349,-0.8131244646984465
0.9668684369931888,0.595886627181834,1.4657444130020905,-0.7064654008591134
0.8953473840468948,0.34923391934493453,1.038901008956488,-0.24340146965459367
0.4286699225159433,0.616734245389016,1.741848340156852,-0.9731149213628089
0.8416031834586488,0.6064313699331897,1.5497499789878368,-0.5669120652250609
0.6840370063476591,0.4489188408706612,1.8442091996017205,-0.36801913037198236
0.9636278300220542,0.40559233015248725,1.4557295232229064,-0.48495713715401445
0.9497231231440234,0.5637421308207042,1.303948322482285,-1.1045804756847903
0.864098106244898,0.41218924213130226,1.7824774672867942,-0.38600011132591483
0.6434749737206038,0.6600306575440906,1.3440472357714335,-0.6267983372476514
0.3576065429861085,0.29873263730426497,1.4720699620883764,-1.018376025527229
0.8362343273982891,0.43026596972733505,1.6009427108831027,-0.5525128568861362
0.9310280040339904,0.5771752144238134,1.6632726800363518,-1.279052509876505
0.926907971704518,0.6140979893864619,1.3631249789554132,-0.690964196230367
0.4006164623334754,0.38950879098357155,1.6009130970201733,-1.308385389388911
0.535166266783491,0.680881862095737,1.3621948681765277,-0.9962704979292651
0.5661465864825774,0.4696558461129869,2.2888440936003134,-0.5972549735393842
0.8247661498160229,0.36971019632712115,1.2669623698403025,-0.5324020087793354
0.9911814685089646,0.6246379780330371,1.1838236929376103,-0.5750389105868565
0.9158547139256062,0.4410474042252695,1.125188842344364,-0.6705315595068141
0.9701106618466642,0.32364994102327305,1.5098919208696349,-0.521171468771219
0.8886819793324998,0.32744672338050423,1.0483009282734517,-0.621825199765481
0.4866015761093409,0.3760211136325782,1.694457715883903,-0.7057396113246924
0.33136301988106726,0.27856716713548024,1.365940391763037,-0.6121114475495265
0.7542053896572182,0.3280304893296876,1.491151981489278,-0.06897740985476461
0.8206862952820524,0.37325571674201025,1.575774624191955,-1.3192853945617522
0.8864624604333017,0.3147651974478917,1.341959643248377,-0.3866511759235786
0.8954010795063536,0.34570094642067495,1.3675597416358456,-0.8734035793214984
0.6724212448595676,0.3711313060776673,1.412177853622717,-0.33145534140639993
0.4348949162609992,0.3820870507068941,1.8221543924235581,-0.641847552668195
0.5757520610522806,0.5750569391686603,1.2146199828528033,-0.9134759730423806
0.9493649988305324,0.403199099989925,1.3161620055784005,-0.5878091945390602
0.662871738760622,0.4870594100881598,1.5670522789550743,-0.7696698765229248
0.9390859484686187,0.580889653564129,1.4721933700960699,-0.9250816570016738
0.5911436344358887,0.5732132214685944,1.813147682046335,-0.5880259985833736
0.5887559406960637,0.40371033723419264,1.6239739228057248,-0.5268886362370019
0.8087099200213298,0.25479237964591167,1.396399596213036,0.0017296049235673693
0.8073406349360207,0.5275722670180268,1.647459359277347,-1.191912133716853
0.9316919746150243,0.5655762712499119,1.430002827816838,-0.44555363017760236
0.45677863248670136,0.4744060356238517,1.9255135625307531,-0.915690791649623
0.7949854360975386,0.3680104879852163,1.9071059516802962,0.05111117769703072
0.657883634511772,0.42894497039530877,1.8928473900559104,-0.9724787987022446
0.4662975898951535,0.40393692809483245,2.4488642152983826,-0.39139311297305185
0.39677836925799537,0.3868844395544358,1.6018689338263117,-0.381177097954588
0.8949965641985715,0.5337686562937889,1.3865129518979673,-1.5979208443014747
0.7919306898929201,0.39933709843863313,1.6920036243711873,-0.4308161214652886
0.8777459876237595,0.51388505715112,1.5697940651678048,-0.19113764052308857
0.8923207975708002,0.4695321176149665,1.6980932755343863,-0.6929872959784624
0.8508108778968266,0.5092429272190693,1.0945608108819083,-0.9436797539678812
0.7538477597395122,0.4358619546752522,1.4765927757901065,-0.18524964890227782
0.9144873590561017,0.5805483418480288,1.9894471733231334,-0.5494998969805998
0.8467158218323872,0.43425055907470117,1.5097324786541606,-0.030817724129841566
0.8118024946651983,0.5882538806932553,1.4410060580994362,-0.06230780778724971
0.6412895972470479,0.40865031308213906,1.4616619901872188,-1.7284013454204195
0.6936662333496793,0.5699048698214649,1.8396949637278441,-0.5517210742151883
0.7672028422021764,0.6732935848752171,1.971038953755665,-0.8215464756956143
0.5513369657784958,0.3317502927571126,1.94913611372756,-0.5870449470142914
0.9091781399066193,0.5566391064247381,1.2865491138481993,-0.6136719047154472
0.5299114838673425,0.4150519609946285,1.7830843526885924,-1.0100410332930878
0.504464343103114,0.377350401051198,1.7135384303837145,-0.3666600002184038
0.7508925253734924,0.2748274650550385,1.5034436130281172,-0.9672616842805156
0.5080659123038541,0.3419144550642473,1.7665245729174377,-0.5104841238558856
0.9763091934598824,0.6275278751349936,1.6210996984470716,-0.8036852563345213
0.38318540784065397,0.4630105207968152,1.486729365881507,-0.21746001713154375
0.4117442183756512,0.7532950137224624,2.0908126331229915,-0.6853287951466762
0.7273295646371642,0.4304008828410065,1.7542346869556829,-0.8991605112860073
0.9787655770178932,0.4052737111498995,1.3562345919663399,-0.6222377508490567
0.8850265438540211,0.43183744140068453,1.4784345419029459,-0.9370844358592302
0.6935270389468081,0.3679561065739475,2.0601494945554797,-0.4272918110372663
0.7756201540112186,0.4750525714019227,1.8551461276356114,0.15394245196561257
0.47253149264664296,0.6400172812065426,1.7895084933134509,-0.21021161728506996
0.9187726741871659,0.5490584864766495,1.4215917907035305,-0.19041149608432587
0.8086268528955881,0.5340267424253313,1.588480441904866,-0.5847733957260005
0.53530954152915,0.39866594975277664,2.2303906066958947,-0.6294028853523482
0.7817919798385153,0.36120326510611644,1.313047099498885,-1.1453993399656364
0.7378485260235048,0.5300878913515442,1.8671427268341767,-0.5117352404522245
0.445799464150178,0.30520383406060236,1.922766757701882,-0.3001140239437935
0.35589331777444055,0.6651809962537242,1.6890453238248813,-0.5861152911126151
0.5248324984515211,0.26820824356276857,1.3759694408128427,-0.8271565519042544
0.7462839313485691,0.3261393541537119,1.6304907268293578,-0.43586102222120915
0.8855355851681852,0.8737373199936148,1.216617323045288,-0.4075898949617613
0.9915791397194843,0.5891170779215792,1.0661929526079243,-1.2946622948151507
0.6879311457475451,0.5293780998100835,2.241540369750759,-0.5619904349010263
0.8655579728780568,0.44983479326300174,1.0655096813377505,-0.44624710311087584
0.6936207450054052,0.4498552880614367,1.6301037357763595,-0.3657858477917821
0.5354564328482057,0.34310716485039405,1.9455017584324474,-0.0638351832926049
0.7434991892822013,0.46091153246651073,1.4709357308842954,-1.0261794684064023
0.9763354109102288,0.4904119820787888,1.61655943422584,-1.252047777486593
0.6330358538883173,0.5249688088905522,2.234203890033071,-0.6067632908037349
0.7788585363301309,0.36535936141457565,1.861391575423674,-1.0152802238760423
0.7062256634872013,0.5077014535806256,1.382605275989865,-0.4471295953691365
0.8764808172950167,0.5799335850411931,1.5297798915591028,-0.279934008557375
0.8886492526342827,0.5668971667265533,1.7776772835911405,-0.5421963556712452
0.8687150683774798,0.6988453680432248,1.4222192314394002,-0.742530413312922
0.8104014183194765,0.6795939974681112,1.7337966746429365,-0.23952430337862884
0.6624197460662736,0.21408221994362145,1.9194628469560755,-0.9314724964564474
0.830835196233105,0.5122828882980275,1.3519891350365645,0.123900682081209
0.6365738160853404,0.41801613923108993,1.6174064331420972,-0.5375457136211461
0.6171236282696784,0.7120026522401798,1.2706102379845305,-1.2640716733908526
0.6821061645010906,0.6145319161198385,1.4201350946993623,-0.5918604770249322
0.6557677600024906,0.4913426957930184,1.4231257037889813,-0.9882952589180012
0.7045990768836576,0.36909490525271255,1.7692460795509541,0.21073660112520717
0.820883699849789,0.40774474156928003,1.4452860648311416,-0.0038362511490597434
0.8668323455294066,0.4057889687183875,1.81359521529512,-0.7945258287114385
0.8923011869353918,0.5021670277935552,1.4210016922193711,-0.6518305026783392
0.32116171430074875,0.5724091757970184,1.7180208644904202,-0.2793529417597729
0.9420523951838263,0.3997993042233756,1.2509111622741484,-0.5277261261770165
0.8285674674737195,0.5610554594391632,1.483166115141959,-1.3764607668186022
0.8561860760015474,0.2591391584280747,1.3853702744563838,0.07400136446385153
0.7280455995434247,0.38528959675354024,1.718059364295859,0.127573281168083
0.5133943645965986,0.4525149238666439,1.3649073097061393,-0.08707648360564703
0.5097679756502251,0.586709789736367,1.5830724535222738,-1.4558069572206749
0.5237752220671809,0.4905415771429195,1.6685774284273038,-0.3567964577639896
0.8842642438681444,0.7137865273159857,1.6994539252810454,-0.7107402731498161
0.7933158487669076,0.2944255045082095,1.4326169414043186,-0.024442160499398305
0.7168112894292753,0.4102056507742381,1.452479030693909,-1.1282815922180225
0.9717006039805071,0.33088427894255373,1.4265324452075077,-0.48243823247652573
0.4862447077878494,0.5005469217883216,1.7027890831281456,-1.229897188302664
0.9773696047637812,0.580847803502611,1.5349215814765584,-0.6807088793720091
0.6865975783282737,0.5141137348217666,1.5444706704550681,-0.5468873546552346
0.769987895656121,0.5633327231225296,1.068841587800059,-0.9210555628333796
0.4870223143360877,0.5027728142665336,1.4335367480836545,-0.7559253079279857
0.86711214693157,0.5149004495965439,1.1014265239712118,-0.8493146115979469
0.962007573412969,0.3069888860438783,1.6329064660542998,-0.567811084407204
0.8073498952927775,0.4330414506600881,1.8522777145551816,-0.3732144246967811
0.49405193809246206,0.4756607262659228,1.8146858548732803,-0.8481848834460085
0.6906404895681917,0.41958259474213994,1.680699275974066,-0.9200369661251236
0.8292858769803388,0.36705451888521246,1.5324439915724841,-0.44293192677077375
0.9335102284444801,0.3353078813960007,1.848586404376778,-0.49902260563257017
0.7632445409613035,0.3947463111224228,1.565347641322184,-1.0701709437528961
0.8174123250338554,0.44816700355850647,0.7752517795355545,-0.5963253830846595
0.7824911356556846,0.5211872200235231,1.541140421461836,-1.1157491548381342
0.6305296801308125,0.419313615091446,1.2318202120081672,-0.2820751082220975
0.7263968332126255,0.5695405322965774,1.6761591424223241,-0.876826723318781
0.4382172573460353,0.36773659292747063,1.7715945848725392,-0.4782065177421783
0.6177287130592813,0.42126999722920805,1.692532039775115,-0.20790194499054154
0.7734526378815318,0.5712242354168622,2.003522010492111,-0.5568240211736548
0.7442662537009379,0.371685574557802,2.121117359273452,-0.3353803656941213
0.9517764566328534,0.51970557482156,1.5061870985231225,-0.6544708998199747
0.6280018599523327,0.5094126764230111,1.2819653944139093,-0.8765252480521661
0.8907880309666528,0.4381728999210976,1.5054092944852147,-0.4897128697942126
0.8668086911878796,0.5670095684350488,1.753454886854041,-0.8716912274151719
0.9828379952723761,0.5217184917200781,1.3733662251082368,-0.5102678382713133
0.4329799598571303,0.5009988205452196,1.4885585757210251,-0.34322376380185143
0.6736114968953674,0.5194830064426474,1.261899798955935,-0.6863490291707584
0.9307649541057769,0.5490601817803339,1.4194536344839483,-0.4456534484597167
0.20012004118180324,0.6832480661839629,1.8662541511600432,-0.518019861970675
0.2703612737581254,0.39434268673557743,2.091851206075379,-1.2549563752595718
0.7708771859998613,0.559759881933566,1.923866554876649,-0.44106610810604024
0.8142636406780659,0.34638095378974837,1.7136070119511337,-0.4949773552208801
0.7164276048996985,0.24162884989345054,1.3745172629187234,-1.115920485939058
0.5640376102007235,0.5226300946128276,1.9702363469520041,-1.5802735892122022
0.7158592911962964,0.5263233778395322,1.5812552979828773,-0.25532503576997945
0.6847556852195117,0.38056955470530934,1.543700514429572,-0.4673151237810916
0.22068181821685626,0.47509474948097646,2.1668969153766398,-0.2620078753542523
0.6665308313110406,0.35020570689701164,1.5220329177033565,-1.9552253353495481
0.2959811227363097,0.6112425105521317,1.3372784507873758,-0.45012293584096197
0.9791924109378339,0.5309869437256777,1.4589492195881757,-0.4417293928101828
0.9390239654923854,0.6294817505191788,1.0032550238001452,-0.28944064849654083
0.7877321179359515,0.5195467781556319,1.105082342240331,-0.9378661177541822
0.6121419003548061,0.528654532331404,1.269714707966861,-0.7147311300061987
0.8692331594862065,0.45764498103241896,1.5342452069954378,-0.6286166273337078
0.681788734128131,0.5236514374212529,1.1705170871202837,-0.6728468069828776
0.7759359060173114,0.7716000838587208,1.575804112218381,-0.8568181542329265
0.7471929098829686,0.46727124731827446,1.780716489957381,-0.3014835802111071
0.6535833877890453,0.4369853762664082,1.4756956481625494,-0.5378538276080121
0.9645075069511259,0.5228284184896632,1.1554834612237397,-0.6905821918752381
0.9235889628096644,0.8209557020712981,1.2608581572510507,-0.5314376208107339
0.5919731690750514,0.35881236495913665,1.9237052173638707,-0.6391561945500466
0.6007016598260496,0.3264392756807159,1.586885213541637,-0.7238099475788269
0.7201851689047646,0.5548866298940479,2.3832999168704814,-0.4634700784244161
0.8619693733359887,0.5164185284632757,1.5241682655397575,-1.1781797207557463
0.7604583490731041,0.2277461533667923,1.4989668616231946,-0.6551429496869496
0.47219619064371626,0.503795775862414,1.700634602430781,-0.8131690034411676
0.5868165338397664,0.41898072575757717,1.892213783961702,-0.24439628082041895
0.6592050008565706,0.4249179071141151,2.08168730294228,-0.45828463713397455
0.7611287158508332,0.3203951180306673,1.5728116262673268,-0.20305166674305594
0.7052026493763692,0.41314411223700764,1.6154067099908977,-1.7520978004591987
0.4010829118115934,0.2747793832555148,2.1509801964431428,-0.627028018522362
0.8389156468195323,0.38652292256279436,1.4424413460956762,-0.42059356107761087
0.7268002720698271,0.35333169466126974,1.717794206636277,-0.6082755515364006
0.6847382245406853,0.6426714433350936,1.4806568019767559,-1.0552626699230085
0.8781159657143232,0.419402816490914,1.0123188517003636,-0.12575944560369132
0.853570738911474,0.5449977855176786,1.9073739631448534,-0.3561529915218192
0.8350139926431532,0.42421786817088825,1.3790716803908172,-0.8137565332289509
0.7757119029240916,0.34471014130005506,1.469248741682465,-0.618488830181403
0.939382121171228,0.4704954572384965,1.5255954184637965,-0.7912577220982748
0.9674909511923073,0.4340530098372053,1.4050705519258622,-0.6757760021076037
0.9207000884866802,0.5598984564324166,1.5083568350941081,-0.8690105591741513
0.2845920056836905,0.4710526427791178,2.0281442680785315,-0.5153423320652515
0.9333127636984445,0.4788277469324081,1.622182460208874,-0.5572244830642711
0.6519831949798766,0.2666462651312033,1.7827426714260248,-0.1686890701857097
0.657346916124309,0.3910527211203226,1.9962895101054852,-0.7740234014131784
0.41893597988723985,0.3452717556530375,1.9389589606295476,-0.7790685198069333
0.6962301635083226,0.21566090485860068,1.6164842371836248,-0.5839854253549377
0.880992326331874,0.594277783456937,1.6604069437120046,-0.6174038676593352
0.7937501055259145,0.45190106306681416,1.4472070984875582,-0.7712223946580467
0.5888675027545803,0.45413812525917985,1.2012141718417808,-1.2279047988801568
0.8350650338894399,0.6992856438376371,1.8449115055535326,-1.0460755554381764
0.8355258322270348,0.4921531802952961,1.3880147569451247,-0.7550747977822828
0.6733515534612198,0.46614376827876564,1.4717561525838176,-0.2264285843393582
0.6238160753822155,0.5157673401362909,1.368460000806072,-0.3402867663729998
0.8944138763026785,0.3553910239077236,1.2809902022769717,-0.4923388630369476
0.9721204451937866,0.4277990363277389,1.4777764030385339,-0.2957227908501662
0.6344673262233066,0.4061152701995158,1.484670429539611,-0.4921531078293867
0.5993680518417734,0.5158001765370165,1.5056404012324403,-0.8580127927115098
0.8808724887630898,0.5586932085987095,1.547848893196218,-1.548163512716795
0.322314717786822,0.30138066878389264,1.9504786329064487,-1.0050962988331305
0.49667430250082706,0.5471894039514212,1.0226605707837786,-0.9455610603253141
0.5858518771283948,0.3889830332418333,1.3876482086454835,-0.2904751521581526
0.7187187892279967,0.586305056817443,1.3326595840907596,-1.3611926852404268
0.3495571682338918,0.5963311656365513,1.5063305649793393,-1.003627259750758
0.8361451910807224,0.5760410178508951,2.083390443278859,-0.8849247532453325
0.6799045268906181,0.5107011660023746,1.3508408849551616,-0.14528087449319707
0.3286883576560114,0.5282458670335449,2.0705215126514958,-0.4965638265896761
0.8869152596470837,0.44272996542435233,1.4517958545318292,-1.8643481999338642
0.8505228870388217,0.45599361049809173,1.2941262988170323,-0.014549539108400344
0.9786700986783059,0.4636246827780607,1.6618056731149538,-0.938349397189168
0.908956594527626,0.6507018448062525,1.532929864022015,-1.4307753319835266
0.9295881226298928,0.6229767731002336,1.5303212513332876,-1.440721828885346
0.8460375894244246,0.5519680254600579,1.910375470563234,-0.6627505732363372
0.9260007676452444,0.5970694682935531,1.719289191708648,-0.3460485414832916
0.7759949938172197,0.44912450725086034,1.4083836514637071,-1.6783605412216642
0.8269968388777194,0.4218840868633188,1.314378434890222,-1.1673672592818567
0.9241415720794584,0.3924066384355565,1.2841053759219683,-0.8796570933927346
0.6496722388518342,0.5727079833700298,1.6640511376039666,-0.30829464219515723
0.2613420270572035,0.524550951204474,1.9355496719283045,-0.45215057954061144
0.7741701933632927,0.5297624563145955,1.328888772309586,-1.4968203962976667
0.682986547210451,0.41244630775798147,1.8934683486859145,-0.36611967850208904
0.6419532212535347,0.5039278185698959,1.5453181086523184,-0.4222917252448113
0.7260878523816817,0.5022204717139651,1.8986679352329217,-0.6885727496312652
0.5701866637820441,0.573142717261903,1.5394062261037142,-1.6576569845977085
0.6902008488894795,0.6006271697859951,1.4215803751682887,-1.0893280527347515
0.7653008297278546,0.5354384849468194,1.7064861926262445,-0.46027842046137524
0.6688687792591737,0.5813640643859914,1.361688997040048,-0.5054782195069576
0.9765977344405816,0.5574360933608287,1.0657008246648967,-0.11579100372188438
0.5144578487375117,0.5108879512093668,1.8410307822787646,-1.007768997381734
0.9556388369089405,0.5831926769452049,1.234177896935582,-1.1036953193761976
0.9669280085961423,0.6455146560630409,1.5114090013413948,-0.45472322917134966
0.909689639032194,0.4691490470677694,1.5947189958631316,-0.8099828708735631
0.8533026360254808,0.4966613183569448,1.4381466733923993,-0.9203961648803802
0.5340914027953159,0.5291683051638215,1.8495403827071748,0.27694999970571177
0.7632043105998949,0.36637991467383446,1.7778990072020877,-1.0968750217859171
0.681475693124461,0.4738038258374327,1.5666183108025598,-0.5567862988904985
0.970045387601994,0.5372616772839398,1.3943581435000647,-0.28642470760490896
0.929725098383143,0.5297356663731932,1.3970212358678087,-0.16981005111885702
0.9206563897712736,0.7774973635269166,1.611426458466421,-0.7848706538471607
0.6998436146919013,0.6331355380788873,1.2914922796711095,-1.4218200149189049
0.7007505837002195,0.3354906465829706,1.5465330106537742,-1.9787791255025273
0.6679584459966272,0.3782850348584171,1.9476967565695287,-0.4764103515178813
0.8594926953593206,0.5766167757042772,2.125123770544377,-1.0591557053444178
0.7116883251189081,0.320308630591546,1.8784273565934613,-0.9234575176239702
0.7120374545175107,0.2699845960011124,1.7448108229828052,-0.47553303247371514
0.6266100253586908,0.332825609841751,1.4547398611058082,-0.06752722537499635
0.47083341194181916,0.4682482802146961,1.407869286111432,0.012340698177456762
0.571666601785803,0.5352275873498634,1.1983709568012824,-0.7654421484672517
0.8765854350285971,0.5241304455806052,1.8663793806605287,-0.9150943990631565
0.6540739643067092,0.500326373900728,1.8800204779169583,-0.3256907596690955
0.7670393399160351,0.5230290592694207,1.0675106385876685,-0.5790772098136979
0.6213188606220161,0.3353060224478114,1.3802892298495584,-0.6967547036173903
0.8883306953555951,0.37745797227947253,1.9372529201799367,0.22438511405242373
0.7867953025710439,0.549194313600733,1.211290285451508,-0.5645178247474698
0.9173530893495708,0.4058378161977026,1.5046982086433405,-0.8544477123064972
0.603065924315088,0.30152473659225093,1.8655026127428374,0.02066784079949753
0.8928865469336302,0.33095792421306053,1.2150440225871928,-0.7721430651603617
0.6553886151109108,0.6956362853729051,1.965029932826395,-0.8951965680868321
0.8970847594246751,0.4686133626011946,1.6978265834757138,-0.11674530188284056
0.547702704589895,0.5685814850271382,1.5504489580269956,-0.957750034736069
0.9621874001714344,0.6548282619710714,1.6930332459267614,-0.7509746681346885
0.8194785640918787,0.6254029646522791,1.648173996032452,-1.3533884581480526
0.34538634254679784,0.3780183904646709,1.4914358511175174,-0.97764039281998
0.8262038600853712,0.5461944065930746,1.4885794772050405,-1.0652835684744368
0.8593577750629439,0.6129911972727988,1.232025318754976,-1.0759175379804085
0.7231715388201979,0.7425014808449792,1.6280316377763655,-0.2544919037832595
0.7918782289462412,0.450015926803994,2.2756982889316646,-0.1790499903907652
0.41721489033524567,0.4636939044787884,1.8349888484676737,-1.1000767394159445
0.9066240452853961,0.8037434869903421,1.5259206303645327,-0.8051553446408434
0.8665224621192649,0.5457550544194075,1.4005264633859795,-0.6059368024219128
0.5997685380241772,0.6082887057083769,1.3342379818296566,-0.7815259101329531
0.7010774451415356,0.402542074985413,1.402224999305294,-0.7039776705707047
0.9696581745666393,0.5479655681458495,1.5028797934317533,-1.067327662609414
0.9349250182938901,0.6528863953785062,1.4955504780066828,0.06931460780817512
0.8272993626398762,0.45893581324706373,1.5455805849232063,-0.9414183407674906
0.915939982383907,0.34987938345030994,1.1612032979434814,-0.8078560339052334
0.7834404748217679,0.3541259395029467,1.092845106921968,-0.9159019972686381
0.871177307398622,0.7232779474112414,1.6686228274910615,-0.9584359134883523
0.7605020817011615,0.5806068391498861,1.714712688372447,-0.5043814060924564
0.7257164608575615,0.36253679524691634,1.409471241027273,-0.500500768307907
0.7946734061344851,0.4266548292653596,1.5613088187598834,-0.5244527354120676
0.6221424890848115,0.5281548410277223,1.6200663822561647,-0.30562059713209944
0.9466919657428811,0.5488713017259008,1.6343013185800632,-0.10916437720990659
0.827813496984122,0.4640094335730796,1.3055416718704567,-0.2979179742458956
0.9467818990339197,0.6135548795177637,1.4373942719530886,0.06797488098844377
0.9913121438824907,0.4375404468625418,1.4310353191282472,-0.8202730515278428
0.6379752539791272,0.5415973768765009,1.9389097641167727,-0.34978309222700715
0.3837955561197047,0.32560490073970233,1.825560978031148,-0.629425815546076
0.815866337955639,0.5314669250407447,1.699959202974335,-0.7115816314027372
0.5977444429864808,0.6318177194473011,1.6549521069335453,-0.9557713888016827
0.8982568059568322,0.5681591889572315,1.705829532125334,-0.5222210949135001
0.8915259017895495,0.43200052797844185,1.5098050403610697,-0.8368714501579814
0.4572601342988748,0.6049885515245074,1.6358279462941547,-0.9098677209036333
0.7902473067593319,0.3861711116034715,1.7317269642353712,-0.2875507209993994
0.4970268377420582,0.6407871333149496,1.9333436515753288,-0.8604959025166539
0.8699137038832846,0.43968453674369845,1.2968680802383494,-0.5603249859145072
0.7818598075471724,0.2864077444917768,2.2037221856160643,-0.21367774873997916
0.9455280689256943,0.6222948544780719,1.5015215603362262,-1.0312188013203116
0.41203951137993133,0.5141902727438161,1.9188102539170993,-1.4867303840289159
0.7748324822726754,0.5455367607782332,1.737386961683476,-1.0371314757271857
0.715681620142569,0.6387199888014173,1.594611103505027,-0.06037880220717802
0.8210170260605286,0.46546972896159144,1.7391613331087792,-0.48619597848334656
0.9480880405074587,0.5909343073426817,1.6684408595524576,0.05975562580109027
0.8984098514496841,0.5111325896310875,1.55104415413033,-1.0023278465997105
0.9433627337471664,0.4763852558610511,1.447110106131261,-0.5899390892129919
0.9133654621728154,0.5408621206635505,1.2609251857900305,-0.8424684404741714
0.49851591832717845,0.5905928634281843,1.812260444078247,-0.07834624815239155
0.5870018323657252,0.25898934014146435,1.5686518929905142,-0.6948040401373048
0.9300589324664404,0.422787449632197,1.4198100018348128,-0.7153551852422547
0.8306812828322081,0.6323800583495822,1.5355238958578887,-0.5254599545596865
0.79420867677853,0.3178482789899322,1.3126786960060617,-0.6566853012563548
0.9070375976385774,0.5270172321827589,1.8781693832575024,-0.2223503805322481
0.8888835587712784,0.4035519702992318,1.6362842198011276,-0.4016013695775727
0.8644973792188471,0.3027836624511737,1.4643288234923804,-0.47477699112121724
0.8300467349969556,0.3829238587276916,1.9264725732543768,-0.4778295216664734
0.6419743623419109,0.40358275510660085,1.8340946079279454,-0.393671940209229
0.8530224570605024,0.5756404963515444,1.6685172578822438,-0.1368102930937125
0.6932604991773752,0.4058147990706585,1.3753535040291547,-0.8412643577617163
0.8347938276337818,0.6444065249033323,1.5377403123053808,-0.8717455464946275
0.9423984998925833,0.33496199849707164,1.7173653908583986,-0.493283786516002
0.5649422696676681,0.410889477759956,1.9860839689862897,-0.10433452774466606
0.5456386511315011,0.4571330223489373,1.5184791208856996,-0.49177263695455675
0.5153351030225463,0.5123812649490772,1.4581091090236482,-0.026581662487985012
0.44730120224910136,0.6705012711541624,1.881970930983727,-0.6304735416242606
0.43233194740382735,0.5710970820332477,1.4012833907962,-0.7310331250645999
0.7473245240171852,0.5280907866076607,1.2329956326621545,-0.8685270007213004
0.34860317377220956,0.4139579824783493,1.63051386035973,-1.227209802456748
0.9270940680357296,0.4771631734130831,1.1712685896075772,-0.052782603814876525
0.8441947578186098,0.44327867059532516,1.3503444231615245,-0.6041902344254052
0.40663726645980774,0.6383442856947373,1.7517969521204169,-0.9009210936568772
0.9566980401282785,0.3547321691893666,0.9827712894227724,-0.800004798514582
0.923864989825731,0.6692988752978284,1.4827391147294804,-0.9100288782731759
0.5071955142096424,0.42975195270451166,1.534461614787047,-0.9010734578129682
0.8717831051156905,0.34599304922843543,1.1664957820858601,-0.5100558321836481
0.5310205247333774,0.3908653395009531,1.4205514872382166,-1.052581370827987
0.5094750219399932,0.4325461911045832,1.946534633980505,-1.0609765661732669
0.892027564240318,0.39868966783323806,1.6881964019413436,0.2825289068251736
0.8255419504745758,0.5094082275291025,2.098651362818358,-0.4928331718436612
0.3393727868527978,0.5726354730520103,1.6333601214565365,-1.049791862016836
0.6710054752401057,0.41744992281287885,2.229649166917152,0.4044871723722314
0.5218971163189903,0.5420037279202237,1.838875014168076,-0.6393334571718194
0.5303708764872326,0.4253811730490463,1.4678590887860223,-0.8696744073829751
0.9213365297326576,0.6694118404488101,1.2801965568555012,-0.5530465353225136
0.9027585462119622,0.693044265036613,1.4884283677621253,-0.09089431254023413
0.9900493561409892,0.4636874427014435,1.5524217772755087,-0.5565987252511615
0.6508624578081234,0.31178934750823883,1.8383051720964885,-0.3285246823541644
0.3475449878041804,0.32020670597948814,1.4429441301677295,-0.5299472064662308
0.6023638524480245,0.6039858536096767,1.6555265060829278,-0.6738142160812685
0.42073434428042783,0.40270993586762505,1.7171820846373906,-0.6671290201045788
0.35802097086805834,0.40512304422226053,2.1588731917016113,-0.6311146211383981
0.9822649084831514,0.4217002998839265,1.5741241445953238,-0.5439422093387009
0.7322907609683954,0.5221807735742803,1.5724870035071254,-0.8136417117279235
0.5834952612134954,0.47187407036645673,1.8426103629033865,-0.9206222826093104
0.8755840349831375,0.38962537299156136,1.603606268686348,-0.8711070109108092
0.8457060442880601,0.3165960339605801,1.5453761571118503,-0.8432814262031444
0.8592717800121837,0.4372693715111349,1.8400171716845357,-0.38463290003029266
0.5559110179983058,0.630686465251708,1.4373234466073896,-1.0248901621906978
0.5618265742196911,0.225185618908295,1.5064386824583544,-0.6691615245182684
0.943515259675797,0.4479870235902149,1.214972760693741,-0.556645096959067
0.8236222174989388,0.5301810294145426,1.3772926081046422,-0.7470549557744186
0.8550672974976823,0.7567825229424094,1.5507662052580045,-0.7095331458698316
0.8083177161315102,0.6140976442866761,1.487781357392043,0.05189895970574408
0.39052676272696046,0.5765793208747417,1.6911111497254996,-0.9571754352688996
0.48088707352518184,0.38841674136522597,2.2233919740986052,-0.10870854261190471
0.7438321820072977,0.709207898272199,1.4859588391592042,-0.7180822896482774
0.685995524774059,0.3155305381443485,1.6532737743287556,-0.7624168191933466
0.8316974000922027,0.6100066388774665,1.4371518063870918,-0.8662923915808124
0.6349631769810895,0.6372084138111062,1.9249371856281206,-0.89593506789134425
0.8605116216922537,0.39158808646979953,1.0822597148639042,-0.18867345347648387
0.8591962450622751,0.6918076330418003,1.671948163510218,-0.05571296649854118
0.5956772688357531,0.3433382220589049,2.240086044638084,-0.3297893630937226
0.3792324134502849,0.558180862682999,1.6458058112504272,-0.13268007917689537
0.6835105658446561,0.21424481870671286,1.7831128673704852,-0.8431230158070224
0.5649340139284147,0.5519159381261184,1.5608911222964041,-0.734366454716444
0.7154892679367333,0.6993875415264434,1.4590473349768163,-0.9970758496476545
0.9612835445534599,0.49610276318651503,1.4556535248241438,-1.0047801150856261
0.8416045625623384,0.6571843101074719,1.8916032794707187,-0.7510874046800459
0.49303289365384956,0.3870093820219959,1.9786630763984114,-0.7936337021431692
0.4880050337800751,0.6734294061548571,1.7517207389658769,-0.5077054443856108
0.9345046706507668,0.5064463621490642,1.3729558330000395,-0.2319842922432227
0.7190852338623586,0.5988528907585702,1.3584277739445905,-0.7927812686039006
0.5700882200425517,0.5361308313556222,1.387075220535677,-0.45823355692299134
0.9341454647890464,0.9298705754630108,1.545503070528575,-0.5238891379401046
0.9429285462334523,0.6299336576036366,1.661978051055069,-1.2319888251509603
0.7298897919417677,0.3767916023477604,1.8077016842512037,0.29709299861709026
0.9572759950332307,0.5307546558278574,1.5241965281637804,-0.5170486144942241
0.7799421999855622,0.5804126445715894,1.319191632495254,-0.7776252814449891
0.7118376961393688,0.6581451990805107,1.8936226484480911,-0.975771723901512
0.9464258497583904,0.5688513396586318,1.5018614216476245,-0.5160192013675506
0.5447304430502086,0.3617649260515332,1.2250692173833468,-0.8295083332836958
0.8888030967371495,0.46726764195910797,1.901429532809769,-0.20718818775075032
0.8535311061369975,0.3009113374586962,1.2860866862352447,-0.4156110234268666
0.7949830235343553,0.6714186060797146,1.4473635811415027,-1.0403000127054374
0.817734782415055,0.41827526243201973,1.4529136706582886,-0.9306010786788382
0.4419494129318404,0.5023366802642122,1.490187246103203,-0.4577494488042919
0.8866189489594563,0.36160343476433027,1.4921007676768305,-0.195683631838777
0.9096482667970085,0.48335187530888724,1.3009134346551492,-1.0636367302445384
0.8851509389882931,0.3210612249149552,1.5937207754570037,-1.1677741560917836
0.7358114708075493,0.2882422345591258,1.5424182760464116,-0.2651165493702621
0.8999600852071844,0.47545143544288515,1.4964312544208065,-0.31005471964589365
0.4949117554713197,0.5861242926433405,1.8406188057965311,-0.9516895573534464
0.6512000943549964,0.29740945383182793,1.6366870599096792,-1.2850000428898132
0.7298012145009025,0.3268829442399,1.507249805915507,-0.1768462273273422
0.8233547559526655,0.44710173766358546,1.5361571230792626,-1.4822283887084053
0.656446189057326,0.38853986310570804,1.9281880020316098,-0.8667212577939607
0.9100342768910082,0.3991181520049704,1.402379967243364,-0.3647940009066134
0.9728715101287052,0.7098647468372427,1.5170690415456147,-0.7477604270393217
0.9458189076778303,0.3868386450117729,1.5968992405874582,-0.21912406649830898
0.8109971513665657,0.6185596383315225,1.5315742874309177,-0.49823365914773815
0.5790322090484662,0.5159995835333565,1.7787362505746425,-0.16741033421659546
