alpha_pop,beta_pop,kappa_pop,delta_pop,kappa_m2_pop,delta_m2_pop
0.5988635600192251,1.6291848048870647,-0.2769025025306396,0.9515321312534778,-0.1297126282837293,0.9818933634729177
0.8522205487466171,1.913023373482787,-0.17557639470232106,0.7748538859197996,-0.06075854998305815,0.9766900528322852
0.8530509668088612,0.9019207325051346,-0.705694231804237,0.9367915011281648,-0.07179446407167844,0.9978062093307227
0.9410053061738323,1.2567913278433378,-1.0369338616871917,0.8173801703319606,-0.09822768294362197,0.9976934636356659
0.878134217231608,1.5319138075398309,-0.565430568281856,0.9048007611263728,-0.0890677981593369,0.9891263645909738
0.8310032087556131,1.458895922740211,-0.6463073933396393,0.7582775943476546,-0.14634504400545378,0.8564998849768177
0.8142589335455434,1.4474759080794186,-0.7007454611346883,0.6267079076345827,0.025115302383235828,0.9935797539677705
0.7980842975221623,1.61282839733519,-0.651130490840726,0.639533289273019,0.00563963123252805,0.9819053015306939
0.7794102052503182,1.2656139102405402,-0.6933408427419725,0.6307026733629405,0.05478383224443011,0.9822438949395896
0.8462092497487952,1.0579202583672418,-0.45571038494580524,0.8259205142988125,0.2914743619260438,0.9066778432560552
0.8089064073902579,1.7404700386617202,-0.39950022806659347,0.9503823715549261,0.3043219939466341,0.9906749660809372
0.8001999335350066,1.7915007190198877,-0.29904813023317517,0.9415042620119637,0.36373174351184134,0.9971354913500364
0.8277090086386659,2.6544356690990356,-0.24790812047024627,0.5823973819983289,0.23587466190080641,0.9964280759359501
0.8663967184707714,2.5992431014050164,-0.37204414276114595,0.978100302535334,0.3164523652409696,0.9435188197249412
0.8872988296808066,2.0802164503178506,-0.27769418777180094,0.9879753285348561,0.17271556073977595,0.8820046438636054
0.40930111069059,1.399483149182758,-0.3409415677274527,0.9750461330154186,0.036861965950078956,0.9722295661554068
0.3389054651520092,1.6653633268397448,-0.21392011146362994,0.8601447736902854,-0.06974656307245948,0.9737964452730923
0.6090948538939608,1.5829455513313162,-0.2933272055117693,0.9211063071298813,-0.009209873405639345,0.9186062402982051
0.42171144799028454,1.0651202503494674,-0.3624578003225184,0.9249575879640666,-0.022673969266960903,0.9698621677122754
0.5167372009181397,1.0825098823812775,-0.356464864275001,0.9370902534276735,0.12529861287621497,0.739578340700156
0.5594456452715848,1.2867466252724054,-0.14825969231049732,0.8268104298742016,0.06402281269237102,0.9283097044174181
0.48847777569568707,1.150037908755992,-0.05104960231031219,0.8395719839579497,-0.03011143654095772,0.7970637399455595
0.7593041650258033,1.5660689991164092,-0.22754016587083523,0.9036075789965877,-0.04375786885429783,0.9174829981843745
0.767440187575301,2.113776768618438,-0.006227870433006834,0.9630473139861857,0.09370230906500521,0.9493881497045237
0.8315048864160636,1.9043200212533355,-0.06026825713611844,0.9657615385424337,0.013883693618450045,0.9409043185961578
0.8486815524632478,1.72023939036906,0.004509100783904307,0.884165449846683,0.22519532210165155,0.9659050363088034
0.8068218624663147,2.7051684621894148,-0.4029998930433698,0.7384812407605686,0.3476303063090814,0.9664019004949811
0.6818288283272879,2.7995215582314987,-0.5455428090267405,0.8727650089247684,0.3391488463715399,0.967950128977933
0.6246256704936313,2.6073188119787694,-0.3572744041246391,0.9681678102531495,0.30752228689317657,0.9281406113966082
0.4856341801612192,2.5886522044288593,-0.4041315716593822,0.8660725197145522,0.3398510832870072,0.9696566242690072
0.5994820697556866,2.8005542814138296,-0.3136102389774715,0.9654576547191613,0.31556572261138777,0.8766207577312672
0.7293378206893802,2.8499855665113953,-0.22347312957240653,0.9855533930386488,0.3093611965705746,0.903957852065081
0.7170776730018239,2.7015249732968116,-0.0891473506730656,0.9732742892023474,-0.018114706237130896,0.9662339309289534
0.6576335562100762,2.98465415209179,-0.21103536826040672,0.9542797635944844,0.06352748966267555,0.9269074869907818
0.6855939411365871,2.973610426680982,-0.058627244136376225,0.7367637492297104,-0.10863893129014979,0.9653463482658887
0.7663058980614166,2.6140633281043804,0.09431753461131488,0.8895367909857328,-0.04654343604334283,0.9867923926171605
0.7409636683914125,2.6020567604682925,-0.1068303254393823,0.620880452331686,-0.013967978633576027,0.9572799014849579
0.3965185651291835,1.9702784048497752,-0.1276086575682594,0.9137453700763198,-0.18965400530203444,0.7154010306194348
0.3696987553581035,1.7864044687753495,-0.35004813097790893,0.9173947694793199,-0.07070044196605832,0.9544287534726481
0.37867612546224194,1.8001524890104816,-0.3868774817350133,0.9336854391719993,-0.0863597224844605,0.8902569017947237
0.4945821335756914,1.2720222672786252,-0.5453529109652366,0.8265162696696499,-0.1631883160416331,0.900668629218738
0.6575068699981701,0.5874541683816695,-0.6734997052827157,0.5682698378240622,-0.05706048239490135,0.9517234078784519
0.8573431830500614,1.2115214077429992,-0.8419185589524096,0.8417687946138845,-0.06281460846125594,0.907166824933384
0.7104269582428138,1.5523949438138815,-0.7262551111414868,0.9204372207122063,-0.17078246598377866,0.9787968385871597
0.5551146591431838,1.7504186463343059,-0.41472011621235105,0.9180024730797193,0.016059659363024233,0.9681829527883562
0.31602223219482134,1.5175832987752662,-0.34546834683624433,0.9160188241596362,0.06821311223005862,0.941600141382577
0.29342801487148035,1.9445914105609141,-0.38163246769626263,0.9389729065635625,0.11296246783851392,0.9853825418634135
0.41469809341749825,1.2504407227825474,-0.5746410804514999,0.936777712026588,0.192502603633874,0.9815981636112653
0.5629342404368622,1.1675484244602066,-0.4404610598898982,0.9843314947991132,0.14934431365962733,0.994037085063205
0.42749123625156943,1.3772161151104831,-0.27294128456769445,0.9809777383520267,0.21495521724242803,0.9955519986867394
0.6331594485091125,1.1108480177729754,-0.2537532145240192,0.8889731638703569,0.30439510732844655,0.9870483298558339
0.7318684761313343,1.8227099607674255,-0.23330339611804263,0.8916749875001847,0.35387597111767644,0.9495099829179293
0.6614619047905255,2.419945962437118,-0.2578469893347774,0.983357704478952,0.12949671975457436,0.9695257427942303
0.4637418197346154,2.3389860607879913,-0.36911674817343276,0.7033423573876229,0.05878640017863831,0.922655332557058
0.5242641294702832,1.9496642659800136,-0.2744945133634702,0.7999298935078111,0.11699886770575298,0.9308374582134487
0.6859652037277598,1.8485389266805752,-0.189034617875424,0.8852402932366705,0.16496960627151586,0.8904241141588983
0.6831996961901754,2.30082071442929,-0.2652888531314875,0.5877753148269741,-0.031734665439296775,0.9372077479185515
0.7301014303793859,2.062695733660867,-0.3090683187376658,0.8122765647454461,-0.027569916208909057,0.8813138559396706
0.7522933389135154,1.3221236825740812,-0.1937533710465132,0.8379725660029684,-0.007288738581526429,0.9262971736100759
0.7364889643125893,1.2963992229833379,-0.16896580326920296,0.5665238575878735,0.011068821016895063,0.9339089120402667
0.8104266576807181,1.220106108360021,-0.1475630661721313,0.5413455102715654,0.05845850197379223,0.8994966244182988
0.8316178098444715,1.5319655970668828,-0.13258686946709106,0.9249410521436829,0.3396951859865412,0.8788310608082576
0.8204657203235096,1.7646334705907598,-0.13611759778150112,0.8989594913550842,0.44614830064990285,0.905076361447337
0.7677644210766744,1.747724504834905,-0.24415747289931883,0.8922994430818473,0.027733336718818464,0.9501128225853795
0.7106367604531109,2.243889523855098,-0.17075321773584148,0.8578973556079168,0.002553369417993944,0.9024871173004595
0.4818599514442816,1.8999332042491135,-0.3100494642027248,0.862663027583619,0.1728406020811747,0.8802573020093278
0.49749660394957046,1.849017079009581,-0.34992500836010604,0.8774252200688603,0.20917660354203646,0.8640659394339992
0.45663411971242424,1.9075644873945012,-0.21572938053011212,0.9297424449810497,0.049402561430960334,0.9541878946207991
0.5440033847038231,1.8572032691220042,-0.1881610208160879,0.9260266536749395,0.045349513820101835,0.7929370026806348
0.6358950067504111,2.0941978400275603,-0.3528100955279731,0.9739520172533199,0.15570353697102182,0.9949106981352531
0.6661164085969977,2.256765071571736,-0.3143668474612618,0.9474601734084918,0.1149073624332355,0.9924260431893072
0.8031246640396917,2.5595299974820267,-0.39163110328122097,0.9502587104797465,0.1298287802481469,0.9433613717360732
0.5802528843111446,3.4494789552690506,-0.2686064241506414,0.854091441373757,0.08043999156130859,0.9390063488424281
0.5265916606849225,3.08928747408728,-0.1540370891899884,0.8234883029068877,0.03906864339957996,0.9301204573546111
0.6417109134970719,3.254690244298962,-0.22865975142285272,0.9125386141073367,0.1366900891254059,0.851323534099194
0.6267581364393231,2.089915696321846,-0.4017070216774774,0.8889898951876954,0.254539796153123,0.824766184398963
0.7717984254729879,1.7745550857795012,-0.44140474458564055,0.5206245734815175,0.12925568007843746,0.8731031122856404
0.4713123841894506,1.4319979242514376,-0.29615628575646186,0.7195712642414412,0.15221822143381772,0.8748634922816414
0.5719182429632158,1.1480479839446964,-0.4380605648812992,0.691379919322048,0.033746485346318175,0.9901661473960703
0.4438033131156717,1.3996826785044858,-0.5927902511514694,0.900735127932569,-0.1380841114363075,0.9888041919494657
0.5837682758140327,1.7548678236366229,-0.47568591311946395,0.449511583634566,-0.14923268236950002,0.9817870561980974
0.4823003874448599,1.7412529032943345,-0.45293765788562096,0.8520541003180563,-0.2051681619173342,0.9317262204373238
0.5648481263376738,1.690786779099208,-0.5450642673719578,0.7930007288889405,-0.1439194613549363,0.876943759489115
0.5957254877441508,1.536863380179539,-0.5553525787180671,0.7256917908070527,0.1770893494698063,0.9035227817496619
0.5866894056276883,1.5378478257245332,-0.6594556783087892,0.6746130280547142,0.23638278704664778,0.9490688759564829
0.5272777696748938,1.1400746051092137,-0.42340370420269496,0.8849839846188595,0.12296559473834606,0.9539920814305906
0.5373553516272414,0.8030756567597542,-0.4311367405905672,0.9726598457806224,0.1775224424962324,0.9329421921430496
0.6706357372206285,1.6678651460249387,-0.1257049185523647,0.8338606592678327,0.18419411321683693,0.9357516482620943
0.7334881821782324,1.8110642638735484,-0.06435101724131137,0.7362308533904129,0.22608370555416768,0.9848331008572692
0.6051249202385715,1.9649620799925591,0.05437514479436511,0.8192206957073416,0.3417517249065467,0.9444949292318509
0.566860105047558,1.8021736043463827,-0.09608282518400342,0.6928464381453849,0.0985220691927949,0.9460130992464227
0.8860405936539096,1.6278436433503705,-0.16129515348658938,0.7920961802842515,0.06221936378406479,0.9043455249300607
0.8444197452184865,1.640283924706179,-0.008468783630017632,0.9139586719338832,-0.21828471817015072,0.9855588090264538
0.7387293874087143,2.035736310553436,-0.14104952992271666,0.8573355512528779,-0.24195276919070288,0.9900186775898726
0.7096965130369013,2.219135664088906,-0.09383756108722657,0.8122549243495628,-0.04801272811914371,0.8859400578658102
0.8374711498948028,1.6989518369519134,0.11359792517712461,0.8363601297288039,0.34808258949652154,0.961022664792104
0.8565683318752315,1.8832133089486454,-0.0777329833302915,0.8651860798723173,0.25874692305483665,0.9203453501565141
0.6842187307407244,2.3662452847738358,-0.3117117625061812,0.7898445670766114,0.16122846650444975,0.882112639828213
0.6875565204762737,2.233688794570698,-0.18287863260900003,0.8329566868175227,-0.0747997687885739,0.9765153960682057
0.7978745117959085,1.4002834233539978,-0.7558470806626557,0.8698415626494246,-0.15649706470713548,0.9570369954640822
0.7350272429845731,1.2709782082524839,-0.7426108524720062,0.6435183277187201,-0.11543089187904014,0.9198990911759144
0.8741658036920523,1.1526687608814534,-0.5446343443428682,0.8648315428168615,-0.30724932092865237,0.8502297061244432
0.8313923488387296,1.3317513142478454,-0.4878248260827122,0.9063951099825004,-0.22327524448185618,0.918632549294879
0.8230819792139715,1.455614788937322,-0.5548065389293653,0.8774392079648803,-0.4500160181527575,0.9893111495348073
0.6992077544431884,1.7564181324229755,-0.5158203474906271,0.9449454084709391,-0.21878048464712888,0.9009681932583691
0.8215338639591947,0.9033679928644892,-0.29284398383661864,0.9601808131763109,-0.27747691482900166,0.9695461281302237
0.7609765688461723,0.8287232356671463,-0.2119991314919351,0.9521966469487981,0.33768325973187524,0.8492458631503969
0.6450649338902565,0.7548611406747598,-0.14467850452245898,0.5540771197993252,0.36003266116801336,0.9222151140563949
0.6599527373271321,1.274231799363543,-0.07785265008180796,0.8251031134301944,0.2742190180251427,0.8944381631571141
0.5541297985616273,1.091922866303398,-0.039755411254534655,0.633613263701432,0.366744232096727,0.9347398785855199
0.411250629317767,1.3601734437291262,0.061491297873869845,0.958264990085379,0.2803793458953249,0.9355472214194874
0.37490291816158905,1.0262516414968745,0.17028076037810325,0.9906413695186161,0.242408110372772,0.9499435266044464
0.4406225994340626,1.254300883534509,-0.14397802473598334,0.6662188366857088,0.07316508472394431,0.9944088275827906
0.39736343474152896,3.0297766389202687,-0.5170958213242853,0.9623333014338782,0.11909770752679505,0.925019942315166
0.4913123044118244,2.033694526730405,-0.41121986793459225,0.9692831111239418,0.2817753672358211,0.9799013414891298
0.289315684710307,2.5669992452368677,-0.3084459366018398,0.9531068952879722,0.3405457033071824,0.9555592412910437
0.15019476494350084,2.4314697612311007,-0.26926224457877546,0.9156579810379644,0.34483967019041717,0.9534371184353996
0.640056540140014,1.717258261092579,0.0576710315389338,0.9018372999491177,0.41553907215465563,0.9726695195754963
0.6388359844004706,1.5483209712241117,0.21222755676342483,0.8928030419993532,0.3592954964862432,0.9830622169522134
0.5817356165900341,1.959433227566327,-0.05133767667576346,0.8387875457334035,0.44547515912542973,0.8957459944529532
0.5506664069598781,1.9013689652941865,-0.20639068291370613,0.8498850120240511,0.32914199705477565,0.8856235433228284
0.5669809442121921,1.594316909606278,-0.22839059335806913,0.7250529458307147,0.03583493292785777,0.899374669119053
0.6700411284547029,1.5436766004201918,-0.13115260453206104,0.8158286588167345,0.022215552906378822,0.9677606537354985
0.5975947015978331,0.9127405876453001,-0.38017111725963343,0.8334416025199032,0.2761320707388141,0.9580168215805277
0.6495577076371114,0.9699416044873711,-0.33125933317068956,0.8702503948657799,0.31471752211830306,0.9538552419912736
0.5881241557013465,0.8225296653010404,-0.6346206959991136,0.7786747192174172,-0.08065909268595124,0.9609471871077294
0.7317690421847864,0.9721347998429016,-0.6123763636552523,0.9763232247791847,-0.06549537513480917,0.9817443167844039
0.7359027210212175,1.2369920422035567,-0.47040506622488926,0.9591503952914567,0.045010348810025476,0.9726444129634415
0.7087141824243913,1.3628833739484851,-0.6509411219716967,0.9701511480668433,-0.18605024596954933,0.6673316739025273
0.6877666241833352,1.2795831971900842,-0.645641372694011,0.7602482262560593,0.08029881115668035,0.7966141280256855
0.6725425433685037,1.1166921534343734,-0.7737286872761345,0.9791916217699596,0.040110760539713235,0.9211354505636196
0.69362436915395,1.3142417774327213,-0.9275676851243673,0.8613283772796835,0.13234208121281146,0.9937221109041667
0.7135190447097102,1.251085695234335,-0.686346966571631,0.9469134587377991,0.06629622346501717,0.9538471722371147
0.5862040735017802,1.7930435962458446,-0.589652857406572,0.7834825264627359,0.0869530600132793,0.9436854525638362
0.46624263482315925,0.8991399615958795,-1.061550088053899,0.9393115748475795,0.1960809968757208,0.9949917262503375
0.5775481700119137,0.28462220260462634,-0.8575081983669648,0.8821098288330486,-0.002019823402461533,0.9597735351478373
0.7624967094941789,0.43462719091828445,-0.7264403692904118,0.7298801560042769,-0.00029403120679825917,0.865186039388766
0.806199704928522,0.7050334943659,-0.5176087209446254,0.8576412975604517,-0.1196814591540195,0.9329738646483484
0.7687079389701541,0.7872890417101287,-0.3986467839444006,0.9157867942585023,0.2712112799612988,0.9221169635711381
0.7579392602273854,1.1359603495597572,-0.14797569714725503,0.7959427569035513,0.2923920035428845,0.882273811421188
0.6517101639071147,1.4758740063595817,0.04072612861659452,0.800677999696888,0.1767136547335675,0.9045311542470915
0.666724329441673,1.6027633491342657,-0.023728857331062315,0.9135572507130426,0.20150295380040517,0.8759622387109239
0.6604168145927285,1.8250229231080124,-0.218918033549667,0.9423083380753922,0.3112126955227986,0.9514791449205797
0.8809685819672424,2.1634755072234717,-0.06581474294146464,0.7028031011615039,0.2592532239603128,0.9511311818592676
0.7704267097264819,2.348773596223673,-0.09413461550367803,0.8765952836156403,0.3540391596905371,0.9722461870079238
0.5538447638154689,2.2574472951961617,-0.09928061733402016,0.9021935775363836,0.38878492889819455,0.9842306151779397
0.5441533668184685,1.7657689609917253,-0.1731534370498435,0.7929700665995101,0.0702808342357274,0.9549552289699699
0.419533578605437,2.1652614212229957,0.0009944583249916266,0.8828089837679068,0.1286505191317836,0.8366363913002712
0.5343564378945694,2.0886555998880283,-0.20361758541488037,0.8012072825528646,0.060709487695708136,0.9185525351062738
0.427954063931822,2.2170603559190396,-0.1851240077046643,0.9483785645318653,0.18828177711596597,0.8985266550826694
0.4226710199517915,2.6058076471245024,-0.035355600779901214,0.9021029293732533,0.2343707514814923,0.9687986441889661
0.6424724252482313,2.2191911059576888,-0.14588177467158453,0.5907187065476865,0.29852895684881703,0.9747763033740294
0.757670207974025,2.3685568206602103,-0.21229042734989712,0.9558928180182351,0.39142781032812535,0.9788647681293143
0.4035333108056669,2.439880564859373,-0.33806009895372796,0.7708325753520185,0.2787476290428483,0.9534924681709189
0.432227864933132,2.335913177278191,-0.27027286696872643,0.9073289891602596,0.2635744374471302,0.9885493950737334
0.39481603734991866,2.992058041261771,-0.08457780580855526,0.7669881825793115,0.19768783716520794,0.9676211908308023
0.3369040216410366,2.6544028282303227,-0.08791636907916273,0.7300311376573273,0.1924938807783841,0.9845142656367281
0.3161129905522725,2.1815979327709685,0.013148596801386006,0.7688337928440462,0.13926610847664667,0.9741819549043721
0.241152858976776,1.9768788532933583,0.14336046284097367,0.5852478465923345,0.15077066971220432,0.9971252388835484
0.28343069072952864,1.8513843260153722,0.31173953769875096,0.8922229405624525,0.19309649509114296,0.8748401289195804
0.5064142071912259,1.6891094517983432,-0.16657092283677732,0.8908692669736508,0.19189042762922234,0.9691416246597939
0.6460787710144281,0.9710069627682515,-0.39358882565205966,0.626696188331744,0.31930327238716727,0.9662179947700928
0.8087743543528128,0.8813865613263733,-0.3440907194098218,0.9848215344697927,0.2276404621321802,0.981627992998498
0.7611447175998995,0.6057315215800261,-0.41282132253730813,0.8270212902488631,0.2180780028875275,0.9888388222628808
0.7848334349443559,0.6557900599456047,-0.361054692928204,0.5686133245071087,0.24664058895350618,0.9859407962701654
0.5844527071702292,0.920064831984805,-0.3056017025657829,0.794775850068115,0.45575611366159857,0.9127710977276937
0.5025898594442195,0.8338280010299494,-0.41030674018055585,0.7966993703967012,0.32202883221293316,0.8485866719174602
0.5691668024937969,1.2905908543881042,-0.4126301058911825,0.8259236973619751,0.014393576469882591,0.9408728599235388
0.4132348502352089,2.629557101167666,-0.2906701122231605,0.7010262905648134,0.2986329017351343,0.9202371600842274
0.4142660751515576,1.7517069274285464,-0.28708639703557065,0.8036660810809361,0.4388003605966733,0.9831364275207997
0.5876256691882124,2.245556058397441,0.04630004140648324,0.960540638895342,0.016769886265240324,0.8632317322033568
0.6179695576111753,2.1913430312518445,0.11441397061127524,0.977133670347913,0.163465587897494,0.8815872724617664
0.46958003088075595,2.3673797482324783,-0.28643987933546267,0.7387677035257737,0.2534092356580728,0.9607597831468813
0.6723124477826338,1.9185658515894304,-0.11473373759868903,0.7744383168271548,0.38733047338393684,0.9898782706452333
0.7680001015263215,1.5448316246100244,-0.23472345215660803,0.9478913405290271,-0.15406443300252615,0.9402591090776765
0.7732691338669456,1.5825976048165307,-0.21091856276960025,0.9525537070446034,-0.11563122620653417,0.9320428389271037
0.6376387206975112,1.7617317289048535,-0.36172416299232174,0.9709892435775509,0.53500514743467,0.9333787495202716
0.5236563923686032,2.3814419423594853,-0.31952963379550947,0.9747923802865939,0.28347134362690085,0.9424137489497517
0.5334612675425056,2.836332833002004,-0.5298593201948386,0.8913109690560324,0.09237013891367131,0.9685795244588138
0.7844398850961728,1.8919714191514265,-0.6191386804490796,0.8404352000818993,-0.1800444472275249,0.9235364098297293
0.8383725469575461,1.9303463574579829,-0.5965247173515036,0.7441985883828146,-0.04037179374836894,0.9267284537442706
0.8615402927487157,1.5972147751394177,-0.5743816070205662,0.7534376334304103,-0.1106236457613622,0.9811790554281736
0.7003658241711015,1.8039098482000313,-0.6200612333327072,0.8718705685000268,-0.024502553327868534,0.8641958939017745
0.756043908352825,1.8423581588753102,-0.41966201994232694,0.9560534423275728,-0.1475325940079537,0.9834222699068111
0.5148288660051977,1.2117050110743666,-0.7743959671869951,0.9021175600624507,0.09034720559499937,0.9746445779243493
0.710225072170843,1.5524031666161833,-1.0738227497335766,0.8967480400959377,-0.020916678675848913,0.9666833673002683
0.5578828835018025,1.4623146224110894,-1.1813361795160109,0.8127211733778628,0.05003105694071429,0.9782850186552215
0.663610980202954,1.1440262146006404,-0.3045761111199835,0.7791952615163428,0.17513229202667588,0.9297513701567607
0.6909664959285226,1.0150876481365394,-0.3898095436671495,0.8538879196534421,-0.034841089340181514,0.9546027351501973
0.5936600430113171,1.9980132654260385,-0.3351939839634403,0.9085093895750037,-0.13737749828340967,0.9537456217837137
0.505084645562725,2.1098386636757667,-0.37247186237932434,0.6792966553122454,-0.0396053573773886,0.8863743897988073
0.39671585674068677,2.1425375155862283,-0.31131521629116526,0.8057540878076883,0.036324584646060094,0.9608763884730421
0.5189401288079257,1.0665091994029103,0.02056605951068636,0.8769652389009777,0.19969214723412684,0.9615522792405671
0.2565656718758885,1.2051265196974104,-0.054768187587620844,0.9883072349085338,0.25057566989795604,0.9852043565878053
0.2253540344492348,1.2460399482138855,-0.18345941511198272,0.9945771455143028,-0.019978580402975458,0.9243577635242444
0.25052071766649464,1.1989002129787765,-0.39448170519075487,0.9743628918168732,-0.19984697455794848,0.9821516495692266
0.1679999871755093,0.7006309140174815,-0.34185940660414466,0.9590674594388501,-0.2670270810077012,0.9138469334240685
0.3834636286571622,1.5095241758167566,-0.3715909975151084,0.7667266993416021,-0.10611307978913535,0.9235519760921579
0.30304209981817326,0.9888520436895486,-0.28597444870474226,0.9039139642016714,0.17178248303943647,0.9450034731136246
0.500319875245807,2.609727725725237,-0.1036977600759748,0.9043365582383487,0.15582056508140732,0.9322956700675658
0.4693586904901302,1.354759900952365,-0.21224274422537176,0.6274618440871272,0.04105993789714491,0.8742781595395744
0.4732937735339951,1.4923546624764057,-0.1587007925452166,0.5843881887457321,0.023237802480954195,0.9585703197786881
0.6027745539322226,1.8517134882185744,-0.3757198034605428,0.8208601143925117,0.08198279933900296,0.9540988287315004
0.7494620886266871,2.6830210964487695,-0.31107036922035575,0.9601745342099948,0.0329576348307116,0.977655084774671
0.8666067188901887,2.23098739330228,-0.32764447730687946,0.8561658848631887,0.0944689488705437,0.9851884005460301
0.6529341355545975,1.712043878402288,-0.31738939555870876,0.8186864865181351,0.10380148960740011,0.9856342466963615
0.5362203792580985,1.3006828114915587,-0.3696758784834622,0.9809751882660287,0.09584955523581665,0.9852513497688343
0.5503264580222685,1.6315607654966189,-0.3999007032917163,0.9423266977641409,0.12833925300141605,0.9121864458181339
0.5437949139963228,1.5936877088908459,-0.4371826762737012,0.924263115598275,0.028649136887663792,0.8890266419568843
0.4755054619145069,1.1906626328081626,-0.3489557600658487,0.9167579378892154,-0.10441553349111159,0.9690691757127642
0.6831284938047348,1.5924105290454948,-0.15253737782712334,0.9668964732591071,-0.3354920558570636,0.9872965647392137
0.5245341248547479,1.8089114117340013,0.008360477484214125,0.7819015945943457,-0.14440469488671084,0.9830969769139075
0.6313432445088129,2.3382445277500223,0.11589930076423509,0.8937581628183435,-0.13867659374807087,0.9573113135637034
0.6328023772838545,1.8742050900239855,-0.1248510144364894,0.7104015329254331,-0.11074996117788974,0.9450407551562243
0.7015287423263104,2.6324974317346146,-0.3946218754132496,0.9202909202194546,-0.18157350951644372,0.913581460722917
0.7041144138969221,2.6787237773476247,-0.36045346987314864,0.9079322802538147,-0.47755947947814015,0.9132724370027141
0.68503831485202,2.7135133216929863,-0.40426818395965836,0.7980105534574716,0.16207567940057935,0.7325504874642323
0.40490811255035514,2.5371970479828647,-0.5042971136880278,0.6523438270649755,-0.10835450206248037,0.884791742259709
0.375057409294123,2.149644543993995,-0.22059734162835107,0.5237295852964737,-0.17699819879476175,0.9075864933922975
0.38251887136262935,2.56016107272052,-0.22935159795254798,0.951132494207032,-0.31736391425437654,0.7982035304726325
0.3277768301061062,1.8954993806067195,-0.378018606340912,0.5321765218649175,-0.4276287958618705,0.977911943704777
0.37673912980441676,1.43364085405081,-0.3753657744586418,0.32605127355380953,-0.3163257358999386,0.8694558500034109
0.6245133476653768,1.0570622761194182,-0.09315917179295236,0.8281184691898643,-0.28338781997096996,0.9937871152689605
0.48588718488168997,1.6988458601110867,-0.04462256227365536,0.9717337731480176,-0.24781726500709533,0.9832569703212659
0.5924437589463198,1.7686835509755232,-0.31205485505802916,0.7913978219642716,-0.24165734736467528,0.985492453557763
0.5207159098382507,2.067013283833771,-0.31906882529182795,0.9117125713645149,-0.19145682410838955,0.9646284784890543
0.5962354127295596,1.5619649402419986,-0.19156987414053572,0.9375695538789444,-0.44170803581454593,0.916975340794284
0.5772141818185278,1.3894922651553512,-0.37697099130570094,0.8255815800480933,-0.10618085958655155,0.8866741904070746
0.5266064499458977,1.365025523622079,-0.49088417852868504,0.9559550090414045,-0.13266145767327933,0.9318535632064777
0.6219094948581655,1.167348573238101,-0.5493128037721325,0.6981079103433774,-0.24115196509031975,0.9318215428206551
0.6743123522961744,1.455236116794067,-0.49521023837217204,0.9052454522691454,0.18407237102294322,0.8933096416621821
0.70334606916971,0.9891977316140954,-0.39744324528417596,0.7100715147424156,-0.05894207863003371,0.9574550691407524
0.8166340569404278,1.0018713649708082,-0.24981625069370283,0.7768396814543496,-0.1855193459583307,0.9299549001045344
0.628212128825446,1.0169111860266886,-0.22613100093133065,0.9574159869195736,0.08802748668132647,0.8811798800214742
0.6610219137236685,1.9140348728425778,-0.059206672110422326,0.8212214166907851,-0.13233475905168268,0.8927489471369633
0.4107896304953393,1.3834267439836068,0.43157194589321707,0.8061124112672571,-0.20222301228753703,0.8460184307981982
0.42130364436602136,1.6201810971287314,0.30675457986422955,0.4296503215739716,-0.32484532711560626,0.9059681145396487
0.4496397829402091,1.0896083738304292,-0.20237221266729194,0.6673048635855288,-0.14697148168075388,0.914461431586152
0.7131443797891784,1.856881177994498,-0.13541494398565365,0.8537884690500732,-0.1113770512592691,0.856499436131815
0.7161216567409214,2.0137465296857187,-0.25674037864120985,0.8613323255439566,-0.16756013818118334,0.9022903007763307
0.66899466380644,2.0935989648292312,-0.29625163130823334,0.8858107223296581,-0.020461666279742982,0.9345643546356791
0.7417751354305916,1.9175026174142094,-0.03989021837251624,0.6502224204073724,0.18224725480694265,0.9671036707728549
0.7335061845339391,2.156378979087145,-0.18132687614052115,0.8230351473891191,0.11276738359259467,0.9664925999172708
0.7520315070942992,1.8593633717657816,-0.07221532185611362,0.778303684376988,0.19886213873311273,0.6144862907301186
0.6668593399636765,1.9605264227083918,-0.18119134489116423,0.649214820911499,0.22114323657869922,0.959258877447787
0.7993439355062629,1.7174710974502405,-0.05659720636201196,0.9526850645563568,0.05029627581367756,0.9248466156944953
0.7918257519064497,1.7572524764855748,-0.10837597534080717,0.7303583021722626,0.049962813680158674,0.8367319469113208
0.6896390845705341,1.38249776212456,-0.19243064837142623,0.6729108195501838,0.3577976669135863,0.7778332296834942
0.7213482970786997,1.5032472330621882,-0.0326642391686936,0.8993900521992606,0.04210239151271219,0.9816005235965966
0.7253393807117066,1.5535188931639172,-0.1337629988670742,0.7598571946602608,-0.046402160434080644,0.9588471374073915
0.7484345194212016,1.2805586381166092,-0.2933119812151848,0.837573695394106,0.05226331531058438,0.5069205882811546
0.7011395221431088,1.1448706009730651,-0.05470455646122984,0.7786825956964774,0.1291373627867654,0.7544121358224293
0.866665485696164,0.8624251877892949,-0.2249007674449204,0.5037384349749153,0.20950904964087094,0.9444363049812523
0.8516209998534142,0.9865668493654122,-0.14182813149885473,0.8354358691881324,0.1929172598282061,0.9295134296270132
0.8821292359889328,0.8364770899472629,-0.28059486742743006,0.6125093129467752,0.35198572410070084,0.8791143070689765
0.8524354547157984,0.5704812965671416,0.01024587793797139,0.8044084444156463,0.21597153608477515,0.9602203986534178
0.8269854669181951,0.7611157572021695,0.05822640474155126,0.8531832200005162,0.20919112803548873,0.8269146162412168
0.5927974484286314,1.5038488500570486,-0.42024417806908243,0.9808455944108146,0.3049203829946217,0.9017296663487022
0.7170980372542134,1.4275616836562377,-0.5346068256155827,0.9506448918558803,0.35527411416726284,0.9829168702027349
0.6507916793897219,1.425176240645185,-0.5299017477489928,0.9837304110920374,0.23965151092662662,0.9923860170511339
0.8359340877003268,1.0983575099058236,-0.2526760258678983,0.9471279894529484,0.501028442936652,0.7412661189475962
0.8154212285771417,1.9437393937537113,-0.24946748957535492,0.9704497728570897,0.4575635791490252,0.5301664622200785
0.713782671666022,2.12575061435969,-0.19693328886271183,0.9814152399681957,0.38654191385839853,0.5470176696225086
0.7743096891583028,2.4410901061973345,-0.21522740074775265,0.5251124206261387,0.2812569854641455,0.9892836715210218
0.8342873744361498,1.9970689942751985,-0.009988226902470504,0.9606282778910555,0.3945199631622547,0.9887962745064492
0.7212753458150818,2.2602385788968737,-0.340507864156893,0.7467242220291566,0.29759511712735515,0.8434925092803153
0.8193006495251852,1.6085759965158701,-0.3248721625955399,0.7052863680491385,0.1471154113682768,0.9281074876765812
0.8167938940368996,1.8309102449461623,-0.19077737516748078,0.716103475440704,0.02297611802235731,0.8791009156467124
0.8899486452829938,1.4995825795224536,-0.358119827145405,0.7839160540591636,0.17194164948896176,0.9506363465301868
0.8532681657993947,2.038877642972545,-0.3799172191396614,0.7344363706255108,0.22713043224145404,0.9578137771453683
0.764583246651237,1.4720954295499555,-0.39015967355255976,0.6565369357537049,0.014118113303600313,0.9245335036818146
0.8029161429948029,1.4218741583802932,-0.27531507981305114,0.9111927941846797,-0.0254142504947486,0.9899448744627087
0.8228975417717141,0.9959080369746853,-0.08112165054076903,0.824827058812288,0.04615775021305671,0.9932136027770896
0.45691687267922465,1.6840808171306638,-0.11982666903085072,0.5190082611243645,-0.04761578841211023,0.5762117404700031
0.7226190955225754,1.6165087090086798,-0.009029811993913906,0.807072515745649,0.20441247581664362,0.9923087140908567
0.6958368100922917,1.1041141182238043,-0.2604448261561483,0.7867379203323384,0.15458076039935012,0.896866144224018
0.6591527625431916,1.02990564628563,-0.21112300823662747,0.6214984005232033,0.0971538230806409,0.963506207110619
0.6567918344388036,1.218667881512785,-0.2933590603958238,0.8104317247308476,-0.025070974155958485,0.9725145083437738
0.628285772852458,1.4625748107105236,-0.3350087525276109,0.8928631264027983,-0.0027192042682422676,0.9662592500088176
0.7521367711541681,1.1575785048141216,-0.26495776066440574,0.9432890546785253,0.06003389416877229,0.9467736429425442
0.6869179802899126,1.4804093221826335,-0.16575797279120247,0.8624740257451501,0.1172802887313217,0.8877945010752591
0.7232003046031336,1.2884263031927787,-0.2674613911398475,0.8561986746041289,-0.030217804600905535,0.9314813677100161
0.6355070267112285,1.6893175772504188,0.055428666661664405,0.8297427009783453,-0.15928198815800443,0.9107232138652339
0.7199499385408709,1.5407764473343053,0.013984009254398407,0.8407146865228711,0.09061232907655778,0.9768622087239985
0.8432307596771976,1.309320179011342,-0.23136083224900525,0.7775392338151877,0.1433078160680194,0.970790065514435
0.6538339688269019,1.2595969450212259,-0.16290111786205944,0.8213495523481126,0.21981333002138875,0.9850777819324179
0.7963088882492059,1.1600277696261867,-0.41833032275451776,0.19717600757647008,0.14724091716240564,0.9882569128337655
0.8028360244353997,1.1646864518606344,-0.5383752405761537,0.5681814620797033,0.1142312963565268,0.9693823313914195
0.7651069784889193,1.113126033798943,-0.42855675933243337,0.85763809119503,0.3633170948164162,0.855003326546878
0.8346660266484324,1.5492036843280754,-0.4217899010368415,0.6403682404570296,0.38183184210841625,0.8400779828565376
0.6525164620169911,1.692328354026317,-0.4352972884246558,0.7602475060568173,0.17700615936639658,0.9073825201026688
0.662426750789275,1.8255668134347012,-0.48074373986231905,0.7149655280155189,0.006566816168850147,0.8867958649435169
0.8714171332754392,1.5506337089672955,-0.4738692183346787,0.8643410456556022,0.20508899265317726,0.9430961983968633
0.7773617176467909,0.4639379985134851,-0.3956838615208875,0.8055778704158105,0.23482677630959403,0.9912154624327005
0.7591195497759341,0.6181768208064838,-0.5387514717543812,0.4629838961592382,0.30171817921984534,0.9460094457733097
0.736035030339934,0.7222548288404202,-0.4458602803767901,0.625338601587331,0.22762614165110054,0.9366462490449953
0.7361184003621994,1.494601574793829,-0.10849469495928482,0.9721121446509513,0.5371851823294577,0.9526359870013533
0.6543403726380712,0.93503957347376,0.02208391316198316,0.9449358187840735,0.4042759325906582,0.9621833917973447
0.7193527613612312,1.4307225013199674,-0.08800575062315437,0.9359608067927774,0.488748711443266,0.9432153956390478
0.6594354996918039,0.025590162112301064,0.08369578625446626,0.301147930806984,0.5446958973846382,0.9391726850621631
0.6649183501664644,-0.14210528862145888,-0.03781499303751552,0.8200112763624575,0.3876229316571108,0.9964667909556144
0.577885953501768,0.46024252316249814,-0.084925732732185,0.6775155433846186,0.2603645930947803,0.9742630402264368
0.5285968517772727,0.9945111767925305,-0.2155590138360587,0.8152346367395883,0.257076382994345,0.9146384071578335
0.47484307775904755,1.2392769115757145,-0.1414430375867286,0.6080018238563825,0.3026666542853157,0.9303965777271699
0.4652291675588718,1.8049463426386871,-0.5099455289458263,0.9077074832370389,0.3902413927407409,0.7421265880801514
0.5460543741378054,1.9565342648734505,-0.2879872659627032,0.865888847092381,0.30959615324252493,0.8590971089316092
0.49574228935430337,1.616854603989659,-0.3096842213486487,0.8877807965194658,0.3514238472129746,0.7648791934222245
0.5757000819277235,1.452785695160187,-0.22170995647127478,0.881496463619593,0.24206909310719826,0.9382541849877457
0.5855808732845061,1.3750659675550132,-0.3468008890336439,0.8126656500818241,0.3652539093503977,0.915810362660038
0.7007266953641607,1.5346305604153665,-0.2582182369571074,0.9640966788770997,-0.4234729425438858,0.9691192394350087
0.5653440295934868,1.97462056690341,-0.3870151528063952,0.7037192149694882,-0.23131611239645633,0.9574703050075902
0.8164308378548615,1.6720502304092537,-0.34722346901982415,0.8779320567121897,0.27192286591026166,0.8764937754150017
0.819373422065739,1.4545176642247089,-0.24229833808939386,0.9695004116919632,0.2884156072888501,0.9450847192499274
0.8260555707063085,1.2028941631136416,-0.1937374991409577,0.8278521712389401,0.26210898331976334,0.9221664883378443
0.8491262141499972,0.7710066366074168,-0.11706783516672435,0.9842115773243627,0.17662175396787258,0.8405916534719038
0.8719580352641599,0.3781033855139669,-0.1207698504962552,0.9627873902777242,0.19013331024992333,0.9354455565906987
0.6477716732188316,0.5855817454571177,-0.10158541913445313,0.9363672097778821,0.27617654202363023,0.9519653145217017
0.5951905534360491,0.6910901321917658,-0.17300054019992708,0.928776289563239,0.13246186174968277,0.9887328047446664
0.8869840800354291,1.2638323960463567,-0.8330254773353546,0.9469605556228126,0.35965385818730095,0.9898999686268612
0.790045273395278,1.2833582233869685,-0.9547972055452294,0.9464052690376891,-0.07139025553900966,0.9946736727260445
0.8456624390922778,1.5228924922622047,-0.8751948395937371,0.8395924313639699,-0.009096461007658048,0.9959940495850853
0.7317938650583544,1.542637631797981,-0.7570957064036841,0.9280274181768351,-0.17808866710006632,0.9679194629672228
0.7895306215543556,1.4217552953130803,-0.8429128014227826,0.9632353897558468,-0.22695525975140518,0.8625156494508368
0.75463575911955,1.4289204139743852,-0.49076923845727793,0.7436001868879007,-0.12014302363809208,0.9382911952333008
0.6068765907869281,1.2594768088442054,-0.5904000659616376,0.7463353490188727,0.011974153510787382,0.8602710455864954
0.6018815685631445,1.2789095102328212,-0.4977562648211117,0.7621731875142763,-0.12086555925069113,0.8761688197628725
0.6500206176979995,1.8762269298954064,-0.5765058550711485,0.8805138229752703,-0.10502674686483371,0.6576345699173854
0.7403388744542448,2.0604605465481387,-0.6167541455820709,0.9437376519901252,-0.16301515525978605,0.6694510848978212
0.560273161511624,1.6814609530383284,-0.48163658169229845,0.9057618829473495,-0.1070056787008625,0.7362948659928098
0.4312315641087331,1.4150888207710002,-0.322184713655493,0.6263767482955255,-0.2538533009750109,0.3624884108840345
0.41707586156982446,0.9773085346200702,-0.1758380037049445,0.4505678659125748,-0.100848276709283,0.7961976085173113
0.6049680846443135,1.4753536083390126,0.09192173159320166,0.8360544446869482,-0.16084010239345348,0.967456393214555
0.6164568527237655,0.5000733846292915,0.26920385296524924,0.8516405817395498,-0.24521153281174532,0.956506623618373
0.8036259019474209,0.5017355209831371,0.5382129907648906,0.8692532016954045,0.10433637073175396,0.9725770284330795
0.4394635755676718,2.076017363733976,-0.4255460175074692,0.772668854232101,0.04031636755151339,0.9760775321840995
0.5861863047717076,1.7405850704918109,-0.3162914404739321,0.8466729445424562,0.12068642874368508,0.9009197982936331
0.6137165651834304,1.4660123453905174,-0.3194186968817039,0.8670663186051856,0.10810226224843208,0.9031545283066238
0.5417669729201615,1.64805142825058,-0.44019809560872797,0.5426760127528785,0.18334559334305983,0.8528074268274205
0.6096484043072229,1.5664450305147875,-0.5355082023572358,0.6821314752553983,-0.03379762375259593,0.8197999871487154
0.6715238103305305,1.7538558869782237,-0.6138256081097054,0.8702818460771523,-0.015384817495502863,0.8460354366724161
0.6150544846685796,1.4769718596009698,-0.5426649488713726,0.889167844709552,-0.16689166290464674,0.921727161694878
0.6420159488217648,2.516269633465592,-0.6227094215669493,0.6987393850803268,-0.0028128925121996807,0.9607454182832479
0.5700327953427808,2.622772246136937,-0.4669859931805839,0.8865795669736974,-0.0327225704077827,0.9631734560803255
0.6405167366543403,2.487959725238726,-0.48513943658792147,0.8391606431666597,-0.06570230157027329,0.8512598569230897
0.752451682337456,1.968804802340239,-0.4002327335976846,0.9754593030193944,-0.10631451089141003,0.8582508142283084
0.7893903765505602,1.3728368335019783,-0.1855203078361932,0.9209202903389058,-0.01722519567699686,0.8082557965133752
0.6426422379365098,1.7663826949435888,-0.3073760508799012,0.9187118879779869,0.07351288679609158,0.9726173674840184
0.761387454890261,1.888028375854628,-0.15324002573712558,0.9606538613652958,-0.07259306896461376,0.9706670558440748
0.7116224039383576,2.012262267511468,-0.14180307551194704,0.47458243649630866,-0.08482085227947621,0.9618491218227999
0.8064462915996099,1.6204811818780283,-0.5583052445109157,0.9210921382015708,0.1077966668065487,0.8922119939750234
0.768013575505558,1.8786834210258025,-0.4468776783840452,0.7640101849771251,-0.018730393334878907,0.9035812727915021
0.778674763605467,1.860291684115907,-0.3221754258096157,0.6880468788939923,-0.1610584781857085,0.988438196312398
0.820167717654116,2.317279159068256,-0.2820862179782458,0.3330393402400243,-0.06397682779223479,0.9681076197311964
0.8720049531080553,1.783802598077673,-0.5649518400729,0.7573793985179207,0.023616255500667094,0.8496825653414212
0.7985104376689287,1.153860203418696,-0.7816285554593971,0.5718932916366433,0.07129747605729218,0.9052245297037399
0.8724879282226312,1.2527704008232916,-0.7124651264294056,0.8339941653428804,0.13486402346442,0.8256976481915017
0.8873354074684168,0.6580337935856723,-0.7928235535592406,0.8097163366265143,0.078094320176608,0.9365346946608264
0.8464292336739753,0.9991058619307144,-0.648910851734827,0.8637284276031725,0.13019832986304766,0.9395838668161569
0.8767163115528512,0.7268848802836149,-0.687914439306396,0.6101169527181026,0.17195369342044595,0.8113690064481232
0.8320220947269611,-0.0006782221696564884,-0.66275852086731,0.8512271929492544,0.03460762066193198,0.9327441094401496
0.885286519590867,0.47382379215055587,-0.742429317565546,0.8981022142465902,0.03987886820689881,0.948126865427435
0.8207273981164758,0.5372696621149786,-0.6113055371347281,0.9191993885348404,-0.014704549993183366,0.9693810139550496
0.7121423339237005,0.6958049460242374,-0.6938413882715722,0.9181708525569854,-0.26533226543261307,0.9411380567520703
0.46631991080423413,2.133490963974793,-0.13496879036336265,0.7894209733140937,0.02417011907751273,0.7860080857582123
0.5121529837095944,1.956709058121313,-0.16288798167990728,0.9705673465943043,-0.09050989762542389,0.8327575224142358
0.7299269007483011,2.1583071706420456,-0.21623601294321304,0.8654835936647134,-0.2466262598079008,0.9930474924550526
0.6774916877084632,2.341719576418441,-0.06932998301577907,0.665266551968131,-0.16288295095879343,0.9782330185983332
0.7216146455393226,2.223203378098216,-0.1261614388498144,0.8577904506620407,0.02515666833749078,0.9916432129043786
0.5588082502779368,2.021257823920757,-0.07853764401812174,0.7588843217847249,0.22799285310069645,0.7992298583095878
0.46865674340674374,1.96909300440943,-0.11914617978666348,0.9233498053662994,0.19102242559705543,0.9816445564399978
0.5320614492277532,1.8628331970852678,-0.21424630186466379,0.9333953723712548,0.20179325829444275,0.9761588795211102
0.6468518481620226,1.9240768948914415,0.16261329532323307,0.97590231630719,0.3130866637622803,0.9813282012999003
0.527925482895005,1.3485933613121428,0.04400043297944174,0.8577476782498161,0.3281345777748049,0.9396167282472514
0.7188003080024907,1.0596272307623156,-0.15885176684540742,0.7496430947610898,0.34299999742816134,0.9630403945846364
0.8773441240099492,1.2916814467008515,-0.2984876695552326,0.9125172439364148,0.23939749397436907,0.9661059498738056
0.9528615762845213,0.9725300515937254,-0.21909123008563078,0.8315026521623339,0.2370600989726225,0.8783796837216143
0.7155229134880897,1.556734594900653,-0.36425252543047926,0.8525274570406645,0.31277218588603584,0.9168167218288165
0.8253555592567455,1.8180036673332556,-0.33558550191218695,0.8547581032018682,-0.12928935409525094,0.98309521691741
0.7060767245624848,2.00549866986247,-0.3051454598680854,0.8731174614470215,0.5643767059904258,0.9364926466006401
0.7175149945676368,1.9864606454481843,-0.302448933874609,0.9360519361094368,0.6964909455713686,0.9618891461474214
0.8492719614897296,1.680728329799709,-0.23366465540924733,0.9175666143298894,0.37718862664427016,0.9149862360351991
0.8386028497379782,1.470590031733367,-0.1962872846755415,0.49423521391978537,0.3013231487022,0.9701386296347068
0.7531187337378376,1.5104056001169928,-0.1882183948722688,0.6647991137274999,0.3851085211659416,0.9387453808224552
0.8329964800877538,1.3128997466633676,-0.10191988751709125,0.85717689853776,0.468201045887695,0.9369584697896983
0.726935811673536,1.2068910182716714,-0.2640002686067949,0.8786724314337339,-0.2867226790046521,0.9418819190536039
0.6244491880181812,1.7929243307668103,-0.3869347823926662,0.7633266340782475,-0.3190532008939756,0.9161365375746159
0.6486681328662544,2.194866172465362,-0.40620579299185205,0.7669083478701431,-0.19150924819778817,0.9217497237534861
0.6450400578749057,2.370517886605611,-0.26058007003364897,0.851874961079657,0.242190944245197,0.9539343937956095
0.6307086795873563,2.1580809834228187,-0.012175228682180341,0.9145204980694965,-0.0370853077828955,0.9799762420940701
0.5494789465404198,2.3307018357190206,-0.15810149007912802,0.8309737177210031,-0.26862213015679026,0.8473765851122135
0.5107452724264803,2.1721338578878795,-0.3236257292073183,0.9757467127800374,-0.22552334653499556,0.7172878850760065
0.4935736054829553,2.050256051714962,-0.3370085428089535,0.9903995241749044,-0.22026774847225902,0.870110013722354
0.4338768046351747,2.2936790495542994,-0.257471238691593,0.9308645026900789,-0.20991219860349905,0.8272392201669728
0.4917885052883789,2.081721103217738,-0.17556904175906796,0.9541950386064287,0.28535662573978476,0.9888302915274052
0.5873876771099479,2.5622337852432677,-0.3321260372220715,0.9883642606089142,0.3503806638874869,0.9747842710194857
0.6336578398289605,2.5835479900031815,-0.5063174897014624,0.9875498877443282,0.00013541115462203083,0.9689863702180685
0.22563158638772257,2.617024791648749,-0.26665702292249044,0.7548725805975313,0.056095419522652665,0.8629542135095708
0.33356849985610226,2.376542133743221,-0.32465559087363216,0.838829679389122,-0.10569378147141553,0.958683002113552
0.5050971577160122,1.8609303904643253,-0.38492061260603133,0.8958433751723589,-0.14847569686664253,0.9335821557566503
0.5702169134174683,1.8791612053021978,-0.15941187027391387,0.9020053750486459,-0.150572128290225,0.8963536899220075
0.559767784388629,2.290597831075373,-0.18377142737454175,0.6286040342115107,-0.11518318818718896,0.9768698489505656
0.5232398086546094,1.5967202168939862,-0.1692409085382935,0.7918951781713675,-0.17750379897933707,0.8805187330049697
0.48987364713011355,1.493166923853767,-0.1226096604605646,0.5561400619509974,-0.01844463609622329,0.9031072050049088
0.6469172287424398,2.7558699621002063,-0.3095726713380482,0.8846790222811133,-0.0213816972873547,0.9177660991931766
0.6536784004452307,2.381655108941771,-0.24534073983654758,0.6399242094919448,0.017703945940464077,0.9134582941273328
0.8130489826369001,1.5591799997179976,-0.11519808279113786,0.6551742109899891,0.05291246111554291,0.9088159789951462
0.7990681177981357,1.233657188987848,0.09081407914526578,0.8926820780492187,-0.041252088817781425,0.6609577082719125
0.6985199371986912,1.1299321205878354,0.04223261961410173,0.6968937149816725,-0.09762966183071005,0.7503093759195985
0.7220063701359432,1.1357793266498013,-0.1507954186906154,0.6785221343989866,0.040185016505656666,0.5007154692723925
0.7578604539796562,1.3886649781375395,-0.10013770762884319,0.8167280847026178,0.06362570378533425,0.6769345506780764
0.6703086055538577,1.3565394180564332,0.012856655290612745,0.8458331478446477,0.12883622039975698,0.8788742565023813
0.504966850975466,2.51126109084342,-0.0349247538457954,0.9072337548435968,0.12032604289367464,0.8085518462430684
0.46227274957144643,1.4339579975593864,0.08371755572630919,0.7614243643929379,-0.23926118344265504,0.9872183004062124
0.5788874925140369,1.5971138981032547,0.14014690476494326,0.7770131608231128,-0.18223010593804748,0.9848080245172851
0.5252834729522425,1.6682940987364343,0.1145411246413528,0.8777786481951476,-0.42964571013574576,0.9616892160758229
0.32990465503418687,1.2939697114684583,-0.1991943970459199,0.9534186187837241,-0.3914237204256223,0.9832780309327999
0.7412863760729095,1.6721341423275817,-0.7319669836168082,0.9065372108818353,-0.4603864442852579,0.7776401720157354
0.5090567325323141,2.129159947056825,-0.45652235013646203,0.5021213713479912,-0.5306362849738676,0.8700577335213676
0.4210252188685916,1.936338682556051,-0.40765934735972786,0.9201532489805009,-0.31902881292006147,0.8651915161162894
0.6910705213630665,1.8290447432539887,-0.4079446052576495,0.9018214661314157,-0.26491847069953167,0.6093959977095453
0.6839134656692359,1.7148466763370278,-0.34229104732831067,0.957429609856454,-0.14545221319707738,0.956767296997961
0.6587910934210358,1.0117524713632435,-0.023963896317457205,0.7336420439676143,-0.012022736976701556,0.9809432187862712
0.6966461938172258,0.969176026704944,0.06678443731074514,0.7159553795755847,-0.07063804651771684,0.9549108630688928
0.5607731283614614,0.7639612388868001,-0.001345710419940869,0.8200471454805383,0.012560178205589871,0.9800460406200421
0.5205160700476866,1.3271957460798411,-0.2179626440831325,0.7267056084582693,0.009037395146326522,0.9619362136913913
0.5106463893145631,2.4793699419181574,-0.12729946783203785,0.8102238573380645,0.018161499916916114,0.9211153309522803
0.5578386574490523,2.5060104828136507,-0.09211202843645047,0.7074379264986934,0.05885524449618584,0.9057760739015643
0.48497836282192447,2.1513520410491376,-0.02480095267026872,0.858098654528742,0.1725820755242925,0.9099323062085506
0.4203898503875435,2.0038114673647582,-0.17717132186937212,0.6811982770711292,-0.06109216531907105,0.9465781909915567
0.5336083468252455,1.8729716409959307,-0.23951885933220793,0.8291775643566928,0.10749873644204884,0.9473404487742765
0.6322648791750303,1.888574694761094,-0.07875989213375126,0.8957952561141962,0.1852473650694854,0.904023445915139
0.503363793873731,2.1428040012017218,-0.2715052792694077,0.8245046843103291,0.23652739064973158,0.8228826861776268
0.6022663688287812,2.0626682630967723,-0.27361480278229605,0.823625283345963,0.04589931376941586,0.9975128105985613
0.8697448825224223,1.6568175836625723,-0.2918029186599462,0.5831262120675587,0.052992717241582374,0.9952971022134328
0.8385519891147375,1.2143398737136903,-0.3988878652909293,0.5717883789228448,-0.04624696374043733,0.9768473640612582
0.745823976099004,1.159726934102287,-0.09489192433793789,0.9036144053999176,-0.0714335891126182,0.9876132839550317
0.7064900323587673,1.0550772760980527,-0.19527021783310178,0.9114414338737622,0.014184229335508896,0.9124876928030504
0.6970372554116188,1.0470707477091117,-0.40625321358705263,0.9289488977182704,-0.11207764544307464,0.9382380670338296
0.6457551488330618,0.8873782636031421,-0.252025819437619,0.8796039146389855,-0.14315535293791012,0.9292801712769992
0.7003730982151849,0.761412183096533,-0.25549455231286,0.8810166443619715,-0.15239237948107529,0.9326705847873542
0.7915657964745144,1.2888694673675016,-0.31153869503185216,0.9514313031703933,-0.12357760929083987,0.9850274314502881
0.6495489015460914,1.4473150795725815,0.2748379426375698,0.7135054478189002,-0.11847349264296794,0.97195957437732
0.730513597159443,1.2949975158408233,-0.024493307856251964,0.9325384161656545,-0.01579382133095822,0.9687290745308229
0.7982571139346196,1.1826284835506038,0.024233213257521174,0.9403202650732293,-0.029449854757085368,0.9721519841094848
0.7868383666456318,1.6293072607098382,-0.15818792728996353,0.8950958097725674,-0.048658933775553255,0.96207971591254
0.7799449725085216,1.4379413923812696,-0.11607006182448645,0.9274703890357939,0.06823265133137303,0.856886884265992
0.5826958882854807,1.136514182687041,-0.2387027631714265,0.9658587524227707,0.19818980311223378,0.9771077045786521
0.6290836667137389,0.14779335546689282,-0.28354820721583224,0.9090658171794755,0.21987983291075258,0.928226078520815
0.5682940492738661,-0.19741837742265447,-0.26729780923025703,0.9541799089936684,0.030527574299799395,0.7712186050761536
0.4273782852475004,-0.09835813771368436,-0.40294266391014544,0.7069227778977812,-0.026281186623866894,0.904634975366768
0.37215253611424914,-0.1012659526837219,-0.40133220501562494,0.7013078389753636,0.06166214291112901,0.8161380641838585
0.5019990328102477,0.09005240633692843,-0.33603456714137087,0.8938111153595358,0.20052245594987472,0.8960356521114073
0.5890708497791745,0.40510324792129554,-0.33572044959317227,0.9037144894254249,-0.16540029115151192,0.9806095573748456
0.6874130185861095,0.46075171282998373,-0.4167840949278857,0.9770847408010442,0.1653218790779068,0.9457955677899748
0.5093395664174778,0.8292680740587581,-0.38243070370261534,0.9608526924738083,0.3284649662126939,0.7542548819759732
0.5289297084333092,0.5968654249486269,-0.39066108783098724,0.8186402908602144,0.4249886863629039,0.933591880633103
0.5486475121823355,1.8889171247947674,-0.6158034962295169,0.7757412027489311,0.15624390170507044,0.8322497288274856
0.4946238278244237,1.4239784023602768,-0.657619184371277,0.7720536655933486,0.21413718979034008,0.6845215320020648
0.47284197933362065,1.4885682629400696,-0.6208357002852507,0.6822465431473513,0.26459571950325356,0.5411458090184135
0.651917615280247,0.39411851228881356,-0.1134989977917207,0.938950773677703,0.23687868048965807,0.5900466233789667
0.5991938238596457,0.9911510936983893,-0.2748422934188083,0.9159160069343961,0.20840151760379505,0.6734715437023951
0.5099329621504323,1.3977141610091302,-0.08761369260537365,0.8881406014238254,0.23142038398460704,0.7837288390680169
0.4752327768315409,1.8597597213128303,-0.021666805423962224,0.5828326721152541,0.2527185345004359,0.9049468588159102
0.8115313133109455,1.7813075606113866,-0.10582747230976872,0.626929644387319,0.38510620195467155,0.8830407881852792
0.8030614875595397,1.303299461742165,-0.16095013023226393,0.9512475415785984,0.23909060586855352,0.9709084203446326
0.8211661271115356,0.9226021866744106,-0.2353290883904982,0.9610943150505246,0.24811520367936996,0.8505313778677561
0.5658401496342617,1.945190122276728,-0.0434678245420493,0.9492514727105713,0.024755449145726766,0.9851488287490223
0.6036548196147897,1.2410355949840177,-0.11133663887705453,0.880724440928161,0.08910874346286118,0.9452944318264894
0.4909947890661707,0.8812694517416811,0.09817250169110336,0.8696409075785906,0.11962691939239653,0.899506087376367
0.657328678917904,0.9742909595091845,0.11935601646508899,0.7689110473303274,0.09653845912594512,0.9387635913061692
0.7258652953597298,1.3063923588915927,0.10871679738111388,0.7274709700683976,0.47379310469668906,0.9104501092121495
0.8201976908071739,0.8831352177821848,-0.11104426155187316,0.9652993805373429,0.48891386415504806,0.9405227087721644
0.7974107419191343,0.9434756209861588,-0.09632649854326417,0.9626235145488383,0.4053070393006153,0.905275689218987
0.7961545426702483,1.1536852646436144,-0.2013523080670464,0.7059406651332018,-0.2765210945205609,0.9698948344635071
0.8313176837865166,1.7148267873139302,-0.3582491658621588,0.8969633808910159,-0.24558773902963804,0.9349977347733254
0.6868104915791302,1.4666234738725878,-0.22430136689223518,0.6495025848896503,-0.16707271340004426,0.7642126894319324
0.33365655562095753,0.259832964244317,-0.3406397764698562,0.9837166158218239,-0.09167384113962032,0.8662074321091021
0.5155777777618649,1.3727967915472292,-0.20743613554060775,0.8229743870476608,0.0908690858947637,0.91729802738218
0.6690374221760682,0.6563491976890212,-0.05726163794403911,0.8145775926759057,0.11660339579652126,0.8939551583018908
0.5795238796509675,0.5541074175637648,-0.28796333022005166,0.8903498940876509,0.40338472673773235,0.9613983115127716
0.38754117382597353,0.4732363090217104,-0.256086649368763,0.8157625847518931,0.12623772387129725,0.978643901245893
0.40763743346070525,0.5749471023029686,-0.4769495464005597,0.8260305386083375,0.2318573381532122,0.9755884168480279
0.4270557487627401,0.6847601016900109,-0.5275825575711975,0.8566021748299557,0.2926460333240046,0.8835773912160411
0.47377397896003687,1.0478542705797103,-0.35801172439689705,0.6365318628408084,0.2031283233428486,0.8570958538059077
0.5371569611902598,0.7359059075067336,-0.21584083184774747,0.5917393458152567,-0.02429849997094792,0.9253283046982616
0.5692711530799683,0.3333178636317295,-0.35775639896825867,0.6247525819621701,-0.10169661915648753,0.9530506233130435
0.5246401817723875,1.0179369951965005,-0.4848045270298757,0.8871653350995199,-0.01773272459613523,0.9463055786926912
0.31297800388584673,1.54818544208786,-0.37131078444780447,0.885452770097113,-0.15764484925713929,0.8936440273735096
0.4842788786696909,2.0493786871848765,-0.5141152810062836,0.6226009247646265,-0.07060939309958918,0.9906667186820792
0.5488510278733167,1.6939291072727356,-0.6142330448744052,0.8409900049485919,-0.24136147320575652,0.9957532497765719
0.5165483005253827,1.9025665895787771,-0.5381283464912033,0.7295477778187734,-0.12415192692178048,0.9905562733210489
0.661741045289768,2.3794146664235716,-0.306127234364871,0.8481807095665681,0.33803081222328174,0.7246952067281086
0.4581982600314539,1.7011737685830526,-0.41916339926992235,0.7215496819891803,0.40620408993577006,0.9187168656762398
0.4240296097019347,1.7811944731197384,-0.37856445929229704,0.9442934593489706,0.42331426728093147,0.8297785739978272
0.4206639124178209,2.11739607162746,-0.48442541747055007,0.8439434986993127,0.45987506609414275,0.8115853579681424
0.3041087435265617,2.2120133493265053,-0.3374409841277544,0.9107928354796924,0.2208227056501319,0.9725314548324036
0.5021180826443902,2.5684972239251227,-0.5291042092994357,0.9853234799560638,0.3620205693250592,0.982386984847533
0.3779570245039721,2.3768334901998203,-0.5900495406698304,0.8148214402579569,0.45171877208055833,0.9582280471037309
0.47514214712645175,1.3704453680369204,-0.311205772845982,0.6931724782149866,0.4096591467695625,0.9680883425041833
0.35641637745341315,1.6227406146106524,-0.03134564266691325,0.8921187663636281,0.4410328694290838,0.9182080682106504
0.48503967779269874,1.2692252826047998,0.02160859548931142,0.9123995169093669,0.4026926563397429,0.9226649257826226
0.329115633329651,1.6654584068810443,-0.1003195099493388,0.9897532242230943,0.3731022128960036,0.965775963564985
0.8131588962366303,1.9835588777588193,-0.23660717625206798,0.9861723479052892,-0.4194103657065975,0.9488120798303527
0.6427758302950812,2.32764070323993,-0.14069505168153856,0.9342246793130272,-0.2895204696500294,0.9591044327616903
0.7690487442224301,1.9881278252135985,-0.23127447414571764,0.9468160468529518,-0.34145434563585053,0.983003878343141
0.7670552217886195,1.8611048661991574,-0.13196321517487428,0.9061448965776564,-0.14191614201960637,0.9948222834425986
0.7350519363217919,1.6922089015682382,-0.2599976588794674,0.6538168513048086,-0.17249761654157783,0.956384318214513
0.6098934198981673,1.838540665244891,-0.3926675795328335,0.9651138661386555,-0.1408696417832958,0.9310243714338771
0.5264476133837678,1.5222242956755583,-0.4121183281288287,0.7101352129923484,-0.10067870529526046,0.8033445237297816
0.6027182064925971,1.3051608903475462,-0.49030880459503107,0.9836747121400787,-0.21670935716880532,0.5177579307299284
0.6285582075033788,1.302556668578802,-0.3488743396766502,0.980973543097521,-0.12365881869709376,0.996075108182775
0.8079972921633123,1.2823444317577704,-0.44166417340520364,0.9833868446656386,-0.07947648520605147,0.9482889921436636
0.794375084707251,1.4502890319912098,-0.3396103684999576,0.9366247708711755,0.17850550308918384,0.9348920880143328
0.8278918409916746,2.3998387257925655,-0.18339475465704003,0.6023549909040368,0.15297711150953258,0.9517021909787169
0.6260992439738319,1.8452113345614038,-0.29526625849820093,0.8534683702234697,0.1823368697174597,0.8689855624965711
0.5358181728884414,1.2698033491287117,-0.2954474545375898,0.9101838554148906,0.2867305303991713,0.8767850467623283
0.7635263585473049,1.5844614062791842,-0.3345108831005721,0.7673251171198479,0.24147260480648325,0.8993505606213429
0.8303675835425792,2.709857867117204,0.004250127392710954,0.8880716965536948,0.22074920179031796,0.5083703513088648
0.4483510542852802,3.0510687280632904,-0.04702101297650786,0.9215692720017615,0.13506547621206177,0.9184894623885896
0.46483130577026815,2.57703654472759,-0.04711165397500317,0.7209319628211243,-0.060408668080911394,0.935724309704571
0.3389253755523592,1.9244699789014523,-0.12826952599678482,0.6746794972988801,-0.013962337224285077,0.9965803678442461
0.5480578749363723,1.3471578221846372,-0.10320942740945123,0.6465989866028403,-0.13259640512340296,0.9766803286981067
0.5640783871857061,1.2564163073797412,-0.21328369958746612,0.7385447244065356,-0.8174760173510142,0.9775542547723962
0.5742174441743193,1.221875263477195,-0.1850846871860501,0.9265348890100442,-0.6474600358608575,0.9493183999173433
0.5411561992424531,1.9793785570848308,-0.15340900464944776,0.5870683341905348,-0.5132964528247449,0.8437171404174009
0.6039330867584839,2.207765498301903,-0.35350775574315324,0.9903495259076269,-0.3735889183545568,0.9351444956732707
0.8822088376939389,1.6613074869816273,-0.27982014672210065,0.9889036156779825,0.0026383068920895754,0.9077755163341065
0.8130397439758299,1.3413943414006122,-0.27335540443501827,0.9466328197651519,-0.0025266398425684866,0.8623720072938929
0.8771329820632667,0.6578564464019678,-0.47007027177588784,0.9529184875675983,0.15358406073052772,0.8651875056574878
0.9549218517916231,1.1305044400599804,-0.3317081334415513,0.9486504141805681,-0.10543081192224438,0.927246499947908
0.6954451996148648,1.3011046209009032,-0.07356140532334567,0.8340123491500671,-0.08270694408294688,0.9500975731814092
0.794119425453295,1.2870987745821691,-0.45159874058942945,0.4572671580672578,0.01658459767261153,0.9299448158592338
0.8622373095932132,1.3613237317108418,-0.251162869457238,0.7635370784737748,0.01591987245896052,0.9288547368542718
0.7723292197130583,0.7895637763898067,-0.26228004535672533,0.9384051393175689,-0.15489564607853037,0.9706614073731886
0.7029952789985917,0.5184099387885257,-0.3827135303994407,0.9855023613814359,-0.31281112683259366,0.9707128194235181
0.7315708485376451,0.815810499302311,-0.36016082785661874,0.9734195471600933,0.11496754559660939,0.8623083708853595
0.4751477094344066,1.1763557558105677,-0.0717690773807255,0.8354556950291631,0.08657336888306137,0.8865817585364365
0.6575099429371681,0.5674847892510817,-0.14741636733117827,0.9676853345294874,0.16223579939821067,0.8858436386807738
0.6936338378666538,0.7807002249804322,-0.19882664229786773,0.9219567269543798,-0.009115604676159426,0.8411805311963768
0.6280226834560749,0.9803439336071537,-0.2580825960209375,0.965424979390247,0.35100210414560795,0.9268341091997827
0.41007051323053983,1.5642262924558372,-0.20960685075056076,0.8465120387890589,0.27562647040743377,0.8599757102650227
0.5692510118996201,0.7355087562827474,-0.2578663267090123,0.9293405066954413,0.27900321840234854,0.8951205711863102
0.7329820150020686,1.4697831949092157,-0.1777068164698028,0.8931753594197032,0.2953481801948825,0.9317768201483401
0.616143000285668,1.5050914303042315,-0.2471409458162037,0.9748554982983774,0.19740461974940204,0.8336952557925081
0.5785492157427853,1.332057158313383,-0.33152360893129873,0.9700680121903222,0.18233397905180773,0.8777721037210547
0.6936348379783506,1.1801280683490314,-0.4228684378768786,0.8656808755826839,0.2745286096956618,0.971763065915121
0.7189809188733242,0.9504108932075654,-0.36158717580846267,0.8440973455564784,0.02151581013740177,0.8625774709361244
0.8709675956023417,2.337942018631525,-0.28605279688944496,0.8430989036569544,0.07563389443641688,0.9933236816898852
0.8812169084726242,1.5269821188929382,-0.31022091719771067,0.8130588240080965,0.09979393112489233,0.9671693527880554
0.9176317479411055,2.3649115983639937,-0.21049253150031563,0.8458502338267729,0.06787792585836787,0.6257380641614056
0.9468639768445942,1.563913185148541,-0.3890141149479956,0.8350151583057175,-0.03764730973814775,0.9391033591920843
0.5972471904393489,1.6915547893504808,-0.28268536542990097,0.6793166043001397,-0.02951289439189704,0.8549915656629277
0.6168903346970019,2.2884964818421145,-0.199715835046305,0.8305303267575925,-0.10497674065640158,0.9174054607176712
0.5956284860995577,2.4779428123702134,-0.29072976644201504,0.8923512206069313,0.02861884962958721,0.9850607591651134
0.41387694723809515,1.6711237609078065,-0.13847533275595894,0.9196672870862452,-0.1387709580834385,0.9915688457036883
0.5175191042041307,1.0926381547936386,-0.15500866127142246,0.6898365050966383,-0.03975455592164722,0.9722445434929148
0.6081335131218721,1.278875386295248,-0.2562084363228546,0.8456394996215554,0.015710106020796484,0.9833524016153583
0.5749373252581185,1.032414637419299,-0.2565687258967693,0.8107303373361233,-0.00785597866066183,0.9919374320031173
0.5776754626681788,1.1956596828286277,-0.2539708500523042,0.7810857881153378,0.06542006488851719,0.7746212508847847
0.5624992429845148,1.5864182888360459,-0.270949028220009,0.8429586321585959,0.062008393113383735,0.8856200059005949
0.8223997283617333,1.133821219634627,-0.3283612255510212,0.749839997493362,0.4008018038768202,0.8577111164810917
0.7234626702014124,1.212992553161146,-0.20570172851278276,0.8521892160322354,0.4711293257576913,0.9369844974999069
0.7054578949013156,0.6978551287885824,-0.2679514592241955,0.6796168183285481,0.30109780254260204,0.9701274327704446
0.6678560437174347,0.878379958093221,-0.0029212851988161515,0.9548676136805946,0.20332215275319238,0.9155147246381949
0.6920156822937866,1.4830741532536844,0.001097079059401373,0.9839141173222394,0.06092780990061932,0.9599612279234074
0.5808485563532365,1.8816976077252823,-0.18649682187808703,0.9470120415026662,0.12593242955981832,0.8638954781315691
0.6078387461492937,1.6472648446955627,-0.23824687690519333,0.9519912454470861,0.05506757993632035,0.9557285592554868
0.6428470531544068,1.9948813527521279,-0.3246130038288773,0.952295847485619,0.2556043112967501,0.7107944860476351
0.8483279491981887,2.1227884961552346,-0.3247626338284254,0.986263108402318,-0.08616745280060532,0.8508828256556836
0.7877850917611533,2.0830965574007996,-0.24025840970621917,0.9515139886545367,0.22391169725445884,0.8257300912642594
0.8892424292629216,1.0253361944797563,-0.4891462123145096,0.8391959965900981,0.32937206834299837,0.9382240367967982
0.8623075327559157,0.7810075867085159,-0.39470343279051534,0.9507257383468258,0.2906518080924641,0.8631925726512291
0.8451250557585159,1.0236090718085196,-0.29314832770702703,0.747672323418425,0.12108390278810527,0.9221201145353651
0.8973479236305357,1.5131393523268297,-0.5313268329255576,0.8473445122358202,0.2466055764233447,0.9156551166117711
0.886165100564511,1.3174430212081498,-0.41471041040806106,0.8159626768617277,-0.008694311555792986,0.9104364711938948
0.8144543259632333,1.4526474031950731,-0.46657066076796544,0.9393991518418194,0.11428480902039985,0.9319526407453961
0.8603666215524821,1.3159918106044566,-0.6371348379083736,0.9234155053957142,0.15640420963973664,0.9361406690520344
0.915277105075256,1.1950576950079443,-0.41484426648922923,0.7604787044945708,0.19639700789704317,0.8830772502915778
0.8715579508155912,1.0577881329822723,-0.2647169537741421,0.7712803948077942,-0.04093437244356332,0.9297904916928699
0.8451795860376649,0.8768141710798201,-0.22431708674091372,0.6021238687244105,-0.03740774512494412,0.9813028187326761
0.8970331895732452,1.0978543944496602,-0.39441469669736373,0.4426851243972193,-0.10073408651833518,0.9184475550738171
0.8968319677476886,0.9699478936718413,-0.4021162616660303,0.646265724554994,0.06176568647716817,0.9741667181599722
0.7120254736649528,0.7308090370949726,-0.6538327352127695,0.7886867853592128,-0.0782072352990327,0.9854230607931489
0.6516198071119033,0.48407849892257276,-0.45304008632920867,0.8135047290663922,-0.09954651079014147,0.9856359512516251
0.8329403538963966,1.5366287815397894,-0.4334004325139817,0.9194085218957995,-0.030659033493721944,0.9809649707624672
0.7845536956558545,1.6507835658683694,-0.5888857435273266,0.9089290734173607,-0.03919213347060265,0.9699691346838019
0.6294838539724653,1.0558318185302082,-0.6861521658315426,0.8062943221519717,-0.08405272057198354,0.9102057274111677
0.3026658444516887,0.6829550015444449,-0.6984508714932955,0.7721829013418335,-0.16612472013035195,0.9509926991326674
0.515640425861053,1.2039885170078475,-0.693144940827393,0.7982421869624472,0.44626010896696927,0.9715989070656963
0.4794325245669309,1.1517017328951416,-0.7499784537259608,0.7697619722108897,0.5756413077656933,0.8366450016784452
0.5932865408367728,1.2436653682868433,-0.6436111129363675,0.8457909841801533,-0.12612983212102688,0.9648271000981647
0.5971800912189635,1.2995456444409805,-0.5236851702189793,0.8213649575005347,-0.23471043077396944,0.9669534510425102
0.7722076933360296,1.6725876340843862,-0.38717926502581296,0.6913252869094186,-0.2834399783985221,0.7939393956697255
0.817334517808481,1.7637143908397819,-0.43907855191237954,0.6906418959356826,0.025367739455077806,0.9902754317200532
0.8319791027577899,0.5171362258577547,-0.8213305364742971,0.9285346415014293,0.03440794998703027,0.9526703173230576
0.8286794804039889,1.6213348820082165,-0.7894314505583578,0.9372459450606577,-0.008608849462491268,0.9617386589661632
0.6065947410731887,1.5857972170169714,-0.8279888920626103,0.9393394180945929,0.4548442236093188,0.9900953557861157
0.7327976082548113,1.7105277247602404,-0.6815111834044795,0.7408100452453527,0.23521312753042267,0.9968357202706872
0.6744003369235777,1.443916852757473,-0.6810697420449593,0.6912698781291983,0.47259416693439865,0.9994782544869181
0.8242013201585099,0.817115421807278,-0.5600344950465196,0.6615854325845396,0.42141813770968506,0.9994650312497291
0.8593804147724988,1.1845606942299016,-0.7093179847425729,0.6001016085737414,0.5001144225893556,0.9851116092535261
0.6182855644372552,1.3179899776531856,-0.7088495723328859,0.7099530997818692,0.3686258849244812,0.9955073776835829
0.7890219581116906,1.1420124203814601,-0.5626397165731856,0.7782215836974893,0.06505686370207253,0.9890946480521757
0.5828766345112018,1.4116426514908151,-0.3900772712152146,0.906839615070672,-0.14479685423822494,0.9994301509407393
0.6212982434772603,1.5811190028987179,-0.3289242694128874,0.9342026396154851,-0.10325351224015311,0.9994217460208958
0.5089433706594044,1.4319330879650947,-0.2586924246393302,0.927274210879197,-0.15747835769009202,0.999422688910165
0.6194756989082546,1.7966102165794886,-0.48691419592660884,0.8121122533907196,-0.03171703740803659,0.9741562155231603
0.5565828067525777,1.5929123975168276,-0.12785719954421645,0.7785482254667105,-0.07773832742368057,0.999043104702004
0.8149174989090752,0.712901333909392,-0.42363617605408826,0.9334798110620122,-0.031940489295356464,0.9967906291083608
0.8141246870340629,0.9761955611241622,-0.16399080722494958,0.7793371001469657,-0.01449805511651535,0.9992715437753303
0.720308397566468,1.1382340985147457,-0.25959454418086836,0.5561358314895785,0.057678256491442904,0.9880843724258588
0.6421903197124919,1.8783019454348657,-0.2185140382625113,0.6896715067225652,-0.07639102392761135,0.9958892099007336
0.7186742402042491,2.0858582639026695,-0.45014853493347184,0.9075640681075541,0.015113287373468872,0.9988793573924762
0.6592915720751011,1.7313779348721112,-0.27966952752291135,0.9076773997220838,0.20771558105564308,0.9927962220255553
0.2936754210325685,2.4818423766167106,-0.2749986906960589,0.9241427211613613,0.31489464307729165,0.9960848043319356
0.39686438327754964,1.3845486487272827,-0.3096295347358637,0.841019976329153,0.3466669317040119,0.9979298216830209
0.4679760992497106,1.3683318114810576,-0.2810960634303096,0.8607369573562046,0.04257614453602945,0.9121761976200395
0.5627181382274651,1.1784866653694674,-0.34215236679159106,0.857465969090845,0.05973800545333826,0.9283637673922468
0.741704085499932,1.8097633171762046,-0.3815124618802884,0.7087696753902909,0.05710079217340233,0.9307745833111376
0.5486161507335566,1.4541150052751395,-0.45366899485646955,0.7978553216612846,0.014732152940763656,0.8984591857164765
0.5102813479096634,1.5523114027989728,-0.5428304516889974,0.7468104480674077,-0.04152116529095571,0.8832025479243368
0.8148952613697558,1.9495837513138297,-0.39395674632012756,0.8241887936733552,-0.10457577597668997,0.8498054258945241
0.8164428221901653,1.9042502719318428,-0.23206566815861726,0.9701517598861058,-0.29789212276329985,0.9909432279125646
0.735199933774591,2.2992452486744774,-0.3022589391978678,0.8779794516340933,-0.1954882120604256,0.994625686460087
0.7623987184726654,2.46433892647577,-0.19386345104082026,0.8029237876769144,-0.23644747635253247,0.9712262215126328
0.6635378870682339,2.1767669354682893,-0.37101668275949445,0.929996359428778,-0.28404362925446897,0.8425322475227554
0.9000350467796067,1.9427771908575329,-0.41805716107397944,0.9264070084055549,-0.1358434564254567,0.9279419662391546
0.726470415474386,1.4567952173175673,0.12503317009308834,0.8599031228587933,-0.14805792083314878,0.8719815240911479
0.6287838264331167,1.7450426845033875,-0.16841225751157035,0.7260171034140633,-0.08326225795347364,0.9381120236688524
0.5360988104852273,1.257834119898373,-0.19671341347017784,0.881225140095227,-0.03512230050245953,0.9511769423101869
0.47915488139970497,1.2303891864045575,-0.28531329007688755,0.881242093126427,-0.10798806750623569,0.9717226542295759
0.618447024140028,0.504226081468662,-0.295437486394278,0.8375051085162376,0.22771115513746346,0.8433607673822531
0.5953554292358001,1.4692834171371378,-0.33301733254678334,0.9046570980160293,0.08405160574311035,0.8971686295005826
0.5781052876799062,1.5868464809616847,-0.5188191941493607,0.6005520002220874,-0.16004274435694996,0.9400368067994761
0.5352150822384197,1.6823203260947799,-0.37963771060171064,0.7653958915908172,-0.13720342801797888,0.9556012337649076
0.8352679605181185,1.6501244028439528,-0.25328662973687655,0.7972281500265512,-0.10955157799507717,0.9513080524223192
0.8366469962725785,1.7343254678845805,-0.22491973918099853,0.8219322512176187,-0.09803414721616693,0.9464737784652839
0.6078237563785351,1.5653547146087863,-0.2414658050238655,0.9884449120481986,0.06004253141101546,0.9945950667448846
0.522583822631239,1.7871940159250317,-0.07307349831518792,0.9094688946086344,-0.031873850459719015,0.9978920748175033
0.6623128632975087,2.0576683735989802,0.1884734298072714,0.8684036628218497,0.10550378969076325,0.989739726120904
0.7829522056747085,1.700207791151081,-0.043320029459510204,0.9461319856626845,-0.060254586812678354,0.8598875390282222
0.764811411957976,1.6633960273521164,0.0284794783531605,0.7132225225760106,-0.05067160331132359,0.8883470457107644
0.7080063586322864,1.7750285836412318,-0.14309037606466118,0.8304487355053021,0.017206688001771626,0.9412745059014607
0.8754659901601869,1.2902587084359867,0.018514152601885884,0.8927543527735354,0.149072497631298,0.9185240422522988
0.7241477738572253,0.9795620674522103,-0.15303531622984728,0.9129757161252228,-0.25928557112857936,0.5657555861262883
0.9360619144348173,1.0868314305352966,-0.08455538067716693,0.908436800854198,-0.2713233348505714,0.7079762029669763
0.7232215553013309,0.9927867325135323,-0.015208043797998531,0.8458140480082961,-0.12781562896377274,0.677382056749551
0.7723223782968125,1.4049190723816964,0.05518691383140575,0.7757273397594194,-0.2617744982251478,0.5062234150292368
0.7530403261657149,1.536763253209621,0.2565223574232802,0.8290702903503097,0.10342452697533218,0.8772597870685441
0.7902067919952064,1.509708048149925,0.043621102498443934,0.8473927782567304,0.005623121438667719,0.8968197757936924
0.7943894245522535,1.0326916096553058,-0.07747772769415269,0.863181921875121,-0.037489862283426746,0.7636391098980746
0.6800459082288202,0.47697020010616387,-0.36234281480656405,0.5197289034309283,-0.0018241671926582912,0.8759494331418691
0.694079919923772,1.6181108187562234,-0.3007609881657295,0.9645438680841034,0.1840116181410543,0.8079714634160532
0.6643106205213791,1.7589481462510446,-0.20352529069212694,0.9115665575829501,0.04220347820344133,0.8302994242564558
0.6707051005303054,1.753229069859451,-0.1802136370954754,0.920748562827483,0.01588173735520413,0.9287147847884094
0.7267498767572985,2.0422899608712215,-0.08172045965704797,0.8690081170326165,0.19781359924262104,0.87156359498707
0.5876659367230386,1.8944086052294427,-0.30589718360140633,0.7403269238114372,0.27644524266530135,0.9890829587426375
0.6471762658845652,2.0666071154062893,-0.25815865017219075,0.7086611308105764,0.29701124997165407,0.994258431811646
0.5594571606735543,1.8699791848057024,-0.3096291897029575,0.5426720300290697,0.18096427022698286,0.9095878081224661
0.6248937760930589,1.8330555255429266,-0.49321061969565416,0.8488539324665466,0.12981479985045508,0.9543095407061505
0.7321053311059821,1.6488129110322327,-0.5067249339911772,0.916511621928779,0.19976802177950467,0.9504740500047372
0.8168664398437484,1.0471679124221622,-0.16611358612004523,0.9380882985058039,0.24609026759391747,0.9357917205465386
0.6561488059434486,1.560353234339045,-0.06480826434118422,0.9720897719544834,-0.17281855312471198,0.9573787560129082
0.7096533114269953,1.3072930182251887,0.10583340011320203,0.9539312032046247,-0.25999888802675175,0.9719720285742536
0.7483895020089233,1.5853771875209721,-0.0347963778452178,0.8137498191632672,-0.31084470496654315,0.9776344985376003
0.6112646870153722,2.5408981669854986,-0.05668069534908483,0.7924802788477485,-0.3828078437912352,0.9694347444926298
0.41787322568861174,2.4828019586196244,-0.12496848156333187,0.8419670566482915,-0.5765070401628853,0.9623312284321582
0.5061397489868001,2.3607799498713185,-0.06880929892506009,0.9386286758161471,-0.21672316672367428,0.8847191167265098
0.5575312644108187,2.5822475350629284,-0.06289562570453001,0.9354123618522957,-0.19574391166854144,0.8527925936071796
0.5391394468972841,1.812910541773152,-0.17251296046390577,0.8325921784578053,-0.2606602694560431,0.912686060482101
0.7835410730773966,1.9688154042416635,-0.0623542022962943,0.9103226087967662,-0.09628750942954041,0.9550862838273536
0.7278575154411789,2.3550503807167718,-0.21277141413603326,0.9029213214200934,0.5048560662112799,0.9647365207451257
0.8238539815037443,1.6159852780542572,-0.2563548722771363,0.8767881941380954,0.2809414794944938,0.9388157300389756
0.7100729131000458,0.70216806322453,-0.25177937038504467,0.3790196834305536,0.2914522945488316,0.9458549241215358
0.6508264475652441,1.4012427715414248,-0.3516749759143328,0.5539163295885042,0.15876245335543046,0.653509728505071
0.534579707805254,1.1990683872001038,-0.15225754655095308,0.688571202798671,0.17374659263944242,0.6924786145840751
0.6488680628473381,2.110139414497462,-0.295707741735492,0.9474886095231354,0.17112508555039982,0.9798349326608207
0.8419762652080796,2.8610661467822522,-0.10747161267332457,0.9349240307664999,0.2800004180119572,0.9814613480480288
0.838946326893975,2.808605136485253,-0.2112988461556013,0.9033596612792641,0.3027039104426467,0.9860975577342608
0.4874860443856417,1.4814646888842764,-0.28816823513383133,0.9969705510348948,0.3718487191037641,0.9853841565061086
0.4980816439294944,1.2684972536692944,-0.22276642556910906,0.994691862819047,0.30956176469225416,0.9369451496637878
0.24887882038552103,1.7183396438110965,0.14694010387517836,0.8613884238067736,0.20185740895096574,0.8832181461824787
0.30358437496594287,2.219784054560002,0.1262397587048527,0.6616908706061482,0.33232988286230547,0.7989612928752841
0.28024212541602045,1.9540752795093879,0.0657639138145717,0.9826660598492905,0.2458747361810626,0.8626866238610321
0.36046892589273455,1.1976727755741337,0.12490139764496741,0.7621121973437606,0.30209693768675,0.8405829201609417
0.8887885760702164,1.7737693149347415,0.2557398150942071,0.7229106403149811,-0.020765465641918997,0.5362027350893338
0.9055332538213399,1.6436896302570465,0.47652433651288906,0.920461035840038,0.10295478598936612,0.8900697343276707
0.8002272546371926,1.2031019308076742,-0.010420176612082619,0.8672437345323624,-0.16076061279167314,0.9888616592737964
0.794695524177682,1.3736059331497692,-0.11235677120489665,0.715593789734895,-0.14146847011417854,0.984019898724225
0.8710955055260797,1.456026389028361,-0.2855833467535612,0.9032882410794946,-0.15021131309945093,0.8175424332150915
0.7978072741463517,1.1883995573704904,-0.21443826383890133,0.9610352157190059,-0.2368456851658539,0.9361042746280773
0.7104851357522336,1.8690690319099597,-0.1673553930738301,0.7762075574633572,0.0768323811900298,0.9299380345952608
0.600241895297266,1.5188824729595025,-0.23272217739864948,0.8953212540505598,0.014801410605141329,0.7901058386384993
0.6497981135068892,1.2102462855228544,-0.42846507343227086,0.9243012402641758,-0.03479921646203909,0.9216907156167254
0.6162988211096888,1.0065709080030314,-0.41720864820157383,0.7185208889766797,0.06618460951438071,0.868275767015645
0.7693947117410922,1.6370666211367961,-0.22370267841813046,0.6102512168578142,0.12329064216907061,0.684313018918966
0.5357561216897303,1.2823885215353394,-0.34289658237735327,0.8995196334869412,0.012704638239827575,0.964635849135544
0.5501683900735636,0.5175563186054641,-0.16456951790071758,0.9464511324463397,0.0013505011542954196,0.8937080432049755
0.5163697941932596,1.0178788794622933,-0.23537472724983427,0.8391457604777021,0.07119750787607668,0.9054900253730301
0.6783511525327492,1.4508577264320277,-0.2073379254971824,0.9398977134362959,-0.03387927073715684,0.9353630892053533
0.694286990065433,1.244981300124534,-0.02387711537267349,0.8761542342740063,0.09404303318564143,0.9168063350991239
0.7149106722127205,1.2365319701488946,0.15895567037672717,0.8224559163762696,0.037850554416894513,0.8905308825584682
0.5453022381513504,1.271795454971076,0.1518328302786778,0.9241777426030092,0.10395304203069822,0.9396891872238432
0.5512495201390127,1.5657765632204184,0.17227256351543563,0.832276671626489,0.06976062116471518,0.9742438927218063
0.5723990832508975,1.1861013974511636,0.1183090981217528,0.8075311700820601,-0.08242474803340955,0.8812092461801194
0.6877271240159956,1.3847029361015104,0.25287158044966646,0.8115924107348947,-0.008266308311815929,0.8974272627691126
0.45783375222270717,2.027090212829777,-0.24572228555503495,0.9233214329149242,-0.06053084449039889,0.8768470804294711
0.47029138117918123,1.082422772427647,-0.37177111504059646,0.9515080757400598,0.0973809871496622,0.7962262648294067
0.8077021726949701,0.8824385525124931,-0.41122278873061896,0.9222952366899542,0.13465439850457517,0.9172447791813126
0.6562360865500656,2.159223414523592,-0.7213115553569568,0.9341275601001543,0.047794063792503054,0.9533471687507881
0.7978780542954058,1.6830304860615684,-0.573667674862548,0.7016688566971759,0.38359777086807906,0.8334915915229909
0.6340017718745111,1.688583669388136,-0.6105769942579927,0.7694285606181483,0.2989111195380775,0.8729244453914056
0.806387818325274,1.46998336658418,-0.5903930087452939,0.888818638218917,0.2967179545132136,0.8025177575559458
0.707292669986739,1.912087303563151,-0.5840012818354942,0.7998867159793517,-0.20518935352794873,0.975364714514519
0.852477107653739,1.8462664094128955,-0.5525958088701542,0.9796761432870191,-0.19035945008589655,0.9580793691818341
0.8166880783367616,1.9432272753753608,-0.5336619683855751,0.9799582219685836,-0.13058085635448197,0.8765752748640886
0.5567086367150137,2.6206982713236724,-0.42061675168026774,0.9782700123249088,-0.117083682092439,0.8401868336457357
0.6337132622593585,2.8163728544754387,-0.6579573055340078,0.978301358426709,-0.13424200544868933,0.9493094598769226
0.6074944496336052,2.0843268020281203,-0.6195377605105782,0.6051410704655338,-0.12212405288096957,0.7215677995996926
0.3672356475779911,2.100721397262714,-0.5223769718986975,0.6299143100458469,-0.2221017810395387,0.9758996600397478
0.4370745241597148,2.136214143459263,-0.508088962850042,0.77635733978387,-0.23380177647676004,0.8818011848212701
0.4827378069662588,1.9904593613920245,-0.44292850056962607,0.7039817772104262,-0.1233105272608878,0.9065754296215961
0.29083049391208843,2.639579128592207,-0.7121671190549734,0.8398789402400164,-0.01671699631103199,0.6031726901399965
0.3800094567109533,2.076233009828069,-0.6060024253469379,0.8694935835779086,0.4593405405968171,0.8342943772683789
0.34930800349045354,2.10208067308769,-0.4927636560357569,0.7688357769147551,0.19968006917441594,0.6974503881251987
0.43607937286479737,2.291676538149237,-0.5455530675252902,0.8845943908307367,0.3412493379386998,0.7202261554009026
0.4129816965513746,2.465012522541397,-0.3923566199768572,0.681253890737571,0.04166401738384324,0.7384451298109164
0.5328884633247494,1.8265546837912638,-0.40662515416473,0.7580546756732603,0.11053619100400286,0.9849487328189278
0.4097710991362411,1.8472961266158583,-0.49948569743631327,0.9464465541690597,0.2283555880051764,0.9856177374524412
0.645638472823906,2.0442106540219718,-0.3164516052099145,0.8444213066206993,0.3910257779559337,0.7510549605167892
0.5026510614994126,1.600710202207016,-0.26581251776012277,0.5049035244430545,0.3575002768965677,0.9448932392423198
0.7302941755384244,0.7580384455025825,-0.13601045115203536,0.860188364549221,0.33587019624888065,0.9855857192010684
0.7519628954783382,0.9400627848658325,-0.12943022528572334,0.8517863937810861,0.7606492949528593,0.8948876369490243
0.804902129482751,1.1591638654037346,-0.14639417684202727,0.9326529107356153,0.41546733024081983,0.9594060116929182
0.6384194346508261,1.724416983928264,-0.05700523653100268,0.7284717411245719,0.39348995733064024,0.9578280723551403
0.6942203581551681,1.5064420219769772,-0.19302140699167664,0.8646586301828104,0.396254631125838,0.9430589160872465
0.7048862057905049,1.2654625961898498,-0.4106651994309018,0.9889716029962524,0.26294293936925395,0.842041739330244
0.7167983211687797,1.2959906258306437,-0.34135399755322476,0.9896431212629287,0.41274688205995375,0.8476818516211209
0.6599087299210853,1.5469405341681974,-0.41277108841592886,0.9035988641598562,0.12748724949217696,0.8212372786731278
0.686619630077965,1.5150146010488206,-0.3542212102927516,0.9136105803104116,-0.08407455569792975,0.8961986673001208
0.6309813093028444,1.7459227157565766,-0.3476953344507163,0.7976615234330459,0.26750033230928577,0.9098181998110407
0.5944535824076618,1.5441683591688073,-0.41836793819973733,0.9335367687507807,0.20202850737637548,0.8414982425944582
0.6038403684911687,0.9903304016030889,-0.2908839263352564,0.8373909666350995,-0.2538592529145661,0.9305377092133714
0.7145836877093728,1.349144704144977,-0.3946832584133831,0.7182596406952799,0.014403532556061131,0.9787850205875122
0.6377248616723405,1.0736512293606881,-0.1954727986595057,0.8750902424968978,-0.03774726329016309,0.9853433000738683
0.5793799092299549,1.0311128121305853,-0.2957699600442179,0.8795941792983227,0.06219457550916842,0.8630075332290846
0.6610169911521547,1.1940578614797588,-0.34213030630128305,0.8467373253949659,-0.04240945886412631,0.9185410116499312
0.7445991896113477,1.2117220956138837,-0.20197753672808494,0.9133978563077599,0.28155554537268657,0.9997923410729986
0.6891406453225156,1.3880445496811993,-0.1442546203247808,0.8228882815695406,0.3706288895925865,0.9993545651513801
0.8365507764243103,1.707361517316973,-0.08551418539565615,0.9682310977905039,0.3796686023291535,0.9899704837400779
0.7249973136685394,0.7026659430744482,-0.2906129999648142,0.8373499314614775,0.317888960375074,0.9996460223999636
0.8313101854522615,0.810727175824677,-0.1316675662249036,0.6993792859537084,0.46687401684421526,0.9957783370623577
0.8019421250373476,0.7437992906577862,0.0184124902828465,0.6343661139020886,0.24899767058746372,0.9922757497658988
0.751114289185959,1.3368508101874323,-0.1768263505573549,0.6227871152840543,0.5350820864073407,0.9972956541910218
0.8399396425765178,1.183703154824533,-0.36859301297065816,0.9263774886106009,0.4659627921943641,0.9933646608194754
0.6047100776159571,1.5681107959050207,-0.47013598251930516,0.9214705664434387,0.17823260890190737,0.9930782585246297
0.7514211662670255,1.4537210462089232,-0.3687868462501346,0.9086139535653578,0.26174637643959464,0.9892574319168193
0.6077552231409702,1.9815570246202312,-0.2725785775099262,0.818740450285478,0.23611672944339626,0.9977604396180828
0.5989563269658533,2.0955262918238744,-0.1546745546444299,0.8215500073505768,0.15877802281457162,0.9975901498451911
0.3510054460763254,1.9017582276079847,0.22527338772394584,0.9812637689137796,0.27969268457152974,0.9912050440285305
0.3644602017939542,2.0639817430000518,0.03886336094400077,0.9575381071429823,0.4022013605565831,0.9949267162388653
0.5491242955398933,1.6523992074052807,-0.012297481368543067,0.9827647617927867,0.4238267198263296,0.9888512323329256
0.6471684724768901,1.5073871671740677,-0.07988230288269146,0.9433592473755258,0.4563528890823214,0.9964590014342141
0.6646919768725061,1.1754031357613948,-0.138565590569659,0.8927641214910665,0.36366905181164144,0.9963564134007136
0.6330432092864442,0.7687393895488918,-0.12137723218850184,0.7787271126795208,0.5157475107180065,0.9871091767771831
0.2872730939322332,0.3157985613738856,-0.3849633193259001,0.5720602251041339,0.4258541417123553,0.9983111860127928
0.6115855548992473,1.1196874961731296,-0.3481986662372145,0.9656584561283668,0.6671197816986337,0.968285785587284
0.38798209462976635,1.4771931406924743,-0.368535118010129,0.8315697728760759,0.6941647645609339,0.9982954343948333
0.538100115244952,2.2463471216073363,-0.3745117324234222,0.7966699076653252,0.5152020035856891,0.9904271879205638
0.7929471572222212,2.1296498255472156,-0.3588068750609281,0.795249862801515,0.4968632144587482,0.9992515896868156
0.7456913091725055,1.4573971501708598,-0.25820017546458146,0.8729872876851502,0.5647597321565496,0.9958283998326468
0.651693421863371,1.4353641910865087,-0.4088981585294133,0.9437430642020734,0.4664898404970674,0.9980387810577279
0.698657745701269,1.434015271865084,-0.3305792171526828,0.9435184585939594,0.1858973206124963,0.9980504959525051
0.7051705937564781,1.4735465958123906,-0.40809779901019333,0.9330575470986283,0.0783356960416959,0.9994010401648541
0.8162007657963951,1.1824610647966787,-0.4487481766249633,0.911206652778788,0.029715245752453066,0.9997724071735685
0.7834213568215208,0.957155336642173,-0.5453911855816104,0.7998590279265163,-0.193932835437196,0.9991465877501939
0.7606783883344332,0.7240582955758389,-0.5565863684936929,0.7744484805269829,-0.24041480999903433,0.9998328009838726
0.5013384748737165,1.6377346195247031,-0.4496287706476665,0.9383736237681135,0.33157790268701176,0.9724110505970155
0.6962407760500247,1.1517713002012475,-0.15792088153313333,0.8839681751354113,0.4118616481794258,0.9998536884512859
0.6711611729837085,1.4118847830210906,-0.1559817673919106,0.6820914370040475,0.31671458612898457,0.9911649204274423
0.743971035137873,0.7650809075650667,-0.3740854616952624,0.8997101764035736,0.21236810166619358,0.9964056599598846
0.6775851824329078,1.7812100477756911,-0.20890276037689667,0.928083525733415,0.18703592441796876,0.9988005591626902
0.7058321758240687,1.961599038641307,-0.2565147874711735,0.9101365081917921,0.2292251896027689,0.9990890417736283
0.613439762733458,1.939207113720097,-0.004232941340234774,0.8281742831645377,0.2873173694333277,0.9990929866866152
0.5615491015908999,1.3019399144768118,-0.10998126327772738,0.7633222209164687,0.17778761078033828,0.9993739387894817
0.7045133208613835,1.7429965097713278,-0.2757266086375704,0.8545806842777767,0.19777928992157365,0.9941857854427433
0.6986282003436394,1.8871508660812348,-0.19456369038092336,0.8159895612735597,0.26047850221247965,0.9992480109716563
0.6743413788199225,2.2558837946849932,0.020005404416256638,0.888728293072172,0.2648700775148159,0.985693303918027
0.5944226314377572,1.8092654417350298,-0.07164709941951335,0.869950145236885,0.2809115287721547,0.9886860213398295
0.7014170467037317,1.8303834012025169,-0.3441793194691714,0.9163231590416353,0.1711872717641392,0.9967903267270155
0.7918207240231344,1.815541264179863,-0.25837460014343244,0.9139954615526911,0.3071442678357673,0.9838552055858077
0.8320998852307242,1.9623221980603434,-0.14238441572100183,0.9844497533044867,0.19631825341339035,0.9978045217516069
0.455233691589781,1.9619349258578167,-0.010276172273274806,0.5560318660032257,0.4096001668190145,0.9947718100138879
0.7853082626162153,1.7533962188250745,0.07625965183280747,0.5771031485014195,0.45816861928284136,0.993553355019164
0.804518979076746,1.6117914512876772,0.008184271619313654,0.9116500807596877,0.4073023105968181,0.989877658768905
0.7892487188621583,1.5286787953915104,0.07701046023549514,0.9005783612456064,0.5349105087598001,0.9870628126634732
0.750887743275197,1.6180808438282797,-0.00246347247064925,0.8582049424288248,0.35952776108886303,0.9981525346870771
0.8490300630326667,1.5777740092805697,-0.08739029053315416,0.8610027522467942,0.21550067920651322,0.9917142450281141
0.7904299517444684,1.5930280044487082,-0.03358310796595731,0.8566726998239128,0.29961920146060134,0.9967424486575092
0.8307165537790676,1.3286150899676812,-0.08790241988905656,0.8617009630751871,0.3311938480405047,0.9994734975305237
0.6734819835482339,1.6268457402246321,-0.3835592414411187,0.954855240306868,0.5313504503929672,0.9926769406888473
0.702775026284846,1.7283982895145227,-0.2690673512688464,0.8600640238179896,0.45677280797839676,0.9931224256031024
0.6810793723070587,1.8193547449633305,-0.15388409157807603,0.6269883316118695,0.4780422411382741,0.9858458810592524
0.6486737526253298,1.6760552754711706,-0.0823765585272885,0.96609729925186,0.47109366070542913,0.998063298731324
0.6662791355057623,1.58347437685633,-0.1367187180169659,0.7843325244781274,-0.3575949045810396,0.9991254418876522
0.7880180177138542,0.8451745029232707,-0.45378471872923964,0.6963684018774908,-0.185161570677394,0.9995749150784639
0.7891046407533294,0.749007541037485,-0.5153553400529165,0.5211618116040705,-0.29657319067226007,0.9992452479413638
0.8058947720995278,0.8005597633569868,-0.45120167342935497,0.5840949390076959,-0.23811968400096725,0.9967050042839825
0.9608728826525881,0.47908701731992553,-0.4020320689187877,0.7294312013245111,-0.4487789424146936,0.9946385104430557
0.7107942323075647,-0.19187907066533327,-0.6000783254778974,0.5252120570017429,-0.5167567987365174,0.9974396451337217
0.6621466236627971,-0.45840165489382134,-0.6639751577047679,0.7180742552555418,-0.2480280228111426,0.9957909228485226
0.48399819262884514,0.5873811374185892,-0.8347260402035842,0.8153159741411347,0.020638451095453137,0.9762076568870455
0.8053270602732893,1.3404335798785347,0.14114784542452,0.7835118815919222,-0.07639608090690558,0.9988487455958217
0.7553685574414654,0.7898729892967713,-0.07741225700706751,0.8130074160783849,-0.058290775449393074,0.9986765176219917
0.43840307041079424,0.6369275745763704,-0.01842335200349604,0.9360910153237257,0.2140796597540349,0.9846607483719706
0.5589248665309433,1.313588094768985,-0.04203837671095119,0.9551020049594243,0.07319708441320856,0.9940130793192139
0.6994635366619528,1.7411203318706994,-0.3159576687813358,0.7649316716375965,0.08097035534066652,0.9967467492045299
0.7423094989175235,1.9997180512153718,-0.2000179563253088,0.7133304208982814,0.06710820171009572,0.9881343266106005
0.8559101023455317,1.214978971064029,-0.20205628758101005,0.8063192534579096,0.08283294252095545,0.9938705995511032
0.8525469505986073,1.4131231292419952,-0.15552243693824527,0.6483972514473216,0.22975586326722527,0.9950888880635429
0.9500098982146064,1.9463410058776898,-0.305082187425539,0.8846247314847447,0.5111792861601392,0.9788275968027923
0.875010532861398,2.0559076595208223,-0.33256272571092044,0.9801406923217412,0.3850117547309668,0.9840472469106213
0.79820494459349,1.476228111600289,-0.17394772178839424,0.8766350747143988,0.40807188781181725,0.9868939584813133
0.7826007593767987,1.7723055939633015,-0.4458367301328657,0.8763371241199025,0.5132820376842493,0.9935549747352936
0.716257817243362,1.865882114394873,-0.4336742166054684,0.6059076197436823,0.4665521127571418,0.9837272867253047
0.7293191073797564,1.9032729189227862,-0.3931488304993346,0.7358035679481568,0.5963151031232532,0.9945234779417731
0.632560323959882,1.8768567341060733,-0.35579950253729814,0.8254914596012081,0.20732604085608797,0.9914244727880567
0.69349590696009,1.4112178638247286,-0.39159660715520045,0.9343681200618408,0.21056575886279366,0.994806936229879
0.6680048278202433,1.0380104016740543,-0.26193404919719143,0.7964713016016048,0.25082552328748403,0.9611463096339203
0.5143668752185324,1.1867493661395707,-0.4155674283713072,0.9339358330651342,0.07398883655280512,0.9995148580458195
0.7161796914645259,0.5938556563539629,-0.5991680385310979,0.9895294279711916,0.25241011787103007,0.9978709495277237
0.7134286054637087,1.0405825472714592,-0.524685716708999,0.9933434278245079,0.08901423143656471,0.9993872908976882
0.8237131557661851,0.559427479530148,-0.33932592493050756,0.8425266669028618,0.35580489085306977,0.9861667835733235
0.8044264567853698,1.1390740175231884,-0.39033512518990654,0.4182055487455626,0.1271505422596378,0.9981811695069399
0.8952835075983452,1.4601191695927758,-0.45842256381602864,0.4625450766589363,0.16867357297583693,0.9990669219898983
0.8218323365290541,1.4519259746252637,-0.39890681958115753,0.6323477581682417,0.43292304337167264,0.9747122581418578
0.8292009836346712,0.9041140402168619,-0.7136810404675734,0.569094944074219,0.153841186196425,0.999361452087265
0.8732761674158472,1.6180258979117184,-0.6386127057314593,0.9605416011983631,0.25673359245062105,0.9980265874549173
0.809243704085631,1.6018557629963999,-0.23445940043932437,0.8595233193520626,0.029859458752411933,0.9864664668053229
0.6438295749957338,0.9717482218276338,-0.32776979867633066,0.8851995948041531,0.021162277622946955,0.9667294118147312
0.8623789400261488,0.8897809724540691,-0.3876601617801576,0.9250015236925682,0.02689355779127618,0.9480516446481282
0.8815559358650429,1.0069143480384626,-0.30561556724446276,0.9271887092336126,0.11360754878421502,0.9998894424326527
0.7171120656906077,1.5018083209447446,-0.5886099207053498,0.7925841543034134,0.20438189826778885,0.9986989982590533
0.6828264916586423,1.6360632587353625,-0.5475115192910975,0.8916550820205886,0.4639383808840572,0.9755861466098625
0.6754126100145179,1.5867348231042306,-0.30967181862733845,0.9389349366593019,0.4399394188835305,0.9656990869785254
0.6979683790220359,1.9393084888312664,-0.4648955068332928,0.2852021456224343,0.21749300051060844,0.8602213318917432
0.9320359557867225,1.208435961410693,-0.5311333557773704,0.7207839780244737,0.192195728207145,0.7683954468006393
0.8735502608563355,0.968842092909813,-0.5854086533072094,0.6746965398188363,0.0502999475566076,0.8287324831450691
0.8365760450675407,0.940212785417048,-0.4557252355661729,0.7373353717844705,-0.0549501632196364,0.7164618638412154
0.8521509877027866,1.4697786148638992,-0.46812148392730973,0.8517758354087874,0.12345655438307829,0.8979012747280772
0.8266367084481355,1.4231226504473242,-0.35509965109952507,0.8646607049374935,-0.25216765061503044,0.8534547458424702
0.6346069528753573,0.681977671570871,-0.6881973535744718,0.8282765706473562,0.5057301513811088,0.9764374648271448
0.6777014843907461,0.8195961352377007,-0.7269012610312726,0.7283595963617522,0.5270573310638637,0.8815514015715644
0.7358843363915227,0.3278484911502165,-0.5755594476217464,0.8139684781061103,0.31082797154490144,0.9242535154310884
0.7317123759079478,1.2538186811253895,-0.3692713344622562,0.8506523558116309,0.25125605318685446,0.9008627435746945
0.801311097579748,1.274856346861752,-0.4418680088728152,0.8036882697945608,0.13725171585261994,0.9896661215043949
0.8383725069326339,0.9869641299458141,-0.5851716267412771,0.8911674387504636,0.25268304992875995,0.9934249073294571
0.828962340705827,0.873043091143124,-0.5417157081654533,0.9875638221258204,0.06576344841172285,0.9266525802693112
0.6003150603389632,1.053612701215491,-0.36608205246673303,0.7709873491046488,0.16680041465951415,0.9272908300450075
0.7562900193577334,0.6307829764119423,-0.24526793367019625,0.7118455891653759,0.19073726040393651,0.9478287977962829
0.8036501663271226,0.6405761937957484,-0.17048635339073376,0.8838192739198668,0.005721485015263893,0.9875366507740931
0.6401352571323563,1.3270310785910997,-0.2676417752108797,0.5979748747680814,-0.029933050098072525,0.8328711778787851
0.5120923267829114,0.9100111257833312,-0.3487186222533159,0.7423594818282664,0.0877889243146648,0.9663151100582915
0.2657054826531616,0.8772042460287307,-0.6230637247417246,0.8743091175915965,0.08344719584750028,0.8538447356659156
0.31819712605075023,0.8555882570435748,-0.4744565031431731,0.8627907454783502,0.14526818070001385,0.9519817447121985
0.1617440307414791,1.6905757516458482,-0.2824853167830723,0.9831764825057998,0.10130421719915876,0.9212383207109052
0.12629327615169803,2.1072460966991553,-0.328784405658132,0.9571292453085094,0.21441129637087541,0.9239331773625387
0.15286352110382917,2.0366643293663196,-0.10210390511571266,0.9557442902508296,0.10755410492318487,0.9758256356925334
0.5593731019878094,2.128726927645616,0.21972980506467701,0.7260657695828192,0.18979556128765435,0.9746359432548033
0.723368372618649,1.9650982910671853,0.021575718442939346,0.9761773984969323,0.09518087512810172,0.9960952638039605
0.6795928162248708,1.7112317880097305,-0.21393455087378105,0.6906985201706066,0.00012076002192491291,0.9971401765769071
0.6839105515701887,1.313593864166839,-0.12544431981017187,0.9488793395994818,-0.06458874905689904,0.9970584612251333
0.7064446729660676,1.333190269946706,-0.17939248375021072,0.955171046744918,0.07429173740419959,0.9896662180705604
0.5348110669992959,1.787893222789464,-0.28454644222461284,0.9445233779482526,-0.07778812099101175,0.9886922109646873
0.6635220552335931,1.0360705687938399,-0.2844226848594501,0.46409935292256155,-0.09164257980698408,0.9817664854985958
0.7573702147196134,1.1169434084879124,-0.30247588525263447,0.5583692886688374,0.007432158081467117,0.9726449862416061
0.6983311006216978,1.1451694189759278,-0.5036392192639569,0.9224769324347776,-0.03136223259407079,0.9254591642533473
0.8553203693269938,1.7745437009052965,-0.6123823592094986,0.7321257906630398,0.12716224406806315,0.9381616946608877
0.7340866274876687,1.5021406879673573,-0.2904547585440048,0.6320713501311666,-0.10983754692236083,0.963208960036434
0.6037169062746401,1.500568028744296,-0.4073816688537939,0.614098859483034,0.062204010713385854,0.8378208871310497
0.6686492400881359,1.4243142777120108,-0.5273391294094292,0.7720028521537261,-0.09142036018973505,0.9891312669277955
0.7542436540975986,1.8852349136878277,-0.7064534101895585,0.9775444627222981,-0.05283049557324322,0.9940329747904093
0.6254382618840206,1.321414612894841,-0.2372959525359412,0.8616658265971906,-0.07008714347583106,0.988954511030759
0.4616964132735937,1.107561153887781,-0.1167398791634225,0.9254390498010815,0.059921757202409213,0.9882812232567695
0.6569123102062661,0.8970302275185911,-0.35608887260805155,0.9059829340781347,0.012145549177269987,0.9479007163714205
0.7245424389512914,1.4543582038126488,-0.39468820011010014,0.8765732059286984,0.013012557578918438,0.9378156507881674
0.7014153032588338,1.1618711101002737,-0.25436343497042835,0.8890219624890878,0.04918087835671205,0.9082016011163674
0.5459214383031226,1.7327932010764098,-0.35746458037696127,0.8266586848305427,0.27104604499721013,0.9248902952186153
0.5948041149212153,2.116581743852063,-0.29644501514177984,0.9388170435074863,0.12971672463164824,0.8817143221421677
0.5832550087378527,2.2767643151780326,-0.297370793865351,0.8855104183385527,0.09480125085573586,0.9699483182940598
0.5221203290668245,2.0387810400996247,-0.4057510422288688,0.936758859618444,0.0839294615124098,0.7293188378581331
0.533491766690899,1.9617558127817878,-0.2722524661822696,0.9429650812874235,0.10912219579132623,0.9034185318345069
0.42797484362837196,1.6139368686853501,-0.3100399783023986,0.9442512566692258,0.16293261318972035,0.84330998670664
0.5359238540814617,1.6049790547396843,-0.29930671920369234,0.6080169920473387,0.20750014913166223,0.7075601932847416
0.6333017346503974,1.7576522906994696,-0.1891538708464404,0.8492501132756143,0.15863295359789875,0.7211408694177504
0.3306237618685343,1.1264415577555182,-0.27758735959482483,0.42838561492807525,0.12003540428637627,0.9840433315650944
0.566120987169136,1.6118155838030133,-0.3133166073943054,0.9151268510831458,0.034489113631506106,0.9408920673537958
0.47621668673872536,1.7869768071047871,-0.14513503224670707,0.8586466875316251,0.013548962582566429,0.8934606651163457
0.7097863488369437,1.3642616478071101,-0.08564588664906862,0.9028737808134472,0.019539218197310627,0.9241515481308245
0.7757424118031513,1.8713284890911974,-0.16023941897116956,0.8572975692333076,0.07621355482642694,0.8503346579503638
0.6013390729203297,1.6842695890375083,-0.18578458519218416,0.8562993872052715,0.023655090951927072,0.7842971842732414
0.6363320719206084,1.4538631102855524,-0.1524652210200004,0.8808743251191105,-0.19074353825000584,0.8960653607131217
0.6702118892253374,1.1825757582962009,-0.09713977747600477,0.9389789570708781,-0.11752426766834953,0.8849862824988423
0.5990418868207016,0.7729623584957519,-0.1592904973485837,0.8828993097434985,-0.0456183690564715,0.8704290994767526
0.7307633553517003,1.5093939486053631,-0.03738684082906651,0.591287131490983,-0.11199391944166458,0.9133486877022062
0.7805105033841064,2.065989830662728,-0.2475098248471687,0.6738103854659875,-0.17786646531122785,0.9557075476165053
0.744293237994144,1.657460541333185,-0.43835441056410723,0.9186452609466503,-0.12060927812554272,0.956126535740369
0.7283457873043089,1.79072271803193,-0.4861880177102178,0.8493891395972456,0.08127440826599323,0.9404395556969858
0.7415349764228978,1.552239205996794,-0.4390574333685381,0.9653139441101354,0.12142520233284443,0.8786795693654913
0.7213374532819753,1.4368261928313062,-0.3787012707761811,0.956228295985316,0.26544075472798506,0.9382132547680839
0.8315465990304993,1.6865650652044812,-0.4273326264068856,0.44982187089493536,0.27114943532430646,0.983112151502401
0.7712404109295423,1.8926986445685416,-0.3373461807801746,0.819116167676241,0.43590005092365613,0.9302560086418221
0.801913832164167,1.6768600373859162,-0.564388454152603,0.9647391427911727,0.27158459564488024,0.9580785877927585
0.8216321987180294,2.123709336761461,-0.6346380345148719,0.7746329972630452,0.2811227990531017,0.7088852533056219
0.8687781121964525,1.652629323756748,-0.5367968926708213,0.8790993941395371,0.0795768028933799,0.9604298590462336
0.737375774888232,1.495767511015081,-0.577613459342501,0.6764957610850545,-0.02592468505424327,0.905219445754531
0.805606083549506,1.3520612855573189,-0.6943744101134776,0.8189594182066101,0.09716870917518021,0.9286511830028198
0.7219285923299745,1.3986865525801755,-0.6474334014725115,0.6971821681654852,0.1830579050743407,0.9209117628599839
0.5892845315598233,1.830398985961055,-0.6182077084683347,0.8565980600276548,0.06426014247846733,0.8143365190197082
0.5712349526033476,1.5794490805163048,-0.5835403438001492,0.9724766273157942,0.4093538902350357,0.9484805993577365
0.5758718681691639,1.4655826489740917,-0.7702277596502222,0.9673537255422724,0.056053013996236634,0.957111644372596
0.35245587760148234,1.0542889831155557,-0.8007283538997334,0.6723610489873728,0.08188292478362723,0.9784973936393028
0.44949595549047733,0.8201886086841272,-0.6749631688878586,0.7271765336803948,-0.17223418923833672,0.9592876204693532
0.41490392533439685,0.574168969286405,-0.6258642369237559,0.5925262686846524,-0.21916658856741897,0.8712094091820085
0.4224203195680476,0.8718026061098828,-0.6457381348989361,0.6398268892024866,0.06713353462768393,0.9160849287923737
0.318626434265252,0.6793361901283482,-0.36380541685794593,0.8646791180093419,0.059684858187237164,0.9229736468544454
0.36076530174470023,0.833458204295993,-0.38262606057618,0.8406247396924388,0.01066935376470172,0.8773808597230385
0.7485085398508662,1.0617108690573807,-0.7114057074312952,0.8237623453964756,0.16866768388451558,0.866154742804434
0.7417764975594896,1.0807078219839292,-0.643983714574027,0.8179797814502164,0.08795351634822618,0.6639246698328863
0.7219136165990745,2.2084665033771373,0.1474757203190146,0.9581876134677487,-0.0922340392787456,0.5380365814332211
0.6882112689223217,1.9176232809703777,0.12093462272085224,0.9268444395753185,0.10051294935181593,0.7971124644651877
0.7086631755084466,2.611069013333275,-0.17397492313890028,0.9183848265251088,0.2063785103442948,0.8951328583388247
0.6805325364894071,3.2828691789878026,-0.18019008219942528,0.8669480009103123,0.16211742754533703,0.912748375388129
0.4165209028209338,2.107270036605322,-0.20378807742815158,0.8162284428651705,-0.06315054911829132,0.8903044730678321
0.5190271325699038,2.2332967020640826,-0.36796505126714313,0.878644239487172,-0.03832558900486584,0.9421840563916195
0.4985494527567564,2.5857020240582,-0.27802127982153974,0.950380059587712,-0.08719510368178096,0.9402337043560696
0.4178438747937011,2.0709230532250746,-0.2271687135822403,0.8763663459751743,-0.07143095328201841,0.9433145844834288
0.3511898340617884,1.9212846882376515,-0.31629729279175156,0.7808754636464607,-0.0510966395926307,0.9308399478217861
0.5184125413527599,1.716103872123461,-0.12594230856168376,0.9042347923025333,0.02699993539965606,0.8771075735050375
0.5516827235172533,1.0537898090435718,-0.054764118052441545,0.9228052853742391,-0.222780437760952,0.905214935879819
0.5328966477932241,1.1496569997372847,0.057440156711686924,0.8791457844747563,-0.2809027770598635,0.9840845359617614
0.42570985509207565,1.06870151571065,-0.19740082650862706,0.8730723984643078,-0.043618553207574094,0.9658006213639831
0.5190666013805872,1.3719367066669974,-0.05324354037886294,0.6791824714296936,-0.0927135252627921,0.9759493917910691
0.7808099929857865,1.3528732979994778,-0.15961868105319388,0.8705218484347593,-0.01943256704015668,0.9491526193100918
0.774712064387554,1.8023121175471255,-0.1863472000606038,0.9609329495040576,0.05759673081154942,0.967723019043091
0.7253497279776209,1.0348488987816866,-0.33115045098688334,0.6428334526329501,0.03629819418971931,0.9112614824983587
0.9034378707306268,0.46520083429480313,-0.3602098700666707,0.8916450708584457,0.05119619505952348,0.9624747689050002
0.7557574968573397,0.81094425280038,-0.2515145728760569,0.8755654598282194,-0.06184988877006456,0.926157398308272
0.8954488099238396,1.4094460339676627,-0.0742520127294424,0.5070466908526349,-0.035280776353029064,0.9742677011715043
0.7803214023711214,2.065520936350558,-0.15282243891909278,0.7115153067451729,0.03160186488502884,0.9455285276859348
0.7420267460180764,1.906626601084272,-0.18057348381398977,0.9122776948119572,-0.05727356003602163,0.8657728021378288
0.6972025724298844,2.042301140150354,-0.25613775489942947,0.8089240953365354,-0.11564179418067805,0.967238280305373
0.7770274028301183,1.452736883687201,-0.2662893204926059,0.8986561924904178,-0.23252180993596183,0.9484183118017514
0.7990011976552649,1.4122589112397888,-0.40294065761729053,0.5674066580528638,-0.11018057757328706,0.9898397286164416
0.6334187974782461,1.6591224220650345,-0.20215948681770746,0.9152989180361399,-0.10414219651869949,0.9951911886309464
0.5579035421723987,2.128416342659842,-0.38479365892975176,0.9239748675838328,-0.1379927194540121,0.8910156460436446
0.5024400146350183,1.9238781788222288,-0.16765477935775092,0.9355742857477598,-0.02474741492015633,0.8972266562735493
0.5423345250292793,1.653321067426381,-0.32434882465806364,0.8530356411608214,-0.16022387017254044,0.8446636315532592
0.5655677900920524,1.7263391837309054,-0.45300472925442054,0.9178637528666455,-0.09981372531120498,0.5793217492372598
0.45038703343960795,1.7513966202840991,-0.5282172032585032,0.9925759836561827,-0.04341727320699632,0.7876700792836899
0.3939714718652434,1.8547392793505113,-0.4743097928050274,0.991374230566057,0.09910498990313073,0.9462022767587244
0.3627789251692774,1.8860057893469913,-0.5436516070259202,0.9925142267225846,0.23321246413600438,0.7844517130256189
0.31061786996037033,2.041698734821073,-0.6109393107396606,0.9911304712002258,-0.15661584408388207,0.951901890894551
0.20855110084567785,1.6792475871549992,-0.5346913192390568,0.9007066200820427,-0.19706664386645556,0.9468230176898188
0.2705562850569258,1.073597787701068,-0.4152952593382181,0.9511399531429379,-0.1420249990786425,0.9695460860845588
0.22325248456617794,1.4934617898012728,-0.2989881401840787,0.8382290058616325,-0.2366636327925799,0.9410428746213106
0.13377623754833193,0.9923454909351466,-0.3102126345202158,0.7749163257185316,-0.2662687862144331,0.9350708513210897
0.16859167340555387,1.7631343952966203,-0.2658660794922075,0.7455775597181673,0.01969106990456351,0.9559704391942438
0.43937856558770927,2.3788607675426743,-0.1631465802973757,0.3863068891885952,-0.10209554235476756,0.8749151204742529
0.4702129267686777,2.1456423757747753,-0.1833644375584618,0.7521295505790176,-0.008894471374101173,0.9388658209440786
0.5143554831961645,1.732987064262763,-0.19130927098255346,0.8182093195968444,0.003140966280560053,0.7985312604673224
0.4679872226272567,2.9499788035844974,-0.6561434705145561,0.8450747025339095,0.061445289855109,0.846560564605803
0.7293067261670965,2.610448026397732,-0.5585448693396383,0.9721414764355333,0.07945305810051521,0.8437866815883448
0.6893870815470505,1.804000567955162,-0.5231289941194909,0.8346851691270352,0.27256679064234385,0.7623182829707262
0.3111075168780737,2.2351479591060746,-0.5239958583436022,0.7697595976883462,0.2413840884871356,0.8830726811663178
0.37434127858771565,1.9653222506224142,-0.6946985328640728,0.8301247264118923,0.12332645787645544,0.9916002410920606
0.3927022959033944,2.9211371323782376,-0.38257073977881834,0.726305922983186,0.1658130961687718,0.9618967560934545
0.8129333500063498,1.7711381838483466,-0.11978688635204615,0.9402002825877048,0.05637082771443378,0.9355128112423746
0.9388393789012929,2.1075254273107715,0.04472502611034755,0.7885541870102996,0.2626143182439851,0.9874846836074452
0.957675215860401,1.666473006092912,0.12535792065995738,0.4992518455820294,-0.053713056470283536,0.9121414538856096
0.9463200135545367,1.646263850087674,-0.15029475071715018,0.40096150055809265,-0.19399399883983767,0.9749432873062736
0.7626777779791039,1.3523819440308076,-0.29983896088440287,0.924621688017988,-0.08272040470621973,0.9609174523781369
0.7747709687477762,1.3199840533532357,-0.2671622788052499,0.8870424551146938,0.055446998507079216,0.9358631492673458
0.6444786622422696,1.593709934767844,-0.4051825982871389,0.8604168687257149,0.05729221657405124,0.939552138622703
0.4512554824580204,1.750722111625149,-0.2539713923770149,0.9214248347937921,-0.19709884974618921,0.8289629890080139
0.18095452183911392,1.8976957835072317,-0.1321414442595505,0.2935993073908829,-0.06505146228299376,0.9414849531969117
0.2002542902676992,1.8333787195902675,0.10958489358517452,0.5549569903286653,-0.09138481647234269,0.9567601680037042
0.1810629223936787,2.3197768387016544,0.17290546084218897,0.8180792117309262,-0.21452464656484746,0.9934955495114542
0.2728614787281516,2.8021611312520687,0.14227815647284303,0.929617486885232,-0.3384615742005914,0.9539785498032187
0.39984482559879725,2.6011981243506095,0.21461893347466027,0.8000396999602252,0.0770877014955066,0.9162663228356203
0.6634659622398527,1.4637673319154383,-0.045146026305689146,0.563667015492749,0.11690571369583536,0.8674022101967517
0.5426791254626537,0.7774176544344014,-0.14150362520461043,0.7338277009474317,0.1636009713516301,0.894887788948434
0.5921155343292337,1.3725860501916964,-0.03788387112924862,0.9089551170954715,0.16207547482586548,0.9058143876779825
0.5355789092569556,0.959893152503793,-0.19153349307472425,0.8153542996362941,0.08578735696272262,0.7471969276380068
0.6042166445124002,1.3558149656110652,-0.3121467152520409,0.8658481204202958,0.05183760679861393,0.9819839101816361
0.7182992270447677,1.4566612161157038,-0.21324630091356908,0.8731938612406653,0.023259882258889742,0.958664906490399
0.7797431603274947,1.4964626682619573,-0.2867586078369882,0.9263473488304907,-0.02926800533306211,0.9535214370926867
0.743573749767108,1.714031691616238,-0.29710987799537714,0.7887911489487324,-0.025968886320050833,0.9758313145360615
0.706500357196165,1.649445469572431,-0.25410712438985633,0.8153675498293729,0.17832462137726432,0.9386219221757994
0.7678284749836237,1.3047519727855017,-0.18353905889767166,0.7319421729732042,0.1258174930994499,0.9470473446808488
0.5441536504735196,2.01102045531556,-0.15130858965351615,0.8042135521476192,-0.08157527448962434,0.8509827106164757
0.815190642341636,1.5471965429612369,-0.23048044277508903,0.928017959962737,0.3168096520271985,0.9780566841521768
0.6982122207148662,1.2037355475626783,-0.21897020152201516,0.5343824228052279,0.05245466260594603,0.7866652629506555
0.849191246817898,1.0815043465409535,-0.24105884008557135,0.7232640931904606,0.06915193443276844,0.729816322768824
0.7967270449032721,0.5859137659682511,-0.08245181031263707,0.8453591377313884,0.040512875916405386,0.9686613509420303
0.8372478651588781,0.7687785926676937,-0.19469704158568074,0.9315834929886395,-0.03138061877032982,0.9651903347003653
0.6749012886935624,1.7768326515759743,-0.18244995010381754,0.964433790559913,-0.12950976231971573,0.8608198207524776
0.6171246193394276,1.5056317684071066,-0.1240326844861025,0.9130824232383862,-0.09445797180435604,0.8604559710692771
0.6396023375590343,1.6649407936420637,-0.2517262405969464,0.9471817144910986,-0.012902910133629316,0.6624790334961826
0.6212710749435769,1.3794761362168693,-0.21325037905276592,0.9560745998644005,0.004168531536104367,0.9768170524736309
0.4916019497646981,1.5243863229694212,-0.21332399074981034,0.8357224456155633,-0.0732937884273781,0.9676168216775665
0.4878844919158218,1.5339728161652286,-0.44005294767110004,0.44842884985137604,0.05454535050428061,0.9647023757347319
0.4332907663363662,1.2541193327198579,-0.4808899606829032,0.5591385821847129,0.3545735190488854,0.9460085455120479
0.29492802431811593,1.3808932224960306,-0.28974733375166967,0.7723408939125774,0.47027265435705146,0.9200978018615887
0.37585850703047496,0.9625968907761218,-0.2906936670932227,0.865016434300309,0.525420591408843,0.9551541932383744
0.3659172841648309,1.5946976874364738,-0.061791164602996544,0.8442056744745535,0.2834790138653829,0.9241090532939259
0.6110753350322243,1.1747051095297751,-0.31972879553456185,0.8384455300185075,0.29053418556341687,0.8637976155639056
0.5155996426372941,2.019431687486874,-0.2173017612968168,0.9695367752588573,0.28755330102967375,0.8429183094387537
0.8380988484522045,0.7342520857596602,-0.22451862919573232,0.9433649354104606,0.2493673106095189,0.9177298558130353
0.8616569401356616,0.9082928646107974,-0.5071064232393736,0.9937228094965915,0.17552821600885804,0.8457979641679483
0.7456536712194007,0.8164041763217977,-0.5496665441827133,0.9902826368160123,0.17393253501600678,0.9566372550742848
0.7333737822202473,0.857206585349011,-0.30549090391941797,0.9365746963489568,0.09874570665072264,0.7923134184424128
0.6879374596705364,1.192966735758528,-0.12685325684535165,0.9319405039331835,0.2566287442497604,0.9466861570641009
0.6211109761779376,1.4013894922821055,-0.17912559913709006,0.9138681483406204,0.578547011328316,0.6415330235391083
0.6841724258009813,1.6280553042081949,-0.26671367292796827,0.7753237869817117,0.4806744085465744,0.9377504543278721
0.71562258020137,1.5963758339066674,-0.06314912634030405,0.7855960576852977,0.5468750375582262,0.9865805118990404
0.8656848199520164,1.4251372823818305,-0.0022851377690083392,0.7277435495734301,0.43740540515210985,0.8720840452929434
0.6080964302798436,2.475369266345201,-0.2069559913533284,0.7888264242772565,0.23877460285003035,0.9446309907729186
0.7319478513688786,1.477483543076925,-0.15232317832741085,0.8537987303326008,0.2115228380456224,0.9997407459250558
0.6498963373551386,1.7159904688944383,-0.1058867980347046,0.6692559326650618,-0.18564080078202047,0.9918672178013577
0.7328171184542291,1.474943295630254,-0.19946398578522806,0.5636407442240683,-0.12596039971155049,0.9976735930981826
0.6287895087209648,1.3317266139660822,-0.1920697695536788,0.6390465626660318,0.4297372624952665,0.9980275023825561
0.6700262446892387,1.3648251147549775,-0.25658048138267575,0.7114903754801815,0.2954360402285066,0.994032256984532
0.6482799155924164,1.4407345076024847,-0.19958492092290298,0.8605561146030346,0.10997717443427088,0.99864643999946
0.7818305909046127,1.898601632971316,-0.17450074823772607,0.8692441217873221,0.10618023658560063,0.998270738182681
0.5753980357730198,1.7803575117855717,-0.3379676273870285,0.9074913934560502,0.08049245934058573,0.9990010431655416
0.7259613939855938,1.7707745754592847,-0.3134446894905125,0.8730883047365022,0.15790733815754712,0.999852409039266
0.7937022158108108,1.763381188359344,-0.41893010790333757,0.873429678822815,0.18624416057049764,0.9863527374438651
0.7312649478951053,1.439001673556503,-0.3484271677454208,0.7549997846278751,0.3641233018833329,0.996801814623453
0.5152982426551311,1.6916536544764504,-0.3394967244639216,0.9355869352655642,0.1293924020193385,0.9986331217170201
0.5996314170017897,1.5192398811421273,-0.34603657133057286,0.7484679374040588,0.3484373447183367,0.997331904019283
0.4532578776012041,0.9550914662199937,-0.35847531069170147,0.9024355542774714,0.5817202561409912,0.9861801628130521
0.4404810802455956,0.9457404143812048,-0.36426714236431196,0.9199878794550675,0.5389801217173463,0.9997449409943867
0.32475221543461175,0.9047336501018077,-0.34996544122750006,0.5439510277590408,-0.004875285593277409,0.9924291229413428
0.516718370857588,0.4275669061553378,-0.24314418639940896,0.9728949787407705,0.2559049398998584,0.9779541282964708
0.3376102730834505,0.8534612681447357,-0.2570254472688422,0.7388665487196004,0.36991126576139777,0.7828345625551435
0.20248805355760055,1.1466968066681549,-0.032684847664657804,0.9251936041267125,0.3652093675752423,0.8210953449635183
0.5545621523726884,1.687387812794566,-0.10993104607515433,0.8316348962672923,0.4184594589592529,0.8060877105861098
0.47046313874696366,1.439408126722461,-0.10404892596437708,0.8765329896988221,0.4190121828996898,0.7506525779886282
0.9212305590887317,1.756757237759659,-0.2651921537930781,0.8790544075556376,0.2093938840886468,0.9722809378728371
0.7163237639258667,1.075995637116466,-0.18815937012896605,0.8521354242361733,0.25579609115964996,0.6869991927104636
0.8527257254670522,0.6931016470984842,-0.10862180255712389,0.6744400030394977,0.11733007447198042,0.9795062776508069
0.7832404095448927,0.7335703707659073,-0.12699461510390037,0.7445425931813925,0.11652015788251925,0.8138543887033192
0.7968495732059723,1.0930553936234988,-0.0377292012849038,0.6325797669064364,0.07623304814359042,0.9865256896748563
0.7011175768433057,1.0679589707023738,-0.10443918888766188,0.9194267099343859,-0.13790276367279283,0.9189895383834087
0.5853679175714643,1.030416351062845,-0.1407722987231989,0.8106030579846961,-0.023982378212526925,0.899155103244474
0.4747833056659889,1.1202227345106086,-0.06278707469853773,0.5567967111506062,-0.03065496301657945,0.9508395276136761
0.6751582619036368,1.3725548407271941,0.08722267004060183,0.9755879700262877,-0.17483915229179936,0.9001734929126052
0.7934860825810918,0.5461030097307066,0.06632898913897037,0.7409249426677196,-0.053420665753775715,0.8120857014679554
0.6551233466377046,0.559261462776986,0.08634204733696332,0.7178166422814819,0.0783841223667823,0.9731088185196252
0.8465369697112466,1.55246283159665,-0.14689030455644586,0.8307204641889283,0.032096351584479384,0.976082010031725
0.8775847471851538,2.2149859691705505,-0.2400162767618018,0.8947204494261597,0.18460459543824886,0.9814966159816175
0.7721557036199791,2.499679385783138,-0.19897475891116836,0.8515096251148684,-0.07129561914918764,0.825674640068621
0.7518988157896326,2.0324379362756453,-0.3687575285884243,0.9364988618635268,0.036048221018622276,0.9344582462568957
0.7016487779037873,1.9732113116784131,-0.38386258078212293,0.7964292717896523,-0.3147854683345726,0.9566055775713729
0.741405913440301,1.8290877699518333,-0.20675046640572767,0.8500949369852524,-0.5170592268956187,0.9350978791348048
0.6774987590358227,0.8018045985559626,-0.17090375452913992,0.9001939256230006,-0.4811844291320403,0.9089281640829088
0.7955078808553916,0.912931519573228,-0.27340426553679636,0.950400680120229,-0.47802910261205767,0.9413031567289128
0.7536330926802499,1.3714394955288975,-0.300819852374714,0.7279089790377555,-0.4812539805712005,0.8780086036492669
0.75821815249098,1.3238520824322044,-0.299953166634422,0.7103135090987884,0.18470603127659713,0.9691578276213682
0.8304068464884706,0.7874616403776108,-0.37510557640461484,0.9205275305360731,0.6591133865094473,0.895049553905147
0.9100335019981856,0.7624951094437473,-0.2388295442824307,0.6656346690780864,0.526152928009812,0.5414692822992384
0.6438417643488207,0.12812370130669243,-0.1418272200469588,0.9712644830843506,0.6836723366360659,0.8655858207933703
0.8631303077057887,-0.3469782305914999,-0.19276485377730854,0.9614659042067928,0.47416182879158314,0.9323103065040849
0.7939126035306412,-0.30601960306155807,-0.15177328403461138,0.8861841349451551,0.5762203359411914,0.9495235863751879
0.8423313882010309,-0.19571737287708268,-0.17369030120931148,0.938778866773995,0.4965584357739589,0.9149337511524349
0.865714590254644,0.27674754424178144,-0.10647102428940841,0.9487487402936012,0.5986078595398237,0.754843470562213
0.858295756485622,0.0455099690262744,-0.022927335654574162,0.9377797316673163,0.43511260046777983,0.9304575430130441
0.9083822327642231,0.22233001315627615,-0.1558656863881717,0.7867933296588177,0.4149540455334334,0.7990763104483389
0.8865022289895746,0.13200259126827601,-0.24649463839415042,0.9615353265161422,0.44854810021364244,0.8979679982691493
0.8189395433764102,1.0363738155065783,-0.21755029371069334,0.9615980835747588,0.24826594603762733,0.9233243029036154
0.7363695348325485,0.9665918250490989,-0.22751375702477478,0.8890820029045271,0.2167433803473844,0.6494342415137412
0.6766707377829337,1.1100278713265321,-0.27561304132452696,0.8459222934201325,0.28248428730921094,0.8704009804145856
0.7747081510844002,1.3945029877721016,-0.5301545761567866,0.9061822341598166,0.29107746272039847,0.5162711623282711
0.7907938266321249,1.0810998130256868,-0.6282504819832955,0.9175195454994766,0.2853512815437045,0.5557199969771875
0.8281863917022632,1.23218031936556,-0.588818167408242,0.912232759504796,0.03754327019213273,0.9686525935505372
0.6075182793329352,2.2305685632340113,-0.6959406564655658,0.8656479278764169,0.20997951472620713,0.83282991845004
0.7417611641693477,2.4870657472269637,-0.48223863843639836,0.8977430996577576,0.45940357584266556,0.9576859276611076
0.7839807756047729,2.9712020266632404,-0.38784180575044275,0.952281531889557,0.6539814762748175,0.8721001306213145
0.6983325396021577,1.7457811443911224,-0.5246473920725035,0.6703286166882687,0.6671849906577212,0.8952591359391664
0.7110111945650511,1.348907000800613,-0.26167969384202694,0.9269323245701074,0.6964705261653957,0.9674986255287032
0.6897665252703635,1.1267557629745821,-0.39348528462327653,0.6397681610420745,-0.553306850361615,0.9680260494316218
0.7416212760826303,1.324266552853143,-0.47739142586400196,0.8428335033138266,-0.4551785808310146,0.9247298163029876
0.5517418762333189,1.2197155961246728,-0.4407204206412137,0.9598370520776071,-0.326809338640967,0.978156413118309
0.47779769488099616,0.9102228840946597,-0.43880316635344696,0.8976700919645801,-0.3622002717689179,0.965918977350715
0.3012864978787881,1.0248412787454024,-0.5489737003598308,0.8821364475664798,-0.2584215277915335,0.9910948067919351
0.38019830344939426,1.1803070046923583,-0.6632950332991217,0.8378666760900799,-0.015366197778070398,0.7906937313135453
0.43300743945818615,1.4334573481982922,-0.5869783353284048,0.825723909956029,0.028095240013520196,0.8411298230340323
0.4000565375292658,1.4896385404282033,-0.6852753305664177,0.7922207846491668,0.02450705628997439,0.8292148087899539
0.4944736558437178,1.9010097836050026,-0.562407989948469,0.8137076564714825,0.1729584504239113,0.8718557029081934
0.8023855447231392,2.1618937882226903,-0.5252539171749092,0.8066537714615427,0.09738559990565132,0.7529792524673646
0.6582726060405941,1.8189999315832768,-0.6108636689977252,0.8041669672877624,0.14679250862359505,0.9250721433577779
0.4111184031493799,2.346789960790922,-0.4137086346517711,0.8838407625848502,0.3526723567015451,0.9740001530342074
0.4779607673678628,1.8757366841099354,-0.4872761787638514,0.8308750011163457,0.3410576035122194,0.9613550630552002
0.5953029088560258,1.7150226329593017,-0.5783259806738814,0.7028045070496959,0.29758975605901355,0.9832126557709818
0.23831815104178333,1.960945500111531,-0.2599299960815878,0.6653383063708,0.37944023499993385,0.9763680852628854
0.5518901842333644,1.3017137713120555,-0.34015234140227363,0.9653616340396425,0.37944023499993385,0.9763680852628854
0.5736297549418299,1.0652007781086272,-0.07376742614159076,0.8574304293241776,-0.08276953535307507,0.8873055746488836
0.5289706600751033,0.9719927157056176,-0.107877290976074,0.9426344468690083,-0.07940881335469396,0.9645680649781181
0.6297011448885662,1.0116888046149604,-0.16022597936521696,0.9399322875011197,-0.3095876099126391,0.7236718463062447
0.6141196030656292,1.2435983385187739,-0.41028107009561504,0.9529194313443908,-0.2160289360922048,0.8021186021196708
0.5404884480836964,2.032667346365377,-0.2965272566348167,0.820161942677149,0.1046015397144825,0.9785410217242884
0.6943898705236259,1.7363638333760505,-0.11563018314826222,0.7253278423784582,0.19187253140505908,0.934745723906781
0.6477608667815469,1.7187610063968448,-0.08007505884995554,0.8069714920497886,-0.049626229452946514,0.9683402200549792
0.6275289087732459,1.7813887057738926,0.18876383142182304,0.850407221687979,-0.08668185301153951,0.8572575259033993
0.6343877764053967,1.4773107923118003,0.3236495717519099,0.8240525719889166,-0.3337245550125152,0.8076065242788479
0.47264005447871804,1.6140217302597744,0.024080657992863172,0.9918175874524467,-0.1890929451364734,0.9778364321925829
0.5179516934463071,1.4023295186793596,-0.06068793176227319,0.9715925020548275,-0.029188716788917747,0.9630422005882597
0.5813120870973606,1.4554405651440014,0.009961676863726489,0.9829628561331417,-0.13874789449668504,0.945569598324312
0.8036220916092328,2.2001079536777857,-0.04375289381561465,0.8695060436900388,-0.05437280882957543,0.9967237862460122
0.8550754497580306,2.0865111661441746,-0.3343740322300539,0.9587828033032604,0.2131989320643763,0.9487529235575225
0.9047153223404231,1.7652650757622805,-0.33076883030319504,0.915730062569778,-0.09377117852653707,0.9410866317453972
0.9145161489947325,1.4450000224219395,-0.4297228014849666,0.9721662917820011,0.01632153128318031,0.9270465160079208
0.5758539729291565,1.8544117628608543,-0.23921215345058572,0.730809456486407,-0.06530666074781302,0.9635713204416716
0.45310704095864585,1.2547233739746098,-0.015532793251567083,0.5270091000630127,0.24121307913871687,0.7983931589014439
0.4535425886182645,1.1952154731230875,-0.047710554246718155,0.5574845912323422,0.13063110730692246,0.9249794343021515
0.6613655193653383,0.9674132698614297,-0.17658552478512446,0.9015484455055245,-0.08492122302091797,0.9942826042202167
0.7967110138975093,1.434818651555403,-0.3522013268520311,0.8944141405414675,0.1031709068645009,0.9690436816457901
0.7985103735781703,1.9297777237971758,-0.3888568341301471,0.6159346482908333,0.19226254723695244,0.9236862765971212
0.7748381274070968,1.486007596049243,-0.28185655048653213,0.8702251109535742,-0.08094853294739622,0.9611489108691318
0.7584069102969799,1.4923098983886807,-0.3344512908422706,0.9416572097513121,-0.06770937671745929,0.9759766253474897
0.8697732967075728,1.6834053541373242,-0.3827464202368131,0.7096468642145497,0.21722703831012422,0.9322773520493384
0.6409396744337942,1.8510681823014272,-0.12118432553851193,0.9824341027779132,0.2921660639188468,0.9168521753135032
0.7583867244444364,2.175594640188605,-0.4729174933835878,0.9865456905101587,0.3006492904047834,0.87353859166116
0.5335245326621303,1.4389032962230897,-0.5092887142204262,0.6049204109518088,-0.014675271410594045,0.9855453172288917
0.4014205322076526,0.8388347518720853,-0.5828772409284669,0.47687075273747975,0.31260696950671,0.9719243444036738
0.3425028859146743,1.4477984123281635,-0.35703473726847157,0.9378832322756878,0.31372357340455176,0.990472216185362
0.5651100271594832,1.73596843864033,-0.7858256149514696,0.9480583430106005,0.3010487638554958,0.9148612749349139
0.7013286096497586,1.9595508218000728,-0.6693587521371083,0.9162755022212812,0.050691545236145,0.9538063410886897
0.6601890079560093,1.587082979435669,-0.21310435351222665,0.9472778110335529,-0.1190331878747636,0.9332392357421567
0.5955982503751619,1.4586694275822858,-0.185614581178658,0.8303425965733859,-0.16835966556189338,0.9385578119991809
0.5261105099649005,1.2642775197613694,-0.2741204553412008,0.913834607998207,-0.18128759593035876,0.7742089232216481
0.5774586148942903,1.0896807394258932,-0.33157652832011836,0.8855459705599671,-0.37776958878855627,0.8694221724038601
0.6085186543256835,1.228566643806369,-0.11216003789449767,0.8507861920680824,-0.363557445190897,0.918390092640961
0.5861816019456274,0.99977415668246,-0.10491537229238912,0.7115075242895023,-0.5623422823072717,0.972556360982974
0.6614411503051303,1.1296973292044263,-0.09967324915799229,0.9119695331641906,-0.24291981405618007,0.9871203769301742
0.7462193882277405,2.4014146525580626,-0.18772466623896344,0.6612714028895538,-0.2857203384049256,0.9485230890810595
0.3317232073679731,2.0397087105918597,0.15923222293801445,0.9911135023288253,-0.05414561642731693,0.9822467197002782
0.4998322055542454,1.8767646842401646,-0.0034362723512424446,0.9783824632736493,-0.05454694876959215,0.9814123365655825
0.3789812048052694,1.5229829696036652,0.03543115751268761,0.9620534842432827,0.06402516796482587,0.9867100397287751
0.7246664657267367,1.8369992400861068,-0.12509212619806961,0.9738319971807858,0.10192610727701167,0.9789645477681349
0.7654306345387554,1.5413105135311338,-0.18180045507329953,0.9647775125452587,-0.4048852333474424,0.6069003617193804
0.6862244789901276,1.6710257307857408,-0.6279351142385244,0.7936577132240216,-0.04659265449280646,0.8836077953843033
0.7330856543786264,1.3777666271847353,-0.7042334706472498,0.8566043163205633,-0.019390777594352926,0.7348927862520535
0.6367693346044676,1.2937633012441636,-0.6382172229968612,0.9014051891983158,-0.33837539295166646,0.8788614518346721
0.6858869759287811,1.3945988854556957,-0.7344988807482448,0.8864602808931406,-0.25853345135590605,0.6772789026208853
0.5701520577874161,1.5355681751600567,-0.5924553816511514,0.9259853939234582,-0.04232953068204371,0.9340524576458167
0.6559622832687141,1.4217573432960002,-0.6058569372923855,0.9565381423645951,0.07189574130992488,0.9904490643696824
0.7775679959329056,1.805931919712871,-0.6826142772877961,0.8188246603712488,0.15041357440813374,0.9358430677201397
0.5151463940778399,2.401028079580547,-0.5877164522644878,0.6231446241954001,-0.21125046541232337,0.9276291381064129
0.7313090926302032,1.5575537399882358,-0.46105251740961556,0.9138815701900035,-0.23402434580938178,0.8819159335754988
0.8105807005364886,1.318165229005893,-0.3006472437671741,0.9564085485904322,0.05504578740282814,0.9477374955592903
0.4653102358258443,1.8301001186339152,-0.3972008700456432,0.7468180532174317,0.08875678623917989,0.8898827311013192
0.4458078735912165,1.7333560032086635,-0.5500736099473273,0.9171083134908006,0.09086234580210843,0.9502884060807242
0.6007870611005632,1.6019718720166447,-0.20510244517891507,0.6847894615496299,-0.1812903898284558,0.870542417443929
0.5345384612253706,2.2581734774527407,-0.2403081293629038,0.6765688217062019,0.013421071262706889,0.7067842631675717
0.5784193177054138,1.6775728619627546,-0.4279310128093422,0.3407831074611129,-0.05653860003112292,0.8507480020832882
0.5805373342455689,1.8922119434186033,-0.27488392651167637,0.8067097938776928,-0.3174480675331178,0.9124140866427014
0.6022458010605114,2.2664272504952967,-0.1952248267212658,0.5196599739312026,0.1863116065764565,0.8856724853420964
0.7258504093376897,2.1753147555227237,-0.10388418925500703,0.6684386504580597,0.33866649950232175,0.9158482471123555
0.5221015734970305,2.1986494744191623,-0.019840905751654703,0.304049078205849,0.28149981455437045,0.7204433781399407
0.7102053318570442,2.269355081723662,-0.2721113025995659,0.8725064459643979,0.3147176183375766,0.9475320571573521
0.6702929606412641,2.0179108697782193,-0.15828977486303972,0.6955780115374552,0.2873320358973095,0.9526997073241832
0.685367152776713,1.802146739121824,-0.32770754950908126,0.7190888711822454,0.3569455152699605,0.8815107036099099
0.7023495013556438,1.557025916304646,-0.37923699504909986,0.9906936106899501,0.44668210061101443,0.9738932966807097
0.6474574306356043,1.636652449691005,-0.32000164601233677,0.9863216418793268,0.26993210169221327,0.937362472504151
0.49447360439599314,1.8054496676548428,-0.2703412637098623,0.9347941622868609,0.19544923426751976,0.9386184719698727
0.3298660341982726,2.635998977134121,-0.29337122056627535,0.8058412363129976,0.18650031510373186,0.9623033462862637
0.39102882151641866,2.042285955819619,-0.2847235879809341,0.9116972710707868,-0.2649910485971722,0.8162060802637624
0.4426271740792496,2.2146767989178957,-0.18455738011185904,0.8852294154147157,-0.1385531350566622,0.9889149074326763
0.6243731768370134,2.231638590527524,-0.37334405528373144,0.9365602993873338,0.07085055791489206,0.9721982650803769
0.6570865921338751,1.169319276014767,-0.2086887414044834,0.7693298097503718,-0.07218875231679192,0.9384042012576698
0.7582749057919222,2.746462911344278,-0.13730208034774563,0.9708167368547638,-0.18316501176415192,0.5560244695518665
0.7435002470611536,2.5377292369421913,-0.08325068423452776,0.869298687952393,-0.39355263984342514,0.9361159730752991
0.8480228756190837,2.358682353397023,-0.00932247252988429,0.9437298126700122,-0.11836769498225792,0.9682902433564347
0.8311443015679897,2.389662124647592,-0.0664934764244508,0.9087247180055668,-0.08018165406572329,0.994388663580568
0.7548696079428147,1.8448970518742107,0.10084020018346475,0.4673724125311373,-0.0038915151804806754,0.818927000556077
0.5964559882229115,1.5789977700110915,-0.17781072672004283,0.9138678574538887,-0.045568002598826096,0.8946825582976919
0.6522026660943416,1.6584186482798056,-0.22555434699427865,0.739417090911135,-0.15073142539740572,0.9698310604473902
0.7744143835272344,1.7995127108763058,-0.43035270585640917,0.9429081426675842,-0.28258358591217,0.8302909033823915
0.7160921908666924,1.9485581764908044,-0.4707557760267948,0.9527997728490661,-0.21259217608825942,0.9804571589639391
0.646347704523006,1.816688356742438,-0.3728735152981796,0.9172612727987258,-0.31682045031778305,0.9908421602090073
0.7006364586631803,1.2883597155706294,-0.19476872047402602,0.45960278119845094,-0.12760491369765323,0.9568539444433923
0.8393406952496101,1.0505877923135325,-0.18889092016328862,0.6814534518017262,-0.09026026397459347,0.8742809306679035
0.8211426647943422,0.9104502493618098,-0.36588387830152735,0.3855914721252086,0.19912532460674343,0.978874216260624
0.8061454577279241,1.1819222628149637,-0.30285287700518443,0.8028134020407882,0.036253440339986384,0.7461472969357755
0.8581683274299938,1.2850556585150714,-0.47103442385295774,0.8335029339955933,0.23853551930672373,0.9774833004694196
0.7828267840444698,1.3822391621229175,-0.11051352382312916,0.8253263108934549,0.2511547301192928,0.8130016135202592
0.6771461672822656,1.4421732608499245,-0.26859911474415504,0.9529360900843251,0.027483877246703745,0.9560103739394095
0.6510726769231211,1.551523470112903,-0.28245008143845846,0.9083150032598429,-0.15614801332959694,0.9394831864985712
0.7628368327194399,1.220732775451898,-0.15472620484140895,0.8961381918625757,-0.15972523352645604,0.8862633212463423
0.8821119395933014,1.0947975721117578,0.07611185362090575,0.812868809806575,-0.06703881180778203,0.6129239154738847
0.8583909369804389,1.3839742778690804,0.21259221420138597,0.8880773820061943,-0.12769441689082003,0.9703386054341226
0.8777327500443396,0.5636328445172575,0.3176686887364299,0.8597511960833898,-0.17693667895180015,0.8324008037895875
0.6900494038978989,1.1127815141151494,-0.12186024270675021,0.94381845420186,-0.13076864022515464,0.8385528176846847
0.7421519773282101,1.6303607035948073,-0.39365795436305817,0.2686508489453102,-0.2441867971220959,0.8837411207849339
0.6581574315151771,1.6126438230670526,-0.4832661076944519,0.8512647423810887,0.06732505437136932,0.9954295278379421
0.5975369976448321,1.6550337603588308,-0.44192316899321216,0.8452066223773113,0.1432008848341252,0.9713674989921718
0.6448320396243346,1.7679651757915769,-0.4048857625848374,0.8301458299240048,0.21808743399532549,0.8620787182504894
0.6175000642088478,1.8652896502548815,-0.41135471441327864,0.7871297481398613,0.2597398721257379,0.9613759172709125
0.7082522160138384,2.1397921541322034,-0.3206657968868614,0.9701866010495446,0.21393901784251051,0.9283973521634454
0.6524592820707406,1.360166155503576,-0.05844666908664868,0.911297798648352,0.10598327995396281,0.9446756163365316
0.6753001476899203,1.688483157448502,-0.24475112965309448,0.8606490845649614,0.28515668520464243,0.9232147891033586
0.7604392075074775,1.5853605396820312,-0.021175024924804452,0.8677999407430479,0.09691569179646814,0.9649872350085581
0.399412202937926,1.4314402044001986,-0.48234713432018195,0.8440082554841166,-0.020789375747213464,0.9897758363423648
0.42719230095663424,1.1199521170801536,-0.4530340873391892,0.5292243300238317,-0.052857126326698464,0.32435783459295764
0.5440879553227881,1.2869665613679788,-0.3355387449630015,0.640162221423871,0.022005214119196276,0.8074465866369608
0.6778780553200677,0.9788815849688984,-0.3904501952141927,0.8840037895845196,-0.023221470371575747,0.6859293372265973
0.7105473520865044,2.4959309752816257,-0.1622435533547012,0.4980804933852942,0.06896395429369442,0.9900361121199422
0.7575512047889394,2.0829468913877522,-0.11296006490631505,0.9600277479953083,-0.11633290407723419,0.980792283550839
0.7579912109618565,2.085371107415904,-0.38432104350278196,0.8646170767854918,-0.004320339885634396,0.977688759285985
0.6392590155762331,2.2796884508418787,-0.4420432147872222,0.9017238984154341,0.04096797499966315,0.9756761020652147
0.7307760621182007,1.3547723573217203,-0.27228323812335403,0.8705208642394024,0.04144844765400966,0.7661802251534828
0.6799434665021258,1.0268507935850089,-0.31237235862830326,0.7786900079606638,0.049769745885695736,0.8545185933490256
0.7288364231399472,1.4983703340933103,-0.17590758307129672,0.9722259657288669,0.10800285422265837,0.9766896381262286
0.4265502750518482,2.112044585382861,-0.6440187725754561,0.8830432618062207,0.2906856621953089,0.9417353382796138
0.3674920386973169,2.5456958856546215,-0.19238541414548857,0.8565590621934117,0.006513423926340559,0.9895375173393232
0.39155948632185616,2.2189586730731827,-0.18938587713460683,0.9378470538028704,-0.05766671963400397,0.9948946244087407
0.34157414054963736,1.8280346657804902,-0.41430315297107456,0.8935863325890541,-0.09663109971762732,0.9808214597501272
0.4018693320267523,1.8408547363694,-0.6176617547276118,0.9191797524393884,-0.20045892344738575,0.6873421423671905
0.5294541869578274,2.131177313001588,-0.16317425198624863,0.7000063897596129,-0.22088516066434558,0.9962952860109341
0.44006775235008355,2.050948549557988,-0.2564800548579118,0.9319101591052875,-0.20559670822360837,0.8799223946474483
0.5763484515219887,2.1656294665766582,-0.22850968989626774,0.9630548271299455,-0.06861817465792797,0.9609143603298556
0.5704962804084445,1.8812942740112484,-0.3540139543755554,0.7797861141515989,-0.03873836881722233,0.9765259380365752
0.6369550012419368,2.0465952998625534,-0.29868237643911866,0.9093642109503669,-0.12590521766174892,0.9080119284410385
0.4645999577712637,2.08542664676171,-0.3952276324491895,0.8569478740030814,0.04752575758736912,0.9326009880409886
0.6797233767180463,1.1703074503569433,-0.3462438693369581,0.8214472866234869,0.19287611814715633,0.9052934527584866
0.7438158198221639,1.0745530417526423,-0.3543740360123489,0.8653924796557697,0.24022601080920356,0.9935267148558848
0.6567447157309012,1.3276884158529068,-0.3034063526243106,0.8841122361922871,0.20637687601980537,0.9923282938536107
0.5609573807108602,1.2753349161545782,-0.33023240762889955,0.719502279516537,0.25298014367525895,0.9966699386242973
0.709465122138476,1.3824429871949118,-0.3331832152186533,0.7339922219484983,0.20718170579590517,0.9360173933368107
0.8701714149120923,1.252999814029854,-0.3246782223839354,0.8473632764830927,0.2746468653315595,0.9698847461963149
0.8688603043955574,1.303497434889632,-0.23559330015764302,0.8459733903889008,0.13990462913046522,0.9839643796731767
0.8956433892870541,1.4634412104871188,-0.14311641851899373,0.8165561832864704,0.11461719639148318,0.8306462838127489
0.8509466171175412,1.4989035667442057,-0.18952877365000437,0.7818799427652274,0.00763449910455089,0.8444864066481929
0.9192480600870894,1.8479298883926467,-0.20832748608791335,0.5519561917028238,-0.28497125596160666,0.9549191474495715
0.829965060812631,1.3742841056944015,-0.036095559458393864,0.6024480140929046,0.08144386339928274,0.7932202051892187
0.6879519728313637,1.381215330775644,-0.023487096054957062,0.5874687678439214,0.045977546318338634,0.9638346010032627
0.7675676278042632,1.013167686115847,0.10534333411429853,0.7580637332482957,-0.12985013425881206,0.9669674044837743
0.7079131354264941,1.125141643561033,0.07915606936870734,0.9294775031543566,-0.07923431288288393,0.9888288435825237
0.660416413294158,1.0493032647421372,0.11634455071283852,0.9094884675740724,0.10959761314369806,0.9947368643619963
0.5089639855109418,1.5080844540073688,0.16436196844606749,0.8750182337897898,-0.005940178792792052,0.9975349807431582
0.5126572626280279,1.6110374860269587,0.024529743127096756,0.8059675640676833,0.1274678798225976,0.9995151786906331
0.7122090945187024,0.6031054969509215,0.17473383646099194,0.8755020297688534,0.1305399161354286,0.9997716870635236
0.6641179617786879,1.6389597291412903,-0.1704490676863078,0.968052613712499,-0.08491997497387864,0.9869347746661132
0.7541997455335594,1.8180341050281557,-0.18482214100442457,0.9374759246267961,0.2437243807638844,0.998859487579974
0.5891503128014338,2.5110515208014075,-0.2511131249306682,0.8346195843883595,-0.06275623664712965,0.9995857316707218
0.6341757197890636,2.251544796970579,-0.402282301084559,0.8157622883903816,0.19968302590691278,0.9858042041086598
0.5761228115137943,2.3125277726792093,-0.29673000403625066,0.7299161675623905,0.3512237247549858,0.9968392492933353
0.5533053673015758,2.174033383427278,-0.47755294721957636,0.6737760810594524,0.3748671979007664,0.9897107084455246
0.5149657457361182,2.525309168587111,-0.5374481637326798,0.9045618982944724,0.19385722626482227,0.9988616332956827
0.24452497954090893,2.3534140751965746,-0.48282680532528127,0.875121862019195,0.16656937157341173,0.9959680432249237
0.5068808338244377,1.4820706682140312,-0.1473682747041889,0.8465995051399502,0.32067178532116436,0.9990216199143239
0.4735654170252499,1.5496931847735267,-0.06083862709939419,0.43621923071336555,0.23984372735345447,0.9876482700369736
0.7114198756974056,1.382553057844344,-0.045359961704101545,0.9404753706453871,0.25278095965463154,0.9993905806223817
0.7915534214312824,1.4219638534035395,-0.027821866728737408,0.9609225195923888,0.2283423600723516,0.9988793245341799
0.6733888252008918,2.11459602823472,-0.2930268902036527,0.8579126140307798,0.24429903224229277,0.9834289552702778
0.7501821375771238,2.136968985646002,-0.4459635820475707,0.8501213877899731,0.1635019935140828,0.994642463840872
0.909431321527568,2.239725333671057,-0.08911699405855718,0.8866928241170063,0.1595667885924519,0.9983892273399975
0.6196785180647416,2.4844302534307237,-0.1347714902775345,0.7057841125457359,0.3104189141464312,0.9878926207475006
0.8539161767798933,3.182227276748646,-0.30259274408270564,0.9591535038163072,0.17733161419392882,0.9948558360001152
0.7617374148816314,2.538243244581398,-0.5831667450751378,0.9952012338345393,0.18076044096142954,0.995422529289466
0.7038747359963113,2.7010409493302037,-0.4682759920643039,0.7940916274727463,0.001373820373695446,0.9987359525043987
0.5171159633537621,3.3354982171902856,-0.49326388034596685,0.9467057146424506,0.11257736893466515,0.9935728632862543
0.5212387163760999,3.3172433136305792,-0.5048279900405247,0.9716293181668975,0.026177545178958563,0.9908786796745603
0.5050036904628371,1.649896063292101,-0.33016850723750263,0.8557992295217655,0.23709611759162205,0.9988641460397302
0.5149566842134417,1.594451961222388,-0.3940057836269481,0.6684566481743285,0.2256782664747812,0.9909057387635508
0.77101840680141,1.2794037549818134,-0.4479099190856862,0.9367090941832733,0.15330368636088298,0.9985525948559227
0.5403576873612606,1.3377890794474336,-0.28543779675033754,0.8273755813792544,0.19164858600009282,0.9979020636577961
0.7161842395339549,0.8232511521514284,-0.2715907634442653,0.9166325847718961,0.18098495862320751,0.9931399862416004
0.7934049254775966,1.0816064589607404,-0.1280880652591155,0.5179510282116816,0.1714725208657401,0.997627968287045
0.7920339508285873,1.0380774693246515,-0.12395299860888194,0.5039657648792639,0.5162861149226481,0.9997519508580384
0.7115641122500748,0.9883502679770385,-0.14643230945338173,0.6570232250838794,0.11559424484077689,0.9977103198435061
0.7359557671825167,1.5406170867705524,0.02815141704138002,0.9594314946229765,0.34740906543421446,0.9866909627686175
0.7353409530521058,1.6862021404004306,-0.08344374295138565,0.930868902748978,0.20409172127561648,0.9967290135478692
0.8249538849995617,1.640103882942035,-0.1715175758372655,0.9099038969295083,0.014715764264941023,0.9966391945616132
0.8861642096173751,1.8792065169160623,-0.2670364270604663,0.6045321576321021,0.026252568630475263,0.9927474205876348
0.8550087954719434,2.2478515790076044,0.10759544186484614,0.876475285787448,0.2700277384465005,0.9997766634284604
0.6473913631310002,2.1908480186110224,0.23057061345055258,0.653196426939116,-0.15937923316763872,0.9739736027207194
0.7026942133833513,2.063816534274764,0.04068725909808924,0.7914086684006619,0.039882255847993146,0.9995904675287999
0.7370973401132678,1.8190184443489648,0.12341297931664595,0.9818088652354953,0.08975200528509386,0.9919528145271888
0.6680010444122847,2.0111098920789905,0.0696631959921156,0.9645806324297675,0.2270854169391885,0.9929174256961507
0.6280594606600464,1.6890227573033083,-0.3394892799266216,0.753539226384329,0.3622409329185234,0.9952615958527385
0.40055683722416013,1.3366067428837225,-0.19833876248678545,0.6939008197798057,0.19215982041344032,0.9958532262459936
0.5741579142231543,1.0910373899503742,-0.16412682998749464,0.9908968649231084,0.03551342056547393,0.9994567539008508
0.6259957292469153,1.217705389673459,-0.3151481342072803,0.9775888328051613,0.000773351525473061,0.977405651838273
0.6300576902624646,0.9985570347384605,-0.36369464992834244,0.9843268180180461,-0.14023112494598894,0.9969992633033106
0.7526113505829749,0.7912435542098593,-0.04640071461194377,0.8234013519296178,0.49069193490885255,0.9889697093440526
0.709524531818068,0.9794507285263706,0.01679290893001735,0.48954022577472206,0.3794186915805442,0.9905812366850093
0.6266700423338213,0.6053799319418243,-0.08552455023968526,0.9559566441178552,0.3729667448412153,0.9938026370395451
0.9038381687011184,0.9760211092481637,0.1582177837190961,0.7410353946916676,0.46996378063625066,0.9878233429574187
0.8458870100654059,0.8678705132426234,0.19263623718288267,0.8763831888053817,0.41142394636671253,0.9957022094543228
0.8311168510890513,1.0920765161254595,0.11239977815376262,0.8747871179973713,0.21009110211973567,0.9985786089304255
0.6144439358756403,2.0938766500771466,-0.1657915950592597,0.8778505930796583,0.303497431584095,0.9873433875225877
0.6961935291951584,1.7861153701213353,-0.34564147516301386,0.6133595236560343,0.12788948592342483,0.9793339646516303
0.4757577235563001,1.3610822233229243,-0.3682454784876941,0.8696421820712359,0.38565156909909465,0.9999827713306881
0.27521173576980873,1.929711899237267,-0.1786617339512053,0.8894656687354665,0.25460990302379816,0.996548924591753
0.32980463643030955,2.266635332153229,-0.3039619607581766,0.9036481769189398,0.15546815983801146,0.9981933890719631
0.4323856533320063,2.2899438878579272,-0.3277738436553113,0.7106817877750774,0.21036201980881555,0.98198223051348
0.22894232866895062,2.055089901508284,-0.1525565152377703,0.6667037736615036,0.09229692951012576,0.9986275627532314
0.3593892293662058,2.0317758717525636,-0.06845452141264904,0.5443867315927245,0.015373550957425654,0.9664262481079168
0.4437603309682098,2.339742118061507,0.050444942174881595,0.6068972149792429,0.2948229400345782,0.9990475544030238
0.62964153099107,2.8003661781235665,-0.38731942608939374,0.8614871049368096,0.37580539566894783,0.9994592974234359
0.3608591453641142,2.310220021225051,-0.43112945344723513,0.7256291106607271,0.33033302383743557,0.9993390839862184
0.4468943830781856,2.4514605017318924,-0.17697206654191497,0.9000556459089267,0.17211501156525988,0.9950617021180838
0.4326906347323828,2.0668522414675348,-0.02564023376223612,0.6808634474751557,0.08333029898340195,0.9970826092767372
0.6030418782564748,1.396760234372288,-0.14121564031785702,0.8982868157804259,0.11305634029844079,0.9933929162047311
0.5671376151375649,1.1568345262144633,-0.06473179559851529,0.7436872104844529,0.05291860981036262,0.9863438219092581
0.34142213829582757,1.1244476950119235,-0.15842124349098408,0.8095293813925963,-0.068632816424943,0.7206284454143806
0.6353630160416694,1.1714209566108562,-0.12384317307734377,0.8290762926832193,-0.0022525783891234343,0.8632780854946472
0.6868597850503799,1.0129513149803293,-0.14384184020917842,0.8457346522552361,0.029924013887459144,0.8354399764192875
0.5437294160396049,1.881145895826492,-0.4208181934692646,0.8283133411066901,0.01837017415920833,0.9044823092987175
0.40002461647059645,1.7358684989255275,-0.4632845419089495,0.9392415237434756,-0.0022953371237349357,0.8964531637032668
0.7609975637110337,0.8704066967306272,-0.4920574389160363,0.9768174256792346,-0.30576751533064894,0.9934162467691192
0.7979878946550246,1.297298924233189,-0.44334564619218586,0.9472163868190716,-0.29326450059812437,0.8592558610931305
0.8261272529226352,1.5688749923449339,-0.3727649020874815,0.971506833714187,-0.2672329013858589,0.8386098557547145
0.8109117257268943,1.565247645326909,-0.33593018466446056,0.9562062559330833,-0.01321631509090323,0.9869105183758058
0.7457612717462647,1.4969151389276127,-0.21900320804006201,0.9251484720955646,0.29419831598009416,0.891736331937428
0.6574924911086939,1.8162845599879138,-0.1983153383378345,0.9477996404252669,0.1935331961644987,0.7414456267605941
0.6816975214952643,1.821555502258058,-0.37257537276268865,0.6444723661620734,0.31163871598327475,0.8835522243670214
0.6756365855616974,2.274706146822233,-0.36616704115016124,0.8315517756886364,0.2810509210210548,0.9364442844426671
0.6529967616968261,2.288660721125498,-0.43772379025333064,0.5901221003379824,0.29698709742206697,0.8907087733843333
0.42523520324833636,2.3158252789469373,-0.650540967832698,0.9739876821830155,-0.1672901528801187,0.9438719796706962
0.7440248630244918,2.0085735179070197,-0.38670735638508447,0.7935551122258436,-0.2899516853825971,0.8172120081400706
0.4956486757399908,0.8017224795178606,-0.2611207709262349,0.6961705269894978,-0.19832747880799503,0.9312967752378387
0.6974885684364108,0.5276260596147078,-0.48314148554396563,0.8083257325124006,-0.28630906517838123,0.9173921219228561
0.6007950628530315,0.5053753299412077,-0.4263709634073921,0.9089617354878297,-0.19674784694071212,0.725966137377171
0.5779826414946536,0.8828230361898372,-0.6450497374068543,0.9071926761329816,-0.15663025417586685,0.8033256644671566
0.8477600126232336,0.8199653544015666,-0.8102268343895422,0.8513700215826506,0.033529012450595634,0.879922001988535
0.6346922207546145,1.0085536675313178,-0.5976740309876569,0.9066312379874429,0.03209855831183945,0.9836201488467737
0.45499306724570954,0.6797403720381657,-0.14724201932869233,0.9448177939630908,0.062140299528387864,0.9843148004610593
0.43786235030310217,1.379148839868272,-0.15064854097183814,0.8951721482145196,0.08319897549554708,0.9492030556554133
0.5076873103397177,1.436496944334692,-0.14170528068610996,0.8267090094492802,0.05304691205778393,0.8479050168298409
0.4952754695526898,1.814043693866726,-0.17739086982464247,0.9453981330806426,0.04224552239448489,0.9543638102506603
0.6531313385731,1.6635423180608775,-0.13339124922279255,0.8390928867425853,0.0029961657264543774,0.548104870405714
0.5274918562277355,2.0504271770384452,-0.13117822998385803,0.831441378876461,-0.10929932086614891,0.9390349659428526
0.5170550540563554,1.318893997326135,-0.03646865683192932,0.956386433359794,-0.09697984035062797,0.9654861208110023
0.4235244378976704,1.813501931714714,-0.32422979966788507,0.5669099638945048,-0.03486653600489841,0.9881211395934286
0.7164271473668818,1.8384803968440857,-0.44821376408971975,0.8602314707593309,0.24040115534832732,0.841516924085952
0.6826209746797646,1.8179236170072777,-0.46706659826591485,0.8928996311986758,0.296975515262453,0.9099380464792768
0.8307538499459216,1.8143378490198465,-0.32101794872083683,0.883429377313084,-0.15766052506061434,0.8834622630929574
0.6858087814254841,1.1828952719256216,-0.007489103213583396,0.9472954482068923,-0.18460309542592207,0.9554779479155626
0.7822717623873754,1.1151167649822251,-0.1565723135839267,0.9407262697017937,-0.15773608541406967,0.9698963053852673
0.7043860928324562,1.3372196090849866,-0.38821786150879795,0.8858103172181012,0.05328414158850014,0.9854051891605384
0.7191385272632811,1.157977123927442,-0.14157323880374195,0.9524008420188473,0.08035063637560977,0.962332471498164
0.8128086029965426,1.3263746451810987,-0.07476268331966775,0.8347062070136841,-0.0031047964177009072,0.8568281083556958
0.8035852913071705,1.4648174232748534,-0.17353218696870445,0.7223807102417564,0.07489131856536316,0.8960341050013181
0.7490852344372706,1.3290534730959451,-0.11576227003727743,0.2504003805789291,-0.08626724068393515,0.9001798134592849
0.7486179382587769,1.251442313898831,-0.16093127718009634,0.38157860167809415,-0.10816566763054584,0.973063066426649
0.6469567034643696,2.3534439191263727,-0.3505686806883689,0.9014440896091713,-0.16930434368749334,0.9167726599957123
0.5989687600605356,2.2883992586320625,-0.33816551177182574,0.947806421303225,-0.09930370605539038,0.9745080241908375
0.49951862497751376,2.252753263890121,-0.4500246277794673,0.857115257868311,-0.105965200182971,0.966400927278845
0.6907495208400068,1.560387922951758,-0.3567027905799037,0.8242479982880645,-0.08952136578581933,0.9384356391527325
0.7422928023275318,2.089393109071721,-0.5344888737520836,0.4746132176139832,-0.29946566281141995,0.9438161853537739
0.9157529262225156,1.4774432299454359,-0.1977070439543064,0.7907325687461525,-0.18166639616994906,0.9394844244499054
0.9145026530549072,1.5726800712509708,-0.25057931093920593,0.7322209388152264,-0.2376075419665778,0.9862488727195216
0.7014549641572506,1.9467601072397476,-0.1803774549026344,0.5452724113655674,-0.10117941145186231,0.9861461283573296
0.668516521197643,2.165520091650517,-0.2292562291957971,0.4966062441055925,-0.4353812175577995,0.7855229197557023
0.8725234645008074,1.5680847932064421,-0.14279448003034917,0.9398729658021232,-0.375233138626587,0.7908959690934394
0.8199086831818855,1.4539390390326694,0.005769783533866258,0.7778557543651852,-0.5406165033311394,0.9050621126927814
0.8847710546492304,1.5201983989450443,-0.006995355614124717,0.6224122995072178,-0.517423111258638,0.9831231335531704
0.8633142199267926,1.7793267670793116,-0.020960462235719454,0.9504189786650133,-0.17875025362840416,0.8654567009464419
0.8410148543491608,1.4242620217501036,0.008951887910099742,0.9122174683866889,0.17735969821032352,0.9494127081585159
0.7078281523144898,1.8021423428975936,-0.07852149660001576,0.8866510113069989,0.08138739658137538,0.9463108221035833
0.665146484379716,1.907108803381179,-0.2495789242966967,0.6092499484325986,0.08311346004083914,0.9898984386700268
0.6101647088574468,2.3721259513172144,-0.29672213424539334,0.9850878998630309,0.13722240091188556,0.8881823410782109
0.6301379253368349,1.99185934422002,-0.31575597107425646,0.9852254689219407,0.13567431628631832,0.8873149369419138
0.687119739637892,1.9430737904740136,-0.15853603495384563,0.7627274876370561,-0.2359262505260664,0.9204644869749248
0.6845444973813813,2.0228663987661406,-0.15044161915889012,0.7973289856890597,0.27676617866929265,0.9610424862045133
0.5667693234491433,2.421412341100425,0.06493178016976102,0.8897342545083464,0.14600432605643002,0.949517224164453
0.49861130019704053,2.0956122932478918,-0.042311555271838705,0.7809755509462324,0.2267939181127953,0.9809763984516086
0.5525537185002921,1.2184128401870304,0.03725451723071784,0.9142631527534607,0.09626544149239925,0.7777508359797252
0.562262365688342,1.4145884150546246,-0.08894426524172018,0.9636223364529279,0.16405719315393003,0.9601147030866743
0.4367746271649011,1.75162599092075,-0.2240075178840916,0.8289829394114325,-0.1006876254001717,0.9372106778433812
0.6371399204556171,0.9632652260754175,-0.2895456193972692,0.4484640910833404,0.054812901114690935,0.9826733944505857
0.6316129828548279,1.1598869794220514,-0.4501933748101525,0.2624518535457706,0.5085607724286251,0.8078866836806113
0.6814824072861465,1.692739203728232,-0.4152619180881993,0.156309404946039,-0.08910150968344224,0.990291152650358
0.616474982248355,1.55633105465368,-0.485694563200713,0.49505839976664034,0.03023495075162125,0.9478763413177755
0.5092521156154522,1.718193883539814,-0.3163653900946374,0.6455184758669239,0.021293197558262346,0.9821988878669675
0.40577027583121256,1.545184318370306,-0.263827289724606,0.9474198945939439,-0.003990060217548922,0.980869547235364
0.5013704082495138,2.040778396174835,-0.4922944528562549,0.6480613000786979,0.13791983491960697,0.6341152601955015
0.5979772604724801,1.5295802379828598,-0.2154845928179502,0.8522788602903758,0.2602040120786128,0.9712083406297118
0.6867270066474789,0.8544828316780402,-0.31074961941305673,0.851161593365592,-0.13730411521546013,0.7864166258653418
0.6401822524085198,0.5307225242537515,-0.4217790408142874,0.8506907871354296,-0.07508372840161448,0.7853044744035891
0.594196960242757,0.7139681455571432,-0.46286453923746457,0.7306492872377676,0.08784378844574753,0.947653360550761
0.698169538490119,0.7071831554330128,-0.43535400802371305,0.6838113347252792,0.0252955476943082,0.9039485910077053
0.659608746603567,2.2043232353266395,-0.47370434534766187,0.959268882693664,-0.0016061150563767997,0.9011011681313688
0.44170788609466255,2.01045853069802,-0.7063742557313663,0.6292952673696073,-0.0027181691689218785,0.9331249574815579
0.4805708870568583,1.4179763626271804,-0.6247038930300075,0.7224801562984025,0.14277631436386842,0.9515887692482429
0.47806682679964424,1.358997182856836,-0.6218144345925767,0.7961534063788616,0.08996144270655221,0.9626137965342213
0.6452991868081009,2.2175205679000536,-0.354360621951141,0.9089234730373145,0.059941529678182386,0.9370716320860629
0.4945626509649098,2.0643080968786385,-0.38028069201423653,0.7576914808885588,-0.02676272167610111,0.9961689455679964
0.8335320562434053,1.8720502205124656,-0.3252635213303269,0.8690804800252759,-0.09177839932083272,0.997131560817744
0.476258429880742,2.4975490989044493,-0.4294707829192304,0.7409853513415156,-0.2784838042246742,0.7863623915170015
0.6068374344864004,2.066459288146876,-0.3976274404875627,0.9261650653459073,-0.0978155857063222,0.9995267208129951
0.4375948792610414,1.9076871150044705,-0.2891049445967082,0.9208434800849451,0.2826076384866569,0.9791291737133578
0.4564425888123236,2.5332795666877224,-0.33811193655992083,0.9142988978798438,0.30649423178892077,0.9729627524450966
0.5338445859850734,2.0022957602008984,-0.22598976675760218,0.9406769556100133,0.009811479309039408,0.998938719497519
0.6244837629381886,1.887611465234938,-0.31778810913707456,0.8435191399264683,0.6709164786524092,0.9449874100406577
0.5021985121291873,1.5746405900596183,-0.23800983375438722,0.9207721083824482,0.18236312755637954,0.9964891352945281
0.676283216527581,1.1714499215692593,-0.33859580809819584,0.690045933436497,0.00029856302223632526,0.9994193594387455
0.4819023554583447,0.8425666062943944,-0.19736680996619413,0.8934986526773402,-0.06261958066924196,0.9928512955155752
0.7051410200376438,0.42733969507494335,-0.2149408103626595,0.8343858940073504,0.07721478029593472,0.9979384023999973
0.7791501192578715,2.0657546169581487,-0.4551089581919405,0.6144588898729786,-0.03086225294833367,0.9960715225539035
0.5751045679555109,1.834657965463719,-0.5067480830034367,0.941620372748812,-0.12454801715863989,0.9984045095477719
0.7447380496586603,2.1917158108957495,-0.22769022218276852,0.8875993953337791,0.013440521848084794,0.9886394416242665
0.7625854055548432,2.0256852413338784,-0.17078557644483142,0.8855698758381881,0.03753583700678618,0.9980831536695062
0.602329952116235,1.8497338435972597,-0.025419257039041247,0.8391528789233245,-0.06767597992525498,0.9948170506556345
0.5214903395830615,1.6273100618985101,-0.051429047133764075,0.7128925829133697,0.05022014209454646,0.9977137526678195
0.4857352175554404,1.424270264923913,-0.2761309470273574,0.8952953950319333,0.3341637059184791,0.9910608644010926
0.5018711418692517,1.1215840082379216,-0.33966494011331505,0.7917358824892615,0.4398850857185945,0.9996866615045887
0.4363213955879636,1.341686974216141,-0.3593589052423122,0.8022330365436241,0.29052741919542,0.9907879745272405
0.558777975997921,2.3808507026543038,-0.37886163761263403,0.9626183384359195,0.2334920843392639,0.9858903375020311
0.7584031234843572,2.11095161346113,-0.20917407033435273,0.7152333865263778,0.17955980906926136,0.9933912234247186
0.7755719205043327,1.9166306213286113,-0.1893540961243126,0.9109394978678724,0.18386338343073244,0.9949991421011664
0.4090734164018355,2.0445439632977447,-0.18596520815350095,0.9659817746565582,-0.24709277189899714,0.9905490001848897
0.52451789696079,1.8554650787220248,-0.22182113838929576,0.9275316620019894,-0.11399611655436868,0.9723562766317012
0.46940769797999193,1.7888094459873989,-0.2502508068675636,0.9192951236327062,-0.1681065109480995,0.9483689508630009
0.5360320173222031,1.8839650599009174,-0.09434561857617103,0.9140491011400079,-0.10137117895169999,0.8837574943866464
0.7904423615642469,0.3776018102947935,-0.047049738863796514,0.7508229927970022,-0.22410562354630442,0.9580312996607104
0.607739158381857,3.676694237882799,-0.35621878178755767,0.9573368885017479,-0.08488009062343761,0.9464514023861325
0.7625458722578797,0.5438983953104407,-0.3729167176077906,0.39975607381747974,0.039362324349449716,0.9487530694176596
0.8105279035674957,0.9769366597480018,-0.4153931664768235,0.9515149299441279,-0.10452716643414946,0.8429893705452738
0.8813016080955451,1.1699993883731605,-0.5676827250737667,0.9155061995011992,-0.04953888539640146,0.8626658974950179
0.8082398595968364,0.9144927774880243,-0.517916943980643,0.9454564111827308,-0.08019942380258605,0.9608093882100386
0.7630342812825639,0.7723929621262445,-0.4619591970473889,0.9776001672015989,-0.029798039483939512,0.6685220133312165
0.7193779702510819,0.9461105064452239,-0.5013648130950212,0.9304541742911101,0.00906418616269337,0.935334848189088
0.7513537789266441,0.8083795492860383,-0.5180294414110191,0.8191396710724725,0.11400082054810287,0.9781257703185158
0.7794012545057001,1.217087983610708,-0.29845409349408636,0.9862683920593308,0.000873530907560493,0.8621169956180809
0.933835479565796,1.015490756971092,-0.3419510928050732,0.5080371883032174,0.17954462264086232,0.9732252337317927
0.9237627943506629,1.364411264030519,-0.2475648112047149,0.7037283575903928,0.29071425158047354,0.83536340963029
0.9237629813706201,1.3495148459790136,-0.20495150068011275,0.6162418986479126,0.3003458131065545,0.7138740801981139
0.9578240071882421,1.3654578674164963,-0.3562268585299845,0.6025701122503414,0.15568085736348616,0.8316844965352107
0.7461562283621123,1.4654126487477106,-0.3962322338176656,0.7305421508038135,0.12549550940922174,0.5931503521101299
0.7895513060712397,0.9976789561371399,-0.46503697734576555,0.8923168846936834,0.1547681624470587,0.7002697147127052
0.7679415117549006,1.1530939613195244,-0.604927149212822,0.8040068962028795,0.06551659106164295,0.9803748144474179
0.7649998632279917,1.3165011892507146,-0.460904758141424,0.9394553738044111,-0.049924248217792656,0.9247720775223626
0.5603495656307599,0.8958310819361397,-0.14997725742663182,0.8684206380465108,0.03173698973779704,0.9602440669770704
0.5804904267498011,0.9180586875574936,-0.22059382409661588,0.8673365285100385,-0.30959972723902374,0.944980123480761
0.6967920420767824,1.4591203630126799,-0.29692156774596773,0.9721819754309862,-0.10760618627519998,0.9498474484336258
0.5902020634034881,1.7935983906602657,-0.5379323335823828,0.9618533891663704,-0.05490561658012595,0.6553464658134083
0.5023199473059098,1.8507282207682825,-0.492029450695503,0.8631594572705218,0.08110551508661011,0.9757754584495837
0.6276810464399216,1.7465015007907625,-0.5279189688920922,0.9732688823719848,0.008618412116767983,0.9323541218024753
0.5962935244512613,1.5543159273065459,-0.44037887937256665,0.9369723276994555,0.11387902257909352,0.9296757406038554
0.7459180289016142,1.7852584963398652,-0.3055511540560859,0.8629683025421485,-0.06375644240897285,0.9149150144396525
0.6426974579759885,2.4787022338480322,-0.23337667243293758,0.878882024522367,-0.060205815474484066,0.8362829671888423
0.7707298949210024,1.7862402922493223,-0.3914428437359936,0.9084327578279138,-0.02556629105588809,0.9756857080315124
0.6654397670330701,2.2102932314285,-0.47572669965625475,0.8559108166162988,-0.003394306236639798,0.9334523814869297
0.7456630667047554,2.085880301748479,-0.4103073552314949,0.907476906313836,-0.1253033703756367,0.981613286849801
0.6447747459562052,2.0472952957055877,-0.43727768664545347,0.9532566910917903,-0.19954967207452926,0.9599918134700682
0.8401324754661521,2.7476858573326397,-0.49382879924239936,0.989838975915145,-0.16612567292407943,0.9873623920642994
0.8800539954482274,2.5878478612898093,-0.3860499619343462,0.7764219710019912,-0.2890003392446112,0.9145063098699066
0.7367127298351442,2.1246580198929452,-0.2700955661667862,0.8502451085524911,0.2701628734605694,0.93635508388684
0.6349736831848659,1.9512622343813713,-0.22537708567635686,0.46981695947569535,0.16441547924239358,0.8629929486476723
0.6289859910049197,1.9521069256230672,-0.25105067681710813,0.5089992196537728,0.2630271412617796,0.8969178072735428
0.6547867836011297,1.8655092461832163,-0.07106147879371706,0.6278896416964463,0.2784364458010168,0.9377578682709674
0.47250954973231346,2.053204007907536,-0.13270916214323292,0.8626661024046033,0.08756014232595627,0.9193839140931075
0.45510212875728645,2.5000696997675385,-0.3005960473745128,0.8281622433351629,0.1916684213475185,0.7775322673131315
0.4114209616386299,2.724745949468094,-0.3122812814733954,0.8685086220357809,0.05958147260852251,0.7773505302960009
0.4985191047298529,2.136612642778234,-0.32776273796878214,0.9025328942572104,-0.07501879236344804,0.721606157097724
0.7762661700412146,1.558702921983491,-0.474383533362764,0.7571699795842521,0.01092573547395596,0.8756064467318109
0.6500688693799104,1.0943646497262214,-0.46943121975336205,0.9853308094765642,-0.194938101733812,0.917634339709593
0.6614549209643842,1.2521453639120583,-0.4783412240527663,0.9840561767203354,0.006323242073376508,0.9416315080910889
0.7205587713986008,0.6200629286630529,-0.24585523636051734,0.9246976435630856,0.06499074983169854,0.9599317025819587
0.5376042123378753,0.9782495951753971,0.04816706742765216,0.7537796130943005,0.25380603760381504,0.8924852216355732
0.7087274788159337,1.9875442994325552,-0.14865806054393624,0.9399840069397986,-0.09576438541982989,0.8778350637643629
0.7550965741738946,2.0402649187005735,-0.3006660609959501,0.9275933251847555,-0.11355362655279713,0.7519646391664808
0.7067734910982691,2.2639874721596516,-0.44606097180710746,0.8642462080552773,-0.2156365174440464,0.9642618168378352
0.7328239431141749,2.1274486711464893,-0.38175055284889686,0.7652934159368114,-0.05644724058742973,0.9716907592649164
0.7834501584264804,1.6892486889209828,-0.44878156413165177,0.6423083397909487,0.06221765373220625,0.9041374638402986
0.7104267391126925,1.5964629219605264,-0.22053965638966078,0.8968780870042969,0.3414325693828898,0.9526546151850973
0.6659206092956713,1.7999854257051133,-0.3509581277864371,0.7239367912446942,0.32045863883884196,0.8912728624560868
0.6877832228009665,2.1032844546501193,-0.41246566364648624,0.7957836543906429,0.14859049840054148,0.9939840854493877
0.7227157899025871,2.134028050405303,-0.4700833025478711,0.8063849141832644,0.21543690787695746,0.7895298053336407
0.7996353605807446,2.735689872844958,-0.24826035400138446,0.8680290572612773,0.2215840662960954,0.9432108879929881
0.9525778283128785,2.552736187003263,-0.3144297142050091,0.7986310293145024,0.24193384588933814,0.9107553273985177
0.9117850617646635,2.760058458534336,-0.4805086813779585,0.8411194003619566,0.057927424944581786,0.9927508765191916
0.818106391422935,2.749721652344043,-0.44547651694739543,0.9464486211402362,-0.006811824703702956,0.9425029501871879
0.8014176842180624,2.8035794703312504,-0.36429663348369223,0.8306163931056413,0.24790038972989095,0.9731069899839365
0.8519104161643504,2.26661908734955,-0.3753163122062101,0.5300548652856135,0.17769193697844352,0.9989360448487384
0.7218175858952753,1.8629521407916971,-0.40725896937555445,0.915171474926294,0.22782732143840695,0.9962506780801895
0.7816247508209135,1.800809500555655,-0.33866136592114077,0.942406206723528,0.3813981072629831,0.952238107440851
0.6902703663740845,1.7638313782615311,-0.3501612066267485,0.8028764243433401,0.3718105628686342,0.9224599757745152
0.791270293798618,1.205319902819816,-0.18408954139237238,0.9743676541943771,0.4650345505750066,0.933519761785703
0.7661363383500901,1.6330539740052434,-0.5149271819298714,0.8842271173386805,-0.01600818033379077,0.9516838836560798
0.2863067354643234,1.9654989178425897,-0.28574602035659,0.9499938687751153,-0.023059819367092456,0.9437310829274661
0.6449060599964207,1.4593643779043992,-0.16919788685951015,0.806590668138361,-0.06259752543503,0.9891087382016979
0.7085770901145445,0.8252555793655185,-0.07786766905937198,0.9662251310524702,0.16220628977482895,0.9870907286273224
0.7117044005463776,0.703795391287068,-0.2891553873259877,0.8849248365332654,0.06610667606144863,0.8778261603487042
0.767316767607345,0.7953754807678712,-0.18950513921079595,0.9191501869131017,0.03856576256218957,0.9851361276551626
0.6488982530934201,1.1355077674459857,-0.2204359062766146,0.937418554791042,0.04159192413853903,0.9626771947074502
0.7049818059952248,1.34952790328191,-0.1650573000109843,0.9229932458720645,-0.28408088747849325,0.9758213039748797
0.6380296386318036,1.7073358649473296,-0.1582643445174937,0.9187198328885897,0.020047995144750537,0.9083808483718446
0.6907975887455466,1.7889010959933407,-0.06226134799858182,0.9111467643075146,0.10572981613000917,0.9763986187698213
0.5569264997562609,1.7052277372971012,-0.23422508619223625,0.8725309248706116,0.19842365620145208,0.979587036530243
0.5256808632538973,1.4309689327366752,-0.326646006979126,0.7547144314220361,0.12347352548255464,0.9459507050625282
0.5504652835947591,1.6918540873472574,-0.27332832451245587,0.7143963101718885,0.02353607759961663,0.9885203812550677
0.8466939001990375,1.8935489157905467,-0.19771629251413264,0.7007876485748732,-0.06680532428125018,0.9940002716949808
0.821554771019993,1.8959709405230498,-0.24561291033359317,0.7211609722654225,0.22999386538135835,0.9573681423739849
0.8657820873919713,1.8601483197176694,-0.10793072336564025,0.8426527222501922,0.2009160937642813,0.9332212328505368
0.8898166895926392,1.5915816405324643,-0.12676505324286794,0.7625170557849359,0.2813115524186561,0.9275708153633505
0.38983882242710827,1.9113318973819005,-0.27026480829843275,0.7457047281160268,0.08590363253448943,0.6755642929981759
0.4458273116824581,1.4695709257231944,-0.24860258797603185,0.8556039546712478,0.3730954059960219,0.9190243468737426
0.4286245672767823,1.3796104284144575,-0.26853895053867505,0.7212538828954034,0.10138530767814428,0.764761763518212
0.571023393349713,1.3365860718775893,-0.2540865055977415,0.9504123840689542,0.3013737726962613,0.75966388836392
0.8243116220365453,1.5789760682696092,-0.17868510443439625,0.9687918640676623,-0.027363289444775372,0.9707258528026054
0.8890281555243705,1.791208224823916,-0.1487023694059174,0.9876018651085265,-0.1233175851101407,0.9411833630638833
0.9046997657034009,1.4188471911627387,-0.058548596575305555,0.8359343878208699,-0.09297279964693855,0.8011773270495899
0.7980455100744089,1.2104103231178827,-0.14266235639026761,0.9551532874390165,-0.27117534274988114,0.9192883802621099
0.7459327322272932,1.1196778240258054,-0.2299606434260102,0.886375391085675,-0.1676309082834907,0.906328179360988
0.6753379997440103,1.1111962855099855,-0.17039235620972207,0.9136138593092443,-0.22528836930936458,0.9019836875309934
0.6593008507112076,1.1737271459294059,-0.133469132061255,0.9248735765691367,-0.0743022962516417,0.9303064387856508
0.7788612266139282,1.179708474502214,-0.14700400521200138,0.9813065876354394,0.06671412378028788,0.9647767607962267
0.7872703607801566,0.7873801001316064,-0.034886836373946725,0.3801575189209491,0.5182021710874825,0.9723890621361709
0.8456502403585514,0.5404242416706364,-0.19955033680734283,0.8326415855703475,0.2291672703809859,0.8473146068886074
0.8180795511062675,0.75929676536656,-0.36376220648561525,0.8345802928312616,0.20142327100360338,0.9502191262304734
0.8540382166650295,0.8316251112314826,-0.23734167697740202,0.929543641358879,0.17927396119533512,0.8943619277236198
0.7913286073423408,0.43619088434424924,-0.352777846578525,0.7313045862471667,0.1956031531795821,0.990355371340563
0.6015934689936409,0.4954867969991436,-0.22332318875945503,0.8059753045388209,0.5378918472846266,0.9416327533454651
0.3876198588504046,1.1208235386829006,-0.04350651713149666,0.7443507284062046,0.3485829933363465,0.9820259775252038
0.33231097613942623,1.1251004204012645,-0.07854768310476137,0.8135062343838191,0.5195657380045322,0.9695063501563297
0.3277688098112836,1.2502303329887379,-0.2268017094995073,0.9169241084116628,0.3337260685748919,0.8615581462738077
0.3187373452551259,1.3877888681724762,-0.1821601905428344,0.9046040699400403,0.4963195092232094,0.9372057943298479
0.39998752899569706,1.344394875896964,-0.17549260334841194,0.7948803837304689,0.4647454684800319,0.9301602027488931
0.6476882994156284,1.779046958052184,-0.35538082577187163,0.6859462670397027,0.5489472929324014,0.8310423355525708
0.6271017242708052,1.6567462268236477,-0.558645889421269,0.8470623601821622,0.5017788924823393,0.8992239272921202
0.543736805565066,1.718550710052214,-0.46514188500677667,0.8959295793944437,0.5533639974043097,0.9306538013514796
0.4775433208677842,1.9864825463481681,-0.49858515610838783,0.8408807344272631,0.3704055917683115,0.970795696623477
0.5732955136669252,1.5838783654376882,-0.6774183335539082,0.9682802525847524,0.24430090278586367,0.835717616010667
0.7847233123034544,1.8327357185509219,-0.7398058864931034,0.7646951369007535,-0.29671879148145813,0.9967886829326504
0.813317114294855,1.6125703105930917,-0.7375608011698055,0.9850150778261776,0.03268081827169794,0.9929190440349323
0.7811793170076696,1.3737481923296966,-0.7448669353379007,0.9708320872707844,0.17263514918595635,0.9945850863732396
0.8263917525345033,1.432768835611909,-0.8323976460286301,0.9814882142380889,0.28523665906629736,0.9679874953730013
0.8887025133181422,1.1520640667366102,-0.589968137657529,0.8104605983448888,0.27603621498034003,0.965013417333373
0.680932650072092,1.0409883305864773,-0.4330159052458016,0.4304639757902953,0.31276415630530824,0.9005708012785556
0.8307290668680707,0.7448122671724652,-0.5732420292476929,0.8430733781323413,0.22425727916188398,0.8226878924336745
0.8030021115417382,0.9996710897299806,-0.748141744317459,0.7158056994841723,0.19954258764915916,0.846721341518869
0.8852509948787093,1.1408846483638453,-0.8990548148389244,0.8615622132873274,0.13857677859950165,0.8048231965731187
0.8384790292428514,1.3590608414492573,-0.6054018864829591,0.9577861293705316,0.07549910485868538,0.8361567943707667
0.8867512935050053,1.1546709474822925,-0.6648198257376414,0.8584844430923847,0.04986670904695755,0.9177774752421703
0.849930078826877,1.5175438234152248,-0.6773687617633102,0.9527514533315572,0.5145330350479491,0.9053253169018478
0.3895025433141977,1.9039571744604893,-0.40901748469312627,0.729065232621752,0.41878128458510844,0.9385301348116865
0.39021805523889863,1.79393275165978,-0.31014210918313306,0.9183317217942969,0.502244741228733,0.9462962936285841
0.32230047009283047,2.136006584593261,-0.3334600503696605,0.6878324930872866,0.5067828252736521,0.9797604771462531
0.5203194517465674,2.0900713060810374,-0.230297396412901,0.8332318594400022,0.454249793363842,0.939857639846136
0.6133210888734726,1.7696379256987438,-0.2703409941068002,0.8253998179965267,0.4793416240717634,0.9434575126872884
0.706418955780563,1.9403874237761438,-0.3053085111904156,0.7895790024568461,0.5234123251410947,0.9859991059381462
0.7802410408342763,1.7525682420087356,-0.3308016565571145,0.8900871824208877,0.25905378229800635,0.9030589107205493
0.783159939929126,1.615390938523293,-0.4391806314319442,0.8502272052769753,-0.06286610366847618,0.9812800574187676
0.6841677290940253,1.7749386836138021,-0.41710243374444245,0.8188896132509399,-0.033317254130447865,0.9917563234066225
0.5415556128550436,2.53199011151279,-0.5653207260956864,0.8428475222914495,0.017288432332100562,0.9348186327060273
0.6942339201475546,2.231436303580994,-0.3315842179358777,0.9473958637986892,0.049617120884895075,0.9661209946463101
0.8376014915574147,2.1752993605860533,-0.052423958875428035,0.9548018256936905,0.3579122426590952,0.9476038093686971
0.5675188883189597,2.5127845902709796,-0.013229215401221073,0.807380727874028,0.2056732845046476,0.7820735881137879
0.8863144782444033,0.840451990749571,-0.006178925756333137,0.678320206424566,0.048721427742974124,0.9189447581996967
0.8801226332728574,0.7898389057187519,-0.14812424951484737,0.7728400945921303,-0.028058783042055738,0.7297450993441684
0.8698837633880118,0.42272617190791983,-0.07243304779071748,0.8482213846537978,0.176251077430728,0.9930532581107496
0.7259895679501542,0.991172653622773,0.01228591231512093,0.6793647585744249,0.1689944503324376,0.9704038806997537
0.8803812939231103,0.5430197294770945,-0.08225186862420632,0.9341166124703781,0.38253995209248315,0.9373406226757286
0.8646039364271341,0.25105150038793606,-0.029625245321038253,0.8485621801789572,0.3188625353296701,0.7905033362260132
0.6454332131645241,0.16702752486021877,-0.27271749020588687,0.9243899367426511,0.2844858773813518,0.9916160812345977
0.6066313029574839,0.5470621845509274,-0.33423416227886227,0.9683497658488279,0.2894555526393543,0.892871102201106
0.5394746640416603,1.2033182779577907,-0.15389487314369607,0.8418525027278091,0.23788875163713763,0.9935451141671442
0.5546650728558971,0.9051457678386878,-0.09682981761421877,0.7263661135930979,0.3444017600225242,0.729624969934566
0.6333625878342888,1.111543206879816,-0.051649495599695984,0.7273974475401535,0.36604359371782896,0.9360097069230165
0.663447861477937,1.8904220531368576,0.08366449179407992,0.9436606435006133,-0.10514988778732084,0.9809486604015374
0.755314536353623,2.070252335596896,-0.1812511486599804,0.9476665914789536,-0.20177759176224833,0.9795153047577704
0.8796984817280572,2.7340053062374174,-0.17568840617947976,0.9883931509166598,-0.052358377234496385,0.9143275297069989
0.8259060389619164,3.1978916143596905,-0.1408730591579716,0.9239549226987723,0.0395219976371309,0.9759738368983512
0.7513896382719183,1.8003206780818573,0.10969274306200705,0.7448115917215438,-0.05547228727106941,0.5423361880096808
0.813243741323425,1.647166275205512,0.023238304163575706,0.8800224097801957,0.007299657104278213,0.4749978462461706
0.8115994613629576,1.840922199437032,0.035355348989468564,0.9008469409147329,-0.03199789612093491,0.9792538265785613
0.8051821275717745,1.6777952491039885,-0.017982648456866784,0.6915609093834298,0.13821511085152302,0.9888141837387198
0.7384421592530206,1.6896255493990557,-0.001608422908646397,0.8260223804926987,0.03884432866682801,0.9920435049790398
0.8692593038318686,1.50087832974522,-0.05274452317609101,0.7335820208451989,0.14159343878987515,0.9814082359122257
0.8574157322828134,1.5452778994736778,-0.14070424136861384,0.7474509960771265,0.2510849085555882,0.9669129559485993
0.5645724682985044,1.890920407800694,-0.11578729168732457,0.9932019570033774,0.2005938818262103,0.9859056603494668
0.7564601766419164,1.717626311522782,-0.2436217297583804,0.9802818826698656,0.07150808873789835,0.9791716676326773
0.6983472249900073,1.5672233220031857,-0.16845123353500305,0.9272652373277558,0.22577369747173728,0.961759695119311
0.7114160532876683,1.330475405036214,-0.11471746265722546,0.834802675733187,0.20096836841476007,0.9660513044395117
0.6768612585997912,1.1716495853015516,-0.16602700122334296,0.871999749169144,0.2604346985299544,0.9653637133650226
0.7385994696262986,1.044804169007671,-0.2381781446147628,0.8339768217723252,0.0830162695566418,0.9590217249648991
0.8624354270726436,1.5611469182603301,-0.17365561313730554,0.8639618724883402,0.04132569860968664,0.9991366487686398
0.71382184616264,1.5067351848946833,-0.2715315204060888,0.9271639866241578,0.15300990451150934,0.9936985234903469
0.75342311450082,1.4563976198784734,-0.474430224065967,0.9414425187287706,0.2632783217254978,0.6948273708987387
0.7010034291629053,2.541499288824339,-0.49881602383501744,0.9387372241710679,-0.019909524633490935,0.8066247011456301
0.8114061796468104,2.0337733093596753,-0.3746745409518508,0.8144615743758379,-0.029301651705376058,0.9226287782931225
0.7008501684176525,1.7559395044811483,-0.4856478162407837,0.39972915777607476,-0.03560867172575275,0.9460119828811446
0.8356448147605323,2.0815932144372065,-0.4427850135199758,0.8410136330337459,-0.02737539710658365,0.7197947017122818
0.6923194440911717,1.9093201345159343,-0.3592381295250299,0.8671434182646184,-0.05826872428008547,0.6895507008798025
0.6025666338139581,1.6749379844271524,-0.3908686597225004,0.7217814211153323,0.07640313516770042,0.7781305622550097
0.8327710938678847,2.5724134542055133,-0.14087591454488976,0.9574296036481587,0.07161378957085365,0.8357299646934485
0.8978407331263359,2.7425438180049095,-0.03973608121598125,0.9384590292815845,-0.04711191800112559,0.776382089256066
0.941453551750687,2.4443155326446044,-0.22819159356144514,0.9744035067514771,-0.06903033945350015,0.8548549194785177
0.9288619263172287,2.1935954137356997,-0.2897250638515532,0.9539285896782032,-0.24459579182596858,0.9746606492704346
0.6008239725640343,2.648628410700202,-0.2912278402326394,0.5239271479151153,-0.2516670783153369,0.9343655596488191
0.5296118339270772,2.352933200737325,-0.40788522563020463,0.19270713407258186,-0.35869603113323606,0.9851341728064972
0.7738904037970136,2.081428847072415,-0.4179743204732216,0.9137405677614895,-0.6181270870415423,0.8545309986129844
0.7641511412423528,2.254916539164548,-0.6959403746887999,0.9474618980998496,-0.6060870035532087,0.8801271428178361
0.8310428498945283,2.118979461229661,-0.667277807341683,0.8863526765973432,-0.6942513579115994,0.8632425349285346
0.8832680046164154,1.8923745001079648,-0.7666101606909046,0.919018832536566,-0.19846369543365897,0.941944014127936
0.8731076038005605,1.9735905213112674,-0.7668571936235085,0.9210218444099444,-0.22637227255949335,0.9729102694178149
0.7948865696149943,2.2275393328034103,-0.6449295916181972,0.8513765236768033,-0.1674695311142706,0.7128741179088182
0.8325221260987795,1.7877187608098286,-0.4321320494483099,0.7499260354955773,-0.34985765371318384,0.9877794011861885
0.8444897574762943,1.6814928420440005,-0.448565078178241,0.7209753184503015,-0.3614231582254002,0.9879056162917835
0.8820924417797882,1.1833108496224773,-0.5091015195913472,0.9032040246437802,-0.239001015063376,0.9871592577008361
0.7887563406531917,0.7572638182489116,-0.1928244323007866,0.7734605088009692,-0.21677366417153507,0.9446234720915732
0.7579081157960418,1.1493283650426303,-0.17171084733106814,0.5419217242443162,-0.18219888840454526,0.7967064918820728
0.5922885687941232,1.1711502108599385,-0.11180937126603781,0.6962461477051909,-0.2017079056998569,0.8214532332818827
0.8247640078515015,1.6233010650183484,-0.1644377089995522,0.9434254869650056,-0.19957684567310743,0.9861599368618393
0.7191234662688868,1.6435201013727023,-0.011377989972332773,0.7820988958047703,0.28144385324649307,0.596484622151683
0.7964782045952844,1.6817800341439726,-0.20862517809415976,0.9375865700521878,0.2028457719750807,0.9257550345813622
0.7647908633805203,1.6232505906563348,-0.2500843410357446,0.9698099113111692,0.1551205281813198,0.8771575588713922
0.7499339503924813,2.097099214295037,-0.2838479895898342,0.709477690742283,0.08549285968790603,0.6787613087425634
0.7499331739733792,1.3713694585686098,-0.21486697439090857,0.9049590954893412,0.08344077518778963,0.8067035487780116
0.8753753317377418,1.5717731484926034,-0.305370716750681,0.972010374168577,0.5499111432863741,0.7185390443643778
0.9281307078127523,1.6641801818592667,-0.14009824876920396,0.8703565317482751,0.4470550967280655,0.5839758993249211
0.9569662241567063,0.9586533230329756,-0.1961526165136565,0.9088124443335759,0.29672394403446806,0.9742130591092683
0.9287549617654706,1.156286256425189,-0.1925268881426778,0.8814958767925183,0.11881035759411475,0.8418314143813466
0.8497800981387217,1.0471271618768943,-0.18677171373611018,0.9875452065341402,0.0206008983494418,0.874507274600556
0.8912458645289777,0.49902147424155885,-0.3357243736962861,0.910028951043042,0.06412367732827547,0.9587268200786114
0.6996151429986542,0.37997990705558726,-0.13784887454036132,0.8969016187029317,0.08811198121684805,0.7495850438403412
0.43002438051493497,0.8407017052242303,-0.007573920924517089,0.949017660800008,-0.09095403255235751,0.937262428289595
0.43178262137600343,1.043165493086553,0.03593411361154866,0.9409572661406442,0.06680081087257142,0.8679739211559745
0.5053959469655762,1.1033686443642425,0.01937442046166487,0.9758678986459389,0.12604215276556982,0.8579018047834465
0.7409045368125673,0.8910529096395516,-0.31393214107212275,0.17404644525545515,0.0015994427704609968,0.9438840112616987
0.49652309622815965,1.2507815909871292,-0.45353404397171243,0.9240815695875226,-0.05359208085982649,0.9497119528700381
0.7117595842539871,1.901471519300584,-0.33656226382648796,0.9393824982239821,-0.08845219050298431,0.8503546344140407
0.7790898594299503,1.861800781925237,-0.35779884371705895,0.8729300348904714,-0.029075682027315832,0.9775469612024464
0.6679246282442808,2.0824422144502956,-0.361397838293562,0.7001760846614461,0.0717870789869565,0.8451824310081452
0.6217731277172871,2.012776364054019,-0.4289860077408257,0.9796395301025944,-0.00076901176504514,0.9296148832252118
0.9575057479437676,1.3295051901671446,-0.448843333264101,0.8253319481756003,-0.07401613177423014,0.8724930880358643
0.9466250270104252,1.3782000169782935,-0.17941806767167387,0.9040871740382856,-0.06775679755292009,0.9175129961219531
0.6391641924652458,1.5408050255931973,-0.23288499988107694,0.9341543112822388,0.04516557240193992,0.8899851232431742
0.67910817704265,0.9392822987697959,-0.20935505747636735,0.9511434874704384,0.017088890159799627,0.9881357859336447
0.6725133808363403,1.1228947395643674,-0.3242488199694011,0.9707997879652408,-0.13368394729879146,0.5448339743260957
0.6380627770135935,0.9994435444267086,-0.5056991843126556,0.7937793176080885,0.05225083906325352,0.8240344782529964
0.6423814186594452,1.0867219763899647,-0.4691881158525059,0.815810876135187,-0.009903268073272598,0.8447384668923532
0.8170328698317098,0.5899584777125182,-0.5492763043097109,0.8550293240143056,-0.034493718430941595,0.9500354158075482
0.8118565645513748,0.5747576610736144,-0.49343343671927675,0.8318114751586503,0.1404354210848261,0.2593427353466039
0.6703330489861139,0.880334448473268,-0.27465135438124605,0.8411200377465091,0.18974573709611064,0.8495821094861526
0.8300906209067853,-0.22004948083651826,-0.19029613314916902,0.5921045426461354,0.07976758948385668,0.9497967992774161
0.7007759578958757,0.49685805480335904,-0.6588967977571826,0.8177403813077723,0.23468918033383576,0.915285838394053
0.7998093778849117,0.39419164019152253,-0.5592639855953678,0.9601627441370594,0.14538506437904491,0.9676165059225894
0.6946566976349056,0.6234966206293804,-0.5773433732274048,0.7498479212256297,0.16112531597364388,0.6405290068652182
0.6847051902848191,0.567797592611347,-0.3997788486405883,0.8803465403737255,0.13537379935911528,0.8917576215288219
0.6810079543497547,1.070728834756656,-0.6392285108222685,0.7003002599846869,-0.06516518654797801,0.9479226933287354
0.46901000513743774,0.9171790154675874,-0.44140616729990373,0.8565982267167195,-0.06169575809063377,0.9614241509378482
0.5990824201609904,0.8213416585757412,-0.4342333093471673,0.6425333482867397,-0.274864149849184,0.9335931481399292
0.533513356545705,0.4815873123579647,-0.4779595773899882,0.9810249425180274,0.170572043270201,0.9479725965427237
0.6473450228901478,0.6900536094477219,-0.5810064421332531,0.9557403889909184,0.09892567257752655,0.9202828174653384
0.6874031674485173,0.19466386102110583,-0.507859144543532,0.7652291773134057,0.10648525877240876,0.9683419862243252
0.7144350528981297,1.4206475490964903,-0.2613282477833084,0.6336824467139577,0.11336483542480737,0.9122899614786529
0.7269610932460703,1.3170157955077895,-0.17533618204680218,0.3769817732238088,0.1211936562321897,0.798384501301965
0.6558019095635979,1.336862179888198,-0.3209567661118797,0.5137424637564045,-0.07864408842473959,0.8962462458957784
0.48299744424076035,1.4822865761061874,-0.25881865863577985,0.846337604202539,-0.10667008916407963,0.8795341362374861
0.5034957293527965,1.5446842046645297,-0.305182610701966,0.7998711868438289,-0.06239181697251108,0.8234301483377043
0.7956317775198084,1.7040461239054352,-0.08688714502976497,0.8328424709443106,-0.12371543521028673,0.7600274361882379
0.7241256523655034,1.307706141070184,0.057427461243089485,0.8459784376849006,-0.1709375567232367,0.7611645996228634
0.8603650548260934,0.8826572116583781,-0.14677531917645176,0.7995625432724393,-0.03941352730693643,0.9917244071051664
0.8034521475472737,0.49363816776904473,-0.22267527491337727,0.9404972694613625,-0.042438711082500157,0.9870234974727559
0.824863962959196,0.2857066757656985,-0.13284207350445626,0.7278450937756752,0.08699833374784481,0.9864736369191185
0.8257615739702369,0.4190555182638381,-0.16608017432614083,0.7962124558748555,0.12362387491955128,0.9937398906576839
0.6728701585264037,1.1460240201572067,-0.14286960927073913,0.8575480782912257,0.01994179042146888,0.9035204995266971
0.6579672266075111,0.9156579586392836,-0.22998084103021413,0.8891979362669156,0.03190613514805288,0.8886604131755473
0.7984722623495601,1.125681991358699,-0.22724066121291026,0.781788555336506,0.0905628161327106,0.9216607843514841
0.6949713349809131,1.1842675259755233,-0.1992387064768404,0.757051100326829,0.21118406040970478,0.8083253337286133
0.8325285300906116,1.2925409470008775,-0.30280695567488125,0.9172995983228477,0.10981374499943253,0.959657496680847
0.849618606428505,1.941621496956411,-0.22087909212082316,0.9311618894835901,0.15109893998309465,0.9411290389473423
0.6905131964758147,1.172656329013846,-0.410704541584604,0.876234679926298,0.14347417874197219,0.9531626075786128
0.5716767250341579,1.0640429726426313,-0.4829767679372196,0.8534783418005182,-0.008608633143716899,0.7831639758532188
0.6675471671484147,1.5538569940799052,-0.26003554942451373,0.9792117000734123,0.0992182647880734,0.9181683933504325
0.8198474897284276,1.4197795756452651,-0.2416726457802789,0.6546391832869087,0.36297109064311656,0.6014688415172512
0.73758211115341,1.5810364171965055,-0.12558585986310666,0.8406819577580177,0.1788831629971918,0.8696789665242207
0.6663067870998788,1.2979823759983815,-0.19335049776327,0.8366845318149385,0.2776722899918006,0.8695922640003823
0.6775236284790855,1.2915661216286103,-0.19249021206924996,0.918780630759747,0.3165717862453985,0.7911527747439892
0.784408741623212,0.9692437787972519,0.1454683080403442,0.9544608886352742,0.5697743858533482,0.9517387810591773
0.769759265587339,0.999676916378809,-0.11794012439797853,0.761488603942779,-0.08205273223259422,0.8133429995018692
0.7625420141710508,0.7017979614394687,-0.2545391614736559,0.8975105535048535,0.2776456794475413,0.9525681822374219
0.7213301957242223,1.0790653200217417,0.13886569317472647,0.7426954072473425,0.14511974283771994,0.9712961033986884
0.7253806248696637,0.6311427371262133,-0.0448809648399013,0.8006950284355765,0.3727708775688347,0.9612708857280983
0.7051846459320913,0.552149487913355,-0.09060646988694632,0.9672019030240034,0.2091672244098485,0.9854586683543768
0.792146872146918,0.5681346734907263,-0.18030604573441836,0.9332188910343657,0.12560212486162736,0.971961613925384
0.7828989712743412,0.7382377487728468,-0.03908689580838733,0.9304124059182077,0.12130081738014356,0.9392015011104713
0.7795332325732637,-0.09297080885590046,-0.42608394354986034,0.8812961979463726,0.1247475729074658,0.9467487140992471
0.795531089876382,-0.5012596108425854,-0.389493542412374,0.7592856296257581,-0.03870729469425979,0.9506886610174589
0.7561245525565907,-0.15943221012721887,-0.3759283954612957,0.9696926876988762,0.17700195844746539,0.9953177272060338
0.6016581340760859,0.8873595499379607,-0.18367145058590617,0.6266883655702019,-0.0009733123150930362,0.5461397804225577
0.6644963565578963,0.49887128697607236,-0.16940145910131624,0.7406233130162395,-0.17238582373219918,0.6986500826484547
0.6188119664141065,0.7652441270376965,-0.3452822357906656,0.7901971666355924,-0.11001514822770023,0.8977489058318248
0.9166166114313731,0.3716447365528141,-0.17102150399826282,0.8831899342200431,-0.10306576805351737,0.9074665080950881
0.8436806361616425,1.2686686485003669,-0.24252912524738568,0.8449420550633825,-0.19262699605832956,0.9083860217585736
0.6033297580824948,1.4537252958301217,-0.16374156913456772,0.9007684070907389,-0.11472421158332673,0.9982278812777796
0.7135825519653457,1.8887721514460196,-0.1575206843307186,0.9200223554997049,-0.1541885942378355,0.8128715703194833
0.5336197788468771,1.7270028934524129,-0.18296140844008568,0.7612716703481892,-0.0685957906196067,0.9837803022345785
0.4949873249496646,1.612830944373409,-0.19009962364675975,0.6091000392448468,-0.21643692976065063,0.9494512728132517
0.7897306192462522,1.2954777791734078,-0.4977744754692926,0.828840112251209,-0.19353038309439874,0.9134826811030129
0.6584234703113858,1.357636479401438,-0.40761339751906317,0.872314714572674,-0.2765297749724511,0.7732976542750429
0.6842809605725138,1.1753010279677465,-0.41582418647585473,0.8676064295249847,-0.2528668625649909,0.7132225078789525
0.8134817090215818,0.530966998568558,-0.35819543373983165,0.26166805706557766,-0.3398518669051565,0.723967151755278
0.8595244648190676,0.7894752911833299,-0.2953656681542457,0.7612005227854294,-0.5622512874041348,0.9039411237121253
0.7958482949175805,0.8305768464459219,-0.5504146314492573,0.9395237404248766,-0.45027875829573555,0.9260204007148025
0.9542096963543125,0.7709172089710656,-0.5700804684338678,0.8195344190944602,-0.490848148633603,0.8232569949195937
0.9152509129597209,1.130397169924945,-0.4006766392502159,0.8849827861733589,-0.36336907220777226,0.9829341175391254
0.9452772943269926,1.3998472421145005,-0.37702332354205914,0.9828719538691009,-0.14554447270381093,0.8426025496848368
0.8491657239963983,1.9634050806215428,-0.13886083564251736,0.7670324185014217,-0.058378938036682704,0.8578624045344777
0.7010288974748818,1.5354714470355377,-0.341881377561251,0.7767862169670648,-0.0993594944545893,0.9110488882939861
0.7030136833558882,1.6591572587909256,-0.4113937802339107,0.7179143947158765,-0.19016367534293854,0.8882008985205682
0.684567666452384,1.2908730064804588,-0.49307981523191774,0.9092962617601281,0.3158145058530807,0.9427346496901619
0.6099082886763065,1.39525086553467,-0.23108963417937772,0.7991958908250216,0.4244184274662403,0.9038574544357683
0.47664143006389154,1.6597949314023945,-0.26036571212523496,0.9494499578278318,0.31441133392779347,0.8031961411820026
0.4583172224575133,1.884224482251662,-0.24146136674900592,0.9377987641014057,0.19723689637377645,0.7451507757818553
0.5237890569832293,1.8516183643470674,-0.24885422682335634,0.9929294147452231,0.2739597878017001,0.9673084348115436
0.4410030501974696,1.8865737734145231,-0.18868074396026482,0.9979339920011451,0.09676643565881296,0.7205287902566742
0.46010272524876494,1.964496113333267,-0.20993372812179825,0.9933898321704375,0.24591657751634768,0.8222808160000036
0.4599220888906649,2.414812695568568,-0.07017667025791031,0.7596056120089147,0.30136098254002186,0.8374977730662433
0.4410351853918234,2.1583409620930207,-0.11949267031271263,0.9186122231589883,0.4696873248088676,0.9488132054137319
0.31248155951106443,1.754788175045076,0.12079708865860934,0.8389839939748753,0.031100611873033104,0.9720344825832306
0.2725999867111981,2.036469491855084,0.08522529328427446,0.7794026536299983,-0.09599465040532265,0.8950253682330532
0.36509380029177607,1.5441048474919326,-0.23001235110484086,0.8661413841375978,-0.11140366056806943,0.968827871586962
0.35091429610198266,0.9574346454484707,-0.24782120803213992,0.8349508072729336,-0.061653334517781294,0.9952379159367174
0.4548448861574714,1.4664865666313331,0.0701082018714825,0.6287869644684964,0.16368638756624448,0.8652657782412698
0.5635442444487977,1.2279732557123122,-0.027692025876246546,0.6876627338131869,0.051737471536126026,0.957717528735913
0.4994981845756017,1.4328376767103541,-0.1954965100640801,0.9134183313884848,0.13313215532260742,0.9745107609696404
0.6595645642198656,1.1759619930093868,-0.5211226266529247,0.9733342058706265,0.17510894856892334,0.8270556231218416
0.7313398186308877,0.753409945392241,-0.4477505504069771,0.9689363579734316,0.3648846442819089,0.9815141915097123
0.29952901402477333,0.6682724294775894,-0.06485506279782705,0.9524870751747827,0.26808922529545726,0.8386839350032644
0.6280926097062923,0.04072199398209648,-0.10640450890090673,0.9694749971859358,0.32389378268234803,0.9752839931174355
0.7950821813734201,0.8430287841406301,-0.32678526844013384,0.8407243318106671,0.1699861184092672,0.842136519492938
0.7675233507485646,0.8492811939859969,-0.2940967830662389,0.9327761788637707,0.05328752807113175,0.9639559979952657
0.7543977092649061,0.7587475098400053,-0.3834959246630448,0.8411520103487466,0.055763452548280135,0.6809267973880846
0.6321009522735864,1.0771876358895678,-0.3671160730299363,0.8045019987691242,-0.09767131577837519,0.95803964748583
0.8274379980980109,1.129095378478357,-0.28241849002513614,0.9495633537540833,-0.053821768681363326,0.7852306728809819
0.7431613357441323,1.5388322460657278,-0.13492966840673273,0.7747132069798608,-0.05676148141261898,0.9929066058119633
0.720175217534798,1.4015262260356869,-0.18199379455407977,0.9622439658500863,-0.13405313038758748,0.9284368929809124
0.5708311320245634,1.5465051760645814,-0.21093467942911448,0.9144756290137377,-0.04040011583164982,0.9187180961061614
0.6307193316233932,1.3296824184342508,-0.15575108211692434,0.9143568214459789,0.0014447213901613383,0.9724733030291105
0.6059623930141501,1.2330634773314573,-0.09407718339319936,0.9703787596626748,0.16303240919161793,0.9556926101527672
0.6768670925414351,0.8782579118469048,-0.006461802227019593,0.9061471831024235,0.1369456871887218,0.9470095525379683
0.518549763630041,1.7191903050905908,-0.18496975051117798,0.8755684115199105,0.05965211883035483,0.7849468611175189
0.3292326051783624,1.7399632901819788,-0.2865007939870687,0.8549898999784594,-0.022943246242266995,0.5771047573897309
0.6355298990014936,1.4915828772570705,-0.3356810518198371,0.6760635302158997,-0.047346149122126244,0.9740147195849227
0.6044850455972678,1.8541479993142473,-0.407440952999325,0.6532691919726069,-0.027600619396071203,0.9849525781694035
0.5993460650504551,1.808963055819094,-0.339640049747547,0.9547148422026562,-0.14556643937132174,0.8675685077636266
0.5966287434683829,2.2133285442881157,-0.38748186737177787,0.9237933041501795,0.3122734866040115,0.9100102942020732
0.683352240489698,2.440136973381803,-0.3737057476403998,0.9559277335567162,0.4696308518711247,0.8967869645929456
0.7025108047620734,1.778834894827975,-0.2591439239130021,0.9178316084572169,0.5967631670477126,0.8179706112574905
0.6919208234159266,1.8242301318447478,-0.30541371074785373,0.9310197373820162,0.5878871183368253,0.9142846136546156
0.8796603156897146,1.646874638553434,-0.20489878204884376,0.9695074861085832,0.12334787595551301,0.8573027868762553
0.8358349467305134,2.145847984065574,-0.2108464092846972,0.7934852870463078,-0.03468552820215142,0.9555913916873641
0.4880164554682797,1.8104948028467613,-0.38000370527608685,0.9685117237344318,0.0072548069117039805,0.9914069564023099
0.3433135462497649,1.186161425608933,-0.24957072840857708,0.9796494290555814,-0.04234199476246413,0.9778958857838453
0.8250786415651878,1.679336264245895,-0.3697744618247737,0.956070527231745,0.08558283873017032,0.8365593976311596
0.8315888164941188,1.6365895333138853,-0.3557632949799307,0.9472772011850858,0.14687218157722476,0.8717406187441923
0.6086354457917,1.9532032138076012,-0.25229907735541107,0.9610637009240757,0.23782586273519749,0.9456815917530456
0.5361039333739867,1.3825496629352683,-0.1418712708518022,0.954557550101943,0.15032318285894092,0.9715749995648152
0.4440937211867421,1.2396214410622355,-0.26558618900202385,0.9559609631404824,-0.007525285721098282,0.9287584855737957
0.4630991049317027,1.2513000492922408,-0.16293052588160903,0.968720751628225,0.08271937250534603,0.987935277381128
0.5303886056808678,1.1710538303710945,-0.18437723596430858,0.9258866605582411,-0.15736194626703973,0.9514362323659815
0.7512561775101501,0.6405840498700353,-0.4625380953293481,0.8534707245126232,-0.11180420706763305,0.9584566607366928
0.6271090772797451,1.3575126531725994,-0.4347806915572296,0.8040969218337576,-0.020292673823042496,0.8369023668629321
0.5975924633767148,1.1850353201141612,-0.250777237258097,0.8806641293952976,-0.023256590178299504,0.8324515745992902
0.6055634242945859,1.2951679593750747,-0.33513410314112285,0.897347033803471,0.06677027363904853,0.9470545873088627
0.6201279222727987,1.0754450400640467,-0.3684672081979175,0.9922036792826479,-0.02268331839218715,0.93846239867396
0.8160970340749711,1.0975351267230602,-0.37898457654683526,0.9860095825765653,0.011738784003896859,0.849172689891587
0.7673856099623569,1.2797123843411815,-0.33327378401527263,0.9709174635248947,0.04059726171536985,0.9859993471187929
0.8080069275642732,0.9876453293587,-0.37640082693878213,0.9735797806037276,0.12087762863785437,0.9895789111008652
0.6857004713367396,1.3319314249805732,-0.31683247635368794,0.8672104995378623,-0.05747233351581307,0.9847226564242242
0.5720963044824434,1.1911828984259516,-0.1059124866644114,0.8813492660520494,0.027208621274193295,0.881859160116326
0.7265600220543478,1.6209627449717556,-0.30354929551117177,0.9405628184075423,-0.05361721098061468,0.9771132503537256
0.7294700893433828,1.3862649997515375,-0.4365518039297597,0.9177992394740182,0.0034206710212640514,0.815783862822495
0.7752166497504234,1.1437914855817588,-0.3204002161768067,0.8328134938073386,-0.15396144776114556,0.9349302943443967
0.7079220561244287,1.57645947721688,-0.37148260493762025,0.922000819772122,-0.007508112671581385,0.9704372228373281
0.7138383111635853,1.3757259741822527,-0.47798749514683275,0.7715885723634089,0.026894384990104953,0.9850837775676194
0.6655667616385336,1.7965396084395862,-0.4869345998682837,0.6988191011855531,-0.051117849786682025,0.7932577826508052
0.6946255701932027,1.4646746404770552,-0.44345197423430766,0.6907650256506508,0.20674763636241236,0.9961980900348119
0.7479742171375712,1.1790397246208528,-0.5633953131826964,0.8452172735521242,0.10180106136365287,0.9886855046853563
0.8612471491215333,1.2579467186186426,-0.3850259196853807,0.8324068262200902,0.24909458354674105,0.9973040995650023
0.8869552013603758,1.389046206239749,-0.4147217843957726,0.8861980679673779,0.3573497760468739,0.9887973441300112
0.7883074860483171,1.1146407271022414,-0.4466469980537811,0.8708614850288857,0.2815845495492736,0.9919903369126042
0.8593200296581297,1.2553152340741136,-0.33499833389009254,0.9098740051691022,0.4875982724403946,0.8246933373771458
0.7657920461012964,1.1651117513574611,-0.2639329956275012,0.8256196592926268,0.6791746092568832,0.9140229082027496
0.8665060340173337,1.6178682101208257,-0.19368135972753753,0.9906887963333243,0.6917235292833869,0.934796265016384
0.6240570659323305,1.2158580759421282,-0.32094199557116215,0.17334307687483091,0.7062240386553473,0.7922283748632551
0.48470617314841147,1.1272671433420458,-0.3730141971616853,0.08660920736696477,0.7591229117861547,0.9128629309440466
0.5425939236116606,1.661553915801091,-0.31480182776493537,0.6511762478511167,0.23085005808682302,0.9547965539806689
0.6409331512392509,1.5445815069964817,-0.3244236995178953,0.5900118945052397,-0.30778274370468,0.8823919780046102
0.7056684635294643,1.5494305383990639,-0.299647920436272,0.8730505432608531,-0.34620044200626027,0.764987146203256
0.740896244108323,1.3292954706075744,-0.25553297581495077,0.9709169447782967,-0.23182178602327258,0.9194590844247645
0.6217770237107082,1.4559237192301753,-0.25325759791702285,0.9929032379288236,-0.30872408470477863,0.9886694134608613
0.5702540599748982,0.9678861530553831,-0.23121752461666545,0.915581992709653,-0.21075938307032951,0.9139471952154162
0.7563064991701625,0.8320924695496091,-0.1384131265771388,0.9050694994776615,-0.0250122307423465,0.9309562077451702
0.7763348915974541,1.4117649307568496,0.12286665738023304,0.8701574391674891,0.26137182182828017,0.7553048535790259
0.6931324726935669,1.0030344766511832,0.09792809911690974,0.7761320398005195,0.234063895250305,0.7031656294262546
0.5005529740028415,1.2130435416248992,0.01294200901281712,0.6010687581675257,0.3071387262607001,0.892217608870577
0.5664087354465906,1.513640186769039,-0.0934585327497582,0.8594292155235256,0.15558267219065527,0.937840121428671
0.4549317775020045,1.172532243451166,-0.0768651051729148,0.9223929763602936,0.23075176443462583,0.7779969452946827
0.5286934013475809,1.6837823845554987,-0.49288829391437655,0.8370016944492261,0.2331188993235926,0.9291780362548173
0.42611471547968505,1.9061502083686352,-0.4764405863801723,0.9464148443812215,0.11438715652768648,0.9703956353914552
0.5306951116069059,2.129623420813641,-0.4429161965954924,0.5129911411716653,0.23241900287951106,0.9727780163570543
0.6625828032526329,2.4147531895754537,-0.4603543120012212,0.9245186932874387,0.07741060575162756,0.7951267497287261
0.536541101839222,2.262877823856739,-0.4481325733652863,0.8938530559007138,0.10557186786918303,0.9805547874191907
0.615358642460108,1.1922955619744944,-0.34117452514990365,0.7510365634960233,0.13336034093799026,0.8997864831470405
0.7910483512528794,1.5146771410741682,-0.24587896103203744,0.5688368342599899,0.11322903115226388,0.9189223772592565
0.6119925745379835,2.0246288307252196,-0.30830012313103566,0.948976435528998,0.18541429257280526,0.98053380609521
0.8291677950444251,0.5050223820136786,-0.3011936974157073,0.9037676631639128,0.1618873942847987,0.9614147955551918
0.6339017920356412,1.0720077654213471,-0.4582531034358431,0.9266880488514607,0.24946223044643723,0.9764801278322951
0.6809232814354239,2.161908808514843,-0.35878346471349876,0.7432969647653416,0.1864998517657894,0.9653933618397793
0.5337161256223069,1.9310983425892745,-0.41329863321013455,0.9365931322461771,0.14592613207339034,0.9820488057400961
0.6184330192763147,1.9869010927033737,-0.3238210706330882,0.9438462572617985,0.055730263732658575,0.7379001260735817
0.6431382091051376,1.5412141891997664,-0.46700133313720354,0.816613546677,0.1221304641678832,0.9910691496854316
0.735815213236281,1.8291719249541756,-0.3603641699811877,0.9676827647103283,0.042807964681317257,0.7294339881315539
0.8036337991887854,1.7327814131012083,-0.5253349209249586,0.9356015553878668,0.3255657120045667,0.8941259688417327
0.5514210457800414,1.8578523193437675,-0.34831854805477686,0.8749840012092523,0.18408935740855953,0.921025487221262
0.46638097446537385,1.703450758403156,-0.19540527474660235,0.8534046819035234,-0.002001750052389266,0.8676362437016524
0.4663989661974724,1.5423546705862459,-0.19431443032692114,0.9353183548859999,-0.02131666107970844,0.8109143916429737
0.584996902012603,1.4555876464338093,-0.081840519005307,0.3650990301431594,0.060980154602602775,0.9740730123204009
0.34453736211311287,1.7638418568353331,0.07380606219387231,0.6867918088145022,0.2521907574202108,0.9768084960567267
0.47543028078357025,1.1951956362730847,-0.18685399959566915,0.9264397887524908,0.2313218853865891,0.9940671126023196
0.6131964526019097,1.2440854837866937,-0.2747822713915268,0.8730305122422097,0.2259984099010815,0.9925041424014838
0.5357675403675494,1.2777490140081902,-0.20066655982864612,0.9372422141871073,0.45750291797568365,0.7825275764408748
0.8107613707530203,1.3584985913818644,-0.5012757537330063,0.9480404479508322,0.39184847829247954,0.8567573287260857
0.837671004007387,0.9468880253449595,-0.3501027758214457,0.8449848700668569,0.32130974366836457,0.9271102252442035
0.8396462267013645,0.8905322816733979,-0.20865413259650023,0.8479620110583597,0.1423331397139822,0.9167939165494858
0.8145859193507371,1.0434553952399386,-0.09640224124094762,0.9521814611379394,0.13740805511804985,0.8549859882935867
0.6390438768448398,0.9498565349310141,-0.21716956737073193,0.8992363531211041,0.18505292688557096,0.9880609820950617
0.5755590556221223,1.558008739905599,-0.2461174043829532,0.7972594396837648,0.2824717548871817,0.8844653268200741
0.5708401231898917,1.5778320353234192,-0.2594391855438802,0.7988140756056754,0.6228679375786383,0.9765318452096963
0.5631712907167348,2.367176340365056,-0.30812212911758236,0.7424038050697126,0.6004161184830479,0.9743641308346013
0.636003255421186,2.414237598030894,-0.30878438756760834,0.6968149182288184,0.4713022596109766,0.8649825862905743
0.7393966443045943,1.6945046967408093,-0.2961707034606752,0.9543131794555182,0.44752991431416456,0.8722786453552631
0.5391058541401199,2.2031791366544224,-0.2012354871402235,0.8227008380849684,0.13503851498145394,0.9849628937357477
0.6808357425752876,2.4551352768949215,-0.05944851397279595,0.8284266495671909,0.021917628346840915,0.9197049802624043
0.6490360872741127,2.5772057756241304,0.027368296645495206,0.5695677378620277,0.04517108890660669,0.8894909311501312
0.7850984921242692,2.3643526020414605,-0.19234057902144502,0.8598889859648209,0.35218996526027596,0.9887822824685266
0.7698735665991893,2.0525735126185864,-0.1614286199380749,0.9336648131828533,0.4516233469009785,0.8580738310770285
0.6809066150137525,1.641673212155062,-0.010438208721138454,0.971784569182045,0.33073218158990947,0.9184924065861751
0.5832743373115142,1.8013623362257962,0.032735539273248036,0.9758605740202848,0.19078789572485574,0.9451465542519842
0.8717627580774835,1.7129385444396021,-0.3772521571675719,0.5311154984568858,0.11949325887266024,0.9190506635711323
0.829352314369313,2.019491727207192,-0.7106491539317393,0.7590639732141472,0.06990658242811411,0.6210843574150695
0.8326539512680982,1.9724684519273221,-0.48534995251663554,0.6932798199966823,0.1303413255389422,0.5941534265714591
0.7440508052452458,1.2531906455021287,-0.24673477130521235,0.7653357359721922,0.048163490349521325,0.8152486988658982
0.8448530370492093,1.4458208065459262,-0.2079728606483426,0.8218107429639389,0.10987351006624986,0.9666343888663534
0.8225137033301334,1.2104976975167772,-0.10132538090063266,0.9048135582188264,0.2892001630370083,0.7267596723168315
0.6268177011960768,1.7937775624502952,-0.30593984796059726,0.6819093293461738,0.4106109691157337,0.8462815398939351
0.5469251069922513,1.5227193498363325,-0.40746995505925304,0.9052701327709458,0.2971291480276721,0.9480938595640517
0.4787599398901646,1.5969793513098984,-0.4446294236747315,0.8990716971903294,0.16909878237926756,0.9847544942533834
0.7674241965402704,1.5367621698169946,-0.29681435871276934,0.584876559938902,0.21117516116849536,0.8992002379871118
0.7378161879615459,1.9856390603167327,-0.3090393682701818,0.8558530188648483,0.236373087973501,0.9354538029531403
0.5896995182904899,2.180770246554859,-0.31308687669586727,0.7572119268297789,0.3182535550186012,0.9571384431458051
0.8069937321185664,1.5985981260713023,-0.5684019434020505,0.9384505972685443,0.37227159416583067,0.9841707387534236
0.6758342771025146,1.6465044966813618,-0.13424225742336174,0.747975342640131,0.25782057162635946,0.8604404544220114
0.3958491479019779,1.3143316333338904,-0.34245927974670826,0.6153780913906626,0.3147442147080542,0.9920311277667337
0.4482788628283161,1.3787280104852093,-0.24071892042449075,0.8044133608882482,0.16589595677064164,0.9713959150035363
0.4555078795671335,1.526521592774541,-0.2405431530796026,0.8726269098029097,0.21340571715769624,0.7278701823347645
0.46626903729350383,1.2642998889340435,-0.22625439541030312,0.8157650855366009,0.21031714993936115,0.984254566758298
0.8506761175707845,2.032155024344251,0.2224826114044891,0.9522720094750154,0.02663839317644502,0.6853456356436278
0.7746808252808203,1.7357754420340783,0.2822238947882323,0.9144532983681,0.03703614108952139,0.8530703948673696
0.8377876032110781,2.158174237397118,0.07431573254986124,0.754281040950596,0.05906743329958473,0.9912412143328737
0.6136692734060717,1.6603438367963523,0.002574814150025513,0.7989587280421477,-0.029601605524637774,0.9809103582186761
0.7750078332994641,1.5315021033813072,-0.36305774277032693,0.9141071286979773,0.059549822468667996,0.9670559732883954
0.7280731188940386,1.735742755142092,-0.32105460505732014,0.8948484652562804,0.07291951266269862,0.9737182695506128
0.742940057421696,2.5300567798712277,-0.39006447501193653,0.7978340199710185,0.07149892034326026,0.9833489726725058
0.6315293364326714,1.3428120660215044,0.23115533172256716,0.8511700534643986,0.07752962674709402,0.9957623925002678
0.7291417864745805,1.281013271924151,0.15182916216934236,0.9852848211997512,0.0981270571920131,0.9996872189187159
0.7853710664112254,1.0405007374513224,0.04492096889395097,0.9911438437209306,0.08009068981538364,0.9658004444803786
0.8121769777898061,0.6760992404766686,0.08972339729699662,0.9679768719567687,0.3446241595261884,0.9995702828787423
0.7523879107076961,1.3081229257256612,-0.2428716193602861,0.7215185110638063,0.3545539009253248,0.9737496090917014
0.7847041475054042,1.897380962530266,-0.06007406213370862,0.7013717485847344,0.29227651357169726,0.9932096185603777
0.7666353504053308,1.5678336549975753,-0.1180272166212584,0.8570317648623813,0.3330038856800817,0.9920789904978022
0.8012822564262022,1.6664602862692934,-0.2178099533427837,0.4540719086128256,0.3065604507664871,0.996520843944812
0.74271027275986,1.6190807715620088,0.06691569347013042,0.5274413853936641,0.2347280596225889,0.9968576771301351
0.7473724094022035,2.5166311504039025,0.06217355124533237,0.8475950624362786,0.4348790611807679,0.995737233798944
0.4830532826459099,1.891881502666276,-0.12954734422786304,0.5533779872300366,0.18688405404061073,0.991453155994999
0.4774328769470501,1.7693740879675164,-0.16926231987846305,0.7855113470723283,0.2365565741101665,0.988226297230722
0.5998043952657017,2.185107721001016,-0.22025456678910457,0.8628107410054898,0.15783031962650904,0.9871035866007849
0.639907198437103,2.281128432271586,-0.17874409308387282,0.7108882938265462,0.09799208321380742,0.9995333022611217
0.8595980205354492,2.3835065452534177,-0.2566722790186665,0.6493472790991536,0.10027076244424665,0.9961085170771757
0.6970849067927761,2.0241972835144604,-0.07564276702632122,0.8169989882479736,0.012792632198257563,0.9926018802355338
0.7004627237827754,1.5530264209805074,-0.31216156157840214,0.9648328558279806,0.031893187888346615,0.9828956721540916
0.685875963322237,1.3042683871956826,-0.21794432360365812,0.9073714173123885,-0.19234419259993418,0.9993078659159242
0.5474957706289343,1.4501537164226244,-0.21279444384445442,0.9384154057200551,-0.09837792659148945,0.9971052458507159
0.5218139153513639,1.5826337681818665,-0.2090572687797567,0.9278296053544309,-0.12008894557474956,0.9987482931464344
0.8283805968544222,0.6699492152723984,0.13225116041697293,0.8718579522967559,-0.33482854649728055,0.9488210233868773
0.9326906500736502,1.2762378338839524,0.26273307042014665,0.8209512912029635,-0.5550346223942476,0.999945395922765
0.82435228499028,0.8920044119289616,0.14321534273836234,0.9809356564522701,-0.46830745946683755,0.999938644891204
0.8893104599257892,0.7608622300134688,-0.23502215959972594,0.7985131412639183,-0.3357762430400151,0.999148327808012
0.9045922708678651,0.633059022845325,-0.2200530816695319,0.8606474583193103,-0.5810689998599546,0.986112866107195
0.8207097236794663,0.9654371155084217,-0.11576080024035171,0.9398246077225471,0.10717759776151471,0.9969671203955188
0.60794151573053,1.1641220899647098,-0.8379191627339598,0.7355946373652086,0.057954604382932325,0.9800699857736184
0.44768630460696013,1.0548226474482,-0.7591929265172911,0.8764904605887894,-0.03244103534812392,0.9877825349411935
0.44139691316977064,1.0135515449882788,-0.7115007861049782,0.8926365070721572,-0.010229138487859533,0.8951160278957855
0.3303023207813834,1.6818995774210876,-0.44500515261461354,0.9778046647230121,0.32911849096964224,0.9428497124221169
0.3147697813803103,1.5466777647151384,-0.40409584201907367,0.955843316202539,0.5729122599904418,0.9853768605102725
0.5045091836124193,0.7637867500636707,-0.23248050263953518,0.8775680442722489,0.04980311429137669,0.5170566371404393
0.5147008765902071,1.366200659979342,-0.3125139594791248,0.7751639679139586,0.01777460863751119,0.911224334227787
0.5459440556851458,1.358891888966631,-0.37813334651621777,0.7439390030795153,0.022716218020899223,0.8536812909251392
0.5581144404935663,1.41146294675755,-0.3465499115344363,0.7005810186544228,-0.17067522938338325,0.8271129203261183
0.6161053835082253,1.6009194687947104,-0.32110550040969066,0.9445808392282095,-0.18745491918407936,0.8507895044338529
0.5314447765063012,1.4918058397272418,-0.38069389344235427,0.9196320179543536,-0.04756167800115479,0.7246496664000129
0.38225798725814797,1.5356496913603972,-0.3975332594782196,0.9051530154520484,0.1367821415961717,0.9080562615624865
0.5218299633183641,1.640647015378116,-0.3975481378582814,0.7167154236542176,0.3417350744804735,0.9189442826228824
0.25194115646194826,1.9180829612181625,-0.3314294480332076,0.9039649593728032,0.13933152175164915,0.9862717541645946
0.2434171261884198,1.8603046001546357,-0.36733277216713167,0.9084379953864122,0.10748085589434284,0.7605180525950438
0.33582624596134464,2.2055498333375705,-0.39360845337410877,0.9392238419721405,0.09537331243066709,0.962952246786707
0.4621359546764375,1.9345181902879482,-0.17278580230692434,0.7730566959041036,0.16002120228505384,0.8565770126958975
0.4083691941354114,2.2212685123768754,-0.24339846141623417,0.7761806989220444,-0.02934132327226388,0.9524575323069855
0.46666729632597975,1.9246655815843836,-0.3702371283793214,0.844818599727395,0.017024358127789595,0.9616385660611997
0.2882061498120934,1.5447986292375715,-0.2411077933651351,0.6387329283498177,-0.02022753542135556,0.6415141425390671
0.5096224066948631,1.5730592458097439,-0.37479440679710085,0.7166459261647607,-0.07166544071661073,0.9589132437344756
0.706726147421006,1.35465941504022,-0.43427040683194107,0.8963118947745745,-0.0935455290577197,0.939118880208424
0.664772576201962,1.6555473853912066,-0.49209495205086834,0.9407992782758532,-0.005493425904680081,0.637728588355442
0.6738392125594739,1.8494421569840407,-0.5484671843303385,0.9164138180419965,-0.04447112184409986,0.9367126492750661
0.6212868046405603,1.8833480499832813,-0.48506376919906014,0.8592148540929814,0.1190824772358448,0.8681317549696749
0.5382968865260509,1.8420829667278098,-0.6620869925526112,0.9025218724710995,-0.3365097877950665,0.9926276886786897
0.32289758742244895,2.119451079191008,-0.646144650459016,0.7136803504924183,0.08428688667193376,0.5438171569298127
0.49107057962506623,2.372857210653785,-0.585870920578447,0.7776780427985639,0.02136837329603837,0.9247193387741685
0.8316379816264475,1.9721285776329713,-0.5492107953112837,0.7933697587614835,0.05842206093014114,0.9076512888878437
0.8668533638308228,1.5380545654853457,-0.5973700001697996,0.8529419429351656,-0.0699767645286728,0.8963326525159429
0.8492269019629836,1.8622062320818575,-0.46586787853271805,0.7056983318737955,-0.11861340872559208,0.9487493112543707
0.678386453495346,1.0265432230916773,-0.4842967553469061,0.9115555571611454,0.005140417956168468,0.9293302867256243
0.8740729704486793,1.643048241381032,-0.37240343103867124,0.9856731940915099,-0.09012109081554431,0.9918897911475266
0.8579995021080251,1.6550670781690036,-0.2098907226108835,0.9851698648774195,-0.11529010097837257,0.9586944364616733
0.80396290393967,1.699137930604316,-0.1134946232055642,0.8857229676861982,-0.1986207561635309,0.8726670134004775
0.637568671535625,2.1867830047106755,-0.62372706268942,0.896273366371683,-0.05877310909244734,0.9110373296344474
0.5303815653801242,2.099725789626251,-0.9769749150131446,0.8530455821625871,-0.048997146364262036,0.8866912815238983
0.5439902870299897,1.974891519998276,-1.0273496395934143,0.7600019836888637,0.04233466999160362,0.8671772307461459
0.5105135515662078,1.9607472446627507,-0.6531020579235932,0.5910283936570229,0.0609329725897695,0.8703676703957298
0.5677350239264823,2.237647528699439,-0.6419271111464117,0.9172962978700893,0.04701963665505724,0.8950650164635119
0.5619742939820914,2.2931956293913776,0.2258208727455303,0.9348166063752811,0.07728355905328925,0.9837015306635036
0.6444348679941219,2.1999802281593936,0.32935045220766224,0.5071538070686501,0.151432613997929,0.7361795128889123
0.6590858546362041,2.489620451974499,0.03354984749956604,0.8206319731262002,0.05458656017435795,0.859485802543329
0.7178048725056774,2.0841463753255614,-0.4308750952284276,0.9552656001339536,-0.13624033529381369,0.9469451760361882
0.8390552999522471,1.5558162900554173,-0.17525366818513818,0.933486084701174,-0.27210910800361826,0.9909738838486141
0.8598023863097048,1.5869211398942171,-0.2873756565754339,0.9475547564124023,0.12567530514319347,0.9257591369503981
0.6387712859565535,1.2413158893976057,0.05326738448580362,0.8093721963762891,0.2737411378727171,0.9062333571323009
0.7391822970422278,1.210345263577059,-0.09909108381639763,0.8906449050961406,0.1639580189729314,0.8919566195744925
0.7236892373489846,1.2813909024477739,-0.12105050892707776,0.8750756245677649,0.1409720851721056,0.8800780569141412
0.6105482054103657,0.6867726418922764,0.22299091730906812,0.8227723269829134,0.0006698971626215555,0.7839616654225924
0.7484095370350385,1.4136736356296002,-0.47907842064397804,0.7669361473879248,-0.04956314467697481,0.8846081301997546
0.8221444107999886,1.5365541251209869,-0.24185931450575593,0.9822232127404018,0.06986159733738456,0.8619094662964768
0.804440385184049,1.252644726479475,-0.19767132964552986,0.9842837605677353,-0.0910984144621886,0.8910644039261069
0.5935034586032645,0.6755486291074231,-0.3485422341739252,0.9546544039891853,-0.3879764180629278,0.8508015893657254
0.6633227000431494,1.0080472693956246,-0.2138314952649586,0.8764693687389103,-0.46162976300405295,0.9181777596766086
0.8295403369805998,1.335689736049042,-0.26266388707406246,0.9334855402689178,-0.37112964527269277,0.9290997559894222
0.7736313661597383,1.5166037465923565,-0.03320700512034255,0.9139695754067289,-0.42018111144919806,0.9215990047279732
0.8640313102005809,1.8500394759547976,-0.7781886759185593,0.8924805685584191,-0.4125105251546498,0.9923538343776582
0.8086241300316108,2.4408830630209906,-0.6932822372440552,0.9409572287330091,-0.18602807576861344,0.9681016861913448
0.8757079362698887,2.0627736470968068,-0.7595610031431137,0.9379492703485098,-0.25629877028587783,0.7978642243004658
0.6082241437400128,2.754897549883224,-0.5107385349451654,0.9675798066931607,0.33191446023276566,0.9649959661783218
0.7608475052568271,2.770774656919321,-0.5526291065453754,0.9535205828211697,0.361071503378872,0.9205903711357925
0.7037633782199817,2.8356176089682466,-0.5486324033091313,0.977938681850329,-0.028980468646656002,0.9215682797368968
0.6348192705953231,2.5726268345249466,-0.4810813886541559,0.9535636345094379,0.12813720522133767,0.9406902482089229
0.6562844018800918,2.557166983009385,-0.4073641924515014,0.9074551286096563,0.14179705739823523,0.9598318686043787
0.6840840849651104,2.104509848254881,-0.1907692501430462,0.5389995832898362,0.36968141721333003,0.9929229776788631
0.5411155838778577,2.42484414642349,-0.26642266511154084,0.8072111892224362,0.17392818756072753,0.9941966398662637
0.7065606927235304,1.9123005366559507,-0.2642371510008611,0.7718919381080064,0.3345998321721601,0.9945411643182835
0.7501678853144791,2.59222668337014,-0.2824931875121019,0.962478461539377,0.10308518836707033,0.8736295406474914
0.7650544393480632,2.495277399727042,-0.3761120401102212,0.9793419989270822,0.12278981514753082,0.9437784118852365
0.5968196901662408,2.231563285140391,-0.030795712965474512,0.5334722506697911,0.032578607479241364,0.9361659243199161
0.8897819628525229,2.4249484587570236,-0.008054690049230477,0.9324035644310484,0.22013821290887683,0.88560777684583
0.8599213592684191,2.2692357092858346,0.01692465362631861,0.7983228899583501,0.23907607524723665,0.9124998452367625
0.8555551596466805,2.532997774742722,0.109052191580729,0.9271219616781322,0.22342733787691202,0.7452920746405918
0.9309013151697356,2.3322280410486105,0.25370809221514296,0.8554422432373175,0.31404379894767004,0.8434493472970157
0.9056851015100679,2.602964008426277,0.23514453243386066,0.8509374331093649,0.2960525869365615,0.960263639454347
0.6570202268769202,1.8034768765717866,-0.06840874389459292,0.7589644536591021,0.43154791816124494,0.9809591065009456
0.6508159355634112,2.0709737612988213,0.1598243369599646,0.7018315228474954,0.42854228139665657,0.9988949680751195
0.7309558297678606,2.147534780817624,-0.03662140636558855,0.6269012152160389,0.34822666267667596,0.9925802368576268
0.5480501583052368,2.2961467289845707,-0.1986876521733883,0.9627817887982723,0.17673495842797704,0.9987001954800528
0.7069812388053758,2.182484205004383,-0.4399037883010164,0.729199297629666,0.039354195550404834,0.994916992430343
0.5639336839235775,1.8751241603669382,-0.6196874168148917,0.7186205128774092,0.05721839805453374,0.9824667925812489
0.6657325766160621,1.7045876382650762,-0.45353811657202475,0.7851957465322218,0.08970335083338848,0.9996303675279421
0.7176173255404975,1.8473643997585414,-0.4491521399493768,0.8209818657088727,-0.18242180989900592,0.9757304298809543
0.7771829786906618,1.666415680188216,-0.4446076369123233,0.7865787524093827,-0.1458708245245135,0.9999390649071761
0.532365157859166,2.21271113687696,-0.5322059648273839,0.8435755268247059,-0.08738876905437117,0.9990055971134152
0.7634914339073972,1.541119753124159,-0.28944450127629706,0.9358401312075416,-0.1082787082823551,0.9955315916397468
0.5591030670326438,1.3879445298845803,-0.3581460819287441,0.9544879924799955,0.003981818551001117,0.9995948768825698
0.6970128627509569,1.6365048026707727,-0.4408625741978138,0.8644805360886899,0.18879700846999445,0.9873637469691839
0.5753044655725313,1.7075474594993203,-0.3932850592539953,0.7786452196370808,0.2014466649342836,0.9996498179910681
0.5708666627894997,1.4488643694477534,-0.23091193676853558,0.710017259339364,0.2627279178918535,0.9850903685028061
0.7392216760631108,1.362758368223167,-0.19163860009517303,0.9761090032115228,0.270206420556283,0.9944860586412696
0.8714825400458316,1.8156549533902955,-0.20367252165212274,0.9928449779767944,0.18442151560401382,0.923395123276476
0.7705472535091765,1.8247512471713017,-0.029837332694267856,0.9840094989574883,0.0664306064717412,0.9839298637684358
0.8382344149135286,1.7547405715858686,0.14051274263625382,0.9705715725459975,0.006119749742561035,0.7138496812705847
0.7220965018833669,1.299760683154594,-0.3817490106897044,0.8431199663103017,-0.07632844707577925,0.965690362209147
0.7606811779071395,1.6599466880841884,-0.5339957802641006,0.7763806272262415,-0.14626638789001567,0.9818963903305736
0.8933938491942217,1.6372000781596692,-0.5611454854405642,0.8674361422904068,-0.005801598621800653,0.8237296345853914
0.8920788156921649,1.6607177242902627,-0.3744322358660513,0.7956341263872968,-0.05231656241064736,0.9543728434443571
0.8901702505651936,0.9741341334664352,-0.37594982373865826,0.6164669439144395,-0.10635525245598476,0.7482710848383355
0.7684631913444377,1.7035418114784964,-0.2664168415954095,0.8092794089119749,0.059659038764767816,0.8453913734855585
0.7057957322250968,1.1128232444337172,-0.3651201722552064,0.723685303114003,0.23700092966641664,0.9257894273257052
0.6624965096020662,1.1302744470458912,-0.4367732198346325,0.6859153591257762,0.0407211503665214,0.8196752281836108
0.5868755501691539,0.9791005012198134,-0.30068329640775476,0.6105719669499878,-0.08193547005504963,0.8867691595395207
0.624671566466575,2.062035006352633,-0.6799739016062227,0.8756673890972902,-0.043535474700779925,0.8985319887028114
0.446520982667447,1.7763332169987711,-0.74699782387243,0.9684501123031749,0.09018421505266613,0.9594387244815187
0.5215772478865585,1.5277235849979058,-0.4347258634543466,0.9812911354898824,-0.04014681231501798,0.9304456384190949
0.5321486743046103,1.7502196146737603,-0.2498650231131796,0.986316358247113,-0.03109851471167852,0.9177865598872621
0.3996236049680786,1.1575947563720386,-0.15587018068323913,0.8605218600691529,-0.040396847195271694,0.9305563359032882
0.6476276908661164,1.1918491290333237,-0.3036584962272967,0.7507698377437626,-0.055934609242925336,0.9521735868198187
0.6044982436954096,1.099824747383655,-0.25502436397864814,0.6053763858867828,-0.13408713252461404,0.9426929742937021
0.823623834886142,0.8550276092678029,-0.18212465294234798,0.9552173860266843,-0.02302695782498657,0.9797584975132351
0.804302323639293,0.7240322308814797,-0.2900326894221049,0.8853174829593301,-0.04941663135810913,0.9543423242419515
0.8370073983933403,0.942621003749557,-0.2409329670050296,0.860202748194783,0.05932614137611366,0.945965684207303
0.8066093638366892,0.7361598684855023,-0.2649175043687521,0.8032909832771382,0.1808999546994926,0.8319957889953015
0.5749264230379596,0.6508553081938588,-0.2996979156384777,0.8268960572694245,0.1995985274207604,0.8996714762270321
0.6044097335819486,0.8130071054184536,-0.2578956958724439,0.8170811771259523,0.3277137241274768,0.7903122449668087
0.564427129365291,0.7930968102981355,-0.17419232150382988,0.8012162535704883,0.3405674575815633,0.87157447270662
0.5850974478580587,0.8922865302207535,-0.10673340674750519,0.9394863894091127,0.14125635353011604,0.9301301707029935
0.6156024290348301,0.9270795775806326,-0.034340157238936554,0.9299670416104511,0.0963629288795626,0.967091059068141
0.5821809542634843,0.7449015657748187,-0.05996535660679146,0.8186050092161476,0.0107550472150046,0.9338338888785762
0.6473122789374001,0.7560845471417385,-0.20549928891009966,0.6499898626802693,-0.009184084066829705,0.9028108475425202
0.6997363102040045,0.7871409807455516,0.072466552418456,0.9103548402570357,0.10976924506179465,0.9534542224287479
0.7696786326200067,0.8398599832202422,-0.13294189346020105,0.7629297197269037,0.06796073348093942,0.9440496547838901
0.8330352482218295,1.2565020192371368,-0.18224430443848053,0.925508922460641,0.12342840455121958,0.897983207549239
0.8691996033422391,1.4606436346855216,0.04240854252666291,0.994466401932759,0.1958570391090994,0.913719525669431
0.8670696949262694,1.6692030116888272,0.016216957489597332,0.8874236869245552,0.08314910906638763,0.939414948017698
0.8749063511986154,1.6563434160408856,0.019380275362003024,0.887471084393302,0.2008146713984331,0.9775413168669067
0.8329080148491437,1.667190504605727,0.2406642556480914,0.8343861095570657,-0.038798800771038665,0.9142641604378088
0.9338147745460289,1.1184133531852474,0.09711985468842312,0.8785413258698793,-0.012512288361296267,0.8292227041068813
0.827437686523741,1.061046432800866,-0.04465559571254752,0.8579679549173358,-0.08136249807696391,0.8056472532926939
0.8073028483741891,1.2348953280172124,0.20179190363166813,0.4126599919867263,-0.04143861979056137,0.8432318812110594
0.7277377291402785,1.412769666417873,0.06556432322924623,0.8680006900444011,-0.06081027921983685,0.9719392019575399
0.7734768306084321,1.598969708154531,0.24094961830797582,0.4820924344388228,-0.008647723318528177,0.9615435604414836
0.7186321214459694,1.7785732621642103,-0.03928074200065817,0.8011637364509548,-0.14958855527505882,0.932335963596905
0.8312105490583697,1.4904964477305171,0.07630483060696266,0.611161544840694,-0.09409209014838288,0.9496452950221012
0.7397835179420049,1.685364528702487,-0.0718665556995854,0.9168901645475539,0.03100512346992075,0.8759273757221925
0.7107904331983101,0.8868329875899342,-0.13030337553506463,0.9339667433607721,0.1825174855100236,0.9642953518371564
0.739895220568164,1.4964374428876193,-0.27286907221707984,0.9760819502350403,0.15644614563015785,0.9798121556723238
0.5812834133113939,1.8261641669003705,-0.34035254398465487,0.9492509226980589,0.3698693968516911,0.9339146802598962
0.5375973039176187,1.753275889788607,-0.27365458538110776,0.9572902326861962,0.37559968258801407,0.925921459781358
0.6537167328250475,1.0907854407865252,-0.44181638552504565,0.9169647719757087,0.4079634783590844,0.9271570635666957
0.9278715825197374,1.0341215902070346,0.024670494036201536,0.9007384425876961,0.30035280529728375,0.6256909059861576
0.9292754140812179,0.946350174749944,-0.19546440750687166,0.956150666416705,0.22207506247981731,0.9418522910764257
0.9273169252520411,1.2980020289914675,-0.262039222900935,0.9156643048170059,0.2156724030414478,0.9406524766550571
0.7220719678336285,0.9614760652578968,-0.21492763214958674,0.9447098867153034,-0.013284089125638929,0.9906747418551932
0.6883003167201215,1.7359445708732064,-0.08829011555624344,0.8927336342629261,0.05835829041737582,0.9481567917372147
0.7672372274203371,1.652624031997567,-0.1657321552867489,0.9469026535963172,0.0037775628148709254,0.971739803999425
0.7471876920296731,1.27773334119128,-0.4782382420895087,0.957463591588197,-0.014275792216259593,0.947274816611974
0.7177936976007309,1.4303319441291962,-0.37672910967137,0.925478446288255,0.2285820543814674,0.8533805143440983
0.6464515564130985,1.3730641497887037,-0.41382369639402006,0.9303626084267619,0.04968596849776236,0.845783202643537
0.7936013220633592,1.4333028079006622,-0.33112048734416893,0.8914269291557364,0.11425819836561311,0.8547980927135013
0.7933156896487086,1.5198497367057309,-0.3505729451358512,0.7911587534245882,0.09744681656192125,0.867160097063221
0.8063193301472528,1.4778033524542875,-0.37612804847796155,0.7746464966098615,-0.10323040906943495,0.7943726385756136
0.7956766817285569,0.9171542002052329,-0.3759271043463247,0.8099142826986736,0.14218043840432387,0.8176102563298737
0.7825995113763575,1.863296462560008,-0.049557167664858556,0.9098557131834566,0.16581371001380793,0.8091085227488094
0.6988784076389634,1.8280512631580506,-0.17994473639493333,0.919539553349236,0.3601947417640051,0.9756401260024367
0.6727773612922365,1.5264505525515373,-0.19484545609354842,0.8519667569070704,0.3668029901414534,0.9716707427183875
0.6280879104203114,1.3452101828088014,-0.15365549189759364,0.9304636657512811,0.5033498076238028,0.7558874266187732
0.8948822650688998,1.6994622082135256,-0.2416067105491832,0.7416577338963486,0.3572120399165516,0.9372719157525076
0.7559298779795589,1.7906955424296043,-0.33130300455027645,0.7808463863476202,0.222461378167113,0.8900302913098753
0.47308143630429905,1.4491856545988295,-0.41980287569001,0.8303659545655344,0.21072678492154823,0.87918954480558
0.5629270015381195,1.5541389170037077,-0.3390595703400625,0.8388650394072005,0.20825219228830869,0.9643900516793634
0.611279800316678,1.886551832911374,-0.2384348147400744,0.8998112444943954,0.185729174437801,0.9807777514005714
0.698204057602623,1.6287625377541843,-0.0766508708931046,0.9022075103331197,0.18761242491419017,0.9215562096479661
0.673639582525276,1.1493150927342215,-0.27067158614725434,0.8038007501086015,0.21001917330779787,0.9186086819953284
0.40485303581947374,0.7813248444837689,-0.33763333645588184,0.808061894090565,0.19022254062762384,0.855503160429626
0.7766747716702096,1.355859577623279,-0.34475658630787015,0.8296345594181285,0.045480694155567304,0.9299670773521341
0.8772771300707309,1.04543476342512,-0.5073525580263262,0.5780655144549494,0.022978675390379427,0.9106732584716403
0.8547524079387085,0.9995317324251797,-0.4169781890001322,0.6999652881128247,-0.0409843149007618,0.9852337057356647
0.6133729080168,0.9664779121785168,-0.219425173826189,0.9584158742842772,0.12981330957506806,0.9242527988953111
0.7084844659822951,1.0083556110415053,-0.420864983412488,0.9717864850533157,0.14463240920893558,0.8332948321844933
0.2566433805090416,1.5053467027018936,-0.09381885796001996,0.8622383091090984,0.15055903706757873,0.8699346668463972
0.4575730360976381,1.7450184523753771,-0.0664768001077855,0.8561049902514543,0.0507672922045721,0.9291217835958976
0.35232011342964875,1.6392041839221199,-0.32331051439761305,0.7191018584644964,-0.21723527732625061,0.9217759697640946
0.8047309386662586,1.616144358750166,-0.151029930484892,0.7137181566814879,-0.317302232291746,0.9273068485398268
0.7939945909855977,1.4186123097547492,-0.09729090717395583,0.8193238440318381,-0.30054086641768574,0.8514168600692987
0.8317123643100172,1.9053448977484004,-0.15266126478522302,0.7005907030082221,-0.32910803068714956,0.6325929752703753
0.8530512492535112,2.280508785329866,-0.19688064604155098,0.7479137445634372,-0.22103309856558706,0.5623069724778866
0.3210103749163926,2.3333278804438238,-0.27357796050877253,0.9009634153985252,-0.13496126596786376,0.4990218664392322
0.3212844428115329,2.083476995364396,-0.30808720091110064,0.8872093511568752,-0.11098910799068111,0.8794793006691901
0.6192206804233148,1.9783274189302757,-0.40142983326001935,0.6765095888486485,-0.012497568901950954,0.9426021904162402
0.5245686394222762,1.3135925781146829,-0.19912977687574276,0.44858463442899643,-0.05810525037647155,0.9524546746772687
0.43713757816426607,1.1804618905404842,-0.228139711978702,0.48660258384294663,0.03979457559272362,0.9266411112022885
0.4451992544507615,1.5659882437210544,-0.07866765400552671,0.9181736377280026,0.1823863145072095,0.946240377696677
0.37320340325919216,1.832766567752385,-0.04629510107825468,0.8724666926738182,0.20075100246836866,0.9911217125735876
0.6563151490508338,2.1153601682276713,-0.16062960141353078,0.5872763186026049,0.07943354724661168,0.9776600300899367
0.7778888545583337,1.5675284271448868,-0.23470496832490065,0.6994200566058333,0.12300808367272241,0.9837878847251718
0.7559344898295374,1.2285986851059312,-0.46934747720521525,0.9127393769173097,0.11792354980390454,0.9798110869429301
0.8762328809343498,1.5127501205340257,-0.33257968237120555,0.7455502298608417,0.10588071289600098,0.9041921322007099
0.7033093440616387,1.7926387775949815,-0.17639786083863487,0.9843291570224071,0.49834212402330935,0.9898820584393154
0.685113848196354,1.4196439454321883,0.21005984062464841,0.8278250178577751,0.5766185730515544,0.9804546365542816
0.6921081982118318,1.8066409824788272,0.32384506605679,0.8866739177194746,0.4312269489247078,0.9904582941727108
0.3277680092828462,1.5629411189091802,0.005428953166199477,0.9088777992260434,0.25627815412483107,0.9048177986979686
0.40417009638097273,0.7853072408859849,-0.02220451101727056,0.941489660146659,0.30057468557030637,0.9584192913895819
0.4300415175249084,0.49474505663765433,0.012495231706038199,0.9341279480977788,0.2655950917773154,0.9869635291673582
0.4237358353397913,0.64755409923139,0.08075521508566427,0.9442063181987207,0.22699746441984067,0.9383982974329947
0.5153862991443838,0.2772214896244216,-0.08059374666438428,0.9187641040717437,0.5206928220581797,0.8330734189000795
0.7159008018995775,0.43901422952161967,-0.10503522662434281,0.7474548941074795,0.344777409183105,0.8273232200044259
0.7464313242352929,0.7423251551630417,-0.03401002249858422,0.8672451858146293,0.45580491938434603,0.8277360575386656
0.7658354041498797,0.5843057373544571,-0.06694507237211698,0.8733512136826399,0.23373068693651755,0.9321803040509444
0.8551044388149227,2.4206597723211987,-0.33393170582908405,0.9127875804138316,0.22618495434547456,0.9614610430868947
0.8611324966486648,2.145725599689706,-0.15439524556340337,0.9107084063270188,0.2060646000708052,0.9924683842176543
0.8271879874273649,1.7929926899563495,-0.10096523069145658,0.9408524048956347,0.25590617629987733,0.9876436006138799
0.8452023065156801,1.7770179981671785,-0.08276526106453164,0.9179849240951677,0.137607524566199,0.9201323453377516
0.678978099189137,1.52010007963115,-0.0566086039142846,0.9959343090665191,-0.09547635254634135,0.8432709914852977
0.8189886140238971,1.25167920895761,-0.11360169098763533,0.9302355658993986,-0.1743196152495973,0.8905855016974569
0.3553036061154002,2.1313512732175526,-0.2275271712054906,0.9410553363336708,0.06203143317368596,0.7629151373858889
0.3378494448175864,1.8814067317572314,-0.4161057134048095,0.8507208867338806,-0.07445417761238432,0.7282346240500074
0.28457013023984284,2.4613307129475483,-0.1828428921087729,0.6642173660901242,-0.05628236345609371,0.9419226216597546
0.3174700932699184,2.4924941365260023,-0.12062519454120393,0.7902767796433636,-0.0027222770269478996,0.7165622913110489
0.4416398812119414,2.1560502477763035,-0.24528811007805715,0.5297857152237746,0.07256347009816586,0.987015474839337
0.5345327563283371,1.237359298637043,-0.30437550635083566,0.9188013691756548,0.1365137822507191,0.965913591169091
0.4130870098650765,1.4210538442155192,-0.42380747655143736,0.9743559475787773,-0.05092393795538321,0.9706989233882487
0.45902432362443557,2.1509938055266677,-0.47271908921050054,0.7532633044536633,-0.11793256236989208,0.9263161712280836
0.5262961437424016,1.8326125041903112,-0.40683753801615674,0.9818265754175943,-0.058682338790890826,0.9704185038337464
0.4729944539631415,2.5972636828390407,-0.5318011164002365,0.6879503879972325,-0.031012390665155855,0.9210127840937438
0.5859025817680519,2.905895191425166,-0.3534521790893677,0.9106189869436669,0.022112835435669817,0.8750895155604511
0.784646508576611,2.342670887833637,-0.1862680238658354,0.8112458924858895,-0.05449395430192824,0.9307457570401225
0.5994502289649029,2.4609460954020164,-0.1517501442341786,0.7137345893375355,-0.04363706407023033,0.9030305245001665
0.8494809283179696,2.3526195622742825,-0.3527550278747161,0.9515333736551544,0.1562563560382581,0.7803879624944045
0.6424506159201099,2.4431827732685636,-0.19673564480268033,0.9083755421823183,0.13331850301471468,0.823188696285567
0.6917897492935896,2.0140235618380533,-0.23595477069629048,0.9302051425009364,0.35847345708854533,0.8512970347335458
0.8561847224022622,2.5826504477129406,-0.33857753601954477,0.967633468106779,0.22579470982080946,0.9441491301708298
0.6401094257667069,2.3135638331780735,-0.44574077901738274,0.7987613264366705,0.2715713697302876,0.8206453525512941
0.5249666914871982,2.450697004817212,-0.3861115235988673,0.835409523746566,0.3231061478005368,0.9928076714533484
0.5348021178498059,2.159893864259745,-0.32857791224270205,0.9560199075747131,-0.11387063726801969,0.9105955172877338
0.6999054138393908,2.4840740201685643,-0.6892152480881588,0.7415242820049148,0.36195868563338096,0.9686227163332694
0.370750721850346,1.3298450932465817,-0.46448780975537085,0.891059604009934,0.25639361779047404,0.760534769098043
0.45902964439047894,1.545518799584818,-0.2796861999353882,0.7761524501875452,0.23649503311074066,0.9694953716801402
0.42579294827243613,1.8821881190945748,-0.32486083113299913,0.7471348044813616,0.12460872661434183,0.9264641453079224
0.4292805575340719,1.9359321100182316,-0.25979624031746884,0.8712968675729255,0.3468316742026253,0.9549570601833793
0.7024138727935036,1.9209622930284806,-0.1347594039404092,0.8895638307748145,0.2533473261400634,0.896944713194837
0.5265938338728038,1.641417368468422,-0.28818484801630645,0.8896577056100078,0.3057644999834544,0.9294778668924856
0.6202034951962591,1.57156263413572,-0.3537777474648045,0.7528932713254334,0.408978157635257,0.9052742042703263
0.5488744276791261,1.69795710412562,-0.3349448974184006,0.7976302786590882,0.49759502080613327,0.9922370108528867
0.544867101683165,1.3294389860908244,-0.32503037354800646,0.7353337979005484,0.497061545697937,0.9795453589394185
0.6050008261553367,1.0762570662230226,-0.27217874425378025,0.7637830879686441,0.5233127535309731,0.9497328866887762
0.5570005175003847,1.832013454889739,-0.12310027775379226,0.9458585315288245,0.4170591826202916,0.9714067335129897
0.784243314950639,1.9219037409444228,-0.32331737412934464,0.9059751432939394,0.40013072999931987,0.8520968252457694
0.43748157459204506,2.2768552096318344,-0.4969899349055761,0.8246653994597775,0.3279708449464248,0.8158122740469979
0.7942657854743426,2.3364293501961124,-0.4741265273239059,0.8928677363188685,0.3149065226121957,0.8841696561936482
0.8446220671585668,2.326683081948654,-0.43615968783127534,0.8140328699710373,0.39104252096671316,0.7736590194036272
0.46442158681272194,1.7801720928490286,-0.51524339698171,0.9578122580942857,0.18182675008197363,0.9672008015690032
0.5484635482195575,2.3499348593906833,-0.5258745843755883,0.9725333058248667,0.2652026809513519,0.9597462131866307
0.4774018542712085,2.397217339769353,-0.40216139833999587,0.8676507072836498,-0.022503046814914517,0.9659106335148264
0.5157263820528718,2.0292881426460494,-0.3758749767781604,0.9210094892805561,-0.01562745806458357,0.9365704925977191
0.5633678340024894,2.033373928525456,-0.47451635257764035,0.7680357507032005,-0.2356133970025755,0.9274735844368706
0.6559114358323256,1.895685732786088,-0.32351790718084666,0.8461404294106658,-0.348120358320844,0.9344088146922627
0.7355362763954875,1.4409122493783628,-0.3777855536477421,0.8419788700579228,-0.3709051881006133,0.9591504526890233
0.7815584803583293,1.5852506248043303,-0.4058446579202886,0.9359707231663215,-0.3236806297095231,0.9106418039374639
0.7116515012031748,1.2960359832178774,-0.39357517308497925,0.8828157360411631,-0.18138616690759907,0.9432012190591597
0.8349987659069575,1.40003666282959,-0.47634434591097735,0.8244273537809909,-0.12986447300454243,0.76908479560284
0.886506604062039,1.4437446242869272,-0.40672224260799855,0.5633688935439398,-0.2877082278986355,0.8617731272115969
0.6447392688201219,1.472802402633053,-0.4562972949385554,0.8474438321559181,0.0034815546500820264,0.9545824105247276
0.7298152519638887,1.6167002574858005,-0.4033672712956731,0.8237217556772847,-0.06792180436853747,0.8308228471384816
0.6432976457639016,1.9879999995252713,-0.05415378606477743,0.9539251672388864,-0.036328564611694154,0.7614953997420427
0.6330914106725174,1.7984109480985915,-0.20390687170199653,0.9285249674023426,0.1379743063366734,0.680297121355329
0.5899904374892487,1.8321599704483675,-0.0760338134807708,0.9449132239990939,0.1243990373227999,0.6707877689085504
0.883520143525248,1.9500666500612576,-0.13388609776014923,0.9678259882568264,0.007619759820998727,0.9467732105178633
0.7324734121096302,0.8041467403777594,-0.07389126349245406,0.9085712854800567,0.10886065252615997,0.964249111818778
0.729513513417791,0.8617485897027543,-0.04741686909504076,0.8964613508607071,0.17249336164908766,0.9267334144203181
0.840985424396687,0.81931754869106,-0.08064160347160866,0.8933205546294528,0.06334312753019525,0.9229125445017642
0.731297657023848,0.6374747336901381,-0.09298620232278569,0.8764856331293671,-0.027236548230797224,0.9922449932416164
0.8189625207179665,0.4722195079701712,-0.12870936279752893,0.7781434659746076,0.4338099913608445,0.9196307546785858
0.7051039229469838,0.4338343819560465,-0.23050120772749763,0.9301175512559733,-0.15923436643623545,0.9736720335157077
0.7142488191587647,0.3090936396401833,-0.1385019628138877,0.40330093784572796,0.04619229855030796,0.9836264149336069
0.783188499217383,-0.029601748302299453,-0.2066968878997098,0.6917584452785366,0.01961300863763277,0.8812779286323396
0.8177668756268257,0.08700791735518379,-0.2672189162365906,0.6584973266570925,0.22996299883719717,0.9213553967847847
0.74087599866148,1.2872885183784186,-0.4280384152794253,0.6571582500111214,0.24995345641047034,0.9225874287026672
0.6324683075720493,1.353013593155202,-0.44815035179116314,0.6511959736358933,0.11846523520189522,0.9912461102631972
0.6079433658843136,1.3501895235278898,-0.4783890253198459,0.6015161102619391,0.2236731877232829,0.9922427827319478
0.6375289496274833,1.6131212465357585,-0.625514843559456,0.47066518382005684,0.17302703445224327,0.9922866633418854
0.6309061461476846,1.2706897920314901,-0.5379576205178879,0.5265953106308763,0.2705882964129593,0.9449544707715984
0.45492434902929296,1.8182097192494087,-0.8212683239829522,0.923235538505476,0.21065264820195334,0.9992032627665764
0.45496043196277697,1.8793822608812485,-0.7678738587115715,0.8704066785953637,0.2614969325112436,0.9559718586912451
0.44342030810277255,1.8653521711306613,-0.8681929536131155,0.9108584064802554,0.15659265067144962,0.955629558752048
0.9044218757472127,1.8470361614430482,-0.06660354008339185,0.969550571609026,0.09943558082618653,0.7270742688792878
0.6465293015052761,2.4844694719574676,0.2749274258425764,0.9318387342597189,0.07157755119043559,0.9295051917706081
0.24838814386662078,0.5513535649959739,-0.6472964353525972,0.9583721017550861,0.05017853974129556,0.963918272069347
0.3934403834634413,0.26748609621794595,-0.5032788645160604,0.8467210237236057,0.16238732904166653,0.9616968956465258
0.6745952820670723,1.8847591013877718,-0.4353358017633277,0.9325792125213104,0.14338245839201189,0.9461513664436576
0.8054855957232674,1.577718150364676,-0.4053442672419452,0.9465200793889491,0.04274453503382342,0.9300888963063598
0.7538223867414084,1.3436123813331016,-0.45616289044219854,0.6793635889505197,-0.0396798321106052,0.8608714396478337
0.8107655555616625,1.786043572713067,-0.3493755371716053,0.8584204342951757,-0.0905113841067137,0.9026738058410652
0.7803063912430399,2.245674554034341,-0.45130311702240994,0.9165032898364907,0.4675521262013222,0.9382395672861147
0.9569713000953227,1.7443330676321895,-0.5026714376109138,0.971878608365183,0.464537488503292,0.8700976249867948
0.9493411169815008,2.0733880312129984,-0.5306605011302077,0.972912778063828,-0.0883237138684215,0.9335427264545441
0.7355440578346073,0.6423751774628479,-0.6727852113909223,0.844541474057109,-0.00978986832747152,0.9228825029481041
0.8778442406563857,0.9850856894638638,-0.912718480391345,0.907309460061959,0.07416384337243415,0.9194374135934361
0.9076869083616619,1.2173713473843248,-0.9104923946829894,0.7926344339501799,0.41921726138536203,0.971423681730697
0.4254533687626476,1.2968365721865167,-0.6116671832446381,0.9955036643719775,0.45006463849139916,0.9748846616311901
0.5893910096066253,1.260855412237297,-0.48965035367190995,0.9102364554786422,0.3313984019902696,0.9536553872098861
0.5366360206129843,1.37533144292981,-0.45581536703393355,0.879063479156097,0.2737708402623589,0.9500785283289256
0.7286482151324964,1.674442709331261,-0.16392651921983553,0.8413507464181436,0.4950380959780639,0.9448784939190092
0.7538148957842721,1.8731758842823267,-0.42048490186369375,0.892264551741261,0.44271999717303867,0.9461950704545082
0.47110729864121265,2.032552066015143,-0.5058311321194379,0.8616436551551461,0.44413095868745117,0.8897668540635957
0.6124564100819497,1.7892400379832953,-0.6610028022164145,0.9334263030389999,0.47570409694568627,0.8756400160018908
0.6238491414901255,1.7409169337288197,-0.6256072649948624,0.9142947754205668,0.370876407790457,0.9386892677678168
0.5611298273509006,1.9462811808674472,-0.45951627079523794,0.7761895875849373,-0.35867901046733747,0.8258911907017232
0.8661687614692812,0.8011669124203282,-0.5810813511759083,0.9375275493589218,-0.3069756929035682,0.914557905736163
0.7015414541484052,1.4728099646823174,-0.3950827905949083,0.8970114827344633,-0.33832724746381604,0.824083179107669
0.8740391549278017,1.9389835174322607,-0.17722768031025024,0.7436367031877243,-0.44687122889166253,0.9078411540014917
0.5359227247524266,1.6019400121239127,0.1493608352866338,0.9294183143307371,-0.3753997641278219,0.9603853033704398
0.5952427790816751,1.8257856323585713,-0.16261303792736856,0.9631609018546438,-0.2870014136213371,0.9100253028954135
0.5469584517389606,1.9933734190289083,-0.12855438112626416,0.9023159893724266,-0.3632756981927336,0.9193827114827533
0.8182008401945149,1.8996911527898528,-0.19592401204199977,0.9489763416678585,-0.22504884765469146,0.8710695888210342
0.5968116988879407,1.4325014113837569,-0.025776094902278487,0.6909868747863687,-0.1979896362473327,0.9178426423403125
0.6312850510417272,0.8906782284449305,-0.12484327783685624,0.9315925040270522,-0.1733108401344742,0.9413301902417177
0.7018919091054096,0.6581615427065169,-0.23651114380422922,0.617963713946552,-0.15708617831039112,0.949722353054824
0.690256536700684,0.6948437719720381,-0.240957492469362,0.5742011072095831,-0.2054709857471637,0.9496029380918232
0.7927974825127149,1.0967040855244747,-0.3968118283157779,0.8899125093430316,-0.24530628665950377,0.9480199624054171
0.7233379290223377,1.3117802388440536,-0.3734711328736149,0.9478153712433097,-0.1415912153196607,0.9405721027116621
0.7493899287139859,1.2459238153003034,-0.35656805365262556,0.9381660160343726,-0.2425642888359229,0.923470917714192
0.6969513800386877,0.9145478885074905,-0.27181341148314775,0.9412771088457658,-0.07177558155468503,0.9688327394409579
0.7959067074922321,0.9208281428670946,-0.22885636695570372,0.8616664273451079,-0.18466284441733483,0.9543808688678679
0.7749803964977331,0.9117519610970947,-0.3442824851631124,0.8467503654959301,-0.19722377276776779,0.9576236650223596
0.7591129256255688,1.1062690062777936,-0.23760348963293687,0.8624027852267704,-0.2950901746200335,0.9453470834461807
0.7508898101728602,1.105049631804738,-0.18623789382217473,0.8880224864074906,-0.3169549971994437,0.9513695021849543
0.8647598988976067,1.4603839362621263,-0.23155524225616822,0.8826524812833888,-0.35823978644572535,0.9668425911219868
0.6906518437441564,0.800027941358821,-0.08965502557672363,0.9075335453475628,-0.27958969874388406,0.9139751369656417
0.673540560339539,1.3417839005006233,0.002307827031609712,0.9267183393844982,-0.14794099144160602,0.9502325430108554
0.727651883865053,1.653121512261476,-0.15042483637487822,0.9129522419864645,-0.13143942674074743,0.9773133887979255
0.6168177196458116,1.5863675945247364,-0.3378239456106698,0.9597886022318387,0.02958658641067247,0.9662137829141217
0.6361291768461728,1.426626525733767,-0.3540399856935126,0.9484676184741022,0.09016075718184122,0.9215197815108714
0.61552311341879,1.4122849582453039,-0.35418786370715827,0.7908994076486996,0.19046799267109257,0.8431281399246284
0.760986637243545,1.5185742701016742,-0.30186100378866143,0.8146196893461822,0.18621626553406767,0.7504415706362491
0.8123621158545562,1.690493991210387,-0.31936336658494674,0.8035031529339637,0.06393453068540067,0.9748867317940755
0.6924590121897733,1.539434611326447,-0.3529334751881683,0.7840493551954604,0.4786825533716084,0.9720788275812562
0.7671978883026628,1.3475071300635946,-0.2821888226057986,0.6851281410489881,0.3413238626521635,0.9559849576406851
0.6333928892566361,2.480157338456574,-0.22993559627992036,0.525742709783821,0.17180226653651584,0.9599167294168864
0.6390172296130288,2.6660745354958317,-0.20610405452794425,0.9102244711403974,0.22939996469335575,0.9116298401065974
0.8452331503910251,2.605674307216974,-0.3307524336760094,0.9341612158391001,0.32003783112161394,0.9230054163306876
0.7675540747627163,2.372985137848711,-0.3565580119722714,0.8244006525808794,0.2982424004239403,0.9788182812989423
0.6902749499250787,2.0680688316907543,-0.5720679016339381,0.5987324333409298,0.18806263152386193,0.8776951308767326
0.6320139465233756,2.5001168817078123,-0.2537768935600208,0.9193946255989021,0.5516301442786947,0.9462778169680629
0.8713548722413974,1.769941567148779,-0.2042865669139447,0.9387346385575143,0.6652060939909586,0.8602026568018001
0.5877892564694444,1.6673714519427678,-0.33238635647841486,0.9258590223769668,0.31032276160936173,0.9791979966493863
0.6125394014002893,1.972746284400733,-0.28708092336840835,0.88483994673704,0.29736389417633946,0.9912153000383465
0.42399004909651683,2.0491296998426405,-0.10843054045129526,0.6432483342726698,0.3834884036526679,0.9953442215623807
0.3872899553049148,2.143976529215824,-0.09060555516630861,0.8051523846115439,0.20163727070226942,0.9963964844120379
0.33011631502320593,2.275344196394631,-0.37462932266466265,0.9378449839635824,0.1867896346946372,0.9971678697561487
0.6273001789704641,2.519748319370327,-0.32020573318070067,0.7828604015707593,-0.14340076680217134,0.9959135373657333
0.3802693341188843,2.8483754750089596,-0.3365027702012522,0.635906542636762,-0.05437622206937038,0.9869334132045074
0.6207177896307958,1.6783202352224702,-0.5033884310514134,0.823859099565681,-0.11909326887699384,0.9394783690793864
0.7212817136911905,1.459055500302906,-0.1735817234903411,0.896569336263283,-0.2631727355718006,0.883893373553125
0.6948934000135752,1.7285297800718251,-0.3595257533118817,0.7388895888072334,-0.03746253783060428,0.9253265064516495
0.6582872551372925,1.9737698539421982,-0.5712470563767098,0.9058942259341829,-0.13704943156917573,0.9095683176296475
0.6470623248846359,2.0289198068721683,-0.3647219266862813,0.7589179121851335,-0.3795042715345337,0.9796298046221705
0.8180568408299609,1.4953199727872444,-0.4860641803768426,0.969592217479926,0.12227209986385788,0.9430771131142182
0.7698259187373715,1.6425450067344478,-0.4520955658982707,0.9602379217615107,0.3524988189555245,0.9548327457416224
0.8259158689589399,1.201168381980492,-0.7122797627925923,0.7400932318001469,0.16781711537423044,0.9380754157409608
0.7244366753776629,1.133310496755702,-0.5249129093104744,0.7346586566186685,-0.11574884940345047,0.8539449670525957
0.6326561716600101,1.0948638676939677,-0.4916764462927824,0.8267853767704277,-0.25842676196959385,0.8559196272376236
0.846543950383733,1.421922867331816,-0.5943713088086031,0.8604743138363848,-0.40752348429692414,0.5449048256202539
0.695768351982358,1.2562688198941794,-0.6157930897740734,0.7669735395070099,-0.23561796434805082,0.8995450933514104
0.8031369170602239,0.37089005495094657,-0.43448632317905633,0.9139318048916246,-0.2340335061829093,0.7115710983523067
0.6538238387512235,0.90646573585959,-0.43524635923525146,0.6773951285280154,-0.08886009071078432,0.879197694161867
0.7333374382623848,0.7177359765598391,-0.4174270566163795,0.8701685732042108,0.05593367906408419,0.972824939217409
0.7356442978380651,1.0365737740836907,-0.3972349159211609,0.9763634017546194,0.15322449304091867,0.9468569702438548
0.9173851829315464,1.3963103512148884,-0.4009443605216706,0.9560475331736987,-0.16020209806631172,0.9493440022350356
0.8561253876984719,1.7286504934197058,-0.3579658454171579,0.9660092981617794,-0.1076129858526484,0.9496869995260397
0.6883342596566353,0.9102071131622157,-0.29421357227969386,0.9394119960199587,-0.23164115108344324,0.9358198397458211
0.8434346555033312,0.7583395442449782,-0.14596634703118383,0.9622736014886826,-0.2848396537059677,0.9796262642160096
0.7397192007111602,1.3297430162990074,-0.24883838092363855,0.9332734961871181,0.11117970285470842,0.9357488919394298
0.403733124003704,1.122738315214527,-0.24984046988844796,0.7953948525945863,0.15374830477978266,0.9859544672041767
0.40233747441239076,1.7594950116393415,-0.2986499726945436,0.8073962951056887,0.3034705675515552,0.9896528739298363
0.28586359018495133,1.4898569651567994,-0.38183003693045453,0.8790835843680608,0.13362977248658656,0.9492123821009449
0.3277066367831222,1.7036568510376564,-0.37669061846887786,0.8226229489275133,-0.13445943354994572,0.9874184371896428
0.44549234713487684,2.1523131363486514,-0.4299858198571523,0.8509727828715995,-0.11046033972012995,0.9659519217851142
0.6219338701510534,1.6180303850442634,-0.4018628855375678,0.9766571869401973,-0.18159181111558506,0.9635978461516611
0.6161430450727733,1.5794237891755853,-0.39731922172526646,0.9620831298628301,-0.2379367904976897,0.9497007381143932
0.4879237076376186,1.4019352745164337,-0.3756036527183277,0.9143321944650826,0.08623906899420064,0.9841636132383302
0.5004998124274901,1.491260629927186,-0.41416041383784047,0.8533123977462821,-0.3692532024783797,0.9194939269816924
0.6146651759110434,1.0137289639942613,-0.25877979585576993,0.9728355974076588,-0.29683712481750024,0.9477570923829286
0.5682267390124445,1.245485147053466,-0.47423128355788813,0.8922057306863473,-0.2921236559698861,0.9723816399212998
0.7876665188916239,1.8765669896120856,-0.25600560607649203,0.9382853994538913,0.6171367571383345,0.9651567484914537
0.8407445846370217,1.900342244697216,-0.262422521506544,0.6511832533214424,0.5828819500062699,0.9500368188218796
0.9393954817169528,1.7164449624257136,-0.30688315788910714,0.893896380202872,0.5873460800727497,0.8731760420263737
0.8437254042298442,1.9867290116568983,-0.07550507657199829,0.7304118606659397,0.07914916559569433,0.9249281211025236
0.9209361226001856,1.9696656514993471,-0.12970762063298924,0.7737308869631815,0.16673392954786914,0.9789179894103955
0.7935158348034899,1.916468250704762,-0.2175530311455375,0.832650598514207,-0.1737412336649108,0.940139209096636
0.6795944601247087,1.9262099721864263,-0.35859044322785744,0.7103953030906421,-0.08653344500328086,0.898547545669178
0.4933753202998248,1.6910106375891123,-0.2517917470913322,0.8478708472118439,-0.07327883657440742,0.9766920647472316
0.8301641261498209,1.9539573276775672,-0.36796754435641904,0.9262441328675144,-0.027126180307541735,0.976819969349974
0.8740912442723512,1.269078736878373,-0.5740607791433076,0.8489424075466714,-0.13852613074180897,0.955468391557804
0.673962963448516,1.5966578255433193,-0.5818544002874892,0.9850898700656145,-0.19829069947972447,0.9816767865214802
0.7365556766704887,1.7189526356310636,-0.6383392843196936,0.9813663380731927,-0.18730753971472103,0.9912899855237234
0.7140347770113089,1.7700095380037546,-0.608030992487382,0.97251259591308,-0.23394640377751796,0.9501092830516525
0.6545474077170381,1.9659244921796186,-0.719675207101507,0.9895214719572345,-0.3430171926373068,0.834215217901034
0.4323458821064507,1.6947693935512798,-0.719709095340668,0.2346545486441303,0.09700977916284353,0.8946943215910171
0.5202564116610491,1.8396433527891132,-0.6708336384668286,0.6587131256458115,0.0450365013283667,0.9831484139030796
0.47064748916367183,1.7530391925806346,-0.6258792071351581,0.5592082755149654,-0.0665929818087695,0.9409687374296337
0.5755204672710046,1.6995786318436958,-0.62960366134953,0.5456608970489998,-0.04586968104697609,0.9710219166700288
0.5973556762242072,1.755699210494925,-0.810233660551849,0.8137334841031564,-0.07846566113202384,0.9426971480505664
0.5836091839376534,1.5740029019578567,-0.46339750907321076,0.9231039699181478,-0.11663048627031851,0.8888665325731353
0.6500210386554109,1.6433922876613047,-0.585998851221646,0.7030515635729464,-0.037749718438993676,0.9562649578297235
0.6703445580441821,1.7122448055123025,-0.6105267233297419,0.7504413422507895,0.2388424226454292,0.8873761211803273
0.7281815778419946,1.5744347837655561,-0.23217235873897174,0.8537776027770185,0.14226588726249814,0.5956697450564995
0.7893238281505942,1.333062975885729,-0.10617373018107332,0.8359652107556209,0.06734894582713279,0.9311235643526522
0.731478202385711,1.5313617085283542,-0.21699268664695592,0.8337172732386028,0.1435776693880722,0.781524997165713
0.7798287590314803,0.7041699124119333,-0.247164077190397,0.8438324291494342,0.14487840906804558,0.9457175960308767
0.6731698829452372,0.8699090263535334,-0.3995154769210839,0.9036963527393855,0.19545078211194727,0.9563933597802737
0.7619967105527289,0.8351007725678338,-0.25757240307254325,0.9496634428089221,0.22668609848074112,0.9851381022799509
0.6279330018930859,0.9778505878765652,-0.35852484367914267,0.8790590207541531,0.6094498352852757,0.9141601394740169
0.5929066068008468,1.149831890654334,-0.33723377780421815,0.8473746938265166,0.20996826794464965,0.9975854928780911
0.703961933070657,0.9214022249344509,-0.2430837059682176,0.928062897020646,0.28604057287852364,0.9970582712612441
0.6558364366292719,1.076294005582227,-0.3395143989733371,0.8666668701752297,0.021519243968659854,0.9993247432210912
0.6788793418302272,0.9371436456201208,-0.15266680164805038,0.8670609087898888,0.299578129825601,0.9869864391751395
0.6294181217565897,1.4166971958728551,-0.24950341013944233,0.6972715486343322,0.18851673995628884,0.9997102883716003
0.6569942596722413,1.570066150080987,-0.32621231578680565,0.6008880399346153,0.3645524250734313,0.9990015856111917
0.5917646850802288,1.6510063167852216,-0.381577808815233,0.5782138524224765,0.25176258299488713,0.9835509308998944
0.5709758672836368,1.4629932129690002,-0.3175850997079798,0.7713661164790858,0.30517694989141814,0.9972370796039599
0.506759125948601,2.1623590742829637,-0.364478460159793,0.5321984189402141,0.2348921522686335,0.995737098206458
0.33846897860599867,2.4759493580259204,-0.30798657449348743,0.8625238820452042,0.12638766302902954,0.9982433501932569
0.564042420135835,1.4925414628317486,-0.17045388715317938,0.896340551538872,0.1293895137116767,0.9767092549662836
0.4612643985653582,1.8965276816912677,-0.40866317153913534,0.6725653738019599,-0.1115921068575698,0.995684976572932
0.5901126325510944,2.3418810248753172,-0.4639594654407801,0.8128602433478028,-0.15570851904145075,0.9935639496483353
0.6850957311735582,2.1990215780219065,-0.5435832972249666,0.6605781120823027,-0.09689259701448252,0.9991976313472063
0.5119073160033333,2.0457580423556045,-0.47080866191730697,0.7748466003461624,-0.039920921053128985,0.9994618131830061
0.4907289400038994,2.0636266295320875,-0.49183555665986334,0.7463874832706692,-0.1973864131937132,0.998032197299207
0.4293997441505738,1.4459468462886507,-0.5365902000254186,0.7963006474082429,-0.1213431081417124,0.9873733338433478
0.37402623790797934,1.5947064328378922,-0.5836933087022913,0.8494254035382041,0.23374792807320877,0.999889446130337
0.47510273951126936,1.8244758671780112,-0.1944821273896774,0.7347328327263879,0.17493185339957873,0.9997932266296867
0.5221990551888878,1.8318491265001267,-0.5714745711682642,0.8148568891051244,-0.09431367031901881,0.9855398425422818
0.5005066216696339,1.852211918645629,-0.5194081427762426,0.8296338473133854,0.1240979958317065,0.9997928865583288
0.6063042563903223,1.7497116530598937,-0.31323489281856437,0.7947134347758932,0.3157624324867402,0.984491033307768
0.6914219525923188,2.266040507926633,-0.414538301815017,0.9606816325272844,0.22488615050914829,0.9904194693781123
0.3854678436471919,1.3237918402796576,-0.4132384137563794,0.7770384344684199,0.1283720543242341,0.9984891170518209
0.6155581001399746,2.050758480149605,-0.2751820983399539,0.8752358625109279,0.0704912057955553,0.9989394943090668
0.4818805578976898,2.344247200606087,-0.2460720064852092,0.4164895112412153,-0.08100916003953625,0.9843660515263996
0.7295127766352346,2.379132544156784,-0.6595205034239746,0.9819357833276365,-0.11480344855765115,0.9878643187512475
0.5850725184579398,2.2291363356641773,-0.4654885616114767,0.9820966607564786,0.4467844887719572,0.9966359835891043
0.5355180666455064,1.528855262863704,-0.4034890324241083,0.9535785545510022,0.42843927724457254,0.9963324357718334
0.6622431737244932,1.3411247110253814,-0.5049843406084841,0.7213177740790283,0.19348517451570765,0.9886388707801469
0.359444439213493,2.0434920855740235,-0.42890376572453015,0.8133724858507482,0.16236891845278936,0.9918977727380599
0.3739630315053028,2.1142607580768615,-0.48406581881517463,0.7060081818062426,0.12817472627379983,0.9732845264439979
0.32848930115107716,2.2988206481406106,-0.46904054467748113,0.7796064081986451,0.16878782645008497,0.998197576215973
0.5656566986314523,2.056045897979273,-0.5272464153523678,0.8992025077416131,0.16241793799155138,0.9994109786246317
0.5938015726113582,1.9350587668096428,-0.5285716563184448,0.9327234764953165,0.3077133167861086,0.9996604415857401
0.5978179727021533,1.4457787179390484,-0.4971171531559011,0.7302347000871537,0.11577170375587441,0.9976920568361373
0.700167834965227,1.163886230812007,-0.6561984978876851,0.8820345247828157,0.08630629958315945,0.9888050909503476
0.7873392119464488,1.5569463214255257,-0.5818819703540983,0.7775615012062915,0.05951207808940237,0.9888549115476358
0.8593931293184193,1.2063739632584347,-0.5804766409985314,0.7455055368874047,0.23605053239405052,0.9949993572134835
0.7494176379126098,1.9203380679788333,-0.10223832412991556,0.9567147995878191,0.2333798748437735,0.9959938096150494
0.7854645153623517,1.3043343490772936,-0.2579047300011152,0.9760690858629637,0.17279836734315182,0.9987610271988959
0.6767199280716428,0.8541046670372063,-0.25549634897715623,0.6412566865651653,0.16254805603613384,0.9995765171029651
0.6905557299087458,1.6667514022178238,-0.3330123114472407,0.8758865706787573,0.058328885442631866,0.9941161874216492
0.6582394939978284,1.6498722386997937,-0.3895414199731897,0.9277266054054297,0.07375562910194412,0.9974512709628073
0.7351240411688292,1.7088142050952984,-0.37422999694520187,0.9179931058758082,0.16479825251064725,0.982260399576944
0.817767983281064,2.0300984598148935,-0.4415823803259951,0.9884143863113442,0.17707112011019546,0.9974267501212315
0.8406296479673451,1.3806093518994367,-0.3597608752086971,0.9872960656645393,-0.008480733443948698,0.9929219750151933
0.6511437122855831,1.1107011301868388,-0.22198139316525667,0.9236130644376381,0.15760421063292282,0.9949952824094949
0.5625920358317628,1.3924768103410214,-0.15926248742742152,0.9064223348306331,0.5186294386550375,0.9989051928570698
0.45400872431926914,1.6547636218170816,-0.13309811622066328,0.9708707494282771,-0.1567738927877417,0.9845434191518357
0.4740197141599406,1.9907650628599471,-0.2018493667263991,0.9823147186072467,-0.08683698137607666,0.9853169397938666
0.24574759513160413,1.557530983439581,-0.19701507727630024,0.3646142885773373,0.03145479935712414,0.9988640044275162
0.4108461810010291,2.032012090596821,-0.23096812651235094,0.7741823798484461,-0.07965212908758641,0.9878362390513148
0.3792076808735502,1.736474609236554,-0.25959428233792375,0.7803226678220859,-0.0607596824557645,0.9939920720001894
0.3637466568899856,1.6920316353544675,-0.5130393901286496,0.5708494911344905,-0.08180305894685763,0.9908387132652868
0.38531182198107733,1.6380999137565824,-0.5317133023191905,0.8099350518103444,-0.06390362061877529,0.9803171330147441
0.437845996029002,1.9982216239751038,-0.3503525981771418,0.8626707157208325,-0.07304255500331518,0.9861460729075422
0.5759881041972531,0.9881994248041012,-0.4056713575424249,0.6925617041840364,-0.08173457034955314,0.9939660564539902
0.6538671888790831,0.7791191700443282,-0.30827415293797283,0.7648391689237883,-0.04341124989719206,0.9487969486834347
0.529339404674775,0.8953801796982214,-0.34237151182842035,0.7389508168201522,-0.06777407859584829,0.9939839106098438
0.5069547834831875,1.143333498574744,-0.30637275001957853,0.7551351618237803,0.5254872111917841,0.9999490933632038
0.6288581583710178,1.3059680202583608,-0.4551790562216488,0.6706174051971151,0.5305718551745341,0.9999809433706207
0.6115515276505383,1.186612275463118,-0.49832452111293024,0.6530868018091828,0.5070517533120651,0.9998232969234666
0.5949452051738003,0.8497914620954108,-0.574666116063579,0.9462027376673081,0.326116729450295,0.9775747255602751
0.7936138228629815,0.5383617184265931,-0.5108088415223674,0.9325207816808976,0.4043185705448089,0.9892516514631966
0.5664099129529188,1.669689236481766,-0.5990707714809738,0.8957570813163396,0.23643401209461065,0.9994427825186704
0.747291636672907,0.711772089652889,-0.5444836624958713,0.6908453239448066,0.2594097626599246,0.9993948303292571
0.5022975228100303,1.5670455797685408,-0.3771308913117555,0.8978579462961426,0.24621462852541603,0.9978587501206356
0.5512930048861622,1.1188201064176653,-0.36679896962490166,0.8524980548278893,-0.09460264000002759,0.9090374862290808
0.8461662382639132,1.3455127798018558,-0.40807503516662946,0.9823001108739695,-0.025786568504750022,0.997642320774815
0.8183975980286988,1.3631859690236179,-0.32531243492869966,0.9201596607526091,0.18852325696632727,0.9860781197823812
0.8566027130786674,0.5220460731115966,-0.12885818320367026,0.8989783750624022,0.26890867917710604,0.9955633021734422
0.684009824433589,1.3371148833752011,-0.2359302634364156,0.8838605700250898,0.09439000530721754,0.9895751826077522
0.7072427207713792,1.3219088476595537,-0.20259072920062926,0.8684131089629922,0.1030410297432724,0.9840561066431407
0.6822414007563904,1.165902215321318,-0.401354054130843,0.9688717532710976,0.08123871104272769,0.9685731399906905
0.44101033678665646,1.8340933165971331,-0.5272752492167875,0.9045189113534904,0.04732044585453247,0.997962361238127
0.7499893786128957,1.514354943789462,-0.476505120408707,0.9275335049493455,-0.14422160516333907,0.9532667683934554
0.5914544728577691,1.5614159987984695,-0.5883183141935168,0.9650328368198977,-0.005106076329821,0.9660963655487661
0.5942297014315766,1.5987785332729754,-0.6138538846286946,0.9009398852836434,-0.014797434735122942,0.9022383790313806
0.917566158709977,1.365318510832582,-0.3067329290543638,0.8000547563233201,0.07531306712555616,0.6923726035679191
0.9079356909326026,1.2641579950356179,-0.3269893497046268,0.8367677053344059,0.006917349244675306,0.9122679909319233
0.8185112689618905,1.6518974878189,-0.32259524406987977,0.6162794747239267,-0.2047989583752054,0.7749319969154346
0.800450416985018,1.4279877603693147,-0.5345843194756885,0.9488028532619317,0.04212280885254453,0.9917480569963287
0.8458974545594697,1.3167112697803949,-0.5100171292623834,0.9461187208401441,-0.13155252428911812,0.9871540016387697
0.8243995521946383,1.11562630079152,-0.5176749847160008,0.8584856519696422,0.04187738450957443,0.9058970269282046
0.9095540573006263,0.9008222346301532,-0.5427797485775858,0.9206939140873359,0.053657834183381284,0.9432763730389521
0.7464145950497121,1.0501094693574227,-0.2664060270504468,0.6911465036897515,-0.02137581229519616,0.8971369840262102
0.8688253920992707,0.6602266810805937,-0.36796698485849755,0.7276253363469541,0.006430779647334924,0.9088454940093869
0.8252595324337406,1.2896899833023627,-0.10836288173305941,0.9648926258116745,0.08279122930800109,0.9138030036548783
0.7454367046100683,0.6495996021392865,-0.32018724368110296,0.8500136427725198,0.1376036854071232,0.9548379333307379
0.8843881554893194,1.893594150640047,-0.2267316631633225,0.8747041244019318,0.0201047033156968,0.8896495871979512
0.6330078196331751,2.0402027706300414,-0.11671051527944244,0.7833008621088423,-0.009721361862484294,0.931354857112688
0.8050608709382563,1.253646243877379,-0.1905432428134855,0.885801845252335,-0.11168066662405447,0.9135170190149282
0.7787375489915923,1.5592436413640616,-0.3990526924760509,0.9303142063885161,0.07538630350223521,0.983685012113863
0.7829691788740486,1.214468466220013,-0.4341426496626761,0.7004512117984893,0.022088312801219177,0.9961662919609716
0.8035931467844724,0.7050160910384908,-0.23897568787908446,0.8673720628453814,0.41206955733572903,0.9541149700670083
0.8525848617030397,1.4393223910120934,-0.4412139514830451,0.8442314038924106,-0.10351567248595983,0.9272418305995425
0.7879808176765044,1.5102263425605067,-0.45206469364579116,0.8480851834948737,-0.26755478920568126,0.9754593308131446
0.8580184423875256,1.5341887393345977,-0.6405189040343766,0.778957979184209,-0.0970453294889665,0.9850148094660442
0.9321075482509352,1.653867836477607,-0.6847940412852989,0.9013574256312022,-0.3453391738058829,0.9437591900299245
0.825077970843737,1.5644902137074626,-0.6507696229780393,0.853386895797791,-0.16878134330504,0.6559175233064667
0.32431153216194547,1.1759560275486263,0.27942996659470093,0.9215279659071762,-0.1347916686554261,0.8436987594729488
0.5624515899297865,1.7830739852378577,-0.11097552010291285,0.6327506490695846,-0.05529699850426389,0.9481087173055937
0.40821225305520675,1.2659893858346398,-0.11696789279751446,0.9251715285158898,-0.07343036758084291,0.5467279001728198
0.4980367477750925,1.7527980322111336,-0.06990080355564329,0.5528059614577225,0.10772857673869891,0.7520364259160504
0.8027881234020662,1.4852007457256589,-0.2621840541219139,0.9578372959304329,0.19131469267299012,0.7655925850385953
0.6544673529334973,2.023702634236946,-0.24405567369595757,0.9279932708428132,-0.013942747912505353,0.9634126390489393
0.3979837833370695,1.2373623575240145,-0.09144354594324887,0.9839728798455764,0.0483968305316275,0.9340483189097202
0.36058165498427736,1.208419150396569,-0.06937556759351886,0.9502913011618165,0.08626735781221104,0.9663360721695324
0.7669216989804885,1.4834540249383663,-0.3894034447843147,0.766352339009707,0.019747684287694994,0.960299993601354
0.6221942605203703,1.6319316544911553,-0.35399682275983796,0.7638093884980366,0.11986793496392366,0.8916184110168637
0.6104199474286457,1.1150577595310442,-0.7728861061006198,0.9567391218770753,0.2434336273920757,0.9292968398956234
0.7108135539282918,1.2318504532657533,-0.8158789226902258,0.9490200413475484,0.27293831193743945,0.88812410341992
0.4785751316742237,0.6389641226119317,-0.42214384624152274,0.9469415892626565,0.23847856724099453,0.9306077231539958
0.6229684847201682,1.0274026609616471,-0.3956556649861353,0.7349400268492348,0.3796569221400552,0.9296154081090121
0.4167684307676413,1.5116477392024932,-0.17760164442268273,0.9243573501460125,0.42321862047122594,0.955424560504853
0.3660072336909472,1.5627550441846756,-0.12668931014511728,0.752106618721743,0.31026827497290904,0.854325263344992
0.6919673159356278,1.112403947599447,-0.07468038321155389,0.942577681555583,0.24022143070278174,0.7690819499230753
0.7371340965288363,1.2633454279004321,-0.21786673295321315,0.9592355001325545,0.05770611030358865,0.852733927861946
0.8182525712101133,1.2656240904947333,-0.18407194049011968,0.97482027163435,-0.12649940410446195,0.9383178132812712
0.8834462731637529,0.956151908865691,-0.06465483870675687,0.9802210708320425,-0.1384075381533916,0.9498385418091848
0.8325868228177856,1.1934251314494102,-0.1836815329153613,0.9499660562899646,-0.15288148573596191,0.9487407913028855
0.6616591123065666,1.7470522638245687,-0.14259236067631526,0.9935608407789713,0.0945802325819909,0.9096838904392028
0.6220256595585893,3.137907836300601,-0.17379740146616762,0.5118268075724979,0.16175507515051152,0.8917719622819198
0.663038080083871,3.189684906898963,-0.18797413056380086,0.7091305575967923,0.3462289963975716,0.9484121386074271
0.6399761630441693,3.0466584304537223,-0.11249455878658618,0.7784752774821453,0.2464679865866745,0.9810164933726627
0.7511684380142376,2.654282231335636,-0.15204788850082074,0.9371298519591658,0.22393240432658043,0.9953757298094627
0.8471015569991758,2.0926089651502884,-0.2954146280330061,0.7677399526313334,0.35712537091995583,0.9811315562268746
0.7379728139555598,2.3768536532683497,-0.47925320102312235,0.749198696225675,0.33530846621645066,0.9950556770105553
0.7889229697146717,2.5698574736004813,-0.2972375108544959,0.6866215855040263,-0.5242751520594016,0.7532128270824849
0.8081412849477821,2.4020854026796563,-0.49909041131630943,0.6857952080356619,-0.49954036836441135,0.7562568565979088
0.7086717913422693,2.425315466132472,-0.43704528186711994,0.5431421864508044,-0.42486226408913597,0.9547612343068271
0.7657926573169879,3.140976771593618,-0.3790991195200173,0.7426153042830312,-0.3742936445825236,0.9721124391439376
0.5569626046636141,2.2460052917029354,-0.3524486876889267,0.35173469173190375,-0.33871316322706985,0.9826226956146639
0.5395420409685994,2.065282075550012,-0.3747478744341991,0.39655153154789374,-0.3490775257404764,0.8997749036784138
0.7259000142457336,1.1234359903452418,-0.39774962299245553,0.8154081832671762,-0.23902498696918267,0.8882572544035146
0.7038774067576027,0.9309555383428607,-0.09480259549911095,0.8002009521091042,0.01182952129212505,0.7215163266721362
0.8120496094105107,1.4386681952631488,-0.25242672586778886,0.8771000515270134,-0.0630849789081406,0.8991118088265074
0.46292037972466016,1.8952540269246052,-0.06852883402354056,0.8391963392789448,0.051162212627250826,0.9560351183464997
0.387049559362469,1.270277241559254,-0.07544162087173858,0.880979841978414,0.03072850099319306,0.8891971322428085
0.32435778112936037,1.816268043114806,-0.192063920892682,0.8348970753216364,0.002063779611770892,0.9155843229397096
0.7555603327207462,1.2687432096791504,-0.23553788860196395,0.7182168028439425,-0.17506167774044804,0.5028966974400083
0.5904240205521984,1.3932908338963754,-0.197651538291017,0.9115943667013611,-0.1374480153764739,0.8870304017455718
0.7337030558808829,0.7633919054784953,-0.45306236602211253,0.7692893409399948,-0.14786572548819177,0.842943782181603
0.6764679525357682,0.6298826961994975,-0.36624897717137894,0.7823672753271707,-0.07454254151397963,0.9362378242827902
0.6684892722140782,1.3162354280756874,-0.2085806930126811,0.8002165882933446,0.09690209646606873,0.9980963576793216
0.6385918900852913,1.3699723243155935,-0.10593849664892509,0.8431920064962671,0.26830622796299924,0.9941831148556785
0.8408088122747948,1.5202092841517145,-0.2980231204069408,0.9265498565483095,0.16756105826380582,0.9727554157547873
0.6441078765112985,2.2145247477478787,-0.19385689583604915,0.9573690875630109,-0.058223113912223054,0.9343097017417239
0.6402963973682236,2.1983855542217596,-0.17260203405854727,0.9451067065739386,0.14311915995274613,0.8918446141069962
0.4126614341866311,2.213484423982114,-0.23680457050512202,0.8527233940431149,0.016190796635326746,0.9569432762763349
0.5466184389816474,1.9388641128594242,-0.14920751690314166,0.8647044728520049,0.1830438269220974,0.8573357376491443
0.8376481041647846,1.6847823892546994,-0.39447582620501415,0.9009570141826079,0.6260551064153406,0.9638949700444578
0.6963384301314821,0.9523126284792228,-0.47594315922200026,0.9137095968755903,0.5091170916747395,0.9308660555121793
0.7226869976935332,1.1722727299304503,-0.5696362458649725,0.8908652060551356,0.4464679068265416,0.9459672025482634
0.7103007679973917,1.919490750588745,-0.39896388870343474,0.8827797666359313,0.0970096785062321,0.9953035153337106
0.6539816255246381,1.6391657048037622,-0.3952840687790807,0.8531636285007672,0.04454312689157249,0.9952342967100923
0.6392996285497567,1.7021831396362213,-0.3831005525405813,0.9555497041232923,0.5300951170195737,0.9486027689064308
0.4932226206440534,1.0856359232447645,-0.2642233368694327,0.7623426942057033,0.23750118089456293,0.9511471247103082
0.2833769766988605,1.1264228009989738,-0.27451878648554706,0.6261998021197158,0.25890536845956225,0.9376859400582962
0.4053068606879792,2.4474551933377615,0.07409354361859644,0.913352367707343,0.19841680785461657,0.821051756773926
0.3785480199652856,2.0055422619371877,-0.09748136568665686,0.7605285427870915,0.2620961894694666,0.9336712736307218
0.4539490293507432,1.3724698519837635,-0.08460434503857114,0.9435541183127228,0.37219922362570107,0.8128804754583118
0.3815749986339142,2.0860052524600774,-0.17356891822619655,0.9212539784897184,0.22984014814407644,0.9862516513479161
0.6941646196850025,1.284247584751235,-0.10443355758068809,0.612845760106053,0.1392650221758911,0.9561074729798575
0.6776230840971041,1.2672441212460062,-0.10882619188663621,0.8618902690633035,-0.07326677714190191,0.9491570338282765
0.3473078310467269,0.6438584896350047,0.025356129122553164,0.888776670170444,-0.10679635596150949,0.94639457128244
0.38123405946677696,1.383015150480225,-0.26683102571312933,0.818604126195049,-0.004684924523599951,0.9202671034958483
0.5100459827954104,1.095795677730184,-0.3177728288939097,0.7818860132043053,-0.14815576790254711,0.968185338796561
0.3890544571127563,0.8300448597223273,-0.37961461712222677,0.7692462317053685,-0.01799354804586852,0.874683645173402
0.3008437903089595,1.3984080179351188,-0.38568251537283255,0.8718803352608688,-0.09693230695004514,0.9185350990524058
0.44396768732584924,1.1693438475237588,-0.09949133813990745,0.9880306593109528,0.018637388362338587,0.9574491276939682
0.2615152646324505,0.9602548713211119,-0.241346980392566,0.9800088215382813,0.05222140103655346,0.9798465970005352
0.4070536582085512,1.1399923211947165,-0.29977807754469415,0.8600852914136659,0.13079473256675545,0.9894679548883241
0.5832902862629861,1.2965787919005105,-0.004016990592255446,0.9428422087429026,-0.004011895972958967,0.9430226963358872
0.5613929353553682,1.4904736221738202,0.0513619034110531,0.8377049659269447,0.005776228012497076,0.6932086717637597
0.5267859128476083,1.3552762721165144,-0.09490558821360098,0.8377758531244937,0.11544077940819329,0.9189396351982216
0.6604635410202608,1.627582098340554,-0.03610082029365776,0.803428406185037,0.1053633272063306,0.9548003862342548
0.7066920573011223,1.7832431822556285,-0.0575163114666509,0.8012820955750093,0.31313026614214473,0.9654294373597405
0.6161849910653932,1.9383470379396097,0.003187063030094713,0.8859024100220297,0.5486550285165714,0.9275517381199968
0.6159808567738041,1.6680168963270434,-0.08687619407760379,0.8197559785140133,0.45990887498039645,0.9097875054468431
0.37436254762270477,2.526994086424618,-0.494185106313529,0.8128473882519869,0.5141618247025359,0.9128408093334631
0.26615670378800627,2.5164533047790387,-0.35660279146156165,0.8337740353413099,0.3300075076914023,0.9721809306817445
0.20393146252453104,2.586871167684821,-0.439073047753013,0.7835974998787484,0.45723599378891294,0.9248621486806406
0.12337804569206372,2.3626970254906254,-0.4177466500824722,0.571176371693027,0.5469457785830846,0.9144414149437332
0.3227288633544081,2.0564389505773595,-0.5538747718149575,0.6972112312726678,0.0983474008192608,0.9900974156805945
0.3954653121489888,2.074272071646965,-0.7076544857541576,0.9193359183419921,0.11389476124908503,0.9920236416387831
0.6053351575928517,2.4739877929160907,-0.5721694168222861,0.6819991824223781,0.047193933658515166,0.9895113019250071
0.6251200204219377,2.525640404129531,-0.5932032437843971,0.6795980084320571,0.2013182656033452,0.8643621857802508
0.9011198121845436,2.416270271337441,-0.4167397314336429,0.8653162533633019,0.13367406520153974,0.9322917887412995
0.5082813710465711,1.995383177995281,-0.2017553857270734,0.8525808811924972,0.22663859240666193,0.9255018791237779
0.44341928395744906,1.340147352030589,-0.29444253916802665,0.9432230374078423,0.3392215009381788,0.9043553725006194
0.5434822164820811,1.300657656484824,0.09608980460847283,0.8296025133562079,0.26309902485705167,0.9515716407398033
0.44918773267828055,1.460613882356852,-0.01785617972697169,0.6273167833136575,0.1539024639987514,0.9714807361680347
0.39235800804217835,1.7606072593135622,-0.17758815465355304,0.8630468133910816,0.19652667402715301,0.805273908019674
0.4330642708133686,1.9040879212729014,-0.26966006911444146,0.8843218134005401,0.04890445956424769,0.8064398089314255
0.1265529513369438,1.9179704320226412,-0.356765102663154,0.9680717446568163,0.01182432773049157,0.8810584684196602
0.2574138501355793,1.938019093266458,-0.1403971473518108,0.9517736728781732,-0.03326309453589659,0.7242928427798333
0.4231141361137344,2.1935057325567002,-0.13670727529876595,0.9335753278654664,0.13929909242653826,0.9050011639571957
0.3672485755663153,1.6854144653661718,-0.2107867028262924,0.9359090282848157,0.1664043151441641,0.8617624114301473
0.25049155813449525,2.3608837423545843,-0.1759063617459399,0.9080234664489797,0.034305929036666315,0.970248185747759
0.330615853944265,2.199898997976028,-0.19032617553369524,0.9163910334090899,0.00669251642557339,0.9730247977544787
0.37077627682917597,2.076719119760986,-0.25735202884971825,0.9072638505271231,0.0929966661504702,0.961148277740771
0.3568261202502922,2.2434420423659622,-0.2776284734847917,0.9156572442383508,-0.16122523006744088,0.8620276729185993
0.22360919578418992,2.334078490720371,-0.18707067356088639,0.5667529947259206,0.02816400111205226,0.9064325565886097
0.21281374618719293,2.105199771369877,-0.15402201754457637,0.7589388174946541,-0.05467542034168372,0.8244341467734271
0.630552150312872,1.3902703321606606,-0.09316638301204735,0.1386747145806933,0.10463989791838249,0.8012652788790388
0.7315442453651382,1.3151920542429707,-0.2637970937774106,0.6825366350019262,0.2888798461100933,0.8506991518761836
0.6365474121016759,1.6608265647636196,-0.2656402094833267,0.7849053754190175,0.3310843899075788,0.651624985286683
0.6615163983332725,1.4540216499037448,-0.18536322070717262,0.7182223319149912,0.2766950419832185,0.9470741681188509
0.7734965408435379,2.5196362662369016,-0.3659446595704639,0.834980860787515,0.28206350971697747,0.7691848183041317
0.6285245710268113,2.3584140720663065,-0.20834459851280185,0.8481967333962434,-0.20178821849567258,0.974798540367536
0.5254098861577917,2.1002211336281307,-0.4209695148334923,0.9172493648879714,-0.23783562261962388,0.9754671449249608
0.5453120055508112,2.5270649802031437,-0.3708664995500625,0.7912309449229097,-0.07506859114347779,0.9468697652262735
0.501744936279559,2.107949517213339,-0.5463310657654635,0.9474183988734015,0.012089700059128418,0.9568478017863046
0.6390306055053093,2.586638080438532,-0.6239179651078994,0.9957935683721105,0.3647406952798498,0.9637454823929807
0.5999626675600404,1.2010416143935694,-0.5556819651229797,0.9717881185043532,0.5707562071986342,0.9769331261044298
0.5935597807929306,0.9135717404319684,-0.4296007170664007,0.9440751391504113,0.3277078200693081,0.9644930542157658
0.5061354341363865,0.5761617887267312,-0.4879338307791456,0.7119517496375668,0.40208781093664275,0.9139677898584572
0.46554162039622804,1.0086392393955221,-0.5297449572206062,0.8671774960617898,0.31622913511388784,0.8433232541492296
0.5657189285814798,1.0911179897054348,-0.4140671458804523,0.9555196161337733,0.3012270591891565,0.8187303224998965
0.6964321325713366,1.4491519554822243,-0.3261707695699228,0.7237099753150126,0.39867755376382674,0.9472416537499394
0.6719952983004881,1.285574235857958,-0.2768125741031611,0.7487688560510131,0.322696130672723,0.7394802541717653
0.7022670731042554,1.450459716240995,-0.2334599776102145,0.44210267339155385,0.26137160612910715,0.9259157051470372
0.6538790044691541,1.1350590598741597,-0.3326855397676768,0.7111596152192641,0.06077653086912937,0.9778934401033899
0.8303097168258504,1.4358804447785474,-0.22575824399922947,0.8107619727189544,-0.0502590562233408,0.9363873386609073
0.46736143312712713,1.4798396417902002,-0.10279971198151179,0.9221476264322735,-0.03473957865580136,0.8869530519309057
0.5014825522009445,1.5356869548628267,-0.23455696182268718,0.8546095089044333,0.031026101549043214,0.6819671117544571
0.8064012171947047,1.3002264152006102,-0.2397262629222313,0.9282847636002332,0.044405717144860773,0.6259409479226858
0.578175324292989,1.7072346599832426,-0.3118289901407017,0.7217730567954675,-0.1199766766137945,0.9578222219408685
0.705457121288413,1.6206183130618605,-0.38009481644867976,0.8614724713877172,-0.13484479273639965,0.9209746219373576
0.8758864240213836,0.9516633646010189,-0.2866021962935717,0.7462051145709294,0.0428102368543856,0.7923852190588827
0.7812787233498373,1.441377741410071,-0.13419798287239368,0.7577036232762023,-0.13480100737897907,0.8536161813761755
0.7655071385473137,1.5977278565851527,-0.1299839162367311,0.8896413592429292,-0.3024615690539469,0.6903512493654743
0.6335107642885498,2.1933055307592073,-0.1862650745138071,0.7619976491101728,-0.40190939513052654,0.9019856719173223
0.612262675411359,1.9462084280539103,-0.24747672308132426,0.8692815555323217,-0.3340092377912536,0.8881898076683216
0.5643036849916059,1.4833742485124188,-0.18023515811728216,0.9742630180161964,0.016019771389046093,0.8816860256563288
0.5119936087671535,1.9727822962748474,-0.263894103428508,0.9469040737552334,-0.1828115609992016,0.9878874400422732
0.6167779236451735,1.8424001361846187,-0.2930646700755361,0.9676700902623084,0.4276911266450347,0.9158016737009069
0.5305096561352846,2.2436950416521295,-0.42765019018027456,0.9013598534949299,0.3607129309166312,0.8148206021478186
0.7953829638996003,0.8049579394129506,-0.30406402397512444,0.38339030922435385,0.26311553939159105,0.775745684462082
0.7820186512153146,0.7818782291065717,-0.3042165537564313,0.3019335022352489,0.19116285665855332,0.8923773499061451
0.6615186639270726,1.2207370232377257,-0.20753087339990767,0.6910951697774618,0.16446903681131755,0.9698748548183652
0.7173141016009705,0.9917417677701319,-0.19524272699845632,0.7731556741583512,0.10691700891744091,0.9517686244196552
0.9560533562076243,0.8497936358474937,-0.11132490030236092,0.710415227849254,0.05281994698823005,0.8941968408549765
0.8843638961130332,0.5412071988101228,-0.18012231242117505,0.7744689221138205,0.20075927245944514,0.8283296781821868
0.8720719952733168,1.0062545017191304,-0.3155672624803843,0.7397752442642734,0.3300139974268149,0.9417774064056939
0.9334718814803411,0.7755147082264475,-0.12926827225143492,0.5909323400910986,0.2084086173930222,0.9446739394373151
0.8981051625553423,0.8121422477154975,0.015514917431621065,0.7408576654639888,0.3604470702731637,0.9827458417967211
0.5993037032479333,1.5710650355424238,-0.49265040240770464,0.5593479355589513,0.1875960759131697,0.9659399379030967
0.7200878328240848,0.7538606464345308,-0.6887235073636677,0.8946285478805522,0.31384430673333463,0.9805301192765461
0.5734012590422624,0.8433438724906038,-0.517374987055207,0.8544115940546569,0.18740341077441686,0.9262676794880826
0.6769255519986702,1.1418750013083894,-0.5963998892913358,0.9799330081550438,0.335581393245069,0.9826736812656511
0.21687860234456607,0.9234158455678508,-0.05066719500635917,0.5394027255020565,0.3277010666716595,0.8462263349995917
0.4754525033069921,1.2817285950015862,0.10089152523359696,0.8154598940901543,-0.031037531583812433,0.9416464666468758
0.8253284737426951,1.6497436362491453,0.003316979109853988,0.988102209872776,-0.11094759892289724,0.8899438914807475
0.7553299508498604,1.2991343617537485,0.13566010781836466,0.9542936661519618,-0.1686800644115592,0.896285377755927
0.827458797450649,1.4940509138867049,0.15837709598289265,0.9506163568866695,-0.09579689308826651,0.8463507947901171
0.8032701938045514,2.14962056111397,-0.16262602461115777,0.874940004824984,0.11692235174547874,0.9431159764415981
0.7184968522783617,1.8369068938421715,-0.1500030596107836,0.7679491528476283,0.022297444003249872,0.7595297178614268
0.7179056792444369,1.7790008978623846,-0.1280909014147596,0.7888070708225418,-0.00794449656192878,0.6738848599715582
0.7533527114935206,1.7348190963774053,-0.21939601064068784,0.9232800739134432,-0.5859979200733915,0.9560725105209531
0.693421431405915,1.8721258393534805,-0.09899875467882771,0.5397117334187719,-0.3724226445565819,0.9968266190264933
0.8760362723813494,1.1794408951321698,-0.21402089071214772,0.6291596741504633,-0.5249089289769796,0.9918898112580362
0.7882629459904357,1.3148804992041283,-0.12351848541845853,0.8920556925122523,-0.20194850239206527,0.9063182395999457
0.6893724465754794,1.4621367374174838,-0.08802619264665507,0.621819650287823,-0.21418853596893775,0.9793904973423531
0.7628644995526536,1.4722560450245894,-0.07590237898527594,0.6381629270749603,-0.0891391487476101,0.8788355657509126
0.7906341343918519,1.5653870255800977,-0.07674392473446748,0.8912324809745555,0.07671479037293619,0.7313608051411644
0.7862336475657902,1.318596186139044,-0.38052916442426926,0.8202646435016947,0.1776989783672978,0.6892701050673868
0.8364243530346303,1.1350276160906774,-0.30733971422957856,0.7822234411017368,0.15998022652440014,0.7452232028958923
0.6581039234226511,1.4052070224539701,-0.5717557666948511,0.9859259103527723,0.012133649990455407,0.9919695477711208
0.4327146139992824,1.7266401104257991,-0.43624480565923207,0.9739479899268559,-0.04424129188575433,0.9953506619338024
0.5990293859886773,1.6303922805909579,-0.2819098256103105,0.7857010812323401,0.12474533948367021,0.9420388756003113
0.38920705271599093,1.8803779125896263,-0.11222528104156063,0.8429802403482684,0.2319875990764435,0.8814715209751419
0.828451736716961,1.9683465451876994,-0.3361180869771545,0.733955234670982,0.2983859382199915,0.893929483690359
0.5278564606172446,1.9448136449126399,-0.2988439262030609,0.6371813550114926,-0.15229934359291084,0.9075698936628346
0.22900304053171275,1.903391110678817,-0.4803994349980751,0.6663591665376829,-0.05160256543963779,0.9075950881316152
0.3324468127505415,2.308516693162135,-0.3321905882020881,0.8087505930242781,-0.3264372287501777,0.9435577082357157
0.4810124652832687,1.9155405728972241,-0.13442995032203348,0.6227242461343009,-0.31643032750627864,0.9433484234634558
0.7497211474987229,1.4509708674337067,-0.42803967704669493,0.815582450986397,0.30480509600636857,0.9878489032997219
0.7378665757880386,1.4998490465490146,-0.31485032556044323,0.9317282395493444,0.22859277739776304,0.8543794397153518
0.5200895395507558,1.6593137653365058,-0.2919750798672429,0.9167362807873689,-0.31093432560523854,0.8633083669579752
0.8171125534078421,0.8542319074081217,-0.5351614437452086,0.7065500763081392,0.04263663086280713,0.9458680755550923
0.46006516065757674,2.3402701291912997,-0.1178586219210606,0.8129391560304764,0.09121083236661948,0.9692633494527706
0.6197761277849966,1.3381977750502525,0.08845593588820656,0.9069716680624148,0.12730064466199448,0.9923895229752114
0.688330951226441,1.7447086640836955,-0.05178931943141642,0.9248476036560709,0.22831954395051784,0.9848712090877837
0.5076251926940605,2.038141028508146,-0.06558776961313051,0.9211071282402433,0.36923155540059205,0.9507442299484802
0.5924685881201375,3.209906166678671,0.15434602154918817,0.896985134560966,0.3911977516219856,0.940340232188073
0.5703171781920264,2.32499444648612,-0.07539902998295628,0.6754991001473235,0.20824618337438727,0.7452840958490407
0.5823925399977299,2.52878615957112,0.003767960305723456,0.7794244271054838,0.30959412548708326,0.9819722229014877
0.5366452038523768,2.9103729948646486,-0.22870296993814043,0.7064370609089198,0.11161224676289072,0.908133071918439
0.5701260882536812,2.686632789849644,-0.2164378926773547,0.9021753442784701,0.16364613223578356,0.9669190192929664
0.44000887186575566,2.547384191395211,0.013813189315312623,0.937928909246612,0.12373014993717107,0.8625881999976327
0.4772657332493693,2.8278766832719504,0.09345832622448767,0.8645664582680619,0.1994019405069639,0.9935511134662794
0.47666778151977457,2.5763398999331364,0.036137927962343414,0.8797154590990823,0.17694306317155753,0.7235660171521714
0.5786666899537558,2.4136366486788328,0.08607184928238756,0.8921812004562211,0.26465716465957295,0.9906683605037191
0.5476238968797682,2.374819005031732,0.13755212891617763,0.8800107720947906,0.12421390122017896,0.9258663515171687
0.6123932784962245,2.4847247259366294,0.1356794529790085,0.8725222180202947,0.19429856102197757,0.7982891274825451
0.5459053542203083,1.9862044316676284,0.005553170709710377,0.7048676031385301,0.22964903377779688,0.72921834385967
0.5453286660863189,2.1063666983372724,-0.21900016008171327,0.7049275908095565,0.30054553231236236,0.9455413597470458
0.6404284565090956,2.4169672042058776,0.15885973609930268,0.7086394035150314,0.1724808995485282,0.982165536267077
0.3154186177497707,1.6039600135422771,-0.05637463174810067,0.9244414454771019,0.09684664490849498,0.8876651386369623
0.3912414050937776,1.907586062173618,-0.3096463502893653,0.6291511847650781,0.11195104647216324,0.8335624658726912
0.4248833349998415,1.7967325898137818,-0.252085622922742,0.8433619331008271,0.012604009984688516,0.8924987828589663
0.4491721816082913,1.7178833422688293,-0.23243247006958587,0.8940639071094064,-0.21961152478632678,0.9453022206473615
0.739221630765832,2.4322949887862433,-0.5619391379651221,0.8026450300629424,-0.07892511220190664,0.7565495011797044
0.5917673949437564,1.9881654926764694,-0.4469682999677912,0.6869353219788278,0.08513839600765989,0.9719827786559566
0.5795255495688284,2.195416068383966,-0.4580964950761899,0.7669887671114096,0.044301451157327296,0.968762655619766
0.576199744154356,2.4027071002213636,-0.38092825405806613,0.8912903903229281,-0.14895495670190032,0.8623273250392167
0.6704952983266232,2.048933466960177,-0.3960471274279721,0.8577698561687079,-0.025828523753643383,0.8508617112063085
0.6481890797850575,1.989004476211981,-0.30092552617355733,0.9451308595777749,-0.10946544585824615,0.9379222430381444
0.683797290097048,2.6572650520329866,-0.4504576212158054,0.9248851709218504,0.003776498618731709,0.9193134529236687
0.49316210196704535,2.3363541093872375,-0.20677910680876854,0.7308217588560479,-0.04951806876601525,0.9836589317615766
0.23556583853097454,2.1917102998031948,-0.2826760801485717,0.7084014866345162,-0.11490662261897949,0.8417616837373872
0.9330780270140652,1.4023544252305218,-0.013103465389328361,0.843142919630537,-0.04456458734618746,0.9154231411758207
0.771558561941669,1.319264905486055,-0.13265595922343562,0.5359829889893079,-0.027400082786745352,0.8693942903700829
0.7414649263524301,1.8660054808235405,-0.1459565204436332,0.894916090733738,0.0751722849683285,0.9500350871279925
0.7178481707726005,2.1399559103083723,-0.20778348437581143,0.9265102289879729,-0.10615164680264054,0.9763119688146601
0.8399610896553742,1.81385292386144,-0.0599324518309216,0.9189343082792858,0.040528049035373014,0.9314910027658433
0.5503547514569701,2.4177940759515404,-0.14644941253380522,0.9119175777192384,0.4337512997493566,0.7543118366968992
0.5188773541885432,2.5590589653733846,-0.15269493146781787,0.9185021607546988,0.45979850555792884,0.6417855172978515
0.5470264301089751,2.56031488264204,-0.032412883230642925,0.8209944558389134,0.5993414277489563,0.7763498424395479
0.5332376739301979,2.183510009830888,-0.24627488520398644,0.3886653898576558,0.4331358730579206,0.8864484622231528
0.5195341010938795,1.8758243200256628,-0.2309462132957473,0.6884061225516153,0.21369012075246843,0.8155276006319995
0.6196857405689434,1.364062196475174,-0.4361129292484798,0.840529109521826,0.1631835586837855,0.891379615563275
0.6051172303233607,1.5851598601582415,-0.29885462694518977,0.8948892402537754,0.02475019916844037,0.9549388560788827
0.636042752710889,1.898969681853859,-0.31529916274993924,0.914195580398037,0.42991783941394485,0.9966644291162288
0.7480829919201825,1.3194872735655043,-0.42825874465240177,0.9836810285735577,0.49677944314951833,0.8458731332188666
0.6308699513198759,1.7211328288720205,-0.31622823394615285,0.8427672507494767,0.531813031911046,0.8793832283571718
0.6682918378687218,1.5891969037615261,-0.41801658283104864,0.8411257264372083,0.381482022295642,0.8557817881864105
0.439061098496511,0.9616784343720653,-0.307092263155324,0.8684858778185293,0.29527134623655943,0.922986629786598
0.5771120624660362,0.9443872824140827,-0.26483356148770076,0.8070751986629789,0.4171885544274768,0.8330991309107313
0.8540443961664534,2.625396485825713,-0.30497968390249375,0.43145386833592575,0.37944817864231106,0.9659945484633661
0.7742708856315164,2.421397311758702,-0.09049943404184879,0.8642875885167837,0.4678056861850246,0.986425771365631
0.8087632499306848,2.417841386197478,-0.25653368236370855,0.7037658732699441,0.34520271151324733,0.9844168715711424
0.5271533767003599,1.6879352866047599,-0.3539700375759014,0.976011388719156,0.3631339954120563,0.9757158395422479
0.8961608030404273,1.9652178901666386,-0.2886606168491864,0.7655210427947801,0.31015556414269346,0.8403239401079483
0.6302982211461382,1.8475735309161996,-0.17922100094330126,0.8431703909910514,0.38576248461270446,0.9180544692327767
0.8429413025603262,1.804078992398338,-0.1547949840204335,0.5716292201068589,0.44657850629114393,0.945109074882666
0.6735726489211105,2.4989253105675937,-0.14966270793416084,0.9620827997370963,0.29985276713612485,0.974029643632726
0.5105542956166843,2.454073303155008,-0.2950606036830244,0.9171043889241751,0.2829488932173538,0.9381594658379163
0.7682983348644943,1.7845916847186725,-0.36988474506492436,0.6746359557180781,0.04100532169148739,0.9851559478574118
0.8245232169595615,1.9875524272652008,-0.2908084520392763,0.8936084942623778,-0.29875996554334544,0.9385616017384621
0.7678250647867714,2.075977147404905,-0.36149521848428406,0.9295549115051828,-0.04299485595311636,0.98611615305627
0.8000940949793041,1.7220731050639662,-0.33476304940703405,0.9562860860705378,-0.011415519327888519,0.926307418290045
0.7112527149184249,1.7241329783984742,-0.4321477198612756,0.8574840647359042,-0.19755636932339093,0.9590016111384083
0.8569217431346122,1.366825934832064,-0.23800841035479733,0.663969776834001,-0.19768073859772392,0.9404621999161418
0.71598172172129,1.4791429530326017,-0.4682398228208687,0.8449404552313126,-0.16818956738462643,0.8867656002771594
0.6407979033015775,1.546976958081269,-0.5507860246343428,0.8470730411927139,-0.13140000946761218,0.9725020984684116
0.6492651068565016,1.8774268507585647,-0.5110515390732845,0.9217445154066033,0.21324969930394594,0.7772071054872016
0.5770702841683528,1.9045671540809084,-0.5584084046961615,0.9371080041520132,0.2217334128928706,0.8759433518842973
0.6757639341827311,1.603753586051037,-0.5525873976384877,0.8992881873285664,0.031721108242203824,0.9040627932271277
0.7143689556880414,1.6438707794611727,-0.477651338198426,0.9664548781344823,0.05243786502798488,0.9046908684852671
0.6695532412710132,1.5142913551983481,-0.5277844338622427,0.9508417690648173,0.28809825692874885,0.8667142755614121
0.9206487395284558,1.709167492133594,-0.22817921796307183,0.8832982481153339,0.27046242891362265,0.9477801155159729
0.7807372687762023,1.1556070611619234,-0.21882081199351483,0.9629068010581499,0.19861168194215956,0.9451347817040079
0.8368908635537634,0.723352709491566,-0.17906498361286582,0.9226908645614892,0.2281280546395393,0.7650000191692888
0.8160303850690841,0.8520683393874376,-0.2194317584041553,0.9771243324237804,0.19155242769041492,0.7695069594705088
0.7783228971755588,0.2787807326321874,-0.09228924968605853,0.9062750340904221,0.3535753711313542,0.7382803977060013
0.7805252012291136,0.2596234938111457,0.043603489871568805,0.9225018098452783,0.3381894706464691,0.8331378562621876
0.6699771458233812,0.9001762007845951,-0.14688554360072698,0.9591778150838738,0.30835506818649966,0.8909370409300587
0.8454120959557037,0.16888902329567987,-0.16570660403700596,0.8674557664780133,0.40635881098988696,0.9844999824912106
0.7214082747618015,1.14014309296924,-0.13909927438810382,0.866288308985351,0.43859215027380627,0.948937198376987
0.7026607604328287,0.9704554125042341,-0.20797223310606736,0.9863686627829021,0.4934508745765624,0.8364848540502791
0.7396747462811772,1.1883765438162353,-0.25133260577744326,0.9858303984061794,0.4240844154074515,0.8101751063993048
0.5157506551956931,1.3179206295947732,-0.413381268858568,0.70111779564785,0.45525332407721253,0.9362154334695891
0.595987471783724,0.9240696277856384,-0.5928941817274291,0.9168731562870497,0.5255043254691397,0.7714205020954686
0.6480827692454167,1.1526073895576188,-0.4721881206553997,0.5744418831604452,0.6062588573904779,0.8541513155878016
0.8438994591429104,0.9594472293977773,-0.38550326276070634,0.9009228497637116,0.4555423520828725,0.9447498102730214
0.8667740958401163,1.4629272186057825,-0.41198526612096253,0.5440697185710966,0.30209890548877805,0.9344700387820368
0.8977057708302606,1.3518509261787723,-0.572720817559236,0.7048523536831919,0.25736616986953115,0.99364509994261
0.9035290531983367,1.3380215937917512,-0.6760437235975237,0.7765352633624215,0.3297049010162054,0.9933454764483669
0.9436610339545803,1.6971872943930617,-0.5947232487600036,0.7355637447279034,0.10143493446228888,0.915679233518064
0.8355881593102021,1.8404586349834227,-0.9257280364107529,0.8140975190022933,-0.013603280107302825,0.7769210423899789
0.872114746157575,1.7547545857483684,-0.6929580645593286,0.756080190116054,0.6664623676836893,0.9421758284398001
0.9431033119441506,1.3613818840097653,-0.8519380377408038,0.9329326296102066,0.675069429602092,0.8926775175099674
0.8581723883908168,0.49115197968930974,-0.6424838492114466,0.5583640936524601,0.7782479617738352,0.9831301403096748
0.8553037654289364,0.5725573642462382,-0.6865527411358772,0.8680573749607413,0.5379671413249217,0.9658085740001415
0.8942718349432176,0.5701529498333918,-0.6249536379285651,0.8640519314830224,0.37074725605061054,0.9685092363361131
0.8901766078995924,0.5380429047318019,-0.6647729384381285,0.7998030284761622,0.2662470174256785,0.9940304230749906
0.8624218600473158,1.0976988269079793,-0.43064242111202444,0.9257841364421323,0.2103555972820426,0.9620144505738297
0.8412549362080672,0.6558647088388466,-0.5309565680646057,0.9750866047409008,0.2208003357035797,0.9518267376035492
0.6510566432614133,1.4688040633802697,-0.24905272741066398,0.6295671921372225,0.21304636783922767,0.9111027030474316
0.6208467810484917,1.2533509904427245,-0.273253949795338,0.6676080637785239,0.8489167651826909,0.8415242436473627
0.7169430098589736,1.0356528857033453,-0.2896790701968925,0.8374116300995222,-0.12297846752749733,0.8712497476764208
0.6722011658295364,1.2170046436582345,-0.219150202388578,0.7642702611180955,-0.18873625455762996,0.9533716398616331
0.8161325326515269,1.3435994342045368,-0.1920472651066181,0.9418336598488638,-0.4652418618658209,0.92430156047556
0.6095769844661603,1.2825149234653497,-0.0831380298254473,0.9065258481690691,-0.45698988986158334,0.8998758754626495
0.6613010169541761,1.2356654210118287,-0.345616840135551,0.9873460412960822,-0.18309842191898634,0.8824578408455134
0.6890273778051403,1.4373038830621838,-0.33571132324855824,0.9816863724700067,-0.18970457087934028,0.9390130436788691
0.7266801053661173,1.0500765810490982,-0.274419548778648,0.9816516271994605,-0.060694536381341244,0.7557658087040782
0.7792972957223068,2.0367508279054225,-0.19375789448137387,0.9736192014366901,-0.02685191151790936,0.9197776502527
0.5624891566780804,1.6604919711844608,-0.15402276646666274,0.9348353894817061,-0.21520087595540227,0.9315995666885658
0.70286414982159,2.0460179359852777,-0.23310012807069513,0.982011815843701,-0.11345555520963187,0.9848927600552664
0.7718700208732446,1.7138979478394862,-0.2541870931786611,0.8584318886480189,0.3302904320527177,0.6925821721226008
0.6794977387163489,1.6597556858559759,-0.18827806648672663,0.9393255363381973,0.1909008818821348,0.962164304593722
0.7438362907706777,1.6573154453577736,-0.2591140517264549,0.8812013886643766,0.3052115736003121,0.9866175565960038
0.7259894011699881,2.0501068760384213,-0.37168171274718154,0.7980367301628366,0.30550496765477225,0.9882745235825213
0.6864459879935589,2.0306418520989435,-0.34264092587708045,0.3765825309662247,0.21162487847627742,0.9829954411083257
0.7160061864143983,2.0230131429746088,-0.39382668817250904,0.4166249187057611,0.2809606772405465,0.9828426307807413
0.7007558967604869,1.9502607032909187,-0.33220035214201593,0.554539994900491,0.32326863849682175,0.9524726793203302
0.4624099810783758,1.8241076922345614,-0.26209305644607217,0.9171716938447211,0.420365183501348,0.9814729670750076
0.7212420953807671,1.4903841678039904,-0.006233755913595126,0.9141759919039804,0.352923506579821,0.9432225492121251
0.7538328567262816,1.1090639610048307,-0.1163690672270647,0.9250753674454874,0.1001585474212316,0.9892263678114129
0.7559210099233451,1.2661577522199359,-0.2589333355477268,0.8569794065615597,0.02858697330062694,0.9820757023716546
0.7056920742278627,1.2232074580728636,-0.17558686481357347,0.5536353652267358,0.06232456848093498,0.9871264301103496
0.6487848217944119,0.888701074229905,-0.26461305488345377,0.4727139800768336,-0.09556999596452381,0.9228299180169243
0.6099180910360661,0.9739926449867042,-0.3494731413252023,0.6741935897321527,-0.21830932188382843,0.9662392043462085
0.5154509501204556,1.4343685444428995,-0.37893481630319353,0.8454826619310505,-0.14251697036934713,0.9756700480179575
0.8430928307541897,1.4329435064413094,-0.2690933334552504,0.8967085659839502,-0.045930770684531025,0.9901002877608309
0.7890510061769556,1.4090194461365373,-0.08141160654708265,0.8782131048705912,0.11025495278182043,0.9771309876601793
0.7048710444599852,1.1540545315609898,-0.10256736592264483,0.8650457645247085,0.030292464204352935,0.9508988075520195
0.8500091923919855,1.6814049021317636,-0.10924327743230085,0.8569258053334319,-0.16502788417252243,0.9686440782260849
0.8691889219076177,1.6386875224262865,-0.19105411134663303,0.8820511424141421,-0.10231515989114166,0.9015748019705544
0.6877892696668286,1.9604284110771069,-0.18254682250294355,0.6140555083054601,-0.059566328388030644,0.8372265253489173
0.7047805668582358,2.069993284707015,-0.1892529460846798,0.6870048931407963,0.11944291107951682,0.9500577052341284
0.6395086155849046,1.9362291943592314,-0.2127860555568211,0.743376089523966,-0.06762779684471476,0.8571796931083676
0.5653409720718112,1.774784819114439,-0.027137829070605086,0.8944578005616968,-0.08983080911810713,0.9833363415300812
0.7584279143899796,1.467663063060381,-0.05840785809602316,0.9367701465534866,-0.1048524252657977,0.9690185717877153
0.8899907639819298,1.7151869667533048,-0.09955380623735591,0.8887629966252014,-0.024471305831826162,0.9749342403387511
0.6977182483717755,1.5569395000122197,-0.22604305267235228,0.9479643137928754,-0.12845873495579888,0.8248217192861583
0.5527506205940899,1.5883170206356214,-0.09560990910666718,0.9475611378243146,-0.14579819363461366,0.8101581280431249
0.6847969556887306,1.4744896217900216,0.025082691957283458,0.907279832243927,-0.1743322033845339,0.7675670362872461
0.6865368890757788,1.471890373937805,0.017444750498598047,0.9173972826926258,-0.145678603614418,0.8608925307253525
0.6328912516570131,1.942625053352296,-0.21364231757862936,0.8564368247902909,0.1296291306112743,0.9091359775172092
0.6583011681158067,1.5191543401914618,-0.20648905496513892,0.9353525095041536,-0.08089118208722763,0.9584728650601771
0.7310279907835369,1.8162189165889229,-0.4406011933867763,0.8497083912149479,-0.08292056090707378,0.8866497180014626
0.7059666736143786,2.3182839156337773,-0.5096766491581515,0.988499956819635,-0.012709444514154865,0.8731020790679512
0.6405617839318004,1.5333765879278631,-0.4487237916600815,0.8144884209128158,-0.1859093508805621,0.9341312086967822
0.6859601602392154,1.5816771839649522,-0.3978237301600197,0.8330481683436192,-0.2231717245780287,0.8789970859849754
0.6397089028028887,1.840927073457092,-0.4524329545672163,0.793606341247881,0.19891066358907433,0.954996705426577
0.5283272809383588,1.950901429408798,-0.44564320717352346,0.8186744059062164,0.1256080361165123,0.951494826013226
0.7220376414851974,1.8388833122295822,-0.4256379747344147,0.5402602031282687,0.08153041876350745,0.9768229922393081
0.7109392850549275,1.4725063533755893,-0.552150132204627,0.7949306307421278,0.23534893232548335,0.9524923585963923
0.7637115029871097,1.3047755954801032,-0.4113378293787293,0.9625767423260424,0.06846244722469896,0.9931664392290721
0.6918246324120788,1.0400519847120964,-0.5758918633313248,0.9165257089859121,0.1765789016767286,0.9806549559292383
0.4761951412802838,1.5546177130437917,-0.4966164568299164,0.7832557077261503,0.16628278702115087,0.969752068812124
0.6483215017890362,1.4120392490388238,-0.6385607830646453,0.3878044443227069,0.005495788162811108,0.888641128965834
0.5261903731978306,1.442151365747787,-0.32453241394090354,0.9363283473056245,0.052683847564442485,0.8577160234101369
0.47888754125553956,1.6941169403218264,-0.5197536285618036,0.9439806993154012,-0.0681260852700192,0.6514092119221291
0.7678542525163655,1.091632960469171,-0.2528333831167291,0.6132728256001684,0.0920011171779708,0.9364942121325222
0.6930672725366401,2.1489859972757053,-0.3824763608416317,0.9961191366811737,-0.01510739982937203,0.8653438845452421
0.811051044886035,2.1190045066474616,-0.2457551629608159,0.9968428551006148,-0.027978333057610112,0.961874024981738
0.7792570489123445,1.7402975906718006,-0.04156073365806621,0.859778694094086,0.06825135778649422,0.997649943390373
0.6723951401279376,1.8674115512872833,0.030166513565865836,0.8068401260587346,-0.013979790264170238,0.9772771718422948
0.8322655779818041,1.5922558542494831,-0.05780925109465285,0.9123436366091865,-0.04250154077893934,0.9214676528695327
0.6631731245181615,1.7528121006623567,-0.04193740900459498,0.9160855438892171,-0.05835571972110669,0.9881936628674718
0.5053271690068528,1.5857418701601165,-0.012259655694602179,0.8219063113641267,-0.11945425752608799,0.9729156438626559
0.7453199556864252,1.45079827725514,-0.15171924708793297,0.895214035311127,-0.17641928177879154,0.9957610367938193
0.5770217752622476,1.5014541475692114,-0.1401973908299353,0.90197742191787,0.06494450949845401,0.919882504456317
0.43605327318186815,0.9336734710827903,-0.2349661978376693,0.9750074635380356,0.012049833451851105,0.9760097015087709
0.30585829412165466,0.9007358844818181,-0.21110352397438736,0.6977295195983628,-0.13535729959132847,0.962007950076362
0.4500438956528476,1.2295492313367247,-0.18512648645696234,0.9102199933227655,-0.16214109926617068,0.9945836925850371
0.7443796922915026,1.0343189635257113,-0.20675238860825054,0.9356525496375595,-0.0045113467700573515,0.754241581222365
0.7713753014728488,0.8507709394064122,-0.32268348740761066,0.9591270802396955,-0.08805263621134264,0.9068579051380496
0.8388419525369573,0.7844510711244242,-0.19214347630800488,0.8777356419845636,-0.1279567840831981,0.9262328308386371
0.8028882268700935,0.9242442624360465,-0.1737953877197424,0.8973408167580821,-0.23802743862534012,0.8585781332200086
0.6549741570622164,0.966674987814355,-0.2359355782598243,0.7295856183525706,-0.14429566979627712,0.8862969646675766
0.6151140936390317,0.8387409314051096,-0.33048791706980496,0.9380659849722703,-0.2787118427330935,0.8640214416076738
0.6421479555640962,0.676318670556102,-0.08469542260299238,0.8183559692623467,-0.33535611770912305,0.9840756184194335
0.5471097344106466,0.9548141489543444,-0.0018123576543922764,0.744629919222625,-0.22372309375069646,0.9870233076031204
0.5606004923388606,0.9680851288016445,-0.012139710102819442,0.5349335948796284,-0.24792698828041587,0.9769270448340427
0.5438480477791852,1.1227181011787886,0.10941715661614071,0.3724312732938312,-0.1343263786902858,0.9927607246751565
0.4521012628812673,1.2252291232715458,0.13680198843741145,0.5739105584830358,-0.13342254141169324,0.9914261194823201
0.5966575693269341,1.364802311279086,0.16811625710697273,0.8337133615611798,0.0011209795989308461,0.9487235234447602
0.5232258668988885,1.6335041952583402,0.2739922026445938,0.8853207062567838,-0.09754858757788035,0.5707367842627473
0.5740080524388296,1.1611476784893202,0.23504125438381251,0.8756923045432392,0.07292081816295429,0.6869407904681326
0.6046625417105099,1.4652847307485668,0.09512646383428655,0.9544004649767563,0.06662254074735632,0.9144268181596772
0.5269606600221735,1.5741548310547604,-0.08417733738129239,0.9662256861869051,0.16258207002690406,0.9264642309693057
0.5532016331831633,0.9733587920093217,-0.0788765113656231,0.833745026554032,0.20073670082107054,0.9734257760719465
0.6722172586486322,0.8469079025425402,-0.30295393502807305,0.8938404688362417,0.25646156170031087,0.9194546436084565
0.5643025958510348,1.1513463618134674,-0.23154592952307915,0.8691843568202621,0.37058332188789284,0.9773746936124192
0.6908078636195392,1.0926517734991406,-0.15643686556115502,0.9598103234338357,0.17499269032181775,0.9688898485319822
0.5870490425230732,1.4273610720181087,-0.06314308839253256,0.8165297934005132,-0.052514109467934555,0.9386831135202196
0.5550537253744642,2.028518392381359,0.14389923927074277,0.6804640326969207,0.05558530361630236,0.9899687092977183
0.6669540296510051,2.2574072568858745,0.1129739326872725,0.7673249349613722,0.03922637420437256,0.9904238898953912
0.7487953307303785,1.826556575653895,0.09586379220733827,0.8793250573196383,0.07856461405611953,0.9702567970102035
0.7085151773320957,2.12481777248783,0.2074033228590329,0.8094513043571677,0.05793291185987174,0.9727517547575799
0.49099607494643105,2.0775774181238416,0.13367904053571608,0.9288767119407744,0.03431736834601974,0.8409478661322172
0.4896939658911471,1.8813898653502577,0.12951030175331169,0.9511305954847381,-0.21646238807582974,0.9680972675480611
0.43754993838335443,1.9889017732545575,0.06533924857122737,0.8978564047756986,-0.4374195592754672,0.9443104798422476
0.6090337608870313,1.1286293378814631,-0.23111230989030576,0.7688492545759009,-0.3781626480081359,0.8977516727644068
0.5805215501705048,1.4459941714400517,-0.16906291264282758,0.7515134922001786,-0.007604054394963964,0.9387269218741422
0.5634871787471517,1.3547050723835699,-0.27400965691739904,0.8722486851150953,-0.10607801454703607,0.9259016062611404
0.4682180325350431,1.5617224466054882,-0.3311467417879272,0.8056481976140233,-0.08080436353902827,0.964550174312518
0.39820923202410846,1.8034037551095121,-0.2503208600878641,0.8566670495746046,-0.1728035301424651,0.8824034370292513
0.5789202145767676,1.3344253851011287,-0.394864085068353,0.9076308152174043,-0.0034890140883746448,0.5379516589228552
0.749301607339237,1.2731298240276565,-0.18500858382482724,0.718891605057405,-0.0727177578906438,0.9174626566605949
0.5775867932544335,0.912037072055251,-0.21672847559554898,0.9497434059419191,0.17410602549007903,0.9623042608400414
0.7096974847779628,1.7249571319578472,-0.23002657331357781,0.8743301148891119,0.11239882416138329,0.8735451837389446
0.7677661052262246,1.3463571443485474,-0.31257101916020635,0.8018710481861614,-0.13681391827161946,0.9393952426168117
0.7633327197962361,1.113573103572653,-0.20040315989149493,0.8123945516657016,0.09323730905681725,0.9697403715051434
0.6337234734469794,1.4499513918368137,-0.23281269870803833,0.8172415970606671,0.1569330381296777,0.849729488447732
0.6966114101011794,1.2368271162139466,-0.36128697383542385,0.956429364076294,0.025432841101458156,0.8028629432669749
0.7637472321613894,1.2848047436192866,-0.405886801497252,0.9679978219354527,0.0755820689903236,0.9818644226031841
0.8288685578859248,1.4657665022120452,-0.5878902059038462,0.9156352383959645,0.20964444010554023,0.9621148195952058
0.8487911283211758,1.5149930751434084,-0.5532144886359015,0.9644626262818181,0.17299048155280813,0.9681888576732778
0.9000434154148758,1.6245083522930739,-0.5347024030770139,0.9688713101442564,0.23391070803216404,0.9094711335622284
0.9322573977484943,1.309993488435701,-0.4866700645505161,0.8686283305444048,0.19117220354014303,0.9803029464578371
0.811845799728979,1.886311518203331,-0.47774964292588223,0.9514174162967054,0.21457436437563523,0.8415939092534035
0.6951666425638322,1.67064275357206,-0.7298345401233602,0.8169245010269072,-0.02373709061909988,0.9290411778806419
0.709544979855049,2.3867772398115625,-0.7625512215880262,0.8596454382491701,-0.04035944037151878,0.8813993908316885
0.5783206788151594,2.4760578180942345,-0.7431943123480587,0.6614334724485362,0.0468736309271093,0.9236798148166194
0.6821079628956327,1.9861424919557034,-0.6072822918623051,0.8633970180081194,0.17989551203497006,0.9226271719528907
0.39840688628764004,1.4091597268962908,-0.2984948344457881,0.8570200284828015,0.3853909911866822,0.9793749022366055
0.4803893100963546,1.2950982214451585,-0.2528919005194018,0.7333519098038181,0.4017558325441201,0.9391612209061456
0.8556710755318492,1.7668407120238452,-0.26910601137723483,0.955898446357331,0.2788188714318248,0.9613135945222052
0.8310158772029496,1.56279938387397,-0.18787514226233615,0.9735244064124398,0.16547411724665803,0.8853249136226856
0.7216486811598856,1.9122299286230457,-0.30016546474001604,0.6686006627676098,0.24295596523747973,0.49727685332756016
0.6049647619600869,0.9779507845622398,-0.06068545673166921,0.6388779013438909,0.14721639248280663,0.6044650934412082
0.6159942156126919,1.117210865337025,-0.04033756665191249,0.6793415498100366,0.3188499088812664,0.7817307948483371
0.38368100358207907,1.2891318821856914,0.09530764510638039,0.8249499255216904,0.17307426692431577,0.6986146598591642
0.34885601090921836,1.6705705487796148,-0.08603985208369674,0.8753874906823761,0.24112323826616516,0.7817327827986924
0.44936092787472737,1.4927025123088564,-0.09185520845580697,0.7462698227126199,0.10856726999156802,0.9102038193446013
0.28498870236685814,1.6837084942337626,0.17028902320808106,0.926507990545155,0.47304600614420556,0.8604000830065436
0.2602938655280355,1.7948402307126528,0.12150613119871898,0.8299819387667807,0.520016526428208,0.9577954216121124
0.21762675923199976,1.3025335727510592,-0.04428722643060135,0.826853864104957,0.47188850837816726,0.976949468097858
0.4914665168992071,1.6812846367836012,-0.3015375945446321,0.6441223695013671,0.2716306501024346,0.9940377279211261
0.638901591186662,1.1097383247470665,-0.06546126124775886,0.7002184040598417,-0.02887788712872455,0.8917610055880063
0.2624056240758666,1.5244149338855297,-0.09296847153353831,0.7848933871231099,0.21383926407371961,0.8089690922512717
0.5807344903653358,2.825388462069133,-0.025282286269951545,0.8404780464491571,0.19808557816772376,0.6673792010854415
0.6395742235329827,2.2149554301680507,-0.07592628576802636,0.4078930112764537,0.13556417909024063,0.5670960217458885
0.719806708377868,1.8360114973915247,0.004624661415235089,0.20913762495299854,0.27015129392897275,0.8657078071832315
0.7454350341516709,2.20334252283332,-0.0006840846362296929,0.6777989767391229,0.1305311635271774,0.9443824081654222
0.716237543582902,2.196985030615885,0.05957617644589716,0.7198357398222301,0.23193393682206634,0.9090529671584443
0.5048698380175568,3.1330525191860885,-0.1021591640627858,0.8116292387546635,0.2996033773179664,0.9385015317568509
0.7345046271172976,2.1994244669551364,-0.04052562044641391,0.7697078008913116,0.16921983576291494,0.8698935657141376
0.5781575331653179,2.4785506697152013,-0.1002114314138989,0.9274700633540666,0.18712433453027427,0.9751784740368118
0.7789340657743702,1.704823724758316,-0.35300788656759136,0.977560208623375,-0.10294493973894292,0.9897448856337747
0.6868304171901232,1.9085958101617297,-0.4506361556898007,0.992836977648423,0.08570551097836612,0.9866750767939249
0.44930025929188777,1.8026563440552816,-0.3176177218363921,0.9618962709155787,0.09677111206058399,0.9994366702068622
0.4490981431687039,2.0373023530642365,-0.43513219388559027,0.9721634510372795,0.2439961676204796,0.9960761075215049
0.6359493974004004,1.153927861974849,-0.33921404390272264,0.95759819114826,-0.09114946055897803,0.9649746148527206
0.6642853560581057,1.0476370315482884,-0.22298305063758014,0.8477510337642273,-0.011103829166454455,0.8998285461991585
0.5223465421523226,1.1052177511700865,-0.11559312236913735,0.8225377656051154,0.07027779288405729,0.9712998389598825
0.48349770693371474,1.3213108484867742,-0.24629050791714194,0.8084024169545692,-0.05778281703103127,0.9769647452072849
0.38725189255588105,1.1248815988987615,-0.21249172146966283,0.9092009006726479,0.0415333614817188,0.9400374365020712
0.45265151155639094,0.9787237683692902,-0.34058897263659926,0.935894551543326,0.06495105944287155,0.9803899682343821
0.7583388064072587,0.5548949061433425,-0.49019273564038746,0.9231558306499854,0.08550557600160862,0.9081736095953881
0.5264420596321834,1.3529007451304866,-0.22928193111716824,0.786955032420321,-0.010410380448510202,0.923728035029542
0.6800215453284614,1.5050025287332685,-0.19694329837133207,0.9635900475868998,-0.07045352824655006,0.9240534492300893
0.9411613098620424,1.484245625922096,-0.48294999505377073,0.759372715128823,-0.050865935346444756,0.9801948168952995
0.947217300227101,1.7764977382569125,-0.6548814345898282,0.27012375218753476,-0.16947619883871395,0.9871838580810245
0.8277768506641701,1.3230419822774437,-0.5118898927454664,0.7647953657202476,0.0014019292819763204,0.9749650591706398
0.7215807325178595,1.3370901592891442,-0.3761665884713739,0.8985986248361755,0.07041170984186293,0.911934108807787
0.7599255547745398,1.5799904391515422,-0.3278852447272009,0.9199034945082893,0.07448720473414852,0.9391819200463584
0.803404061785739,1.4940630022750243,-0.3386982251630062,0.8109608107394111,0.08786020507617245,0.840753531502924
0.6748914240675848,1.4574319688865187,-0.35108319281677913,0.9849009480517172,-0.00356476344163281,0.9909338580292113
0.7015215842665103,1.0783356582422383,-0.41595835195000197,0.977386540574436,0.03669915276433855,0.9938159583933334
0.635852512467069,1.7511953176211166,-0.3599486660837332,0.7938318271374042,0.04952444035481706,0.9993373368874299
0.62249554509009,1.0421015667587987,-0.42031907305228083,0.9634554932024859,0.38455581443577064,0.8276408173467689
0.5822209611918793,1.7321820821134768,-0.3862666478536717,0.7987686177338836,0.42722113309954873,0.9094090896830864
0.6054149486828899,2.0336284737452264,-0.3593385700162272,0.9410733747397819,0.4384237547594698,0.9119599364574147
0.8248306925542356,1.881459753076772,-0.4308391994170819,0.9781166465673056,0.37191070014810346,0.8659955017979751
0.8061621564511002,1.3853274873873047,-0.4162055024186301,0.9528331346468387,0.5089452779869817,0.5575026694692333
0.7318325308085897,1.3642253639743234,-0.3281371914546629,0.8869675289756809,0.4476108395303745,0.9981602544240682
0.6511117753188478,1.4158333405292705,-0.467250134114838,0.7706216064869152,0.5144773506661747,0.9846356179039181
0.7051512288108869,1.5257203309937022,-0.2843853331151607,0.9224184604512125,0.36940015849389507,0.9920851653070516
0.49459069431290287,1.4952768386240385,-0.41236712857052454,0.8285629939540526,0.34303039391098256,0.9683050765181046
0.8333543656680183,0.9000203811449552,-0.47181682608619524,0.9662974367606284,0.4542341743552093,0.9747954352512196
0.8438014646143707,0.3144359960233903,-0.4942802151080026,0.8342228064528627,0.6124476376403677,0.986175907591611
0.8447987207277944,0.8902092708409814,-0.3332336356493226,0.9331405612781364,0.17772945535522852,0.7352425177553067
0.7392958121455494,1.2639285923982202,-0.4827743398366699,0.7536530750703561,0.12127861927336987,0.9810106642449112
0.5017327128947688,1.7816457304047462,-0.528987876424191,0.9716275275870367,0.43820691685623236,0.9913721770295956
0.3206574311016519,2.1056501202026086,-0.6257253860060131,0.9821851025590751,0.16014953986155822,0.9515160508017595
0.42526787635162544,2.269467612214687,-0.7043494690825947,0.9781387455417233,0.1986627922571582,0.9631782126978423
0.41737039735953346,1.9623605136947273,-0.7659391258826473,0.9453083298336017,0.12588358287844753,0.9708116485389501
0.7049932578707163,1.8914634339811458,-0.3401498988168544,0.9660305112983977,-0.05004633557740821,0.8993288383135741
0.6923211080195764,1.6344799331075763,-0.6793831153505695,0.9366100743268307,-0.04437353342379805,0.7185059646150813
0.6786338510193848,1.267125691710995,-0.42727688204373737,0.8327139508893883,-0.20617990419768714,0.9345137252740414
0.49841432168822886,0.978272135333461,-0.5959853727325408,0.9187210720528047,-0.13331997861269904,0.80068001145812
0.7306902435656167,1.2055531596128966,-0.7046240009532861,0.9330556751945543,0.043400926068903,0.8320292028655374
0.5880622539305602,1.2669021063030483,-0.7329599856743712,0.6614595757760174,0.04911555327493049,0.7764615087300012
0.638719469002062,1.560216096815437,-0.7211866385053628,0.8896138856760575,-0.007927989266909415,0.7660489332650071
0.7273911611277065,1.618762324515308,-0.5849194007109125,0.7820719021134125,0.1832508597903465,0.7901946086639084
0.40617859182321997,1.1700551954559693,-0.4113567613572261,0.7165361142033394,0.17800005433313354,0.831933765952262
0.5880455997190217,0.9048742865140925,-0.4996740140012656,0.6402141378922287,0.12236712100894956,0.8894869632287788
0.690808552532144,1.3738305438724308,-0.646876309760924,0.9693926339831175,0.17093069985485168,0.6992308795042315
0.619464332182,1.5346669785307565,-0.6369469967670404,0.9291225910656519,0.34146888687397775,0.8830872034316177
0.6547979686339352,1.4264415283764165,-0.43366666201942505,0.6594342610307536,-0.05905206903817303,0.8178983634104093
0.615455554026331,1.406533657682975,-0.4522533703127124,0.6746772603177488,0.13946493023752424,0.988600247520867
0.37851860327735115,1.6155669745655912,-0.39474945412381557,0.9476046586460796,0.16578281839622006,0.9793834583755303
0.2797243737862752,1.1903674975140166,-0.376933372847886,0.906609286237421,0.3706334901158737,0.7768052966485763
0.4927374960686472,1.2225760005442745,-0.7359417450681642,0.9467471866051932,0.3289498269998132,0.7825974236821407
0.11241131148715237,1.9169651459272266,-0.29493214382929706,0.8942097657155068,0.14678465191544368,0.8835763236059897
0.20227921217295325,1.2840290206528353,-0.14595344509757252,0.9821342290958289,0.2662612256572991,0.9675909068775528
0.6889480878146624,1.2198872478029053,0.12175411202587434,0.8629735769693864,0.4333932798749177,0.8705887692761419
0.6996001393560584,1.161563474198662,0.0735603061371856,0.7965195456307809,0.510117269115465,0.8809398625452599
0.842787845161987,1.7069972419993733,-0.15650515136626642,0.9631015782508423,0.5342988750577916,0.9243982639144784
0.7056221229090469,1.2127524692110232,-0.09302791948120821,0.9439152802379657,0.24767485165715367,0.7652473507560155
0.7526087098608436,0.9684393927670623,-0.05281305680702247,0.705582870251069,0.21340829054845725,0.8637091029307845
0.67036069671744,0.9053569427087934,-0.5363741077219346,0.33525459925108847,0.0637565055950475,0.9536923569828312
0.7018409783607099,1.1057804312206307,-0.3278273916044441,0.4155272098806482,0.1490389879483347,0.9820360111943147
0.7994889404864727,0.9554027504924796,-0.4260803331013315,0.6177627206478533,0.154259775746828,0.9458200402740864
0.6467916777580057,1.5935310533088238,-0.3528594031762772,0.7355481381941209,0.14114827231412735,0.9332429479534056
0.586591004706486,2.483915315593167,-0.5768205135048999,0.8819415197288222,0.14442307693741366,0.9416403896212023
0.7241559579080284,2.0763467288865107,-0.19451474563600762,0.8116096397413414,0.19473430138368145,0.9378828052242307
0.5625597620162455,1.9838957944073585,-0.23381924664855674,0.5462296180275226,0.39553953490511157,0.9146711469102928
0.5219491332054569,1.877596613911263,-0.3353334074250929,0.8080611471386868,-0.7355874777774519,0.9869746026320622
0.4990359136915013,2.084890188244957,-0.38703799695673924,0.7886743226821595,0.762278403664601,0.9296076771583882
0.29164817224118045,1.8667502743910085,-0.558998502133235,0.9182574554523333,0.17600890120994156,0.8984358680116759
0.3829889844277028,1.5353907988957198,-0.535062520039356,0.916681457171843,-0.16616912933656053,0.9876982589577413
0.3707171923130312,1.4246223885803235,-0.6453563464577072,0.7035823892354589,-0.09069501842279575,0.9906915609908581
0.3004207442811248,1.6020850209719446,-0.49724194055435494,0.9181715542612329,-0.027044597221571803,0.9226478107480703
0.551172673081997,1.2408956328729281,-0.4152685739824741,0.8876789831410768,-0.10218357470848224,0.9626225537979969
0.742919620489196,1.311576934497339,-0.39754745505850264,0.9693023831911474,-0.10841004363137087,0.8862073849274728
0.806660451324789,0.18254371106100703,-0.2441221654354974,0.7433995834502813,-0.028236705131824493,0.9537021189864128
0.8006923017846711,0.39024398795292886,-0.3825198418245895,0.805655041759952,-0.23943130514482863,0.8860868479987759
0.4484892078388431,0.7958879244349196,-0.03478123827129702,0.9791297176209596,-0.08200934347080163,0.9044579175966209
0.7966650760816004,0.4700213315814929,-0.014845928055052434,0.9076093785159761,0.1742259408905116,0.9556715287585366
0.7617185679685163,0.6524768574215081,-0.011308272612183867,0.8654239825341049,0.13984219022648098,0.9196418269934712
0.683742370004796,0.4257185957117923,-0.028457926713584377,0.814761225897434,0.0758039750632011,0.9385686166736613
0.8117598903115372,0.45951283448100566,-0.07795038654237613,0.8559743278091472,0.025412212123138416,0.9216204865099699
0.7831725398301941,0.48460063129152925,-0.09286930847201015,0.8662170901822465,-0.08845914816104936,0.9665855422814652
0.8894564184014245,1.2085580501340252,-0.14782068880420834,0.7936623494572573,0.034449240287319785,0.7966106731553475
0.6237939788543087,2.047475025491747,-0.23391761198134076,0.7751770696337825,0.09204157908850358,0.8800415812425082
0.8521202458302788,1.577038389402428,-0.19678038472431078,0.8845266580860426,0.13723843714228687,0.8937719184201586
0.7499558685872181,1.6903971104586106,-0.22035528897949222,0.702854523206319,0.09140019615816647,0.5692878656012514
0.9174510691889407,1.6603585034541959,-0.2515229877516319,0.2043458135126331,0.11463768543433422,0.8354056596091689
0.898947080689055,1.6699092877302082,-0.36316962815849824,0.8807749779559251,0.12158167503080856,0.8344981889591584
0.8026859245162541,2.029816639665851,-0.3598995025014244,0.9389713700416821,0.16001259414738203,0.8719322788348011
0.6696359293374731,1.9924926433377155,-0.3371798230576559,0.9791375918406144,0.13935892714091244,0.8714858668865741
0.5548339800704442,1.8423746696534604,-0.37313703369603246,0.9791677479164773,0.08462923286878324,0.8037076223532538
0.5338435158239808,2.169549081871674,-0.4975547731258111,0.7340215988080802,0.07191367443257962,0.6571961103930343
0.5688072900312596,1.7350456723516088,-0.34448315518890704,0.8846106987521573,0.16986092518025717,0.5389401076815492
0.5560009854948635,1.7773514923650433,-0.24497075355059006,0.8506126293186779,0.35192680401925935,0.9757152857302257
0.620909805148024,1.811861201644582,-0.30490858459721076,0.8819062795255013,0.22849276020739595,0.9474503234550075
0.5140671159093513,1.8498766573728769,-0.1674736168094157,0.8599183702063388,-0.32870911830847027,0.9168028362131666
0.6710463400681576,1.5287434831655906,-0.22558614389566403,0.8994697106701949,-0.1824903685274703,0.9279789077829027
0.7723990541842451,1.7956421925757975,-0.21384324870864177,0.914254858839207,-0.15311049802005802,0.944838150550693
0.7974608369674148,1.6560632380583977,-0.1351491687501533,0.9702395440241711,-0.16062751878529682,0.9542427278818242
0.7194525746167107,2.042640976464787,-0.10540974379550308,0.9760066219906361,-0.14744397591713254,0.8974875338072164
0.7369459130587797,2.454873586160975,-0.180419232063847,0.9873020385363429,0.11879288595796626,0.9922298785318543
0.7730024892890631,2.1661406406880723,-0.2756886107852583,0.8820471987814226,0.20976543736104764,0.8130843806051307
0.7742192710433076,2.2180786280219422,-0.31030930368200366,0.9119691840380635,0.062301528758142266,0.941975995629879
0.7958374881742358,2.1209177639310584,-0.17568493615081782,0.9216091704484362,0.019038739575344094,0.7504856985553695
0.7293413745026682,2.3671679076111496,-0.42507096132048894,0.9239584289290205,0.11712022429437052,0.980717006335222
0.7665656374336237,2.1505306972506353,-0.286767499316924,0.7460044205268115,0.3215601834183556,0.964545181905461
0.8254128520305332,1.9609984615662346,-0.21082307286303978,0.5518891136620743,0.6793885309507521,0.9479430859780168
0.7208882022322817,2.24823864269993,-0.5611209972315534,0.8826742247790578,0.4868527541897571,0.9728141557956043
0.6537083993191978,1.7225225110961253,-0.46930231406563266,0.8188723720891712,0.11946280050457712,0.8729580712955678
0.6823922066236349,1.7256697744007847,-0.5299263674954355,0.747632644292086,-0.0034656651822467426,0.8953149048780799
0.6403508944923304,1.585276336609407,-0.48629375271396297,0.7853966088714456,0.05469161714671059,0.8639093882576554
0.7202648286240069,1.4212777366469669,-0.4961911622340543,0.8874979973220768,0.2704313473417017,0.8407943445345647
0.5793421717123278,1.7945817084147897,-0.34088497891547065,0.9842305805677087,0.4016719466309576,0.8760460292915051
0.5000663753110539,1.75337861363855,-0.4202177444185237,0.7885780400018332,0.2920589659732069,0.9078689594880257
0.6805306573668404,0.9427006965218101,-0.34881682487343735,0.8256143242015904,0.11108379689199112,0.9525322093561104
0.8394890187744914,1.5820304764457602,-0.10952531021252333,0.9841395042571166,0.22745547339581978,0.6523588320778765
0.8056848605993796,1.37114656009785,-0.23411566692184507,0.8300716920032246,0.027037692634139104,0.7262841173373292
0.7681682425549287,1.323742413642462,-0.22986388007773118,0.7468893734662881,0.1929163521302927,0.5442803860922215
0.7050480607594002,1.7991968148948876,0.004295133119170446,0.9822754628778755,0.038979322536823735,0.48007463583706933
0.826161909404525,1.3631555934339779,-0.29049472999789483,0.8900652543343409,0.01211745245333081,0.758518885983547
0.8326059130102681,1.0907488459433397,-0.33518183222261044,0.89638795940362,-0.034185925380503,0.4311372911812556
0.697899601360444,1.4207086551971921,-0.376758807346864,0.9372594294948512,-0.07723857253034888,0.94093759824067
0.6943819468547942,1.8688091544756475,-0.279422281420387,0.8861654896243967,-0.14943147120773725,0.8616743268379178
0.6977975758285571,2.292364286784339,-0.2295082597991795,0.9005146002895881,0.25011556138275653,0.9969006992275243
0.8182996494202234,2.1983658746555514,-0.3657565384827245,0.9275199645072049,0.33645976667400135,0.9939276480723663
0.6179265881971654,2.346947393045742,-0.42815616891764374,0.8255142263235001,0.2971392153295393,0.9835110588294057
0.5239916362757366,1.411292660423519,-0.4479889863310456,0.9105296799200187,0.3404859658835467,0.9644849117551497
0.614709835446787,1.0981338653660855,-0.4383636060622034,0.7225435928055429,0.2739240879685982,0.9744810940740638
0.6078726480643944,0.9508477785065482,-0.40746584619733034,0.746667861434037,0.2944792595644361,0.9787656181060768
0.4740602596687269,1.054966907172633,-0.43926287173427814,0.664151438974053,0.32934526250981494,0.9397066708582882
0.4031614183851926,0.8682520950350725,-0.6162667027802506,0.6665632240220212,0.38888538468154793,0.9181675710269508
0.5541028726576736,1.051063583295413,-0.4850075769894408,0.33885284695873324,0.49785260059917985,0.9324904079312334
0.3399864433753428,0.8052468877270222,-0.3335531054913891,0.9442157969952851,0.40449091351133554,0.9489454442404371
0.6501183130868474,1.3940586884491581,-0.502767581514826,0.8061384262686566,0.4526852350780508,0.9485418029124372
0.6243119153308807,1.2602639777913107,-0.5465588323327908,0.8652671116547788,0.4222365179921668,0.8627824221005441
0.6822146589412487,1.2228549161044933,-0.4707014468412343,0.8926930848540721,0.32198613670569465,0.931584105944734
0.5641702686654843,1.2445197369462153,-0.4652180635776751,0.9217315094858419,0.33554812619649743,0.944908694677225
0.5548244732111142,1.270672108313928,-0.46246882417011953,0.9449953322889535,0.16933624209390385,0.9519620214319636
0.8066435318799655,1.1807327540986732,-0.15121505324294074,0.8842228654468127,0.039135324712971514,0.9089512796687563
0.8222948251761317,2.227312028885001,-0.3211573188971256,0.5350794849186957,-0.009421478770143266,0.9488908562449792
0.6488544263031238,2.5503701419943825,-0.2772158707503764,0.5882617373126269,0.009475030285115323,0.8817762802239122
0.47124416162111293,1.3726243602740287,-0.3003565402751718,0.9204981011391704,0.17428905235901548,0.8617811001975629
0.8500381123267732,0.8762005771836255,-0.22968505766398556,0.8626195221520416,0.1629909103413603,0.7568990044262071
0.5925069377867217,1.0973500865728332,-0.3137527154615612,0.9251451477448379,0.15658096129496865,0.9404225366288793
0.7945171616278195,1.115104346743894,-0.3193364433313455,0.7579052636282751,0.07519600643008385,0.9104266857089588
0.8012971601984742,1.4395301528170312,-0.29110832648761537,0.7356829944754355,0.0015300384248933146,0.9324681054753663
0.6917087866913805,2.0103684349324733,-0.303156913405076,0.8995647795699211,0.1553482477443559,0.9490964459951858
0.6360652523861231,2.0210531727320977,-0.2361571521568433,0.9541253506848417,0.1187674681354305,0.9635833335159061
0.763048259623253,2.0300893381849674,-0.08715860109335911,0.967682922742287,0.3156153132412549,0.872201841629546
0.7954589676410394,2.0055003358188936,-0.05669843522866201,0.8694059363959727,0.16090450884641957,0.8753992340781711
0.7265874777020391,2.276959977182952,-0.15188133188970115,0.96278743806388,0.0523249578059514,0.9765763468311289
0.8247351646481847,2.502639008991109,-0.3448202732211206,0.886100438170868,0.24431137817061066,0.9811020357877805
0.7752170963109424,2.3978211833565815,0.12680067386114413,0.7279075327823338,0.0783112287293114,0.9871113121476607
0.7515883832022094,2.178798745413216,-0.10248155947057,0.96163959413813,-0.020415090560155,0.9196038632395688
0.8192819671434465,2.6377353061746707,-0.23832763144269464,0.9708303102178298,0.3330567594892648,0.9127391126659777
0.7846408017869777,2.203638991024019,-0.10418418207879845,0.9783677755988854,0.3026026599958911,0.8443830702737193
0.6453617357753892,2.3070002873315327,-0.01450071423563696,0.8083812690514147,0.3975981247426747,0.8955452822199866
0.6106762439649476,2.19589903153284,-0.14547077789038343,0.7945771462355379,0.39743783800660254,0.7526805069304273
0.33331603479066546,2.2232216326960432,-0.13718043219609377,0.8769160376665334,0.34874311691421844,0.7286719417947021
0.32453290750856745,2.3587330098225356,0.08134110733491658,0.9459257915267941,0.28189409186037806,0.8145393291425056
0.5924615750294034,1.7997550443875212,-0.037209962971143734,0.8027708095333517,0.32030172338344337,0.7736736007539673
0.35231836565402774,2.0263359064951403,-0.27876512471004716,0.5445504725063013,0.31105749438940766,0.7055288395459529
0.41170943794167036,2.02729478503888,-0.28601039133021455,0.7151326380298536,0.32836752203548875,0.9745284161438087
0.566442462398752,1.6184830194029942,-0.43894890328540254,0.9256892042234008,0.1159185994871235,0.9788723973074086
0.7542920734288961,2.5263412039370614,-0.4457055618761778,0.5272966997563248,0.13491854231456152,0.8268392186052524
0.8367615542231241,2.388874575039771,-0.3869796724938961,0.7233920602723923,0.1306912948503455,0.8686591325303175
0.8080336430331676,2.5834377909708963,-0.35474459318100554,0.8445376889626626,0.12577262637185035,0.9418365539478871
0.8055350919497458,2.394033757982419,-0.3267581338533241,0.8275898772215062,0.026149455239456894,0.9293996108196917
0.5778193040793689,2.2999896357084664,-0.38513635526918955,0.5375370847924466,0.2370369637920991,0.89456692395978
0.7665259704788033,1.985850036696665,-0.3708412326750145,0.8957611075903492,0.268595034607072,0.8474310144227059
0.721391870948376,1.8871636921627923,-0.31612426264221394,0.897000775529507,0.245626698917325,0.741209351996415
0.9762362251383258,0.9702145014361783,-0.3302200753756392,0.7533489556156039,0.1475380599633224,0.8395554644462587
0.7960896656193868,1.1722451649347891,-0.3716022587342328,0.952234432479761,0.11979254213959076,0.927566737020935
0.8254115239448416,1.4333227421419779,-0.18850420976622626,0.8615561870079516,0.128726098674017,0.9059721413151876
0.8499392382654248,1.5207850388199686,0.3329830680951543,0.9799097216944662,0.23819381437934004,0.816008068159555
0.9326533632150212,1.6122839735030807,0.20096351888213101,0.7867264135402486,0.22337902560715103,0.7410287547290929
0.8637386989637372,1.154007737136617,0.2919554802846104,0.8673130152480227,0.29632420447710517,0.6322369937948844
0.9318213025448794,1.2266927772307894,0.12663278156277777,0.846095890637166,0.3262774792854743,0.9058561702006241
0.6685842423379634,0.34253119095429874,-0.3046068743393419,0.8165322882927107,0.2607965473658828,0.7700343590976865
0.6747447145201296,1.351480964328892,-0.3633470325570455,0.6380647768879629,0.6368890105206886,0.8632912225155186
0.8218836416079343,1.7436646543072793,-0.37834205722431,0.8589461272724112,0.6785876040562159,0.9412824864344197
0.7081147242888091,2.5691969752891364,-0.527029004296648,0.7278788638714216,0.5930434865443167,0.8953363152293268
0.5109951897695814,2.5083094933374936,-0.4324927744726394,0.42808344033534695,0.6516179744078009,0.6959758652056907
0.45838632109286576,2.842969854297988,-0.3331835085992431,0.8118906289852856,0.6132206423170594,0.7822188537980679
0.6683988564909312,1.1135342347406976,-0.14348214135721496,0.9341837307890338,0.3018208676007252,0.9969503422041747
0.8753581902911639,0.894405427724109,0.02974263740801818,0.8950013362497665,0.27967784579623084,0.9961855124213724
0.5781758884262475,1.7777054222748778,-0.15881319536962307,0.8700726038207539,0.2915930087938683,0.989223876472672
0.6386288513133098,2.1165810968978196,-0.22583242365434378,0.8701342028673791,0.7626065334382074,0.8789075731189705
0.46110262439199945,2.291482789045957,-0.24128658246192786,0.8741663573692398,0.13110697077587313,0.7933697168276574
0.39854701807403164,2.767684356059067,-0.2897278358728088,0.707430562904517,0.02892266438684444,0.7933691466190766
0.41500594003995117,2.6099296304401736,-0.28443140984435356,0.6623767974700981,-0.22782708237197832,0.9015637631765371
0.7676107893967786,2.5227655868595735,-0.6548284622845435,0.5284523183946762,-0.13227159376856468,0.8032893800850064
0.6194199840294499,1.8379220808886187,-0.26723942866282985,0.8387961030119184,-0.05003374306551274,0.9923986429530429
0.5508480701443295,1.727726914488737,-0.2535871623802389,0.8053953960678889,-0.062184734914451666,0.9967796783449085
0.7004891884276596,1.3555317445605541,-0.14117672991119165,0.5470996851731498,-0.06013527932160755,0.9965664646842749
0.7536403148380119,1.7759191829160437,-0.3295051626520745,0.7700388849083257,-0.08644764752511554,0.9930350403581005
0.7127694417874826,1.6014976890671482,-0.42915289774156734,0.9338391370579212,0.015106347797516004,0.9959229393292338
0.7186721032638377,1.7983366158159926,-0.6804248400546579,0.8952915272632203,-0.08237159260317241,0.9994809111231442
0.5066155512690451,0.8540201012425304,0.30872912291493126,0.8341755036869575,-0.24465768081387063,0.9859773503459357
0.7396303718032812,1.868736343892853,-0.25373891570736495,0.6621613335445419,0.1223733789877311,0.996327877912746
0.8316464895978902,1.841940017855302,-0.34688386840989216,0.24736950223028023,-0.07846396228275718,0.9915715039617862
0.7892748002928573,1.9085468616598316,-0.324701476540076,0.43030639065301585,0.328092502245843,0.9969785089070331
0.45076465199802884,1.6100993231179812,-0.2395697656296466,0.7703123546180751,0.5973820145903862,0.9848320105133025
0.5228561829007957,2.009748248556758,-0.2234686944968603,0.805866410528584,0.48889697251534975,0.9944054968974572
0.44018240119444896,2.4931391416040576,-0.03488874479747301,0.3793848358512431,0.4798536349011215,0.9942378755906761
0.33897129125732,1.7377810824234394,-0.25467037954771093,0.8643401104996906,0.41377300916533494,0.9979015645562058
0.5640815085365908,1.2448313657168744,-0.060040693128933516,0.7133351523336443,0.6642915284604839,0.9999892226316182
0.6322155297939678,1.0840080495667894,0.005334016437963819,0.9335353316679406,0.3362618856682879,0.9997590031445955
0.7826381323327417,0.9021854512298669,-0.03973770003815201,0.9619252743455833,0.25731534928203126,0.9945948008396222
0.5512739838780295,1.408116899937767,-0.16357960519001774,0.7059418733379881,0.2025916873275551,0.9945066748958759
0.6453647104171122,1.0753070221424073,-0.401082151020245,0.6599364395863289,0.18016127461414558,0.9821643681895103
0.6827860994600189,1.8146069745524485,-0.38207329051192707,0.8360596025534016,0.08304071233874406,0.9983815450624456
0.5800762247381832,1.5817189224267776,-0.3448002179695485,0.9095367247593292,0.15070461638924346,0.9958883618489914
0.5996604878795696,2.209959861709433,-0.5557088625808817,0.9230489659576193,-0.03439044725687421,0.9972192934900186
0.6911583902525441,1.2159456296522766,-0.4195874697684986,0.9314689560154739,-0.004150296696074546,0.9939141670087174
0.6488604486561534,1.3269186099079866,-0.3823074777065876,0.9018841842457218,0.0758781157530127,0.9982775991139644
0.6872928660754065,1.3522037892344925,-0.34000428968343893,0.9015060284746441,0.059392782582527386,0.9988109543881487
0.6510060913794179,1.696030473653289,-0.4202422596862639,0.612632456920373,-0.017392460817191053,0.9978376037562544
0.8102762156928539,1.6517302500060538,-0.47606828929989303,0.8560571652309471,0.4715431069003432,0.9944803644803455
0.7300230690807532,1.8019439772121542,-0.388871608337442,0.8899087661207967,0.4238803713015132,0.9993262915600838
0.9238045274887967,1.6696728988943692,-0.4691629610510012,0.9607618409930365,0.4321828843258243,0.9897498132444361
0.6232581088008556,2.127234665287323,-0.7350590387759641,0.9853909181703259,0.34961138272913955,0.9913644910780105
0.551891989794932,2.2576265303617262,-0.7386429721939409,0.983589465848724,0.3679481375901976,0.9899607241671184
0.6047047062835208,2.3887810501722213,-0.8062186257302318,0.9688855960505961,0.2560503357417063,0.9980579005112957
0.7134017994327375,2.087093543139079,-0.9510510002917995,0.8309783385959042,0.33053478463557173,0.9984590633630357
0.5915690685440967,1.991984335164684,-0.8614805893075116,0.8238467695248508,0.12379572521367,0.9863223318847602
0.7108232773805749,2.402268597882131,-0.6284005227526952,0.7925780073687606,0.2550727493434352,0.9992095325068524
0.646430661946526,1.997398256881584,-0.5439427009841292,0.9351974521592692,0.5180685207929159,0.9956492945389304
0.7476284638256583,1.5463333520912594,-0.45861271223903183,0.9106999504373048,0.4747157710245552,0.9874998943652007
0.6340505408001966,1.6217915364982882,-0.43227545821330327,0.8552960475069937,0.15782304583288934,0.9974814854377964
0.6815974410810894,2.2149171636611533,-0.6461082141252457,0.8150680894575666,0.2346990162490542,0.9973239240921903
0.7675777242564942,2.2972744845959747,-0.18025105751509102,0.42680451286501714,0.3220185582980975,0.9983695581369956
0.7412303191141248,1.9737580562794625,-0.26361079567187856,0.5582818084884954,0.3259587252511644,0.9869713088191133
0.8405327765498825,1.8808699550938361,-0.12197580131108357,0.9515463690861204,0.5720847469119305,0.9953684542871103
0.6236400709507318,1.713014034804546,-0.0984528578744756,0.9344087343355387,0.7934727060239104,0.9938654648641642
0.47836183836091795,1.674608080111374,0.05474514687750212,0.6614815491896907,0.6802492413981208,0.9822350398356154
0.38225081446343817,1.9125197228537811,-0.22909747217010615,0.5081834304374547,0.146525906464471,0.9926519447001214
0.24823867897515822,1.5634195428781943,-0.3556880678708469,0.8939111555952106,0.1629231328141755,0.9953662043300608
0.3708125174731658,1.0746648248731885,-0.22902762906730903,0.7111183047819433,0.14668301156951888,0.992501880121526
0.44406497372337356,1.4993571249824518,-0.28746295851697806,0.8362607962756188,0.27080851599591194,0.9981095707907369
0.44028548998206596,2.5048889064379707,0.05926719123407447,0.9619994980942116,-0.18473299817360678,0.9740896540151617
0.6131740908978814,2.079260976493237,-0.08790454861078777,0.8275608487197922,0.2704336400484798,0.9987690212216023
0.7183189817238588,1.901891251436444,-0.37664932780913124,0.7972632121029607,0.23743969107382382,0.998170772479096
0.5666311796815494,2.2241118156133592,-0.15530254278916283,0.8879607620923656,0.08999149508084238,0.995925226774195
0.7243524282259695,1.977852691224769,-0.2047797432867379,0.7541549539911541,0.28687046832598545,0.9978871407976635
0.674555748521567,1.617799673872401,-0.19380748677465237,0.9565416731359759,0.18974466387990863,0.9920422266119014
0.6941342283477238,1.7454078705668485,-0.31813762209470126,0.86550918743008,0.36045165093919,0.9902680470316724
0.5877065977924765,1.7682671506607182,-0.45659364519751366,0.7025563266910759,0.2513411763219837,0.998155622958103
0.1422446136961388,1.4493743456687953,-0.2848766012105528,0.6583754641158528,0.200497082744125,0.9973760363105489
0.46127037491934464,1.4735911894681095,-0.36297873066613545,0.9618586477361568,0.26533988839111855,0.9768439778580754
0.5554521926390286,1.1011550020822152,-0.2643216163541386,0.981156108405861,0.25743294440702985,0.9994889525021605
0.6006006405783908,1.218020423807898,-0.4115402056529461,0.9926119363625564,0.3394305482330757,0.9999363972730079
0.5872786726243017,0.8912593358494472,-0.3679587870112553,0.9822794206514551,0.17402028938316455,0.9983182206871083
0.5213322043691518,1.3273035808755618,-0.17700569745614597,0.8580477731324642,0.04188131877156883,0.9918800451367671
0.24428348248528606,2.0792628050531823,-0.1248497909021275,0.8110378211951959,0.05766495741131235,0.9947189807542024
0.31562040390377766,1.6668969661010091,-0.122453451455906,0.7335384011156553,0.0029355204541662303,0.9979326037901425
0.3151143999530651,1.556282462891911,-0.10304709652416286,0.7939237345841861,0.07732976874056076,0.9988904606244139
0.3886325671132812,1.6033550731088408,-0.2840589660041397,0.8091193492640386,0.41425043018523944,0.9992599249388451
0.45798536634877396,1.1274292381621445,-0.16429043623325365,0.9523555468779477,0.09366901279789921,0.9797283149126769
0.44626903351542785,1.4530298923904181,0.22168101234386758,0.8942688595293419,0.13625584529268084,0.9992444728081139
0.513118903686857,1.4183748675565604,0.1055327717968992,0.8701114779662844,0.12411365180673202,0.9981970358252117
0.4178134490978071,1.1216412088734482,-0.06220460883231475,0.8538947841958533,0.28554234914137844,0.9857882892033782
0.30561816956457316,1.1596051532287266,0.0976152543819636,0.9260420048354808,0.20537929369770647,0.9976603371559762
0.296917525832209,0.9583585378915185,-0.141411933757359,0.9050541749871526,0.17531344561624487,0.9977554720279377
0.5941816471459135,1.6979146437343928,-0.28621631928658725,0.8448937369523348,-0.0850942045744386,0.9996373300767237
0.7413050183015083,0.6634401413000579,-0.20799572964269783,0.6527320856846542,-0.3213039902718424,0.9995359045657308
0.7904357015235464,1.7313922992037392,-0.22130214712789806,0.5716148715786412,0.3637228113260703,0.9943947222747201
0.7534443097896687,1.5041833957212072,-0.14204447006449367,0.8718705609188112,0.539976026222243,0.9930360372118401
0.7875580709973105,1.2671697347366306,-0.060373744473797016,0.9150806847060948,0.3000896848523113,0.9961571425838954
0.8148067717766936,0.8581040978246092,-0.243095745953894,0.654688435912667,0.12229634845875872,0.9980850849375011
0.7794058241139713,0.8373770623678942,-0.34394001045367145,0.5254190254232299,0.2084435608207803,0.9851526217672731
0.7682740721398034,0.8529855732496094,-0.2749472140980636,0.8507589021762567,0.17153159693509978,0.9955640174895736
0.8959785680902003,1.626223073371169,-0.5477692063203478,0.4081439129928852,0.09279212243140858,0.9922575093174995
0.86738444038109,1.7491958212047563,-0.3703208795002657,0.7659278178171477,-0.08591514994774456,0.9992235122238844
0.7287985973322277,1.7056288789385352,-0.5783416335331404,0.888110974111617,-0.13909746488419822,0.9950378551661626
0.7314737086230563,1.4026141509615562,-0.5742763097295217,0.9082930346367459,-0.02014355470616879,0.9883912243109729
0.6055928722101003,1.6674811907102773,-0.3216208564115432,0.9657052326757215,-0.1088289371340047,0.9943967977599864
0.7290068297182017,1.593832865191161,-0.24616185146700154,0.8742792521595206,-0.04608853138883597,0.9863399651733414
0.7198401017843472,1.5740379862176446,-0.43364146604142384,0.9338393407626701,-0.15667975549137453,0.9758485935762309
0.7224031014010525,2.0015650220495744,-0.2744002211219662,0.9161908097084229,-0.27954482353791693,0.9939242144185723
0.8461092439613485,2.13316549861506,-0.23424330072405092,0.7428768934773998,-0.05956915465987438,0.9991100764657698
0.8081122644121292,1.7985181169901727,-0.35002132747663833,0.8913914636159453,-0.3308498740361335,0.9976618974806145
0.8771981397888703,2.0154614049220534,-0.10446597650841082,0.9698348974877564,0.279265661788374,0.9923095616245377
0.8438024343889252,1.3494060211181198,-0.10462375312997926,0.8508242079492584,0.081639498275248,0.9859518082601703
0.7356572252447356,1.346994952150166,-0.3290454158017725,0.9638354628922935,0.08196563682071589,0.9889070971325303
0.7844268324507744,1.707705853092285,-0.10614385234744116,0.994727624521523,0.24367376509632468,0.9904167944032259
0.7258349328290784,1.7372839253180021,-0.19266463463355957,0.9911048797998193,0.3888901407377415,0.9598185459660981
0.8353126649275522,1.4511234784473153,-0.08647052803300556,0.683811578144715,0.4721746396218734,0.9985592369700474
0.7472550105463451,1.7919082167957718,-0.06908026072967985,0.767206727112558,0.45808861732612816,0.9976837531272742
0.5064178134918894,2.100003532974825,-0.6034226408255108,0.8858782340015979,0.5336646481541326,0.9965534445340501
0.6207200570775534,1.601885066444772,-0.5689632903913391,0.6784725422767296,0.020845906687690905,0.9868096256871952
0.5222364652430256,1.7132626129733228,-0.6217699177925429,0.7771183174082631,0.014617271339844234,0.9953505074945391
0.4537669070221554,1.5272189315526816,-0.5894833405277441,0.6530422323274898,0.03899507516885733,0.9962267451699531
0.6940573650419521,1.6505077000351691,-0.4601830579931618,0.8617179791135665,0.6693464597830802,0.9977942248931218
0.8935274271699695,1.526983415320641,-0.258736421992247,0.911865401146683,0.673252915077976,0.9783209787236431
0.7305897287996598,1.9620460470218744,-0.35821729780343475,0.9233671126860477,0.42669217079478833,0.9086306250025036
0.8160428453677089,0.5916048676841625,-0.1519212862450159,0.9423943042820717,0.49814607185995596,0.9918341052115489
0.7746286152956349,1.4417209521015446,-0.25514057417887454,0.9962434767860519,0.35881747000813197,0.9967899601830765
0.9190622345161136,1.360555525393411,-0.1488447281614996,0.9771424418596549,0.5884328537843554,0.9972177700407303
0.8190067003048532,1.3053512949552137,-0.16599556304322832,0.9852380479055487,0.26793504502536264,0.9978446115715109
0.8167099034647268,1.489321681822493,-0.224390814387745,0.9902847396520711,0.26461829225590827,0.9892242755648072
0.6099584503012663,1.299028906677626,0.039041941291873605,0.7632315474813874,0.13697880053089365,0.9954024597640583
0.6943944569194284,1.0324244940701754,-0.018337567721572464,0.8383009952380651,0.11389053458076681,0.9882185750999845
0.38411245635427105,0.3097037239329556,0.18271220199554336,0.930327242933265,0.4428622023651918,0.9991939174361689
0.7421622695051777,2.713725014253102,-0.5515031899410066,0.7362855795042639,0.38260647707738,0.9987870287349377
0.7124687332132357,2.872113857495593,-0.5575682944526684,0.8475848750473557,0.40479079403898893,0.9886721255075481
0.8854858946023847,2.0711123217914644,-0.5513013474184407,0.8271586904905024,-0.07847913037277195,0.9975345589392122
0.8259937386663714,1.3081631857928389,0.04179276654807871,0.8920103911293459,-0.11584598813053201,0.9852071563111312
0.752108481478417,1.9808245693944255,0.16075772783452233,0.9396034184801424,0.2622459046585096,0.9968039102755052
0.6938361789044893,2.382557263193491,0.04377637518298148,0.9404642984973984,0.2439402213373737,0.9951736838354683
0.7126385450913553,2.070511096640041,0.021628476184514467,0.9558231469146009,-0.018804281917985763,0.9980864337947134
0.7521235766631891,1.5757139856131814,0.041916281260107366,0.9368308704121812,0.09065586004977641,0.9949845325895198
0.8581367039553323,1.0709554733832847,0.1514449381128364,0.8525396022191356,0.13620815088053456,0.9968532930964161
0.7933444534539802,0.7046718281370579,0.10103082063848973,0.8209953820847165,0.10170668783704766,0.9953536405786582
0.8226326480468744,1.4917873146142155,0.17339456314804633,0.6719676026854955,0.578487771687949,0.9937844406657628
0.7707861865287782,1.190465039089348,0.08031585173483799,0.6246000028271284,0.5872372367155552,0.9937529229188622
0.4910502694371357,0.9901328517838626,0.07253346957945529,0.5012882705399626,-0.054474203909964956,0.9963902079628374
0.5720924946420828,1.2262816023935517,-0.010537293830783117,0.7610508903763548,-0.06542127960677328,0.9887317160443796
0.5148878320319602,1.1732859073509252,-0.013430628668582944,0.6579929511776793,-0.0518024278628395,0.9863035804214472
0.3310040608131666,1.157554086883512,0.04103169745183268,0.8532199889747036,0.01655944922340453,0.9968028457009527
0.37131048655458776,1.3132925220799878,0.08299706299919056,0.94744549803686,-0.08452592776363184,0.9878637938741008
0.7201788086447874,0.4571580060055991,0.3254919057668841,0.2955038500358101,0.03275660166459545,0.9822545906954481
0.6740609916208357,0.838782308378555,0.12501538262082385,0.7479563685404708,0.15928840945397282,0.9982058081245885
0.5572955095706577,0.762747065500225,0.11501999025495728,0.8760403717630596,0.20331972328191927,0.9977466583949104
0.5414100697624469,2.459344498071047,-0.054955500776830514,0.7398109913940262,0.30269999734988456,0.9021272532793186
0.302734216156623,0.5317994175506927,-0.2831653273599237,0.9823783437530357,0.27803816268072523,0.9998397555552851
0.8162788786313486,0.4105378542549166,-0.4579294591292609,0.8056271178396177,0.23215161429290923,0.998063048476835
0.45774077041031974,1.252775627897802,-0.36791475135245144,0.9206175030613575,0.21117321019921315,0.9987383032808979
0.5776941142301559,0.9684532702101132,-0.34364824548958006,0.9372788437468647,0.28376064380342514,0.9995601300893465
0.44953024503579386,0.38550133628311706,-0.28276720578167847,0.7930297720252381,0.17474871191129243,0.7802641622359697
0.41677199969719797,0.7708538990405911,-0.2649269135597835,0.9216035377687999,0.11774854706793243,0.9245314617669943
0.5919501566636307,0.836622743180749,-0.1258589997111698,0.7607554868796009,0.17964348758483692,0.7775884235205524
0.857542800266416,1.5826072309081776,-0.280830685981354,0.8782797207074146,0.15239962627124098,0.8906148154808822
0.8151234311183148,1.1790698248752378,-0.23273459090143986,0.8368707166837767,0.12168748616805287,0.9120935684162248
0.39147748677662664,1.3531708878288664,0.17483929972429427,0.870840739576817,0.06093104965014854,0.9873571652660582
0.5293055963164547,1.4158157032260508,0.04300214019594594,0.8930270644545866,-0.08966870497697202,0.8035425276135979
0.6674055923202608,1.0331693566553801,-0.09942921228085733,0.8676731818107486,-0.18206601490207805,0.9144282405445056
0.75367908863562,1.280500657057592,-0.07830008543746045,0.8454550585600402,-0.04026558989876632,0.7805238020687181
0.5007065982097938,1.8392801624615418,-0.19455755211747358,0.7702773886032263,0.037612874780759385,0.8750320697614639
0.4728493532673155,1.6329534242739812,-0.3773645071253928,0.8760184399769527,0.3050580093415067,0.5882657550294421
0.459441143534159,1.5067223677869321,-0.35713563833647155,0.8665149308301912,0.2720335470775291,0.8065038957995206
0.41099799715142976,1.8030917578082633,-0.3119064023657626,0.8486013349338472,0.39446358103482915,0.6962220340332808
0.2857531294691044,2.4026793848895642,-0.6913558859662262,0.8654377980594775,0.24366200510732425,0.8425143924172863
0.6741780972226695,1.5531719388351775,-0.48017777855109495,0.9728576058187075,0.2856382818636877,0.8778198512397376
0.6807913863452008,1.8797221337523295,-0.4568902773968599,0.9388081853265418,0.12195008258239329,0.9971070856851126
0.6086947033478605,1.458061467127312,-0.12036328530905553,0.9139201198584894,0.14748838264993025,0.9970723753059751
0.5837865234542872,1.3316308701417519,-0.145346252200549,0.9325527330235744,0.04285331180804705,0.950433564578494
0.5789219218873878,1.292698332062108,-0.3434917474836575,0.9528984032661811,-0.009402995874021129,0.8300799560411977
0.5486934355085127,1.175874167028231,-0.39348960326084204,0.9184676255073584,-0.04848569129650486,0.8723646907376855
0.49979621902928034,1.1617196240394896,-0.42812944920273505,0.7787025228917528,-0.08640950819160839,0.863779291330804
0.45753886577628583,1.3469562274890252,-0.2596229285690739,0.8403517448469046,0.19201349599235681,0.8942471932038311
0.589143000220744,1.8232252968597753,-0.31359008111656006,0.609478287661359,0.12432247451255772,0.955570353080488
0.5870143330883808,1.516077558507288,-0.3189245042267618,0.7676465452750387,0.11161626251620713,0.7935976466217328
0.5115209681073856,1.6111962609299157,-0.33492733103413963,0.5231165059859922,-0.031242049481647903,0.8488055808598541
0.8470588588469536,1.315429167740037,-0.07343150589842114,0.9183599264007781,0.2683402019504353,0.9377941669724891
0.8413040068107636,0.8789863505303617,-0.06366973813461134,0.8825288136908948,0.36678827779514234,0.9733304486629364
0.8275757767636245,1.0752176604851253,-0.02435283961323597,0.8754309702328629,0.4044089127082461,0.9404719034162812
0.8472403811053096,0.8616551758249681,-0.045083318831233406,0.7448002829826049,0.1860115142610004,0.9392537995724191
0.9320378881056088,0.8522548356867236,-0.0011616186363529592,0.667745865250927,0.008361484294289904,0.9953455723913819
0.8087049172726557,0.7351793582047331,-0.10356857442024646,0.7509798335545491,-0.13382764308240414,0.9841773683351038
0.8307453680601847,1.032748304530174,-0.24099583198411056,0.7688255008094035,-0.2697732601478954,0.9773879331456713
0.6981385118417545,0.7911036104223373,-0.26508908519521013,0.878220782174182,-0.20477663492233908,0.9832347122203571
0.5054556902385,1.640619130120289,-0.22019320236700748,0.7780701627422137,-0.10511037484417439,0.969277851036722
0.7483800576846792,0.6537392419552481,0.1400419506602977,0.6805097309949343,-0.1526340131848938,0.97709622947927
0.7500226332190871,1.129833739068432,0.162799225360097,0.8508018069802153,-0.07087919767231006,0.9332510667345952
0.34583867988444833,1.8143968744032177,-0.34653874375216387,0.8324423579913524,0.19311904865457993,0.9884148806153308
0.4337930882541037,1.9346325055366957,-0.3251347140471881,0.8185547858477792,-0.1107061419848284,0.8904224430567403
0.5230899958596867,2.217922510335728,-0.3892800945363031,0.9055074853223324,-0.14984019757624345,0.9518106007527185
0.711625079870558,2.034687091636604,-0.3024322907072104,0.796434623634929,-0.19824951395195842,0.9218533134437886
0.744563273711933,2.168264758324315,-0.2346721780368108,0.812233485411517,-0.3753953180090481,0.9376227630368685
0.7327690890442559,1.6166874671643563,-0.28455053251687207,0.7865752749938932,-0.38120170671627057,0.881899105082952
0.7454787242974077,1.5817465784676297,-0.23734187453643263,0.7969856141744563,-0.21142509329102907,0.8992144037563313
0.739316646851194,1.5654473093681929,-0.28342649409629356,0.8129321059531175,-0.14972842312438484,0.8972204693239866
0.7350321081773903,1.1881725769532874,-0.3166981525578552,0.9172426319033908,-0.23470771991577327,0.9584858215622221
0.8256555141997888,0.975971242334422,-0.1154321399022988,0.7669055532599677,-0.14621197561630617,0.9399211629151037
0.7130988731154275,0.4374221735444929,-0.0772489338656203,0.5864606123966213,0.2734017573652098,0.7967419290987343
0.7199337522336051,0.4860942996018793,0.055183471122490516,0.7561253440379309,0.34425975815374105,0.8426090923923895
0.5065906345501086,1.1155329050720155,-0.06599569748078143,0.3528152003548043,0.25890024924785743,0.9144789395792309
0.34511982582778794,1.625576882479291,-0.11425811225297763,0.7598004027106788,0.7573837827398602,0.9928560557965647
0.35257579170139924,1.4061093917577356,-0.18282560161054218,0.6217233310671839,0.15739736686071765,0.9454261873580223
0.6312988424812017,0.919011486479383,-0.18695514124830911,0.9203287197591183,0.159724966072673,0.9362073509126013
0.7334855662680109,1.3743927743852817,-0.034981602932724426,0.7254368298603039,0.30769131661421245,0.9372992395865283
0.7541868660409217,0.9784370027127233,-0.04679286585486166,0.9226067932012927,0.17486158989478778,0.9034343843226988
0.7903232532406691,0.7929030116678851,-0.0333958607583867,0.7872450819030783,0.3020047061430099,0.8715108142564862
0.6535613623580994,1.5884696785794252,0.07571727861020433,0.9842491249257388,0.4874685992815561,0.970678652728877
0.6292417301454547,1.2054454671689698,0.02434433704517571,0.909923228677606,0.15061848338524814,0.7835889637863487
0.6700747331566032,1.0635746427563009,-0.2249105467982513,0.8984734242968342,0.10038849199868541,0.9966982580770678
0.506150354587073,0.49368323051961643,-0.028150602970322743,0.9127597881910093,0.15583370466120902,0.9975434474220974
0.5559477915825175,0.5703704562902057,-0.0006210733807159123,0.9177244990445949,0.18117333018001658,0.9400239337273533
0.7294044692954361,0.3370570881112048,-0.11682259914534743,0.9080499730295707,0.10050022588723581,0.9790095990420388
0.6989980594059662,0.4865673281662136,-0.028345089574255983,0.9355119092083771,-0.04676171641929884,0.9686484716770424
0.4798360838342544,1.097107453360432,-0.03576003636762732,0.931536578807442,0.11257165605843707,0.9854933815581574
0.34281377716515016,1.4611620695038987,-0.11742592723722821,0.9919405094690747,0.08996777101088256,0.9162146421603549
0.3168278884009047,1.8567473272395076,-0.1956890032266937,0.7320982947348184,0.07328008932653737,0.9297958588172756
0.7751695335583029,1.523035921111806,-0.26081762440780726,0.991590598284913,0.17576512751060408,0.9463752828421651
0.6958295877964914,1.5858829391695488,-0.2607752919273911,0.7762140396844067,0.06018559732260232,0.9622454094359308
0.825546533686955,1.4390861489146436,-0.3763628604475418,0.8341365790641189,0.029683667958186746,0.861985470992994
0.9239090866575321,0.7952445930311232,-0.1863306706158308,0.9332256354273215,0.043759827761211505,0.8966741324680225
0.7467286046634612,0.8806414491321048,-0.034097118750625446,0.7740769565631552,-0.10847432567921388,0.9930287410828423
0.7821288347901576,0.8896256976634899,0.10814865967771907,0.8653154061553655,-0.036719197738540425,0.8938568490056772
0.7416757733163862,0.9173305077327166,0.16529635307894489,0.813854077616277,-0.5755024475260107,0.9766407421476261
0.8055303930847204,-0.074880826161942,-0.04763809831167053,0.9097397889745131,-0.6295436684527961,0.918690542869338
0.7582005251872833,0.25090807702510054,0.05064888263303688,0.8786333901388762,-0.2764430178129846,0.9851242750485121
0.6136842061126924,3.087517630123129,-0.6689653501563294,0.6562340814692237,-0.4754413177503911,0.9795410593148747
0.5562460070926748,2.961934648818379,-0.8949590517372339,0.5929706826299361,-0.44008992582819495,0.874763661050491
0.6891564863218399,2.499503470842949,-1.0137976299894036,0.36393623148465143,-0.37029890618873307,0.9340420634908936
0.7343599551419571,2.0179803673809955,-0.860465532048057,0.4541131782740444,-0.2671430788930383,0.6976795550073714
0.7754427800111346,1.3987699407983165,-0.42738084635325563,0.9283721430173563,-0.1440423961867892,0.7788175393011862
0.47381506559656694,1.2849638662879177,-0.5230419774323039,0.9135710125194775,-0.16782073745698825,0.8642885012955763
0.58657334783764,1.5052930301968777,-0.6513134325503825,0.9678864735181482,-0.016294508151943804,0.9936723097460578
0.47866691881797774,1.3111905426414763,-0.41444226195405504,0.7863064934374396,0.045310738490888854,0.8808406952155182
0.545548602511505,1.483649189666442,-0.41671170992280865,0.8166746158112114,0.06563908301382015,0.966910287397348
0.8028759109489262,1.763812314630251,-0.4367436787191865,0.9631931442952366,-0.017768166545028823,0.9861766061940186
0.9216012421266856,0.8930427916261642,-0.7749233785975529,0.8824054027969176,0.031550314292477274,0.9794822284905205
0.8858215619552131,0.9868539252653177,-0.7958076164813824,0.8493402281245463,0.07523543388802843,0.9305682941884613
0.8167139279306191,1.1980120401781478,-0.7742247650957316,0.9457203522546457,0.22154722481936628,0.9561829278376166
0.8019953347557524,1.676142665399848,-0.9455809216469008,0.9222109843546795,0.16026321673013053,0.910997036865092
0.6456708409672702,1.1150336945903765,-0.7175951360236591,0.961646732213007,0.26313271103005065,0.9274085455209324
0.6306315322827467,1.1119218622979556,-0.7175349444208923,0.958774762705771,0.23248412677925176,0.9190813126851154
0.5026813973948899,1.9740413801096692,-0.7710480451013947,0.9455785259168044,0.11833241763139724,0.9935143004721593
0.5790688620728952,1.9742072042712997,-0.5222793018283468,0.8355485146801895,0.01448390152135999,0.9853344414387283
0.6160123524464903,1.9145669248345079,-0.43139334741722823,0.9061639733796729,-0.06089699016503971,0.9484712548711107
0.5232026287725825,2.3099050463200266,-0.2778961244267808,0.7974132257173617,-0.15591833093698101,0.9590357313596461
0.5817270040051057,2.7171107262287855,-0.3607187239480966,0.7587832391783633,-0.14924858020754936,0.7446034016644021
0.4631863420780015,3.260597248638732,-0.4741046215919582,0.7023493075502405,0.14890488332379034,0.9787582117639997
0.4232618053239338,3.1639887401882003,-0.5488049957999078,0.901308291948777,-0.012196706093178867,0.9740463393476192
0.5953327844921235,2.8102664588757076,-0.545221843254149,0.5113179518582754,0.09526153204257914,0.9793256575787659
0.8522805010329624,2.58621386954456,-0.6140674580774138,0.9099990291812484,0.03345878168152791,0.9822211154866678
0.906755518394353,2.7608992114965614,-0.5834046835596118,0.9402134340954608,0.1925986561048404,0.991398709472405
0.5515578212218193,2.3517380048743184,-0.013685974246194162,0.6911704534027546,0.07942883716476679,0.9781568231116166
0.5710236996606141,1.3380952148261935,-0.24197057652682488,0.6810315868153864,0.06332252953934286,0.9962622751722974
0.4678206309080491,1.4742665394348993,-0.12421189714151629,0.7821663721384859,0.08520355276211976,0.998171112449136
0.4070731106008911,1.3843068930400888,-0.16793341782846113,0.8093148534541076,0.10000667641411863,0.6502541803440149
0.4818177902914186,1.8570681743090538,-0.31036088400028367,0.6027940238821563,0.14527147531673423,0.7835780486216637
0.8348759735964262,1.3555407314738368,-0.010522401206114532,0.6909310351742801,-0.059651139326211425,0.8394046454383159
0.583818083741841,2.41455240763697,0.00446815504014577,0.8616309766385769,0.1814314731143755,0.8691232061607793
0.6463098676236007,0.6555505622205341,0.2421634672123835,0.7920412200152894,0.19783413062351501,0.8913760678475101
0.8524489994634633,1.8180075463392693,0.14341047252889008,0.6762374753001716,0.22458035464519685,0.9895555921881053
0.6020873944223245,1.7776999404257243,-0.17639929573170784,0.8779109323669074,-0.0932229551756873,0.9176427740982932
0.6487285623233339,1.895964777440926,-0.20477253489981018,0.8901943070225072,-0.08417159068501043,0.7552764274938683
0.5841149306419783,1.4730783702123078,-0.22153164509399656,0.9363178960748401,0.009038050803025457,0.920654905522153
0.5654623119092329,1.6734714043998058,-0.15933639992057738,0.950328332603355,0.0403871091783582,0.823345771383169
0.636007528814796,2.499037678668524,0.03226499473685474,0.9039973170819997,0.12888695907261757,0.8862435775312788
0.5442271674460026,2.2193400476972562,-0.24236417201644872,0.7566966728588809,0.1595228761262021,0.8922916485418636
0.579191160439439,2.7758625501632666,-0.01756014322393417,0.8913349939464317,-0.03470352584467289,0.8449772542299429
0.6458750061719872,2.6779217861769453,-0.09288172902321401,0.737723661202367,0.3099427490195974,0.9231432690021438
0.6315448637735512,2.535292654697158,0.1152670752523903,0.8180439301248997,0.3225140675983597,0.9738837707215714
0.6585789920158103,2.355753862742249,-0.14840457111753924,0.7570350648566462,0.35068729436636187,0.9438802785124407
0.6740809972827461,2.2006191382238,-0.09536280185636299,0.6411608989368082,0.2323537182167456,0.9335528674160882
0.7428462010954738,1.7303528224747724,-0.24715438074726082,0.938820107935806,0.46201728779082135,0.8944230489304756
0.7021610712095601,1.7555798624145482,-0.20200546978666564,0.9179518535493079,0.33757484861020853,0.9728655083543081
0.8304946437499806,1.3659632049109414,-0.5632440993857285,0.799822176754471,0.27982162454019455,0.9578396757382874
0.6444507981567595,1.4499066576300998,-0.7404426818777461,0.885366541901008,0.23495903767893292,0.9337322275249049
0.7360590964192935,1.0421884596083468,-0.44566844835288705,0.8589567374498719,0.1680708166637723,0.9662514793922379
0.6236775376731925,2.698621605433853,-0.3222024671925563,0.8710893370494636,0.005981541305080808,0.8829163931721743
0.8726322289468849,2.2451703384557553,-0.19278334863331711,0.7952652534986281,0.01511590073525563,0.977123806331885
0.8150218513152018,2.2877761203107823,-0.3884103742708627,0.8880062678675811,-0.026045209367537278,0.981487335748057
0.9325595608041836,1.5308283761119972,-0.35921692156017754,0.9095063627352202,0.07774194112424843,0.9788378712921202
0.8662222594449932,0.990127474341085,-0.5032842766816836,0.93297541084122,0.2330847136574,0.9722010175946323
0.640105745732054,2.1245883934461323,-0.2915143027086467,0.7007217008007898,0.19646832757885396,0.8905994008919216
0.7141409139114916,2.1518693450409785,-0.24389907494930688,0.791178176244072,0.11432894593082912,0.9715259730348921
0.8659359485485554,1.8363329308193006,-0.07878073061526085,0.8431468418108227,-0.004948420865378528,0.8808917162698457
0.8510554881901705,2.0638418902281823,-0.14231977581733127,0.883057002732677,0.14348745797169804,0.9774588313365222
0.6140214150959105,2.014086065428669,-0.28562080239302695,0.8780124280329467,0.043162075299804106,0.9366408148657911
0.7805072729536452,2.133426487751899,-0.4368313272012964,0.9065367434383339,-0.07671990378676485,0.9411608847416397
0.7482282980374809,2.155797067531377,-0.4077521286772703,0.9231718040271237,-0.08069618534361794,0.9639947868551851
0.8659591059570191,1.6891806864748862,-0.30265784277828256,0.8937401985062863,-0.06005906089876615,0.7079137891259515
0.8549808871980156,1.5639184118342477,-0.28479871087643804,0.924121129477528,-0.1355891086677392,0.7131650745144014
0.5851215052581858,1.832196653094444,-0.35416069577935183,0.7002792712757665,-0.1500735101737665,0.9553490679783438
0.43083555865233786,2.0709109157908347,-0.5866937271395849,0.27687506995271904,-0.18850294167717563,0.941855283611281
0.8421842205543157,1.851919011478929,-0.08838933283703682,0.9851199258138195,-0.08425857552381236,0.9282489717291956
0.8370125450505136,1.4083292594584487,-0.12580348610715594,0.9456388960713064,-0.01350370834761765,0.9457484928915534
0.8841717983722606,1.8576461849356332,-0.1298643283660229,0.9511730198681934,-0.06877117732639146,0.6858022024464262
0.8665979918433059,1.8638378041610735,-0.19510386861547507,0.8290350782645646,-0.08656564487627903,0.9836372857019721
0.9028138206764664,2.1923324189369957,-0.05892833802844077,0.9661473868297293,0.1601501265332797,0.9596532080088976
0.8324319778694634,1.9473808748868935,0.05375771568131507,0.46987974122635845,0.0826375945501267,0.9567695508320146
0.7946457982027093,0.6979331004558309,0.31317930269720795,0.9760451231151367,0.04415147504944804,0.8843157807229513
0.7068016163123698,1.1052406255214675,0.10934131398364269,0.8380034814657509,0.0032459401833788253,0.9231301466921378
0.7113277926646092,1.7119991587085355,0.06113687690942293,0.8431934607070871,-0.024368216270011116,0.9110018358017634
0.7410163915236879,1.3532197453170522,-0.0747424155885802,0.9240765959139386,-0.22198827421246875,0.9815428701978082
0.5867417967290877,0.9770818057793016,-0.5526347929914154,0.8775007282346432,-0.16020364638433884,0.9788019138605772
0.7637124355015196,0.8781033882013695,-0.4981509937881291,0.5996516176922781,-0.03061306894779474,0.9628505312875375
0.7618102321684248,1.0340197378725935,-0.3920341985430703,0.6523208549515854,-0.02874362517886789,0.9753044842184382
0.5369494048985692,1.953784951118462,-0.1572002828334565,0.9671439537130622,-0.013257260240339127,0.9954208682818898
0.6606858718367996,2.056646672377531,-0.09480420016238486,0.9279091841568701,-0.09891141456125768,0.996765009845597
0.6509225231281813,1.562993410026941,-0.07645544293890341,0.835487375039807,0.01218165369689599,0.9380416324399349
0.5158461161717205,2.1750037523484944,-0.238192495405178,0.930545929736261,-0.2398322112887136,0.9268315698138991
0.7376908069583302,1.3261954318693534,-0.2234830500609268,0.8856325761871001,-0.1817768823965187,0.9901307787226241
0.7448387396490347,2.065451623942262,-0.29568035081944954,0.8178391187633901,0.027018318481765946,0.9682220673824241
0.6372222574803141,1.6722726256133291,-0.15872331652611305,0.93754288601549,-0.025918422846871965,0.9578254881744723
0.4698538189425691,2.6797774957385756,-0.3509028094710554,0.7005786746250278,0.467632885441884,0.9316260245459064
0.6252807227578691,2.4143532158664796,-0.3178288191046981,0.8661731871448397,0.506851182733902,0.6843713189021179
0.39257983089842924,2.579425349636183,-0.43783940387064507,0.8052807816936702,0.512605917056804,0.5461977387588813
0.31812853808920133,2.9756401018669973,-0.14775986197182037,0.9362421717728235,0.498411571327961,0.8049811008714667
0.42760680682612373,3.082976238951722,-0.1224916609823528,0.9059341940694423,0.3291036933680403,0.8855459557368507
0.6235597880274144,2.9213943722523825,-0.2885905436668973,0.8750063081770503,0.37923742005208344,0.7670153147999207
0.5985521529867087,2.434010752474063,-0.23678421530005783,0.7655349365135332,0.3147522647630648,0.6621051030391708
0.7336384561445867,2.253950059753777,-0.3597967440887875,0.9001141294123471,0.2898525731612742,0.9252571471458417
0.8321517845313564,2.1187241672503543,-0.035149350841342256,0.8426554028397771,0.18149165695207664,0.9272122195893603
0.6011643723183155,1.6225172635621725,0.28138918783843664,0.740909137332747,0.1143483066280535,0.9210635726876475
0.8189893475429029,1.646954893843894,0.012180082516742172,0.7895250047014223,0.17792460788168488,0.9724267762524225
0.5164148377833925,1.7140014178000593,0.08722754879767779,0.9763458119924892,0.1535877477273451,0.7104382358777052
0.7012809359483032,1.6373797735824884,-0.15992915664244442,0.62342750695786,0.008888498771294837,0.5415098708792511
0.6840164832168301,1.1754125737673,-0.028592199056337593,0.8249550152248184,-0.040626862186222336,0.47254718396329304
0.5723996840722957,1.577660285835661,0.055603446437057724,0.7933547503327484,0.08393181740593016,0.7845628504401019
0.4752803744550774,1.7125623484371062,0.03755410551621311,0.8658232644032066,-0.27990061238660013,0.9652964466085827
0.7816495624908516,2.4028918593645026,-0.2723132214111741,0.8938513827261202,-0.2703835949962774,0.9786095786495153
0.6022187193359901,2.1146463639939923,-0.21650482680005176,0.8956168631633973,-0.2815057222030573,0.9460723094584379
0.7251392018445646,1.7848125979059053,-0.23113969653415023,0.9364777354480124,0.3709189740101491,0.898458569416876
0.47383882145832895,1.4514786987477581,-0.35010490329913097,0.8627863071531143,0.28876216681693756,0.9217794926531026
0.5106074615232119,1.4274986159214793,-0.22698240599348699,0.7262495507544601,-0.221831475739848,0.939936981981572
0.37671994155550576,2.112858536275625,-0.2696919644557234,0.8978124740816508,-0.4037542267433938,0.8681892306884218
0.37729657959265006,1.8889485109316508,-0.2624894026986697,0.9002431924142151,-0.3223559749846351,0.7424341289065205
0.8597748660994284,1.9362100673611953,-0.23626882871664576,0.5770996053642454,-0.23760237192460842,0.9783545793629272
0.9034593243220422,1.853955893854757,-0.35869305260941214,0.6644713052434835,-0.1154659913571082,0.9525515907757337
0.7610438737845355,1.7907083506721748,-0.10484533746150869,0.7545350255808165,0.308632092136728,0.9665583781289677
0.6825290958520207,1.9585153230128094,-0.2979288647089529,0.7566366156171899,0.26842035118597657,0.6483328216625147
0.8697727688696728,1.9974354594515014,-0.4460638896501503,0.9504529773077959,0.14922694942935705,0.9252804950601816
0.8154072780978188,1.782840874216314,0.11081640478394976,0.9025069063695123,0.3610028598065462,0.8201138274308368
0.8805031676196539,1.166793554287747,0.04476829636936401,0.883210949803359,0.38637349401097437,0.9484874761270953
0.8759983923821879,1.280635653182417,0.1744714043585802,0.7846489366123313,0.28668231716585335,0.9430674858993061
0.8974932333409542,1.2834455186191838,0.04675710215001203,0.8037359976213213,0.2511827415242307,0.9486639304314458
0.8874596077926474,1.3249815367685658,0.17920472518839803,0.7634316769665631,0.04963182102516262,0.9637559010958265
0.9342630593265292,0.9992256490383432,-0.033173386623413126,0.8450038398471923,-0.09923003026643443,0.9423370617337413
0.8858232752567404,1.2196684473804096,-0.11212372963488997,0.7699257805924226,0.04886122565087796,0.8832601773113469
0.9088126173483927,1.0842967569036441,-0.005032716835036535,0.9337784504195207,0.10010354563891956,0.8795459634731204
0.746445957769972,1.388634383309111,-0.09302375137698517,0.8979951251424736,0.12957641025136407,0.9146269288667122
0.7023139053023355,1.1992830485520134,-0.2128029715369817,0.9336484048859601,0.2482391947365644,0.8445315659690258
0.6857945565799373,0.7731298994992928,0.06447765662781683,0.9420364657956738,0.13416403794976806,0.9220265407113611
0.8718829540675748,2.2952994547269143,-0.5178088898218125,0.7201876427342978,0.06757665202548413,0.8699849650364652
0.7124373320108885,1.7080684938597448,-0.33797584603653036,0.9616940957916619,0.1339733799572531,0.8416691578547718
0.826711009412344,0.9825226462480227,-0.24255346656235732,0.9169380384936309,-0.00743362445280759,0.7360548553431134
0.7030734799200806,1.2430518068910223,-0.252640069060948,0.8931866390033323,0.08575919744507787,0.7986887447796771
0.6153695401137039,1.1406346111947414,-0.28097835572052493,0.8722896495302485,0.11632730573833001,0.8294237417338243
0.6902424033098525,0.6962574918182992,-0.4234754060047957,0.8726560361696978,0.1515841100296439,0.898904713022412
0.7934515971441418,1.0051148222609643,-0.322913674181619,0.9401144269048816,0.017735573324890702,0.6169563998977843
0.592263297531187,1.6179102675372825,-0.35517887937003667,0.9823531743023799,0.13726772549957447,0.8416193705409543
0.6597252507555077,0.9162621631974508,-0.23094524841004402,0.6991569137659084,-0.08896263575716236,0.781358296566927
0.686977555160931,0.8902757834582461,-0.27164216512622297,0.9301484328445172,-0.08901076523973654,0.76201892547639
0.5977941623420804,0.6413246900755061,-0.14331134064194137,0.8663493780957563,-0.08754265397046967,0.8590607671579099
0.35329462031313075,0.6787334930053763,-0.11075224326101646,0.9335407760038225,-7.85724489624147e-05,0.8673883987180332
0.28149062496024907,0.849371125750956,-0.11188830210978025,0.9330960974354949,0.06316033644242797,0.8999119161746425
0.2975161725087195,0.7776066324520592,-0.059065685768309256,0.9288832971085311,0.13252080398284324,0.7454464312711375
0.5115239272108275,1.2056481875724192,-0.12207800599819082,0.9024037170398855,0.012857727944472116,0.9743003767524415
0.4564235379157713,1.8380784295405137,-0.1614691911118877,0.8864973529855835,0.12192547966759221,0.9093302370139922
0.5871145931977457,1.6034358649986815,-0.25556584483956274,0.8746989654629228,0.3129443732695746,0.9289566709675978
0.4261275431777777,1.6848831386243497,-0.3927495822351024,0.8586978978306338,0.10101100087112772,0.9028881000376391
0.4834519492974484,1.2055255139926604,-0.22108145750492988,0.7926185984879788,0.15702089843089115,0.9239752895233381
0.581186387947473,1.7293791670583054,-0.34987498245115367,0.8484391787620287,0.162804462527308,0.9308395959284479
0.7452780991630518,1.1149007793052927,-0.49064286059364765,0.8879953284684582,0.23279797935618388,0.9843935846841539
0.7375306218453969,1.2146845120624008,-0.4103409585035906,0.8136781056950639,0.36904568056919224,0.9629495686058872
0.7455724298877963,0.839303754234426,-0.41030880755714616,0.8144963290247904,0.2559248721335051,0.9478774817484747
0.5386955468713911,1.4709908797349585,-0.17195837957309268,0.9862036576057448,0.07767000573410505,0.9611128611688184
0.7190054809050054,2.2865805632049803,-0.047275908777319124,0.9815955190652238,0.15960674528003319,0.8886409976478944
0.5711305852084055,2.202300554655761,-0.3434270244633417,0.9390288349050336,0.016576649048745708,0.9087999962232841
0.6763847240689059,2.649138154521807,-0.4850287789091297,0.9529798094235674,-0.047626408753557344,0.9080720133880823
0.6311052471524211,1.9425861536978912,-0.38459962798992486,0.9278388103441919,0.3058784268498836,0.8551619728085454
0.6540847781923332,2.0236477640876647,-0.3907779575382507,0.8889396667831383,0.4307405617986341,0.9599814068310628
0.4557767963194842,2.381294345625842,-0.3423770876817776,0.9757107422215354,0.3893117822373003,0.9185684735918719
0.6582076652111977,1.2964892043404015,-0.16731468977524386,0.9507878842207312,0.653822573756019,0.9724438023887079
0.6598699552022353,1.7498251448385849,-0.2710201099028122,0.9712308839630798,0.46986906773380355,0.9505190304525006
0.9126839960455639,1.5265350393463546,-0.3751210256596745,0.858678281280503,0.4819487464132599,0.9733526119331313
0.9050647395484233,1.7439874994173385,-0.5015321366641136,0.9193440256473021,0.4859055194865735,0.9687249542229623
0.9281278670309955,1.0385684299828686,-0.5073800385421197,0.9067350872246266,0.2387735711099192,0.6493618061340062
0.7208907167643532,1.3464098242201317,-0.45942959892207513,0.9432669651740254,0.24253433182280096,0.6053452483997384
0.7697191084002464,1.600605129520564,-0.455889751471517,0.9438716182701732,0.28309740565248087,0.903345659797583
0.7649482294466436,1.5795917766298673,-0.02070314414313663,0.7682664995004721,0.0522139977343889,0.8602743170681553
0.9062512932909335,1.4342031095307237,-0.06227804443508049,0.835643845851362,0.2202202344298312,0.9252989896986441
0.8046858716749815,2.25910423708904,0.13053630133204727,0.7143436803704538,0.04254274441260968,0.815186949335235
0.7828161136027996,2.6003905364659983,0.0074018514643267586,0.8937995967814838,0.2100229403570196,0.6655104691873209
0.7154890111074876,3.0800249892183356,-0.09375140436432085,0.9323297287932492,0.18103068507670916,0.6173334444653927
0.3088843111470329,2.9126961516607155,0.09436026776235279,0.9648916109785244,0.15180547990211807,0.4175771828108246
0.3213716993986083,3.116352587036722,-0.023129097891211533,0.9602540772255864,-0.014902035771776678,0.8783781204511656
0.9037477474640643,0.2604729596978707,-0.46840051964606655,0.907019835609801,-0.05536392084047809,0.921824861126036
0.7391399159339432,1.7279559881551494,-0.41907139897204726,0.9577078648122999,0.023943472307607357,0.4128721058897388
0.802799102480186,1.3605480645416768,-0.42195261383365845,0.9553313943550034,-0.050381042436348535,0.3547384506199441
0.6584434557192438,1.7045345332527029,-0.3576911112225945,0.9241294405511589,0.027031965427149116,0.8457676563802176
0.8782632261918673,1.7724697096893591,-0.4267441676430665,0.8772439278203483,0.05586676626059703,0.8780001838118777
0.7116123939435096,1.3006796542662515,-0.34705015694090213,0.7316585903763605,-0.11067132568654696,0.8030279198756355
0.778172542945684,1.4593558390318047,-0.16466995454763367,0.7771847282319392,0.07309888003007713,0.9407586521033088
0.8372418591849592,0.9658265573873301,-0.2862047746504291,0.9167037039704002,0.09323295707229841,0.9875753033629008
0.8610764428650601,1.5556450057644808,-0.20192228072870455,0.6810943850696272,0.13937960136273228,0.9815540164297755
0.8180619273601438,1.437083794146686,-0.2694179238404048,0.8550280037458666,0.2591157914417697,0.9890198925642776
0.7448679304051484,1.1869805985658624,0.02162079318326015,0.8114542427098309,0.24131406872831077,0.9710275191469018
0.7512314814244268,1.1825796198682597,0.08787533593121367,0.8419591855922138,0.39662228010320216,0.96636211912939
0.777220982423645,1.345648631094348,0.040119397483076656,0.8276960739493235,0.12076266085975669,0.9627984977682765
0.8756129611465427,1.4133737288320054,0.015085121780041216,0.9316302580077662,0.1878704875804052,0.9717691823423256
0.5352315955964446,2.5732813914393535,-0.22367782450092066,0.5653237233223356,0.03830624545971809,0.9554857452793425
0.794217314153055,2.0394899594663256,-0.18259329984162262,0.97698848021064,0.02488914221958641,0.9554496170738169
0.7998380382550815,2.0574387408851935,-0.22764564406485163,0.9373946202753354,0.06999130561966602,0.9181384631513119
0.5166414410449031,1.6858105593456085,-0.3326397176254519,0.8569914636920133,0.18287560714481982,0.8438057612031081
0.7197130365136657,1.7316013989888386,-0.38656069406984056,0.9522458351127114,0.24158492954803584,0.947131810644195
0.38893249956562675,1.7896214535472839,0.0011124204435344872,0.5584983404136166,0.10287039087512927,0.8059846390750862
0.4519806643570421,1.57011727119644,0.1857477860842106,0.48085679735961173,0.1723577313443522,0.8792453895973178
0.23291408788736478,2.3060883291591923,-0.35622750930482944,0.8085504317647522,0.1988984369580911,0.9467073377255617
0.500060195671415,2.544164239293813,-0.37442966401698213,0.5451823334057477,0.2363769446345841,0.7881118100197295
0.45718809247811204,1.899072945366088,-0.20390400212729518,0.727287741469428,0.5559881054473703,0.9655149217197628
0.46437114018382786,2.0184825639311654,-0.3118091612354642,0.9585251207356132,0.45312159146702036,0.928488152260362
0.4277269273293615,1.7801455978632446,-0.34014113089140297,0.9387132791263885,0.2316120187411314,0.9200424604734615
0.2884800198399568,1.525815262356403,-0.34438944698601,0.8459943541411389,0.20760472980357875,0.9113167502871294
0.40502505280283213,1.8872502044453037,-0.4717490121225083,0.7836721686770302,0.14265052995479147,0.7928358948040468
0.632998601299813,1.6418058048099775,-0.3652456717763835,0.7970408777592926,-0.06775947587545596,0.7933839601465176
0.45777123773594147,1.9122248932795627,-0.1625391014702799,0.8375073689853457,0.11365263635156347,0.8951959777565277
0.6138645270712519,1.9585119083276035,-0.10788366274653899,0.5311094841562697,0.03765179051926077,0.8379645551261761
0.6438780122009944,2.148560731991753,-0.17259034000345935,0.7199194553490924,-0.03756791944636765,0.8223064442480024
0.5952159527461207,1.7771563369208985,-0.10213653111766693,0.6369748932436546,-0.03814328753844146,0.9090095444589179
0.547495122455548,1.6734846088448283,0.12104685197129564,0.5952208172461512,0.19008717161523922,0.8633279435277926
0.7607685351809234,1.615977513515812,0.14672392240636387,0.4649069694191655,0.1082896222233425,0.916281018620657
0.5801729870536817,2.2790101162864396,-0.20462543071155415,0.6653844099757761,-0.2799807057823646,0.9173938852693251
0.5601149461076179,2.6638585523489557,-0.20293318405596067,0.8213568612477037,-0.12865517073518898,0.9355744556424256
0.7585919465808381,1.9963965870006757,-0.31065178105528796,0.7711763525310549,-0.07608245587797566,0.9637768514980984
0.44258031345998333,1.8238480881965946,-0.2049502021713734,0.8408047116050882,-0.027982750045263356,0.9847648453572547
0.416453407245093,2.5017350875745596,-0.17144713707436351,0.6407061292666782,0.030885640035065123,0.9746732964856818
0.4873072098541761,2.421351600627358,-0.27283416819913453,0.6708333884728466,-0.038778917151873836,0.9874650522888793
0.5900318512124006,2.356109536617204,-0.37380840876981425,0.6467404375463921,0.19765883639552095,0.9133514604748078
0.48175504206790665,2.6942612241320956,-0.40465295932635703,0.9286192327767057,0.21290425860368598,0.927541840534047
0.5329439525017488,2.0823788479464547,-0.17951798860654197,0.9752240405026659,0.6561001768902971,0.9882651847523117
0.6619199634230396,2.1336851753067747,-0.08447815912909121,0.9536463599523526,0.37682021327323223,0.9970223740565118
0.603341521369261,1.835964238961517,-0.02088873773857641,0.9054206221724994,0.2690234768959303,0.9641009156474679
0.5159879999010619,1.8406646575283176,-0.0660847652314148,0.8828605831999117,0.07711449656537095,0.9837904229491855
0.4589590759271677,1.6212176114756918,-0.42715667196974155,0.7268799918136731,0.17232080936070082,0.9890952150528199
0.506903888862893,1.7602191730413115,-0.24174555813212048,0.8000418240122534,0.20630721964683596,0.9838149860748563
0.3873821068394103,2.1608135262355526,-0.33190385208822953,0.8104672944322427,0.32100995453213804,0.9972259356282539
0.7338839217371049,1.4347698742738786,-0.21135308898041433,0.7488382803302334,0.20056974754932919,0.9987608966486602
0.6608657919619796,2.583183011611762,-0.5708137370641315,0.9442702494020514,-0.3743089319441686,0.8154169967143505
0.8018400657583717,2.24687827173498,-0.514637768823926,0.9309043827644397,0.20971041190132958,0.996607780537011
0.8001577078303094,1.4811680478498161,-0.39208906034784285,0.962507522009756,0.10299982311927822,0.9950672713841435
0.7613068036506435,1.185255643431304,-0.4374581770471377,0.8513073302870464,0.19302936707062812,0.9903146198429875
0.8050407244001633,0.8205100468395647,-0.8758277992027442,0.9971198719320296,-0.050076951124595856,0.9853093416449008
0.7594707817533632,1.722382600511386,-0.860664082998095,0.8786574511014034,-0.062083226809895614,0.9959591025923714
0.7885638133607442,1.8499979316763433,-1.068812740392404,0.984800206580883,-0.1978611552833867,0.9836776345819136
0.5771049539486752,1.391832488427004,-0.1053164704381096,0.6628504196977341,-0.20776625369964186,0.9866447717101012
0.6586721534144618,2.2871546853309725,-0.49193749227992434,0.7377524429342714,-0.1378108398821391,0.9882003233234686
0.6892060897570235,2.197733132005876,-0.5369864024183205,0.9189505358532823,-0.0587875857059882,0.9917890117291462
0.8641442753483156,1.825580519583077,-0.20579127669178676,0.6620270854188043,0.007945950503116653,0.9907288537404214
0.7999202716983003,1.7559630876536079,-0.260827900742384,0.6570968530707544,0.040950597983370744,0.9884973012958793
0.924181497251239,1.5760970171877038,-0.3648879701683853,0.7940928563295695,0.04405204851595254,0.9420214499584081
0.8090398320044765,1.812720666326963,-0.3086296683122548,0.9718276321727775,0.009056507711967251,0.8746014986381946
0.4616594240682451,1.6479634945187531,-0.21248739344027012,0.48460374748635643,-0.006866579627421865,0.9835215824319735
0.6618016459690933,1.6273954232733718,-0.14224444773877973,0.8272163832699865,-0.26155507867713007,0.9693607350701785
0.4838995762254252,1.4894973009374306,-0.08910177583274317,0.888552838547569,-0.17565315418438182,0.982405090497427
0.30075116779495514,1.5440891247976543,-0.17000415086771495,0.9353304161982695,0.04040642127061293,0.937069455237387
0.3695253024903812,1.8201270463792576,-0.1360513181397697,0.9020143253928926,0.1760884943817802,0.9803744333520015
0.4133262746138931,1.6009682153202185,-0.15642230435472,0.9251781389784342,0.1018106539694612,0.9446206548662184
0.3581118905803108,1.6010453341106328,-0.19363309445501478,0.9636240664916145,0.18689288247215285,0.8015151432674211
0.57063102036641,1.153192738610622,-0.17943186098727013,0.7239951712068017,0.20951543524675803,0.9308107275263603
0.5242476421845619,1.165453674578569,-0.21086587868052742,0.8068770415001253,0.2667442507476593,0.8719417916658299
0.46185938975532603,1.5614118684411848,-0.17483431939979963,0.8689784380255163,0.3539880946115788,0.9091759022267727
0.7791151111940756,1.2719466065810445,-0.1360568889256799,0.8164775256128031,0.45265819723222667,0.8025000221898974
0.7899785248559507,1.371809614631222,-0.07788750333649207,0.8287513328983102,0.4730668534355044,0.9804443112585701
0.8107837819814884,1.7311056783959184,0.05167451798028525,0.6629161463366289,-0.10446992254495255,0.7870573010530064
0.827674842718121,1.9196688716535255,0.00968188474238315,0.9039326328093387,-0.15945726362155632,0.8385201137544119
0.860384511804486,1.7249644381582374,0.06661879087174974,0.7882057675007034,0.1535795425575335,0.8108476279197199
0.7584947988866129,1.148806457553349,-0.13944779115242104,0.8316329670992225,-0.012427628097077072,0.9060831703050652
0.666296977388174,1.0748984435592939,-0.028537019011552027,0.8329554935560347,0.13446438688447365,0.9079341147298842
0.8211555410783898,1.5408029317311667,-0.006008007340028956,0.895509639939531,0.13354703348964928,0.7571947145102924
0.7240831228755834,1.0587858336838827,-0.021338518582049274,0.8589254872289038,0.13650963373454622,0.9344998292230156
0.8710725305635463,0.2876216089913902,-0.17865083823429498,0.9556219082974716,0.11682659154615899,0.8757872514112236
0.8272001935539317,1.5537376888122054,-0.2526617686806095,0.87461343904333,0.11862725634285198,0.9670142517845682
0.5383205516441681,1.9365673982146168,-0.1553669881298891,0.9149186478888425,-0.014066006706419986,0.9067899249157785
0.6239325791905816,1.9659512880497638,-0.2277880720541537,0.822698662367599,-0.01609333108014936,0.9022722085260251
0.7422889312623072,1.4998639056797225,-0.10550756984526014,0.9403625865184568,-0.3076237404123159,0.9881182903430408
0.8969323797406427,1.0825596839498173,-0.40697581611134576,0.9223658648520581,-0.15517841493927562,0.6958359447363384
0.8339633986689172,0.6466963623778961,-0.330235328899636,0.41069316173216946,-0.13726153685077758,0.9884008322836689
0.8528803032194255,0.7014614867058672,-0.29101465130045046,0.42718211275763823,-0.0254450751397811,0.9898488319055259
0.8962889827040483,0.32794887989414545,-0.4893696797164509,0.6249469510777816,0.052911512588628966,0.9922906245436688
0.8139652987662254,1.1106654714364623,-0.45968763667585294,0.7640349562921426,0.14333768080609766,0.9566177673130737
0.7543050590321423,1.0474242618101586,-0.4012841868602711,0.9224311273251765,0.023121018489162492,0.7981104885617601
0.7845220920277663,0.8803529648471582,-0.2790197944282496,0.9333268876320531,0.24872593203659177,0.9251671183923161
0.7901226322207799,1.3969840853476487,-0.3220518194451222,0.7864694513597015,0.1955698774740378,0.8970079754833671
0.7693234378937324,1.4593116811828075,-0.4913741390967598,0.8862872016094908,0.10804504618551757,0.9172353489093582
0.8058880924475348,1.364469831545143,-0.4197086749795868,0.5985160445928241,0.192872943958483,0.9716643871371313
0.8726547426803091,0.8242956841102606,-0.3830056620214513,0.7643193851739846,0.0415134939749745,0.9745222875178245
0.8690346852532759,1.064079573722836,-0.3542373590210047,0.9096747823352614,0.22328557276029887,0.9624541354684419
0.8095401481238539,0.7757018533361553,-0.48972515529925736,0.8810814103118011,0.25794692487185134,0.85951187595057
0.8235198532859136,0.7737997398215861,-0.4619704780396475,0.9423579621390156,0.19464764916619878,0.8424621433296821
0.7608885727596569,1.0188024736071168,-0.2616236860425492,0.8243251569732299,0.15582680428065182,0.9298462966661238
0.7020393227276827,1.4947353414996067,-0.2059086797276671,0.9678202202989192,0.22438288082250357,0.9386330671227956
0.7202713123005773,1.3985671087144675,-0.10959983273583344,0.9775699557451918,0.11467240973894847,0.9712617675699604
0.5786554668099676,1.217339323429306,-0.08752715744494476,0.8397005076717969,0.12344567940548631,0.9884227962447663
0.6474599268930851,0.8940188821544106,-0.1022537605091953,0.9510007342237916,0.2609849296989755,0.9872655514029048
0.5905649402121652,2.908002226988876,-0.49958801289212623,0.1913015949747916,-0.1215229408153437,0.9881569679299438
0.7645893757144673,2.5239748796483976,-0.7111216654342992,0.7792202748836277,-0.11031325318146827,0.9549268759391283
0.6165896245538816,2.5349610360442676,-0.552453964089795,0.5544310900225596,-0.05190966051490589,0.9944939217541618
0.7242059150145846,1.900386726584528,-0.5376618254988623,0.8934558327200346,-0.07743707009909734,0.9911632743619194
0.7063270204461741,1.6988047929611965,-0.7155075941677752,0.8458968689612303,-0.0039185860437842765,0.9256461375665885
0.7013779040350135,0.7087791461540154,-0.5627396606460435,0.8953840369213717,0.054079724804784506,0.9010536373427657
0.4996155151525268,1.4156474651122295,-0.5001739117255021,0.9757402189069104,0.027590340477119366,0.9320405645828919
0.4814783179928654,0.7624810280903879,-0.3940459959577911,0.9249358855146133,-0.048628649195369446,0.9453203506272868
0.6283671355218164,1.0140555352151719,-0.467245651063946,0.8888046465454773,-0.176521010177416,0.98576609997688
0.4615526439948373,1.0194225004222335,-0.5423887771463991,0.9241132826492694,-0.05363140945454837,0.8581838440543065
0.7073690610375587,1.404825533490345,-0.6037399026844844,0.8656063616575741,-0.24854403247533483,0.9188516025802401
0.5943678976394569,1.7623589057323392,-0.6892570617518822,0.45768060241767156,-0.23002466414962863,0.9058705310349755
0.8041132276467057,1.8985170607236534,-0.5717173825950108,0.6090982160775128,-0.24920245817269587,0.9736464790413449
0.6548495160086126,1.9351602421528185,-0.7555482641888376,0.6478238773134852,-0.2381915881196786,0.9799972646796445
0.7733743572233029,1.7306636449149748,-0.6243323314650759,0.8651484723988023,-0.1538983969725673,0.9765891277149404
0.6836869684235631,1.4026926628324727,-0.3471552147559808,0.7621977766572384,0.026006400303207614,0.9568029384621523
0.7133885625717996,1.4318556239872218,-0.43363405525083165,0.652104046300989,0.08090771698888867,0.994216753250904
0.5575449005743646,2.0110448799355547,-0.3473217314385535,0.8736060384332404,0.02199728744311902,0.8935623048050861
0.6088258743586326,1.7121669021646018,-0.3817190603079822,0.7371712916254873,0.19288652126856123,0.8287468403673578
0.435280326064424,2.2887652849731666,-0.36298879009468227,0.5053757933731178,0.1893427717753106,0.9228775968665311
0.4904357537284882,1.9588215869908898,-0.39875965157206944,0.7876367386980455,0.04655232754789333,0.958967892208114
0.46956343462739186,2.0450042523486602,-0.47136118894738815,0.8433681638263495,-0.016291226770255688,0.9555693818630914
0.4002168481476744,2.088893797783249,-0.4753548472454553,0.8594952043646965,-0.04352358141454014,0.912702887524551
0.34061824654403616,2.472844895706989,-0.43957812685349457,0.7193005848916276,9.34640539807901e-06,0.8880563460794916
0.2641607713318644,1.8949482856115465,-0.24260375062776185,0.799275517563227,0.17899163001146706,0.8007911711151285
0.36817708342714,1.538033047322452,-0.44445819865803193,0.6947224689841723,0.10414949293461566,0.8310043318658952
0.343545842012424,1.270803524379103,-0.3917643242180504,0.8652929945479506,0.11997631909972226,0.7958815215065638
0.48593265995969953,1.3933060238637036,-0.17049386217199464,0.44479955748785355,0.07528227785447339,0.9096231940287365
0.5821855658233498,1.2648623866989832,-0.23265388680610002,0.8864173058824398,0.04840186988374309,0.954376415936747
0.4926533025399857,1.2802577893047975,-0.05849364371708996,0.9187404378147116,0.12658818874631642,0.943157071502639
0.5719678289179843,1.2702623005408873,-0.20435132755741442,0.8954470625585406,-0.2000017298379025,0.8740544720166368
0.7400980309858433,1.5195136771260656,-0.27221239021601534,0.7301262410319295,-0.10499553697248873,0.9871248268653297
0.7069585641516148,1.0228679697642722,-0.14102505730427,0.887155414190087,-0.14385553947372534,0.9626595295423693
0.616325677645573,1.2976593877398115,-0.13153747754004905,0.7983067104912299,0.1584296138766325,0.9996314168099737
0.7159393362274349,1.7392865923216043,-0.2246026551717975,0.7657028657644107,0.01914357305525284,0.9982064276785508
0.7758357959228512,2.063128208006812,-0.35096797104044475,0.7857872703625477,0.1583722790586122,0.9809843912509435
0.7237343934131296,1.695097552835208,-0.40257135562772617,0.9060125333851229,0.14992078445640433,0.9965024991594863
0.7527130976470108,1.6681869132913558,-0.5240882051373063,0.8427869327044933,0.19408174757151125,0.9997771181895624
0.5860366250199013,1.3391926270219152,-0.42260919647769735,0.9737715839827983,0.35682381773535143,0.997673700121809
0.6795231414884079,1.4208165496092549,-0.40193928649779354,0.6878692740092162,0.3090942225337407,0.9974318373522839
0.52192196942703,0.9376867179098891,-0.27939563858391886,0.915496112275632,0.22894424148580897,0.9890326107137334
0.6778208802898398,0.6539998758045028,-0.22575303614070366,0.8613008745396318,0.24391786192635617,0.9829807546315027
0.937459445957601,1.6066277343299307,0.0375093230353235,0.7515175298264124,0.2804352867618793,0.9903330825864174
0.9021268660743418,1.4587941834500462,0.09080468847347481,0.7114174948399775,0.25423994271133016,0.9921555222543192
0.7347627397144441,1.695391335392179,0.2935708227296746,0.8697318902370802,0.057240748428502346,0.9876371792274945
0.8798918159793766,2.8575638010610374,0.17956840696009754,0.9347036774327997,0.25501527877375463,0.9982543348559874
0.8011461416947198,2.3558595931389177,-0.07690339510214907,0.8047919612632276,0.2657477239306354,0.9928430553901685
0.8168762001665243,1.9146126393797693,-0.08787799530576702,0.8255199713041331,0.07472106991071424,0.9998249538524254
0.8424770918570382,2.0382338582874096,-0.07834263704716984,0.8898161369166552,0.07595659215574216,0.9999777970383282
0.7583430447606466,1.7309097336982437,-0.11476233208155485,0.8176663059762025,0.4274301682793627,0.9978506118458229
0.7667012692135113,2.1232529091318555,-0.246804895951561,0.8097327071555134,0.5641575079456802,0.9972792574530261
0.7314339235318784,2.624652067346299,-0.18566225153080299,0.9704192034117083,0.6690814233169795,0.9986076421794348
0.6635875040829496,2.1636484430243037,-0.31039803515550873,0.7121659845567238,0.5729640543603886,0.9942715460612039
0.6606796009230048,1.2395961120451404,-0.3721435212128232,0.9432012871953993,-0.12482264046012974,0.9875264030495707
0.36719391516908195,0.9742534582757678,-0.28175007805391417,0.8088568832671519,0.08934389800468905,0.9915912321642029
0.6054405855828068,0.601291505477386,-0.4295036102258772,0.9062880746801016,0.21331612844638603,0.9961403059127666
0.47487464591039563,1.2754925670477577,-0.3548580451444186,0.9759022135993293,0.3810934100350925,0.9996586750123924
0.6871895743166607,1.0867323135991722,-0.4191425734152585,0.9524168451530536,0.35955060171794717,0.9979873813784269
0.29955088174189765,1.6094940556646868,-0.46317189787597957,0.976118708981101,0.04959317521499573,0.9996667044314731
0.3142850963223402,1.0508810907523776,-0.3511209979955781,0.9585512021142382,0.024601026110030816,0.9961339003010119
0.5112500589719482,1.50316798196251,-0.28791037262153896,0.8387716972326601,-0.03518814139705086,0.9961659000154175
0.5253329662412325,1.4068051254396532,-0.4772690312118236,0.9614869153861023,0.12155656407802048,0.9925763083503248
0.4502870734718548,1.290099922576705,-0.3508940126240151,0.8789424314725791,0.10074939447696028,0.9982422963916661
0.3987954017436488,1.465865949035124,-0.4599497027052197,0.7760501909535311,-0.02851262563738883,0.9820815417738921
0.46299825736310557,0.8155165836185505,-0.4113231439196426,0.9237784254509073,-0.4721156339810646,0.9959089882587855
0.5006231533697468,1.1008506757370011,-0.4015555808133951,0.6067044352057249,-0.05809876134391478,0.9874403474248145
0.4249747186547892,0.6897680245110778,-0.3059540158529393,0.9283551184018335,0.16624252264212186,0.9983491527926963
0.4409295795904991,1.5181146334700397,-0.2900933808547714,0.8893453943251295,-0.09475701803776362,0.9949337428500146
0.4733580714064076,1.8909536309496242,-0.27171911221513273,0.8383532316733063,0.4489665527598812,0.9988157480060692
0.499342254443258,1.916455790351329,-0.2727113639408142,0.5036773437355178,0.36568059196390673,0.9799358758697851
0.5413900504235987,2.0332164267645254,-0.13342076280119972,0.38530372980338784,0.2168216309070563,0.9976682823633849
0.4220320872765134,1.7032801892338019,0.01840273563452902,0.68161536479127,0.19070348547556082,0.9982795446580945
0.6051167035714727,1.4898038053905371,0.004684625274637284,0.7632737382934639,0.3092360361817916,0.9989792401289095
0.7693985242133081,1.8305472324186955,-0.2699162875707356,0.8052153775746476,0.37932535646537574,0.9906216943655076
0.7520157058126347,1.6932897574949601,-0.2542687644224847,0.7949777516654898,0.6502258435866365,0.9997472945716489
0.6741518601476312,1.704996878890725,-0.3275984402474909,0.919690184827497,0.2459101963134401,0.9941658497470289
0.7032492963972864,1.6361004777557662,-0.4343121643537007,0.9929511850151646,0.30722817145474113,0.999019604981494
0.8857579691705988,1.0178965985729103,-0.3590898995183661,0.8393113188723147,0.44404690397723057,0.9585748403058426
0.7852611680375903,1.0441504000725574,-0.7541921943428322,0.6051476815440048,0.3681483503139295,0.9839942317793187
0.6840397018294337,1.481964187587151,-0.709838825092173,0.7080201643304459,-0.04863891743036111,0.984524968539271
0.765078585048126,0.551690476887418,-0.594963357311339,0.6395225523349852,-0.12770331028890142,0.9999051515712338
0.8085205560488319,0.5005172280147417,-0.6187528462980109,0.41470526224780685,0.633029766630018,0.999097640919584
0.7623193932357427,1.0187010736640036,-0.413171168232726,0.800139334123064,-0.14676782111721756,0.9984597364340426
0.7931941354200801,1.658173551512192,-0.24475442779527595,0.6822077750751888,-0.05822341093195246,0.9984581131658119
0.7414358769346091,1.5504031721720626,-0.3333433959752005,0.835628584941567,-0.08806318840275974,0.9950199818218635
0.7218924236763526,1.4283775031944492,-0.46300741995132244,0.8411479533533476,-0.13036275792495353,0.9954984783082089
0.8193200885866789,0.9197828970535409,-0.3447587667250006,0.905557580927894,0.09317189441750033,0.9990670683107766
0.7801038373956134,1.3872529392336905,-0.41288799277831584,0.954241764829149,-0.026602423868770743,0.9995029733958359
0.8384196848807375,0.9129766583980098,-0.2502387279822149,0.9488124724169609,0.19640496743004962,0.9969845413241678
0.615240681422914,1.3787815581329739,-0.4756398052458158,0.5391104745773636,0.15911747876523327,0.9931580374148736
0.8892441909865859,1.7514126454939296,-0.030834562827274977,0.7996204729483277,0.22776942122341512,0.9992674944993482
0.6162881848816494,1.748516275407857,0.15775448949473783,0.6462079083646021,-0.15246509901205046,0.9734957934417776
0.7505114208879189,1.5075212954631754,-0.16260537729501814,0.7982937464079091,0.23261007461410138,0.9994780963236056
0.6972090578828272,1.2252094779812321,-0.0566650277153364,0.8288732986181652,-0.11633877328446578,0.9908004278291767
0.6351587224266732,1.440079550519269,-0.12975176513718129,0.9113217090896526,-0.2139806377016884,0.9771724800626626
0.6851739177030909,1.3377631809402062,-0.44460333384457296,0.627956851964326,-0.1051979394132062,0.996648695521118
0.7801794701543667,1.6650729718695327,-0.09306867723609244,0.7372176397083106,-0.20978282527803105,0.9815119542011921
0.8271474058814936,1.964295607538424,-0.3873086362420396,0.9159321438118249,-0.17295218101039306,0.996385520862538
0.7126238945146339,2.2178271626610746,-0.2668943269274049,0.7188614884449076,0.1284480956752756,0.9979096319902414
0.5530158353595477,2.1417653168516004,-0.3197303088668033,0.9424633184451181,-0.07015331246236038,0.9947954383935513
0.4954648822140057,2.111630629455859,-0.4194499510808995,0.8668755752985937,0.36884483167960136,0.9854670202485991
0.5416103160466704,1.2872022449450284,-0.2640794769018602,0.929487953582309,0.3361757107115978,0.9970787742575424
0.6232524802063806,0.9654312116250134,-0.3021728145241689,0.766616663953632,0.08979492451597859,0.9758565440146686
0.6443033683505601,0.8724722868615331,-0.33101708213500325,0.9005030122163126,0.2228188690337572,0.9806685569042138
0.647076181264915,1.0885995243945252,-0.42967863966014663,0.9530225994969033,0.2684530844860709,0.9762863739897927
0.7364312762264607,1.4475324381644366,-0.38580041149307504,0.9662385566092749,0.20828829300636686,0.9989451911769642
0.6494868371100728,1.2826183843628884,-0.2543407269138449,0.9674198207398766,0.0755913392584312,0.9882025385908697
0.6258920885936325,1.5407882453719133,-0.5318629614509864,0.7233183613641583,0.17210497007582132,0.999355690200438
0.6373537490287678,1.6122515123830536,-0.5458309563072858,0.8462506854196756,0.21461509079004207,0.9917634285494717
0.6915467722547305,1.218316857636674,-0.4956738181530288,0.793014147093267,0.245898461899652,0.9949602230412673
0.7384939071863919,0.5977798144374321,-0.20749160193941923,0.8886515274781287,0.19433419775691224,0.9797692995798326
0.7939321776495165,0.5374418405568342,-0.10828108429101733,0.9491726542772483,0.16722472568764354,0.9999063058104033
0.8181765703533378,0.7115715900871817,-0.33450226933996746,0.9227065103544219,0.12336601059796394,0.9997224043294497
0.6201179837600539,1.9799406418706194,-0.3791403865684831,0.4661217803796768,0.10035666370042108,0.9996250333018316
0.6720392591435316,1.721971876095077,-0.30466485614318,0.6753519419757662,-0.05578634790042928,0.982249360385545
0.5868293701316794,1.9262858885295515,-0.44020143388007515,0.7177471326518671,0.032760799267701486,0.9973211302638051
0.3978491805477276,1.8582599484234454,-0.32200335254348006,0.4945719987272639,0.05627085814240607,0.9983778953635948
0.4595111286877368,1.5445719838539056,-0.2590519095997723,0.4294094612688543,0.06971074510650391,0.9984326097854889
0.4771240019693034,1.851292014637292,-0.2803727996287208,0.5717049282953087,0.04087136388895186,0.9913708628634982
0.43188599219585605,1.3338735697724595,-0.281595968942051,0.9326674931223897,0.2928368092664851,0.9980305705350709
0.4192033984736342,1.120544495826032,-0.3668627452798115,0.7237928327173138,0.3760468752980546,0.9983926917112188
0.3051251836590366,1.7879134502018528,-0.4966027290895541,0.9507039042030505,0.44768207937005555,0.9860234498545544
0.309126609881984,1.4043029852408684,-0.5454598790055882,0.9870541115907576,0.4575475001958465,0.9933424139376351
0.7922526505297234,1.74757865273858,-0.48241034812420563,0.9933286903409321,0.46119225518841384,0.9863550177551992
0.7141943278513788,1.9746425793105622,-0.32482994452546676,0.9591324880799039,0.5026001774734984,0.9847088979932236
0.5923506964432428,1.1315781063028472,-0.8080744454396163,0.9396244291021477,0.1883430195034023,0.9958628450709229
0.6990304661320251,1.1545603483635514,-0.8433974680203232,0.8290624085160881,0.27483113086166444,0.9964706564014288
0.7164181093674873,0.2509942634778306,-0.6020912842377145,0.9164837186587245,0.2062515464689341,0.9990933694625399
0.6814351403514557,0.42029689623135436,-0.612883208952544,0.92174703331979,0.24449348192286555,0.998517579109873
0.6976876262335129,0.4564148894011464,-0.5289340489663794,0.899890811132815,0.055189368362637804,0.9967116422132289
0.44369712473110084,0.8846217483344914,-0.22187693960141847,0.9327386693096991,-0.2722987184281788,0.9959539975195864
0.6364419917198264,1.6015581602440236,-0.1667704960498664,0.7200888688155447,-0.16688748089953778,0.9917331700105849
0.3958333090264599,1.5903264430764148,-0.08304859984122674,0.6156533221789559,-0.08179920997067948,0.9966571295570449
0.6186555047170736,1.9599889918162416,-0.05726040145008287,0.8880964484946964,8.882884775096326e-05,0.9986446313258138
0.4063891881468313,1.3828813206991775,-0.2996249711943874,0.593975476711487,-0.029852410724510354,0.983793767887635
0.2922358059524875,1.8441138637584693,-0.22746480241382375,0.5191923602243121,-0.059903858930519686,0.9922350348701092
0.45786855731950776,1.4118342960184023,-0.061718372321148136,0.7779695689455548,-0.02134853731627805,0.9600977368278749
0.5117597551233444,1.417807618768579,0.05230091454696799,0.8464064780755868,-0.16607831982329646,0.948442657282955
0.6040862414083787,1.5484496485728967,0.0268186214284396,0.6809551454522794,-0.3709082206126081,0.9805595180945952
0.6461859944890453,1.9673876373858523,-0.070480591982203,0.8490327166291177,-0.23863748286919165,0.9914737879656067
0.7495116061715128,2.315409340248678,-0.07847431135812485,0.7754764962353621,-0.21316071197394612,0.9925377399923492
0.5341614928551045,1.1887074269240654,-0.19063727230902047,0.9650384835073407,0.13708513652681356,0.997141490897581
0.5415128208944687,1.3875512097531804,-0.19857081505115076,0.9586689724200363,-0.044310633378171246,0.999707833233538
0.6682824474820422,1.2293027182901968,-0.18105875020655876,0.990735125103865,-0.12971642374663364,0.9967728927303172
0.6826631421808861,1.8947221402279653,-0.2174931468605318,0.9411537018201463,-0.04213055147561645,0.9965221351873562
0.8357025866211529,1.6725569249254262,-0.3087145414819962,0.9616434267952798,0.0334346743891088,0.9921705423165208
0.6918682243073224,1.2001993039665373,-0.18565433590691297,0.9732463737320027,-0.09035081918780818,0.9838071501367799
0.6971968466669966,1.175621234713748,-0.2212896024556825,0.9736842060509763,0.1664806175515242,0.9993223093268778
0.805862156991017,1.3490735835301644,-0.24692497832645405,0.9952868740599601,0.23931160141243937,0.995566032124917
0.8210921606613016,1.9491974516758632,-0.10162289643589335,0.957081740966702,-0.06616171094853751,0.9569679925756697
0.7085657290430095,2.7377953629346377,-0.09378058759369416,0.8213868058789469,-0.2315068850126428,0.9833065722587842
0.7439813276808191,2.3919324640747965,-0.31302778644752693,0.6788611972858428,0.2591537604751497,0.9322233337801669
0.5816335600868852,2.1442896590506106,-0.2673141568490374,0.8836119728221953,0.15298407917015833,0.9944255219255089
0.7302895577737343,1.3632455749619723,0.24933955692596915,0.8644720710552581,-0.006607412564096019,0.955668522587935
0.5361705332669457,1.2915506869903803,0.10740334836044357,0.9507002079140432,-0.03475981410141072,0.8940581062356953
0.697648638687013,1.2198816172670026,0.2207444197238616,0.9195330057686522,0.1574821739595272,0.9297690064029448
0.656564691390929,1.4335586810365972,0.1652776153786546,0.9712203807156711,0.08314872145817143,0.9010560469462956
0.643769574543173,1.4130982271772206,0.1294269852894811,0.9431862589760097,0.38583588873679064,0.8247450807871719
0.47191660575589467,1.6244103700630455,0.18240719965449248,0.8609500175722271,0.05127728883650366,0.7197480287086945
0.6771741004492079,1.7972143579876558,0.07379549624127736,0.8946934868868035,0.038303053942392445,0.8447572697647241
0.6191229188318995,2.0384888329991577,0.3561104202597125,0.9040771653696976,0.0007055818938225108,0.8419894029602684
0.4264260559024695,1.6156154618177432,-0.06606857907511525,0.9416170966474321,0.16792153830684095,0.8146444553612691
0.568840940283624,1.2934665980648767,-0.09860792699360743,0.9434335113134033,-0.0796165018270898,0.8724675323911754
0.46966491821098466,1.300626999399885,-0.1717442409972122,0.9206917229780385,-0.04969171384552683,0.9625291151566868
0.6593366289567485,1.5655908619816647,0.06894899732169393,0.8497475080935166,0.29096586160510685,0.9602807265956407
0.6226530757195311,1.912028671028442,0.08074381433482268,0.8651184514380331,0.1942593935035005,0.9248655420667432
0.8254210867235766,1.3290250074460461,-0.20296014402747697,0.875677505260005,0.19785052131301814,0.9301561034252429
0.8730705737957012,1.8184441452890359,-0.17817260848502364,0.9513503729883463,-0.10933647269341326,0.9931444396430784
0.8747536053910617,0.9226705741041838,-0.11127727555590962,0.9677490375289696,-0.1970208204513015,0.9857595490311345
0.6952459209342825,1.197676105425649,-0.13934616783571832,0.8893306660571831,-0.05919513262418838,0.9102582842657926
0.5219676643985813,0.8314653030134617,-0.2508067233205957,0.8762618576078152,-0.03674522660681273,0.859226513332975
0.6310626857634604,1.2918757538606533,-0.44990917428399235,0.7713389473072113,-0.08160712632334727,0.89556131602999
0.4787594344745709,1.5314068838173642,-0.15424527573717606,0.9664253374363149,0.01734563333010721,0.5121489245875522
0.5919727200399661,2.118663574782749,-0.19750403363873567,0.9235355059494648,0.017738680713926216,0.5592509436715044
0.4608287825750232,2.6732219635780394,-0.2508254365893272,0.966419936349982,0.06570973549163253,0.9627250983385345
0.532981360156221,2.410612626711899,-0.14109718357147086,0.8167616408907418,0.36485224172056846,0.9639836110237489
0.7612068055568759,1.8204684389106829,-0.27159324193398354,0.9404675406568611,0.2185578528920825,0.9703416354228317
0.7660098481674557,1.7485734586275765,-0.38975486945639326,0.9053878647632746,0.2496048049556646,0.7631047611298503
0.7873430145990494,2.121121300556179,-0.38477865159714186,0.8491747921309721,0.2056983315829881,0.9341473269166107
0.4568445968820404,1.033629507760697,-0.13618918059460638,0.8664027395199548,0.23399268031037146,0.9152760175402186
0.624383280797479,1.8728649926352139,-0.15928794219678466,0.9641472526669187,0.21565004999752138,0.9325547729822233
0.5549132856076667,1.9445986447648118,-0.27140777737291416,0.9747595096639964,-0.20692735044552177,0.9563493355520175
0.5841618567592329,2.129020699715137,-0.321302154783883,0.9730115941189138,-0.38426303122184063,0.9757470052799969
0.6321174391600599,1.9017989003620122,-0.445054768110315,0.808427772738173,-0.3033915435108958,0.9667127095891919
0.5831166217229669,1.9686994539083729,-0.37631055227970056,0.661042278030034,-0.21706658898527795,0.9582819437966991
0.7513635865454009,1.8551362574398007,-0.04247711922320746,0.743225005608355,-0.0777210264147728,0.9922047934798668
0.5281175235886452,1.0944357324402636,-0.12016397809001546,0.866371827308753,0.05530319822789925,0.9934004080913069
0.6345756603425775,1.925992633439424,-0.2006198501951994,0.5709989308427085,-0.07373960071851098,0.9986568826187677
0.7157719565664675,1.9984052620866122,-0.12716068825573906,0.8714691443075349,-0.002291403540004994,0.869519991707246
0.6958419152780274,0.9482372141955054,-0.28702602154132534,0.9630189472075047,0.009456055593663614,0.7461142310394481
0.5653980111351362,1.3081797437246954,-0.286866623963284,0.8916463785003136,0.22876762665174344,0.8875844100271278
0.5438324868485823,1.2557519856684651,-0.32212289073500405,0.7876708602934868,0.13989624075742013,0.8311303401194722
0.6060866599564818,1.0389809226111013,-0.4160517140906826,0.9433695639195647,-0.12573847917646114,0.9583622884953618
0.48608139546704693,1.1344679757498835,-0.345013538155743,0.6501570025158948,-0.04553669156270879,0.953672373059132
0.6327038038370285,1.2581631785134466,-0.32608726226193374,0.9129344470042664,0.3036570893952967,0.9384850125077154
0.6092798364745817,1.7407772278895504,-0.39132253665252875,0.9597458050341464,0.38525156324839777,0.9367862113862193
0.6433893637716355,1.6352754863553889,-0.43478077744491156,0.9984047122101731,0.3463133053507795,0.971095568137121
0.6583946149168447,1.738820902705289,-0.5039619651068601,0.9328174980398888,0.3814322542070664,0.9467477731970674
0.46117641697601497,2.6313078729317074,-0.4576918305536354,0.874942761806403,0.3514116933023224,0.804020810911351
0.4198446826654472,2.23873402242974,-0.3498512442736807,0.8905957030283616,0.5739505369683676,0.921595789591587
0.4178402983158436,2.5178450499785545,-0.34381151471250404,0.7565502776429567,0.5374282323642267,0.9674176541539766
0.5998359171875348,2.7596926926812264,-0.4142774122363224,0.9069753347269243,0.15549356540839643,0.9665975209963683
0.5129385963717734,2.809374590266007,-0.5773063826637376,0.8604982774492348,-0.15100661164144993,0.9633701999003135
0.3548775073430493,1.7202922131628395,-0.2709970911983257,0.7676057422272655,-0.15017258510446013,0.9757934188126495
0.8019746994262104,1.1392135501568044,-0.08059589680464511,0.6519744813500906,-0.05497023484887077,0.9646681540128508
0.9685283403128873,1.925720929308185,-0.2412280071424475,0.5155019064164288,-0.23563798158014929,0.9512438970773709
0.8885202570020775,1.9125207084335123,-0.3187333058384363,0.9121462263677208,-0.33323011961024945,0.8904774326942746
0.8770589823530281,1.6768924705434036,-0.2748023764165513,0.8861145415501971,-0.1962629882465508,0.9039422352802572
0.9141606440920977,1.7640905564358145,-0.1686466341874008,0.975640275246725,-0.2208912039080512,0.8416601142950784
0.8018129985704381,1.7845887747950056,-0.10180602647378025,0.8098202327464268,-0.15622337355375332,0.7685652465902673
0.8067916397697554,1.8727586316782139,-0.19819006456402755,0.8608724733161669,0.08266680724909536,0.9790894898782042
0.8113209572101435,1.168205998026464,-0.13147163572025053,0.8879882518876215,0.11596368243805205,0.9665260284924583
0.8254260611955344,1.860319026136384,-0.016575641055029747,0.9555777858880179,0.15647846813728464,0.9721268398056462
0.7844181124193005,1.8217852283847404,0.015439728430681674,0.8391048476943573,0.20807036317074032,0.9327394037014658
0.8240805248893522,2.0293408247683504,0.007070315789983736,0.8725571603535018,0.17920402346149605,0.9924204381088051
0.5458353901737589,1.3769863689025983,0.12193086561724195,0.7444981155635335,0.28972181518316353,0.9824425914367307
0.5718380837554264,1.61493960608995,0.17929567735723287,0.6177667392022705,0.08297693471239687,0.9639008724787527
0.828338062635925,1.9935575410728745,0.041189524763150416,0.5849671926691025,-0.10011056671110623,0.96262896555337
0.8106785572378258,2.2667729183052217,-0.1386818379435979,0.564056971521887,-0.016307751606623136,0.9767243903152162
0.8260695478463426,1.3599880122581687,-0.08449399406288897,0.45733134380636337,0.194575412511743,0.9054682358327358
0.7959531189548527,2.008718106333583,0.17946714021819937,0.3919571559053211,0.23923045648720617,0.8390993778125226
0.7481399968214065,1.9075518453447586,0.1805393336288038,0.25892710277019293,-0.17578433085712777,0.9855433104513069
0.7434498806085732,1.8799715669541983,0.038872777275052825,0.9596964132738943,-0.1132810110199177,0.9476749336849691
0.6393101213946297,1.6406835152511792,0.0519617775247164,0.9767411001967258,-0.23466523746911505,0.9880071928862485
0.8321689627729707,1.7403375684050366,-0.19244784875503942,0.9093481873018059,0.43293169810438115,0.7802098827615134
0.7255331706336107,2.2368126326796256,-0.30216052573262453,0.7762961490877466,0.27037345356292053,0.9657391157584901
0.7340373566619437,1.3165090209522343,-0.19765498542301116,0.9703119809327707,0.7265877695374361,0.9844339392182931
0.6791721211763662,1.2634802677194328,-0.30172353342622604,0.9634632112454803,0.626453404874823,0.9144250094963674
0.8546672483690457,1.6882631163427606,-0.15966525734979767,0.72469324102344,0.42845670667765534,0.953170320916628
0.5885893377536201,2.1947162590273135,-0.10696388473248292,0.9238627449390108,0.4303957139443899,0.9599240258194865
0.6101589212530162,2.207087986800787,-0.32806866522173744,0.8301550055129943,0.3990849834794337,0.9745753264190945
0.7643953690206396,1.2666982947973089,-0.2962241989495785,0.8626191152538516,0.3683604754502733,0.7524775635528202
0.7462896866699941,1.3472467704727993,-0.22290038665611026,0.8107028604373414,0.697508396174119,0.6800773571536103
0.7180453557535641,1.3580715370801029,-0.30750062955075175,0.7577452776442833,0.5502302502818477,0.5680694358041061
0.901755692727743,0.9640970978024626,-0.2813050132278516,0.8856772475375234,0.15891753873437395,0.9554951837305419
0.9339928946650383,1.4718155858265078,-0.3515953910639583,0.9070285115244159,0.15946594685297866,0.9611375357686675
0.9522014029251679,1.7354341528899124,-0.6374781634566501,0.8479550115030154,0.4681518943265034,0.2994373874620734
0.910520179337629,1.6052817173260583,-0.4834504247119108,0.9566725706934631,0.4820898918190316,0.7150493367929098
0.9451634939344065,1.6174518658744814,-0.6376813364652647,0.9035464269192562,0.5823172274204516,0.8254864672654899
0.7662586887048483,1.2515003323930982,-0.6952169459541175,0.9153181670757848,0.4615335659842953,0.7665217605095999
0.7777618337432531,1.1098337730217211,-0.8671977573453192,0.9123326697890918,0.40638748521343526,0.7935664312838496
0.6879659725456134,1.192177727538313,-0.8449933194922213,0.5504625881830322,0.39822849840134034,0.9936638327044529
0.9040223883904018,0.6441289660390975,-0.38678294536287616,0.9524957178320491,0.28314736757100833,0.9812319233818027
0.7951672029389975,1.4887248325417612,-0.38698767161047104,0.9310587847879838,0.24514744161251487,0.9825499249180389
0.8312249832030875,1.369421888018161,-0.08464899235694283,0.8003968453329229,0.3375375461685229,0.9589380308398443
0.8231203502640516,1.637368878288695,-0.155228568174408,0.7057953141997121,-0.03155176657473838,0.9834829022266036
0.8733701099058485,0.8770989086073774,-0.07423916907900023,0.6492493606062112,-0.014939262291086533,0.9500588051580546
0.8898624160386127,0.7083492194710714,-0.2230457173228751,0.95841424862766,0.15253454577052866,0.8629932378101516
0.8000513128114204,0.9860889653075433,-0.16274480357681295,0.8589017988746755,0.1453946311510298,0.9592897741762525
0.8229472963189127,0.7783037540008219,-0.1241906881291357,0.9265308501022548,0.13306458939732715,0.9658649478913744
0.7123213906386271,1.0479650542666854,-0.13130333069045458,0.8806557092315003,0.3070911522821825,0.9951198839384927
0.7544429956652361,1.0859232311804876,-0.11735369909038527,0.7892924082491287,0.07324607348532537,0.9945353064425767
0.7018488497703367,0.8998019922102596,0.08758247015947095,0.930257040489981,-0.10055648429372793,0.9886327367757599
0.6210582336284565,1.2347211866931598,-0.438819120065208,0.8074817050009814,0.00561619962642184,0.9949769551859942
0.8400994151207838,0.45758773706699485,-0.44896326189073227,0.8795025103187503,0.10671755436063926,0.9989420527881251
0.7849042590162615,1.3152215594789665,-0.3239726030298965,0.9434302436918829,0.20836340156828326,0.9986150763021996
0.7440191664914932,1.1624895638277508,-0.6439732039515438,0.7643606835669856,0.3771207924461471,0.9982418623647596
0.5612416232482865,1.8078551354664563,-0.4962171557263175,0.8914348101749648,0.2837735372724985,0.9908336383016695
0.6374765712263861,2.1742768900694838,-0.7210825083615896,0.7643903295206762,0.3519489712898336,0.9939960969769281
0.8337739234713156,2.2625127600786734,-0.4492099019930381,0.9076904376648254,0.3617138921883365,0.9816775183498292
0.8971227955326856,2.0018267880656384,-0.34204991460824763,0.9383291945382783,0.0333561799106203,0.999274634898517
0.8380108739737118,1.9582794127429273,-0.49208820635017325,0.9162067693106949,-0.04744479499237656,0.999066076055853
0.828987922111273,1.7700177408660542,-0.4555975675152135,0.9385637813674798,0.22917701129435178,0.9945265674623888
0.7496489440114354,1.8125194917946004,-0.3894995101282249,0.89491432814688,0.25726459739103613,0.9971269232910959
0.7230415648911053,1.5873161301186087,-0.39744709102872244,0.9694890899243553,0.17687346882589297,0.9935500347902653
0.7974407478568694,1.4646127205280088,-0.33843092510206646,0.9402543046116342,0.267943944935045,0.9870934053987018
0.8354699853674722,2.161387432860218,-0.24537267377023175,0.8876564476526287,0.2653503564283267,0.9909904719544997
0.8087007603285223,2.050376489264141,-0.1986087372741867,0.893838494809698,0.311102624262558,0.999832763925066
0.87855400483163,1.9345904501018076,-0.36453730181011845,0.843112629124276,0.21991576541621302,0.9986143579823863
0.9399102959449861,1.634341615430686,-0.3650304026579469,0.880027409257636,0.34668171981335816,0.9889049602057318
0.9653273715212942,1.1467293644759444,-0.464778737585189,0.9353161884001394,0.33484030683815574,0.9556860299411103
0.8705160756398702,1.6275102110284896,-0.34465745184991414,0.6294618190690678,-0.28853692831414757,0.9960292321955819
0.8553859792230704,1.3065231387547398,-0.487007626038365,0.7235875364001165,-0.011536599588030515,0.9962082385832923
0.583900286016837,2.2471105942741763,-0.5082236938697272,0.5043486961357596,0.1094258286289614,0.9858150217976849
0.5459025633101732,2.06734095344451,-0.532366199767085,0.304198635761329,0.16960820500769053,0.9969271565828535
0.44229065738329976,2.58613244985944,-0.3832564056962714,0.3067497902215735,0.4444196451291776,0.9875660667590679
0.25144707613263356,1.580473814673688,-0.4408213196292044,0.8314288640688443,0.4184814607054132,0.9980297315190638
0.28034771608571535,1.4587427628990195,-0.35567296403897236,0.8012134757903566,0.3810088001579064,0.9956536547789722
0.40411321712901954,1.2888690741088116,-0.32123180388044836,0.8890089127375392,0.3251922188122793,0.9943212502869005
0.674184706300852,0.9960846606841559,-0.4991594915490993,0.5087472963695788,0.12065709991001618,0.9985612472779996
0.5488758076386397,1.4971633680067284,-0.34163591391211373,0.6918445914971783,-0.029118544815447768,0.9941394841384389
0.4360168350035006,1.6637390221978083,-0.5692340018085692,0.877127689189039,0.17888088053725018,0.9919823541264338
0.481376770735463,2.5058546800692536,-0.539805257091027,0.8778960215886344,0.5568556198128373,0.9989365212309081
0.6821892977080894,1.444015445939378,-0.5495440226563112,0.8532602210468598,0.6130745306338989,0.9994541819424695
0.4840586569868213,1.6402702123966817,-0.6076453256739699,0.7497891821873778,0.5673191547589415,0.9912062057459539
0.4978649164110574,1.4601868577130344,-0.3352369836639346,0.6598329844820748,0.35163304298827813,0.9989065897824851
0.6202515046839394,1.2293922994860034,-0.3743761538695723,0.944681773570466,0.4309661801176407,0.9937069346431422
0.7169828589329079,1.7706309033937853,-0.21099051954680317,0.814234216237988,-0.039470115792771356,0.9976062403585011
0.48173190911760416,1.835408502638397,-0.27849180266941415,0.8063692309897813,-0.0018168827646478569,0.9945197866441776
0.5338126029934451,1.9007140840221126,-0.2687449685357798,0.5853042240317011,0.16250552273073485,0.9921021805593724
0.47608407549718784,1.86000565506886,-0.24500843767150418,0.9246957139147589,0.004943220622542135,0.9989443636525693
0.4879702748488664,1.86455157916689,-0.24550800499150843,0.7233715095886111,-0.019024043129541177,0.9958500186893139
0.35228831700297675,1.888534458957267,-0.1126847525437279,0.8921977490899476,-0.21765487592750052,0.9879269859743327
0.5795734279812071,1.6978443079018695,0.24939226067020062,0.6254883777028004,-0.06814226120955534,0.990027351304164
0.6401132127122048,1.388970852341118,0.1981972250558809,0.7839171724201658,-0.0626511792840255,0.9940853652076125
0.9159085963908239,1.8352699474397454,0.2758966655343712,0.5942423809971474,-0.0029407334761168825,0.9876780277177724
0.8429551905177156,1.302430060630723,0.21428728133437214,0.8609362584526604,-0.010130146532450788,0.9982381823452513
0.7319970996870674,1.8137048081380198,-0.03857791229596471,0.9100596186499778,0.14178694691044638,0.9982531645752368
0.7155850972330972,1.615411357816612,-0.012421833502824869,0.7600670944309847,0.14564310684829568,0.9647420571418321
0.8757898559105887,1.7285208798689096,-0.057029973934397835,0.4880807989137804,0.15258706619137466,0.9881225665082801
0.7711439904713375,1.7668651468089673,0.12816408271894275,0.552961348785473,0.10869745338371824,0.9984256267521217
0.8560213422773919,1.0963873614031796,0.2217705148111797,0.8572415398737347,0.2974592797045441,0.9996776982794319
0.7894116104381238,1.321000529588766,-0.05966019991273155,0.9675258810576359,0.3403762252144524,0.9977329441182047
0.7458935948766434,1.0500051170488869,0.08806424461305346,0.8487639310032288,0.16110142576467518,0.9892748626448249
0.7278580300031107,1.5995936392114816,-0.049231272663523874,0.8176270642014944,0.15979456885388557,0.987378003167095
0.8293083460860274,2.3183796522332956,-0.09310922620697003,0.8537484346240963,-0.046195761656905254,0.9901597398727643
0.7088849072171263,1.37572789897935,-0.35141577603412444,0.8851551049148662,-0.07815860171591096,0.9925891337617102
0.8945216395215158,1.2337859083653466,-0.23521945641514302,0.9549218573937829,0.02839535309611497,0.9748040400346447
0.9192389894773627,1.3766013348722572,-0.293727251365727,0.9774645148665665,0.45072994458397425,0.9940452747484867
0.8549747228147899,1.4837567974834487,-0.2851819646593686,0.900840491785895,0.42828452903689035,0.9924779810809898
0.7807186660666441,1.1723285597523376,-0.45197049362320113,0.848970934915352,0.34207369396589465,0.9877389458397314
0.6560087782322712,1.1122422818300055,-0.43262954054071806,0.828038756838423,0.1948906670967151,0.9987129632272508
0.5675708064445405,1.1638586471799295,-0.5224271036609258,0.9676476026145348,0.2848969906396057,0.9958150751782396
0.5370458291560728,1.0224282920427024,-0.3634417605041271,0.9419023829901353,0.3177467421253312,0.9973033047954843
0.6900076721926989,1.6207916360739834,-0.49588392798521186,0.8581229927608742,0.33060209181671846,0.9978269531387374
0.4365841292389686,1.6165280329635594,-0.2648345122943913,0.4417376559570291,-0.02539217355779785,0.9912878521860374
0.5360577703662057,1.771133503089029,-0.21642507493993468,0.9621571945462396,0.12361139996114094,0.9978546510134656
0.575444093887599,1.853593729500334,-0.25719439103347186,0.9689846565509218,0.3073872804966014,0.9991170544679044
0.6907825309063894,1.9790842333098215,-0.1363158996704529,0.5828133318348078,0.20104237519034512,0.9989461064890691
0.7746168513649819,2.125006965385053,-0.3498527514110983,0.5281550510212462,0.24710309898091212,0.9988404094259423
0.8681952715374558,2.529383390402052,-0.30247763896378305,0.808700159956296,0.17282390204386916,0.9939576688323974
0.7806820816125117,1.8269785084906935,-0.5095698597830027,0.6522440569075896,0.08643227735938547,0.9745588705231018
0.714993444660233,1.4091731935921383,-0.39039240479415654,0.9284877151654037,0.07980337127954197,0.9996586040670358
0.8098962630407249,1.5178558782369407,-0.49603556094256096,0.948341115133711,0.12431793449990847,0.9990080394679484
0.7309684197397828,1.5840637846393364,-0.568523980853124,0.9849048696060735,0.16633268658956502,0.99856158834436
0.6230074775798465,1.4492019657581534,-0.6229682740971909,0.9901252924396988,0.11235802624433465,0.99872653031137
0.7958044927953253,1.5805173228492289,-0.6098939078931584,0.9480736576861293,0.2860029305381344,0.9646909466531647
0.7474303428604439,1.7847733296380508,-0.7016940996217916,0.9040660238757161,0.4415115468287303,0.9983139994923858
0.7011101724615101,1.6635488512957801,-0.5383278719480177,0.910158355027145,0.40419874395948213,0.9980061022774327
0.6513197530700465,1.576538356141774,-0.4875677439617506,0.8920860506510985,0.46362381264501906,0.9960165586447957
0.7778421021064074,1.1819096060851244,-0.30455771604130766,0.7478907693602912,0.12640196654411953,0.9864278954598724
0.5603831565991285,1.5393172248732803,-0.4818341178822641,0.9187976244400936,0.14989201394507695,0.9984319396958808
0.6043501682792133,1.7545708800525124,-0.37987245228852656,0.8329442938366347,0.5136767398703963,0.9982199811233352
0.5631562316353554,1.9176819473810605,-0.1699709042390572,0.938837058100834,0.5130207765065191,0.999440626839667
0.5473437288582378,1.3928255872829882,-0.4161836925582915,0.9010181396486603,0.37542161545514874,0.9955255262612258
0.6280180312026037,1.675377018849369,-0.24415674457306946,0.6901072859074375,0.42714240988923874,0.9937502138596945
0.5631875115285718,0.9897592840500558,-0.38573646381493804,0.8200960023388154,0.47707961755795986,0.9141133584907851
0.6869587304101279,1.3614912986338696,-0.0714587091002401,0.8733656468265932,0.2965274897320939,0.9871521343204231
0.7382744340694606,1.4773595121897474,-0.2544855780203524,0.9161346435689254,0.10646079712019452,0.9676558993645301
0.5962152682259984,1.7225715351966233,-0.37613372254374,0.7323765937627439,0.2621852471247437,0.8427195483265739
0.6404758896233642,1.567472148193347,-0.1467448187072429,0.939830753827279,0.22427360535722035,0.9912255019866729
0.3168841081602922,1.0870875967426423,0.11007726763941303,0.8013352438420034,0.31968362958112345,0.9292357596483837
0.3686574197495577,1.172986331012634,-0.12826464900435527,0.8631798600330359,0.33542397436381,0.9142453381846414
0.3346967585159968,1.2808659587546776,-0.007662730635639394,0.8957350209746767,0.3872095277505518,0.7448567621544532
0.5714844333882292,1.8080931499097874,0.029849657045904057,0.6334672837181291,0.5494415927494488,0.532702095304741
0.42574201974891207,1.1836359792992326,-0.17728744954319495,0.6518501115758177,0.033809137295581645,0.9492228746748087
0.6309217032561881,1.9408252616666966,-0.2586398272405724,0.9913566185854396,0.09415185828895699,0.935460918810212
0.4534995390657154,2.220917827360466,-0.33111395804961036,0.9489045850359986,0.1849125349252662,0.9316988635213652
0.5464602797827517,2.1331156996071097,-0.12391703983315945,0.9433788519688957,0.40226356237097527,0.9287577659734899
0.23195640887698998,2.661363932432967,-0.20729011645779996,0.9138135786979102,0.4144789374708076,0.9077060416878399
0.17263932228427323,2.8197851453546163,-0.06480430324993791,0.8353893941161702,0.24804770987790298,0.9496862928671158
0.7285502618588927,1.845616312202528,-0.32508932935801227,0.8812659519170667,0.24483767808453433,0.9555872198569134
0.5685915196020009,1.9968801976846566,-0.20842587464125237,0.6743995431749114,-0.00628448363416946,0.8936501965800946
0.5951849735916603,2.0172593435849455,-0.1302409664277833,0.8943375675122335,0.039483675872326686,0.8570746879688749
0.6401667096361113,1.8741039957920707,-0.15166574009975395,0.8724125211913938,0.12835200003618666,0.9290897343294026
0.7866504539023974,1.180913508189177,-0.13707906425013924,0.9508635766535225,0.10088415670888776,0.9264872721373576
0.6859041584136001,0.6555664580931214,-0.1031791440347714,0.4411897651384827,0.06952466951615101,0.9538082592895177
0.5799439434870425,1.679246775332743,-0.4085982802524449,0.6932684707583641,0.1277669219144139,0.9700021680303372
0.5919766381135186,1.6558418673399504,-0.5222116152721666,0.49660715533999517,0.10842778242385086,0.9637718938442288
0.4742354597945856,1.912199613122947,-0.49813671062182335,0.8350450289616191,0.03822649846506847,0.9986537887194237
0.4737076403786833,1.3999563302778433,-0.46635868503323985,0.9131146779472218,-0.1362184822079032,0.9815306177113319
0.45435480697498,1.5367153677541603,-0.4447914032162416,0.9511612652048349,-0.06543547110529876,0.9629874464068526
0.6502684386534967,1.3311898091504843,-0.35870020423822335,0.92499298279208,-0.1223224001682596,0.8969539831234582
0.8102474176171309,0.8903563790764425,-0.42148067115891774,0.94669506197755,-0.1595286195492186,0.8375971915395958
0.6585637344119357,0.9404154485420939,-0.04593857777830183,0.7222001560552493,0.18009082172404217,0.9250852493203752
0.6647362004717556,1.430070135404162,-0.10760192613521734,0.9701043722431149,0.22245495591534709,0.9447835040737381
0.7305127552257534,1.2338012035773243,-0.06991961758683429,0.8258870094652728,0.22459556463687538,0.9775781830563326
0.7323946904690888,1.5296944232553749,-0.25495952413997364,0.9729268952612755,0.2791089745698729,0.955560663830518
0.7759512348559181,1.6097069557623513,-0.28856248021551345,0.9403596477485702,0.19079341495263136,0.9817853454981637
0.771571417998357,1.220496769749451,-0.2010823181578226,0.9786246454358191,-0.10147122627628365,0.9587959406929754
0.8593879000095709,1.5335124921049696,-0.1869512748283069,0.9659746549171172,-0.2036676421840177,0.9625841172006955
0.8190912526215959,1.4787743961945818,-0.15238312925485842,0.9870233116097313,-0.2714601766695694,0.9336407302904196
0.8462137257356607,1.2233710620745812,-0.2745125255852663,0.984841001185094,-0.050541524610832056,0.9498961468135791
0.7544973754517249,0.9392559619970144,-0.30709638915198784,0.9433342325312755,0.03096974576406592,0.9861318860091064
0.84958055697664,1.0061537971797436,-0.16772298746418624,0.7862768439086041,0.08198092810119224,0.9850793596236581
0.7886437147475822,0.998167468319771,-0.15863309617098603,0.8917219765939445,0.2518618463400676,0.8683566595197765
0.7492756650187217,1.0711574041569645,-0.14677720005865544,0.8810021885875474,0.19455867340302002,0.906893991507828
0.7411210693190105,1.2437635514475973,-0.1267378305642139,0.9254769130147018,0.0957306100942106,0.9679962538727331
0.6949247410799627,1.2499453717077473,-0.16355618219959486,0.9404533309438643,-0.03490858499975683,0.948430038892399
0.6400669256321534,1.5464341247128819,-0.1057843035396499,0.8174759056886675,0.002472564299348248,0.9531440257460456
0.7182998068156242,1.8727373091596853,-0.12733220217747032,0.9457751975063384,-0.0189290310886954,0.9722923223090182
0.8065499101772567,2.0245563530559356,-0.20602089236998106,0.8371781394101391,0.0899802436523068,0.9776495944399072
0.7997406757126515,2.0626087863868223,-0.284387731619483,0.9398852288855267,-0.009024943543823587,0.9920924191064059
0.8129777269824241,2.125925766415383,-0.3045078389971531,0.9365216984163124,-0.044024426476290505,0.9908877496772174
0.6544048279529804,2.0476716219074746,-0.5260742654562253,0.9303443880233231,0.12751914212172882,0.9166060126527816
0.5345313476371593,1.5772913218549012,-0.6896229859771069,0.8912208312950827,0.1540138306368624,0.8192645875864623
0.5847287498579431,2.0084735249804986,-0.7772701140114535,0.7839142809523958,0.21449927984460504,0.8508468662959213
0.6644646872021975,1.623506949413538,-0.6133472141384975,0.8588760812964606,0.39378364442659686,0.9436962764719591
0.743804958755795,2.319844462894583,-0.6210100139582402,0.9460153491231869,0.5913091929228428,0.9534518072873771
0.6584341989788707,1.969350598517716,-0.5305149477407861,0.7091569050996502,0.5495310521267259,0.9788382274129629
0.6517366453995591,1.9936195963393422,-0.4427598965810903,0.8045912080463301,0.4380642896243367,0.9918729202129707
0.5758835596281319,2.484056866932515,-0.25625491126699906,0.708021792493228,0.5144443996887171,0.9716565424377664
0.8262572760848956,2.1942023319814483,-0.2243730895912432,0.832491783349338,0.41560015847553655,0.9001544910397282
0.8698206398588278,1.8806484179619718,-0.11482090513637977,0.8201042554644533,0.39676358129868095,0.9782926241661738
0.44468922953256346,1.7415840403088658,-0.13894644682060617,0.9220817487248503,0.4179456855695606,0.9709335955831633
0.5256925326726839,1.603050415111036,-0.15959679348262834,0.8746946410863966,0.3483716426478584,0.9703113847662884
0.5488912413434796,2.273208707542916,-0.1834117011674506,0.8770693564399049,-0.12383329808269387,0.9809977564026671
0.6087322840365825,1.819338757647136,-0.20644217064681644,0.9062304548160509,-0.014529861739037168,0.8703962425874842
0.41026216310304675,1.0873573289567176,-0.19508942087303938,0.8469520903435666,-0.09184009244183719,0.9410649259697826
0.794113499951643,1.2551112619229026,-0.28523908871559567,0.8551400537436701,0.18001835520256843,0.7993634921373737
0.7391402053971603,1.579227409084948,-0.2616641073903868,0.9298711428014084,0.017916684000816904,0.9529577436881665
0.7078291751649771,1.4890743837510731,-0.4639719531333437,0.9775805593520149,-0.016121408362299493,0.881068511450148
0.6848803167329615,1.3447310031553246,-0.48476383186819255,0.9837607167295374,-0.09701108447829121,0.9413050689651407
0.7290747956834468,1.6442865349400624,-0.33439738814635417,0.8888643937914484,-0.20846190525438638,0.8680983968868707
0.7163027635154026,1.5617234883709818,-0.2604428699322898,0.9452063911967239,0.07719037135421358,0.9823481845208116
0.6416366513224983,1.9225924723630072,-0.3521289518455541,0.9386154192733027,-0.11706006474804335,0.9177367535028351
0.6494809241868748,1.531675074917509,-0.23874939772999992,0.9711593102221429,-0.11189917250020424,0.8753257846652073
0.6699119546091143,2.904343941915154,0.05459802855361114,0.927117472580325,-0.013545213814324091,0.851938288716205
0.9030232681174131,2.140669197591261,0.012789673002158204,0.7899993935965799,-0.1152162138263056,0.7952315572387475
0.8981566448848548,2.205348696603908,0.08689539348668389,0.7980517715549558,-0.15159940201408562,0.9086396218713567
0.7892549322741526,1.7596429055125875,0.12766873051726693,0.8505563250136431,0.023034574732778302,0.8556642753622283
0.46499614238735554,1.5069493905983473,0.04816761272427364,0.7113714636608842,0.006846216611135884,0.8946863494216932
0.5031495694654295,1.374070641152914,0.14471187425540047,0.753899470551729,0.14292611163995772,0.9397449784314412
0.667943266344263,1.0680423220979374,-0.05650900490506501,0.8186117167268954,0.19297701967031355,0.9665671483030667
0.7105436460705752,1.072890852615977,-0.11414230790643004,0.796178386033213,0.10977850333101484,0.7318189295644187
0.6780174525175441,0.775495440997992,-0.2758013641422577,0.8075601384585549,-0.016353292295087207,0.8883166986504278
0.7440396394614545,0.9306203269189065,-0.17569161914391127,0.6959012829556217,-0.03839405306138839,0.9505661162264453
0.7459307755973345,0.8963304258595207,-0.27737589248998534,0.6563845877994732,0.016256138266929787,0.9964836909323904
0.8472512542735161,0.73220648024314,-0.42385760715132964,0.8423383521097021,0.10713411246670969,0.9668321172125848
0.7399095483851195,0.672291331243152,-0.22484987568761083,0.8204808946094899,0.1518705047196388,0.9577564799416015
0.7950568803707246,0.6963648182905408,-0.47304605472338285,0.626403247012272,0.1900859094579791,0.9572640384520644
0.284399680435918,1.318326852635417,-0.4633234054400653,0.899988048754969,0.15415544821902868,0.8940570045668599
0.5956938243664249,1.8544464447480327,-0.06519001393613232,0.8653463833677998,0.007498688846757446,0.9689732671308819
0.6644301448703022,1.8166223110769493,-0.2255054011797713,0.9181214443763955,0.12517259997124786,0.9314337544497951
0.6458228468671741,2.0011596604438604,-0.302975444102856,0.9464237694549009,0.13961932508346536,0.9811879259411574
0.6472004629941053,1.6222735246943305,-0.2880987118823174,0.6052947465825514,0.12017843040134311,0.9119250554903862
0.48192732606369143,2.0467840950123133,-0.41974918000534,0.9565467615121185,0.3046990306425242,0.9558773429612973
0.7946388171133332,1.4033460057943308,-0.4659753543102741,0.9304146492695601,0.29233375075004564,0.95474288169315
0.7294795343515674,1.5571346224536968,-0.5537756692505268,0.922615095495854,0.006713520449270652,0.9657738803626624
0.7426544403824716,1.881566983711324,-0.4534870290848609,0.9119208710438413,0.01286984765423859,0.9296753212859684
0.8600888723609584,1.9646867440269322,-0.445410277515183,0.9439425031132535,0.0034240166838792377,0.9859089580560995
0.6776336882991798,1.9154091525779333,-0.35718699947752447,0.883725672293386,-0.16974264104052944,0.8638404083345672
0.8322176677573462,1.6507496383515288,-0.3388945851498474,0.8365600877910248,-0.2357111112202083,0.9564105866729622
0.7903947579028386,1.197883544102605,-0.3297458164323896,0.9663075776923717,-0.18992325551264824,0.8143532301249097
0.6399024023417643,1.6932065419486466,-0.22832290922387027,0.7532142806817919,-0.021570612632511105,0.9451932723838146
0.7603958801571823,0.7806849205396331,-0.3405210301368674,0.9410587249754104,-0.13141398753970904,0.9321286682743887
0.7789768807302294,1.301154171075002,-0.33541421846414154,0.92424655132317,-0.07633818014841576,0.9980921673759641
0.6787111733472336,1.2876841519446474,-0.23256402244471294,0.9148119376965234,-0.16905751661489402,0.9942527401965274
0.7975941084381359,1.1046802872780774,-0.3475917317625346,0.8716898546923271,-0.15970771738359832,0.9870399450403005
0.8265427382570609,0.9551866783978995,-0.39863096580611584,0.8437220454113,-0.07128657332873663,0.9856509933613777
0.8462084957781305,1.1452605561546176,-0.11249394328237988,0.2545767992771029,-0.15196747041801653,0.9401363597704607
0.7550803967919304,1.521400212218239,-0.2936423615977,0.6044874258657262,-0.0886689663862098,0.9721346845474311
0.8061617427386932,1.3661391090904813,-0.17653949245747502,0.5827505429131258,-0.08194026525792467,0.9822936385791013
0.6499270179359756,1.333945381107803,-0.2828585182426276,0.7943590957603847,0.06780000989155693,0.9531291861970026
0.5382557472438072,1.844138435587005,-0.2628913095787264,0.7355746939889072,-0.08568912075604258,0.887540212153438
0.6252158340727813,2.0022956418706626,-0.3875679757185969,0.4992046639130465,-0.020651304367841676,0.9392117767508258
0.4851445629404657,2.0295870430860026,-0.27716912163232815,0.562718679759686,0.08737468243991071,0.9791215803610178
0.424148946537716,1.9739378709533026,-0.30462132870071257,0.6577403286467169,0.16470760687063862,0.9896060502452175
0.3688523413409831,1.9141940213910107,-0.37122967785102484,0.7983013887199084,0.34907110815277703,0.9575738975304758
0.8165297073600265,2.1373616980137142,-0.7865539981478803,0.2162170098140245,0.3376925954837087,0.9497413189460906
0.8425242335241924,0.8513885895939748,-0.28495671866736855,0.9588362572232836,0.5042913568467193,0.9564735186226807
0.7830985062065614,0.747972767339275,-0.2723274631873624,0.9671643742543283,0.48629301128785546,0.9894743685718902
0.8585356211607192,0.8230326285501671,-0.14793775696726547,0.9060569520503853,0.3269286967049852,0.9825147886844171
0.8838838556104688,1.7429735507634474,-0.023240856557568468,0.9049704198945212,0.40376431606262664,0.9436086797042945
0.8367958630126718,1.6375818918315073,-0.048065471178370116,0.8930692685873475,0.2793037557522283,0.8938202006173389
0.9246333964318717,1.2466726781942603,-0.31671666968564127,0.8149386699354382,0.34521134404308684,0.9224587790842468
0.8873080051834461,1.1646406687974202,-0.31321278316775536,0.894089634172414,0.4391328006589386,0.8737497954118593
0.873128553634119,1.1369297975641677,-0.28619480576005096,0.8874052899638222,0.30391860795731623,0.9371081586521305
0.8510278678549879,1.1852802671412115,-0.31300593880299077,0.8314910094138867,0.40915074880676916,0.7989037071322278
0.810294377154628,1.3054900882529399,-0.41008788274123736,0.7673178737281454,-0.12302890626810628,0.9242137074682668
0.8959567874084939,1.0302247116361503,-0.3140386540864604,0.7374981764937112,-0.12587551266189212,0.9475547457173524
0.8449464104012746,1.1867059455977087,-0.23668643748070572,0.7311288717855938,-0.045186922315083394,0.9379882355943455
0.8715240292847614,1.0357294728385231,-0.22578722209834154,0.9251465944628979,0.1312783607366606,0.8167988388192355
0.6968883186538749,0.7508616620476352,-0.5010850474640436,0.784109883285691,0.16277471555418543,0.9882908143461704
0.6625366387180786,1.2584614060123844,-0.13874165812889971,0.7975442097318678,0.0782403128334979,0.9869694426571295
0.4009602993691349,1.5855113992883303,0.10750320055976317,0.9594340841453377,0.20918154449107343,0.9348008115354418
0.6872433611449884,1.4125485763486587,-0.03772076902918461,0.9092504403734116,-0.29081469726848763,0.8673567176102372
0.749995420134493,1.2494159647023109,-0.09659195181369687,0.8803779954877318,-0.16143170587412523,0.8879310131112342
0.7005728171372504,1.5381427998909312,-0.12455708957175503,0.8458884226100994,0.020389838747261316,0.9089021733107263
0.69300233492273,1.687808937062474,-0.2896433858074519,0.8365964812941578,0.005644499304025748,0.9536997424870937
0.7248473066027169,1.6134925786583776,-0.15101851514301476,0.6510722435005823,0.019785103912539983,0.9209023129314358
0.88860191584766,1.441923072911839,-0.2934388936001662,0.8740976235694201,0.23496992288927424,0.9555320447067476
0.9074263663314486,1.451444033892785,-0.17300034672352252,0.8604691420879097,0.20756065393587106,0.9570748599349381
0.7131582434723747,1.3652003120791727,-0.16299787039965116,0.5470087748273057,0.3922010388350246,0.9784959946216577
0.7695316769591067,1.7539370217409007,0.1873354532101092,0.8592228379762317,0.31118051035613625,0.9780550934243962
0.8833946167463972,1.7377532495523043,0.05213635645045743,0.8540671680224764,0.3115855062208144,0.984169618268251
0.8818323430158036,1.7881556014914455,0.0949049690123688,0.8690666430565551,0.27456846972808363,0.9874161857306323
0.8699184915704757,1.819893344753642,0.09802575504984325,0.3124185264049844,0.35702367643302063,0.9461616708711806
0.900402745654785,2.607685496668641,0.033646806476481605,0.8102992207169833,0.4360779150932942,0.9253336676196798
0.8075643858276549,2.123500556399364,-0.047936711823227715,0.9048872552063997,0.32371019412256846,0.9911394056348886
0.6716628941960633,1.9921540366830681,-0.040610800476236684,0.6789876376392291,0.29659843381975826,0.8834767907241917
0.5660311941134484,0.968361204450761,0.07864639928280213,0.9756421801971001,0.3649251808474057,0.9948162386756635
0.7652981626362086,1.0891863548401692,-0.0611025095272963,0.8731993233726677,0.244042030144693,0.9881101851791896
