delta_pop,rho_pop
0.3854774702722027,0.4408021963162768
0.4262332884942258,1.022095969414051
0.48824432579900556,1.3262236749440017
0.6445475344041778,1.176802542320839
0.6135427005899396,0.9728620997234522
0.5296483345060427,0.6373746829838661
0.45428001035727716,0.3826554719346936
0.3873464533857147,-0.08824914634992809
0.47113121393996626,-0.1283307270295747
0.43318073964143533,-0.317476467495113
0.46363862785554183,-1.2947390315568728
0.5719451345194664,0.36615906098654905
0.342605113395695,0.5557490423699843
0.45832894888193365,-0.14424551949794237
0.6642819108740355,0.10261566405726949
0.5178380880432522,1.5898263982916097
0.47525435571815716,-0.5478989871407782
0.5035549027428046,0.07021424648569938
0.38388888055076553,0.9260639116978481
0.38589300224209533,1.1565537611407837
0.590035160187771,0.6509983136941774
0.2567167755625856,0.5974113245776844
0.5641254264218031,0.45156423900202064
0.8015213478033915,0.41559690437149766
0.5514938288233847,0.21648735562609178
0.5633440147952742,0.11230382011126121
0.6984181492686083,-0.17310236611917001
0.2479201611518148,1.3636440562592895
0.7589104701366722,1.1022051991755846
0.26658140535355485,0.092225119615167
0.6564048555863988,-0.0023923053832376885
0.6296465461352296,0.07920285496112772
0.737380008240667,0.9324899336134858
0.5788613420984194,-0.23764018553762697
0.5847502767105628,0.4352873739661489
0.1792468299708933,0.8501656266808738
0.565375018608383,0.5890173625498675
0.6813770120417996,-0.671337606415611
0.44115115719352543,0.7212012912684864
0.22296749716282477,0.15075412495295867
0.5304584388361288,0.1635015738312698
0.3001132573269433,0.13841146830658344
0.2721331837955819,1.4129376857445937
0.4281440124223333,-1.0059092926366346
0.3847150587389484,0.2782371416522618
0.5179753487446003,0.004741858273244382
0.4941498723774914,0.5334806659952602
0.44625995347912395,0.3493982742660048
0.41209588662148383,1.3951219319193915
0.38099650765865245,-1.3614502796615149
0.46908895642182896,0.9155250405358885
0.72520029922137,0.9680028667791754
0.767558042492848,-0.40626647098222396
0.5319409391525307,0.2786587784932557
0.37945218007109993,0.4653046541628934
0.43386708107508604,0.8785181871156357
0.5508156785766871,0.2473862301849099
0.2362206764648954,1.6860440263008476
0.5984162637464159,0.16360594998682712
0.4868384080077841,0.5255166528691773
0.6561280466997661,-0.23665050812665095
0.5168175399806668,-0.018010238864732728
0.46404236563671314,0.544404043416564
0.4995554055411719,0.33173446154906033
0.606624908638418,0.13647025880276548
0.5325824420608364,0.6894186797710815
0.3200403398253038,0.45701090897948743
0.4559827619785255,0.14338235616089476
0.5714291638803789,0.309016536965587
0.52290166523624515,1.0555351139160802
0.452647765599624,0.13003417773568016
0.39685974405843194,1.0091181789242738
0.5196255287938115,-0.41864024737378985
0.3444132499182075,0.8976415183799583
0.5748461732882596,0.6606786578926
0.45854211062313904,0.31727779363101055
0.5171072577016625,-0.2031367825420335
0.18451376632092678,1.134124499344429
0.37147458803260686,1.390200233472138
0.3563674900532463,0.9665207238599651
0.4747812893621686,1.545430594774173
0.5538045122752879,0.1325984234308159
0.28833286064162655,0.4224760112278099
0.5268805095173079,0.006792079078148935
0.5837719314785146,0.5475098287785014
0.6208709983340971,1.0477437941399097
0.5263460720016199,1.4472722321592717
0.3585300144952169,0.5173825330877789
0.47822816664295864,0.23123038456480108
0.4523313557130762,0.567870689135783
0.461183011845508,0.16456672795270183
0.3266533530887814,0.6089642974614793
0.2151394528340812,-0.2786464585142497
0.48177391040482415,0.6944495530973835
0.6182365259975513,0.4461606228679486
0.6630930457600305,1.191008024405573
0.6433106866182441,0.1438562639634947
0.5525959146069093,0.785596991688635
0.4232015533335932,1.3119913091607633
0.4906407064770932,1.294844411496112
0.6682323728697058,1.3302465911583643
0.4158156085650928,0.6806533777022375
0.23241077358145681,0.9467769600813557
0.5759142930500721,0.46594286334236457
0.4764970368076128,0.32193504866694234
0.6261446386114722,-0.29994686904968165
0.5682815954104464,0.4643865978040451
0.6410875325682768,1.1960296273909292
0.4173957095601628,0.25907473812667825
0.4306308228653923,0.49526329542093994
0.5191451755916417,0.7767046368510857
0.4068464147238805,-0.277408479968457
0.6061617950590392,-0.7749887922715651
0.40358402457274223,0.2842171554068936
0.5343804643125478,0.7255074341719923
0.5509200389698898,0.7058965127993297
0.5140681183935367,0.27173065438217997
0.622573197117665,-0.4339349185925315
0.6477365411657964,-0.012438961464640998
0.5712340206321672,0.723866011569164
0.34285384152749293,1.8353160930726078
0.4619978092462042,0.8824473186552758
0.6549520217548143,0.8020710512339368
0.47071407792872794,0.19767922096680152
0.5573717005131514,-0.03992367481102975
0.7471182879532469,0.9294711332521884
0.38274845897520415,0.43191470301676205
0.6325446289765437,0.33420755238561356
0.6433385352482438,-0.4757179648823677
0.3446586898745404,-0.42242883604108306
0.44675411608602017,0.6011586994120145
0.4656900457762515,0.1875000983904615
0.48359633512716543,-0.2131722577199358
0.3806435348233832,0.9880623794078348
0.5419478611589742,0.4076126495442476
0.309244559569466,0.7617440072044162
0.37925439150230633,0.43048925229788493
0.6738607311058109,-0.2492769972548991
0.4286028873296963,0.9022391472242602
0.6532794509872942,1.2169587762292926
0.44708809183118947,1.9099004888500166
0.48974349402826045,0.6431345473824613
0.3498947039220619,1.0600295956305381
0.46387098499201507,0.6915947400921151
0.5880643185501757,-0.9060506928121681
0.43049045660316754,1.4390776512781323
0.49839461510940564,0.61296562277737
0.49345035786115554,0.34394686006316477
0.39979879414539443,0.3280720350135653
0.5107941459678578,0.16868222548100598
0.5106766103406037,2.038738852869293
0.43609162693847164,1.376818481786414
0.404021620173136,1.2198761051195897
0.41643957981842333,0.12592527668769754
0.3385200028501987,-0.6047203262572499
0.5494469481704443,0.8070218717162579
0.6395634214117676,-0.06026893366245473
0.5524290629243014,1.1995013986149352
0.6262547450675656,-0.03913201310966483
0.6708666337918053,0.4861462286820273
0.5379720021263111,0.2096188167970652
0.670308818982661,0.9283321189997331
0.6176598296941854,0.0055791017900064105
0.8125666129168443,0.5445812931689971
0.47479885350418655,0.6136319896418961
0.39267370127932916,0.19935946415324154
0.5691458384975683,-0.09690974627220149
0.4005191687974605,0.055006190875631966
0.5870927564090951,0.5727502156623865
0.38642990320761067,1.1260602300734432
0.3252318684082846,-0.939835342207598
0.6918110369742438,0.6096168000563378
0.4731002458075678,0.4853972162509034
0.1819305911209649,0.7940799576430009
0.4735121203129673,0.033210867449064777
0.31605150577013913,1.3429040371893568
0.43878256577245284,1.129714148954006
0.4954487891749028,0.3751316851314176
0.6079709536621629,-0.11983525829001548
0.5408868207858334,0.49188673261928345
0.6165145102681551,1.4268328520363496
0.7750850215825474,1.0563687463200766
0.48843535628949314,0.5180472365967507
0.33422968181539964,0.1178259348900028
0.5482758291428231,0.728928130110086
0.6270433513108845,-0.48659357846987866
0.5477774329620655,2.093836062862713
0.4294853834021809,0.11019601485474081
0.6124072821786836,0.9165636212134656
0.485833756025248,0.5860243910543382
0.4249465298586567,0.5016125561911463
0.4219458916639837,0.7248764711555974
0.4966197419640158,1.3190523468498836
0.6998835560823792,-0.050501845158150656
0.5644787539003383,0.25380451124311443
0.3934455233865965,0.45444972401734945
0.6397816662267236,-0.1533372513076714
0.3617081044194144,-0.041950841107980086
0.5396582920324899,0.41065738003620134
0.6132284238308439,0.3956225492044498
0.4531897162502548,0.1949036841006392
0.4598599725018167,0.8085552538250784
0.5047768092358155,0.4120468629598226
0.55288191442849,0.00895915194570475
0.2813836175914905,0.8566687273731554
0.6063498116148676,0.9256412185551202
0.5480439694425812,0.7879507525601308
0.30106702534510427,0.2945975508969331
0.5695148834681377,0.49995437603816717
0.3789736546093836,1.3601933888514934
0.47479112954837627,0.038209362059044634
0.5542301218325013,0.8957178526788866
0.42637999805326443,-0.39646311603833795
0.7027964238953085,0.6933517345013037
0.5643904575221744,0.42802147342837926
0.7272907467077486,0.1270823527942318
0.6842254554060486,0.32708221737773974
0.4934868595661084,0.3192797244787027
0.23185247690267966,1.6854040029666424
0.5791989711591862,0.46020792428586454
0.44797093193527365,-0.1715990242744463
0.40152099974498584,1.090268774528602
0.3661856183404954,-0.8812045476772454
0.43107787737188136,0.3418294233979303
0.49555633954666195,1.1460464715117402
0.41631918482717134,0.8122693651132136
0.5695501269868029,0.6000037819073087
0.5196700649641771,0.6215569536815194
0.37064608665378956,0.42400216589193346
0.6460287275576152,0.5891336609836931
0.3410739455497959,1.0475316092857423
0.5391415921373408,0.047941174225354474
0.29703780620107884,1.3835071919113147
0.4562078713788716,0.21169733779347277
0.4935347247435786,0.16779596057122279
0.7243460322940695,0.4475197979385232
0.6643836513725638,1.4958376187980114
0.40243733003075927,1.3545721408612452
0.6433122567530545,-0.12190693039295658
0.6385067904495014,0.025273559013715877
0.519307712200185,0.45811205367524105
0.2464211049738471,0.2870212766581623
0.7053182464992218,0.48641193206680583
0.6822718660059268,0.6232165990109724
0.4306216646232979,-0.07741802853508253
0.4187026884674597,-0.8668245114406403
0.46409087636287105,-0.2768428891134489
0.48792728990456835,0.1158835136276265
0.4656997397786505,0.7817024504827763
0.5664006932663262,0.5189500928399425
0.4196120822155236,0.06386283624313449
0.5696554171380362,-0.13512602877360017
0.38080331038307463,0.47216992749255843
0.5201131250279709,0.21989563341713558
0.5072116500846123,0.5434999628327667
0.23248363895043794,-0.15773323193359887
0.2517764404847132,1.0684334593102118
0.45543600085876745,-0.4433902638465448
0.4519558849853956,0.4312018626382538
0.5486004213198891,1.1889654393854863
0.42884013089829776,0.8827896468623005
0.6764107617436055,1.2884653271249185
0.6290502831045811,0.9300622779342853
0.8091194812247322,-0.23972847468840902
0.6491750780036099,1.2349819529651638
0.6127669280473049,-0.9122112991676168
0.49437784424085807,-0.10198502404657034
0.6543278816102732,0.47836043915034626
0.5210031791873639,1.2757592979440788
0.5430119077585693,0.450519796997636
0.26579460926666965,0.9611407844757697
0.5683703812508513,1.382853707767808
0.643581411710348,1.3213475563817214
0.47659539205687257,0.46745248903972775
0.4586127997036154,0.8098834305904563
0.6006835043484078,-0.48194864901793727
0.4320442439234749,0.6550039023122445
0.5106102424441469,0.36112185698708016
0.5540090573410856,0.20003729714915003
0.7124409264548297,0.12817349629637337
0.6684716421312276,0.532004263493961
0.5992932099642896,0.6705568310735264
0.48877866895185273,0.2240277841806028
0.2531105549458037,0.1020385816348578
0.4488243106899592,0.9666948174817549
0.5382180944690019,1.0736744478146838
0.5091231986081557,-0.38276204542810244
0.4084060659747609,1.2660476088817163
0.6891623107939813,0.9058970401544901
0.46570805591492614,1.1393833972355885
0.39558920346030585,-0.00999503535841077
0.5579936654429216,0.4644980053978127
0.6740637176289742,0.7391452722844032
0.3414048925473478,0.27459390261679745
0.6363053889471825,0.035824286997961446
0.42072635215429854,0.4034416786641825
0.4785214007597935,1.0740168040061322
0.3795472338919763,1.2301061091256733
0.2666466211269077,0.36041792373701165
0.5605966605130316,-0.8239982814423845
0.44509203043892986,0.2713435790480133
0.5866326560445718,-0.8763291261312761
0.4368217455934315,1.143924348843707
0.41027789742888,0.5592200994097783
0.5765125333116566,0.2994957936221477
0.5679614071730036,0.5158558078775883
0.7321541381933391,-0.1721574998440661
0.5583664627012555,0.09607971780734782
0.49363625249879284,0.3683590482393149
0.6954722731877359,1.0143109191360422
0.26621321991405267,0.6800381419520065
0.6063073801468762,0.8761798250457635
0.4260931983499533,0.2705483218246951
0.4165639826428935,-0.5815124265867379
0.5195344570432235,-0.07320490640802306
0.626816535032121,-0.7513945616303245
0.3824623572134446,1.2201330373768116
0.43154012696182675,0.5451481737509987
0.40997534980516215,0.25697637635165
0.5702949665904972,0.3473598399237479
0.40587124190537854,0.5877519086743669
0.5732108152608805,0.5866664584498753
0.4934316733017308,-0.05020829141709538
0.662452887357935,0.3567850897407785
0.35297861037937217,1.6215000052943844
0.3473975432518326,0.9768352097086251
0.4625099299718745,0.14908799587191024
0.6373258207550138,1.2007191784456868
0.5377692225085836,0.18998272463057955
0.4873338023842193,0.8361097780054946
0.7501609035628357,-0.006190331643718631
0.44293732587381984,0.3875062007912731
0.603055522323608,0.9108976786320132
0.37043445102869615,0.7470942422564906
0.16909327553791922,0.08236891577649125
0.41504556271731724,0.7824200266869004
0.3472833031922691,1.0289654649401494
0.5522918197254806,0.527654316607907
0.350872522146433,0.7594321202892104
0.643903449007074,1.2032861894539795
0.4973258351041297,0.8310418289319704
0.51945777712684,0.38688895658195527
0.3906216887772982,1.1520366910557096
0.3407727923704258,0.7136765039032023
0.5848476422228253,0.22660878029328588
0.6090623914797897,2.2994992602732807
0.5794789757002552,-0.6021760637795339
0.5892783298735838,1.414989962841121
0.6308831492332941,-0.1890194972115505
0.17892938531893537,0.4131657985950917
0.5389608308921375,0.917798138989384
0.528506197930939,0.14623972537583063
0.37641510625660957,0.9942210312959103
0.35783551018569015,0.6367699351335054
0.6769260877098658,0.8230311418040788
0.6536724699840614,1.0702716829041397
0.3996803140941087,0.31879050347980137
0.4530889844453712,0.7772736957289602
0.4392439665189251,1.7194312519849666
0.43261413884440036,-0.23286085107257262
0.4007349138948057,0.3081090614624637
0.38616315587708433,-0.27579073433305695
0.46349734413911925,0.8337162518344453
0.7300914200310008,0.8451103365228391
0.4815746251774555,0.488887651223401
0.6170950763175285,-0.18147169819383024
0.418511513245044,0.6335492665569357
0.670106994378684,0.19374007913495458
0.2701847653542144,0.08031076279302726
0.5024689605052557,1.0833516142377466
0.6632653405853329,0.20810374814707536
0.4754473643158103,0.6601608254727016
0.5088862698259764,0.0865084013806775
0.6678674501209385,0.7610014810798185
0.27589214042328647,-1.5765526410017328
0.4361987886312417,1.573746950045126
0.4172218499989178,0.2611044312203041
0.4622270536252624,0.44096527299951127
0.4337368506855288,0.06888032569356228
0.750960555466833,-0.564515146131484
0.4218054615967456,1.0898591744427473
0.38240899338494605,-0.08891905467475207
0.596062758531368,0.5367277567948497
0.6131377165711959,1.135668740977582
0.4946217525138887,1.1904734844545353
0.6584877144889596,0.29226597298651913
0.5708130223743454,-0.9276116633459507
0.5597315071830545,0.09208701575572648
0.4354781786881494,0.6153807926219969
0.4488827284743186,0.5131063694063411
0.4025455006938412,0.6703687597764856
0.42798817928069544,0.48014311956385336
0.4923503560918831,-0.239747482277056
0.5103844663743097,0.05264754301951301
0.41630631045545036,0.33032565935812624
0.6368464671356473,-0.04065484463763449
0.6109536543090982,1.0239498904841802
0.4007968684248503,0.7044415396067221
0.462611483007356,-0.34922437938758394
0.7145159601034138,0.2849674602981619
0.2823431316299637,1.1636033951916889
0.4317175888592435,-0.8062992783175369
0.49871006160144643,0.07559457100462554
0.523666146515736,1.4231109154857646
0.5825146855453633,-0.03193983396010053
0.45197524868218214,1.9974983007089708
0.177975770347568,0.2962003650543532
0.4029348545071888,0.3955519768941096
0.6172287054712183,0.22309058091744774
0.6700778258270336,0.3102651431640711
0.5409055422250271,1.2060679710767268
0.509189830334054,0.30991763340199485
0.5022996203710237,0.19637871188823586
0.43939965115462765,0.1317373505357183
0.47151746892156776,0.00979871133639669
0.33404330086753065,0.6390417694846307
0.5436909591648685,1.113061690462394
0.6494674029158267,-0.10810743849783998
0.5777822386300383,0.059387066319673165
0.5764386295815637,-0.7290658571290928
0.4030472119264674,0.6820164692390074
0.7532520361364258,-0.6490042421694765
0.5267084913150966,0.5041556037765463
0.3832974870663655,0.4818694607606556
0.3692114179588749,1.5581571052067766
0.42676467492453635,0.47541569265199585
0.7362068505803541,0.08834399097530732
0.560803737472307,0.1871114884067716
0.4568237452133863,0.7153400075388281
0.42458624627378855,0.27768443174660756
0.5071885871803015,1.6628297558026421
0.4066369858728967,0.8503051866091768
0.2780343308408372,0.5808745457118035
0.5108862292345597,0.37681938493422873
0.7827565082220658,0.6217082245456205
0.6319606298515281,-0.5030666312523031
0.70471048835878,-0.961849374629603
0.5204266675932295,0.9681743208301018
0.5015920540848299,0.637591948506696
0.45972917535423546,1.7823493402092432
0.3775854091558059,1.2992193321907684
0.5196673343835571,1.1830057844688948
0.4753983391218649,0.365432814526675
0.5187202193504832,0.33083390412694647
0.44334671182816715,2.017290897122571
0.5789696340404031,-0.01027667670656221
0.40080304917443155,0.7185424390407457
0.40527033937692186,1.576689759103902
0.2637407404650044,1.1549633587320176
0.4487628308243889,1.2516951189915835
0.6788878629770128,-0.39744693499987227
0.66461052325848,-0.5271156173781879
0.5354153230716646,0.6735255708499792
0.5159358710313087,0.892113305348485
0.33746920138872966,1.1976593389490107
0.3935179144165913,0.7119939883211166
0.6066274754407546,-0.7938067676082367
0.5949101027712071,-0.07352749257822475
0.4309424074715171,1.003974095013319
0.3396736259263963,0.4492784199378545
0.3332646613376872,1.4045113726516878
0.5352162691691376,0.8283775190739331
0.33890355225742286,0.3131984716386546
0.43663635801665385,0.5106276570882308
0.1938926172462948,0.25831814570853256
0.7464151586399846,0.2574524667159291
0.4458464177295314,0.2464972923217667
0.47995465444187063,-0.0026048214796513466
0.43016427138394187,1.291383192253659
0.583713737369041,-1.730500168875826
0.5269004756225322,4.045520713771428e-4
0.6069728924533935,-0.21377663163693236
0.6614550879319636,-0.8165694351595888
0.43941786247398007,0.5765617266101195
0.4896764174715496,-0.35703809844405254
0.7593789378043573,0.4168341451260551
0.5851959832936596,-0.13523375136021798
0.5803253547736148,-0.01685138113229312
0.507750187762284,-0.0767401942718591
0.6434763291076724,0.630287653587232
0.5560259056522103,0.11563075310981541
0.5751016033234969,-0.11290111129134373
0.5526790500477151,-0.3716894575650779
0.656326541943326,-0.8220567595859603
0.3458739338476258,0.1945426488362001
0.6157127763273977,-0.21032931051319115
0.4435732330174566,-0.21312208216598938
0.556927443852938,0.5432864567647191
0.6072487514336571,0.1767615045755169
0.3994296791782385,0.34734870029110393
0.7529042728699216,-0.20438735094422164
0.49585067088115553,0.37910376325961676
0.4003079463459117,0.9806734163555845
0.5209803078366165,-1.0616615689611943
0.7365101907964596,1.0670479389223393
0.38236496796930924,0.40100532987268234
0.618761329038023,0.8584853632848609
0.26458855362113953,0.12459612544731001
0.5981182111673952,-0.4392574872077686
0.674670715817974,-0.35020647861077736
0.4672279017821327,0.12652314098210146
0.6351504075339999,0.016239709747531063
0.4911395608965377,0.3975907137052896
0.5281164543867848,-0.36343258445379883
0.5917268734203046,0.6349449691987864
0.5499335737654707,1.736830769273309
0.5699701790858143,0.8369675982956774
0.41039355387470605,0.5220609990315576
0.39929347117935193,0.47864200093589027
0.644516725093656,1.2469200081066825
0.6577661009643098,0.4689793738868339
0.55102101413198,0.8130722644024746
0.5327479756342446,-0.04853733681878544
0.5650515830636947,1.294954184021633
0.3451302347162491,1.2108872695381525
0.3991468779291645,0.2927375452614677
0.543318281784171,1.9134280604078313
0.47228545389734156,0.5578637655369241
0.7119969226375488,0.16043703383562108
0.5831007455145977,0.7543189619589885
0.43209554166946956,0.6008907166884583
0.4479214576376628,-0.3350963415011908
0.4744105456203198,0.4700247689851621
0.42372646390500823,-0.5643271125988217
0.6726985278454021,-0.2913778844989689
0.3521008728432309,1.1058523537288263
0.3961961227221205,0.8329719125846989
0.4624101995082634,1.7803054074660007
0.42786841201952436,1.3838373479829453
0.6013980056404189,1.1178182817098674
0.4638520579971472,0.2670443474017632
0.5220569352485229,-0.1632927810373014
0.5996700582676597,0.4401311772461329
0.3483328981095507,0.12041671918205477
0.535245104841429,0.2404929459960386
0.46951653256364656,0.46704644422909525
0.5771012324292273,0.7651669601272462
0.3376746825729726,0.33768898973493117
0.4141191443247993,-0.8470678426562693
0.3310907156362147,0.8230921021592951
0.3523955327225045,0.3317624715800055
0.474216239798445,1.420318385046656
0.729666077388461,2.271335375188288
0.5545192796317115,0.6482819668747903
0.5720815136520462,0.5862444803902882
0.48145422656738773,-0.8451261389585548
0.4106103185746206,0.6289024140089585
0.4606214638582529,1.1886364360179307
0.3859249855462086,0.07452491462070004
0.7778535319673585,0.553074240163215
0.5140424461196773,0.22127347356923244
0.37725903828081686,0.34534698465840175
0.5590481747949726,1.2731629443775072
0.5124701179784235,0.458582344984369
0.38939884745240316,0.062180137507281005
0.4085381607889662,0.4875614893975572
0.5012732488614465,0.7427357803002658
0.4811254509582374,-0.708735488856647
0.6667787416123214,-0.3427727252682506
0.8278586719411087,-0.18792459602666442
0.5007203585872444,-0.2643362281179667
0.5770163128774445,0.8374946225487856
0.47667314936671357,0.9888103731888697
0.4857077982921697,-0.26523595793387555
0.5959405804225651,0.1319005634942046
0.3576183576834891,1.8019541197927784
0.5599211454803474,1.501963278476979
0.5224578294578988,0.3396849368938399
0.4973515944712183,0.2867250662381448
0.3980238022329884,-0.49790384757176387
0.6676552416801684,0.6175980557304867
0.5534677924418052,0.2520379721242016
0.7738404819889271,0.3126508944004319
0.36870484829953337,-0.10498287471108032
0.4436616050741628,0.35525478835643937
0.3455121024619805,0.37630117673537733
0.5396468046371852,0.7035483413280557
0.5220814816846171,0.0031222296558713137
0.42502472745294423,0.8150452311957757
0.4665950299380876,0.277389676957996
0.4886216620962015,0.5617354434876122
0.22777949884523635,-0.27090140077185876
0.4066650983739975,-0.4044502826655301
0.5243424461832287,0.399264595620222
0.5820484707817875,0.6278568354165808
0.5471733465826282,0.5706133314055155
0.4567644980604866,0.6206049228486197
0.6649002362967938,0.10353197232894543
0.4784829563595137,0.601589598545139
0.4996685893172563,-0.057737020630344534
0.37080372139155743,2.093186334261746
0.4670974274656246,-0.23511496819689262
0.3076363516104671,0.052395761830956296
0.5908610047452427,0.23781061146809704
0.4553794646565341,0.09154877989328333
0.5563503657669947,0.17158933168077448
0.2465672475691462,0.6717790593401055
0.5572357944702305,-0.04964327019968037
0.5623372644962044,-0.25789547698447696
0.31465846031228,1.0402042613716649
0.6814735418352599,-0.19839301557564504
0.398699520880535,-0.47496547592433935
0.41249468704528763,-0.7561318419825805
0.35303218236686584,-0.16903311479554814
0.520912714468289,0.8165501125763496
0.6610045507261814,-0.4477000448912083
0.5244997405703634,0.8382930673417688
0.5363572709640887,0.5710367795879547
0.7252207939522997,0.33255911677045025
0.39326177815973945,1.3668838176614548
0.45612771443545025,0.7271733078491829
0.4320989742092203,2.1702358268018034
0.27048256146639765,1.0032165070583807
0.49181678281145835,-0.06033583734003674
0.6187217409333076,0.23054113447469396
0.5561367329241322,-0.381817881419577
0.39634343451351955,0.7779512737633113
0.34809173226410717,-0.2592997705425004
0.3666925442415379,0.49933700660988944
0.5247906890194587,-0.5577433755874615
0.48051527678938266,0.48576344925116266
0.5816756280096603,-0.075754886997409
0.41597188879440417,-0.5573540712567747
0.4186408279156884,0.5006525189797163
0.5044599110764526,0.7807287944232973
0.5108594518972838,0.6006671083165644
0.1840168084560931,0.8491308607385202
0.8264240895799023,0.7693050652066515
0.49942299904163084,-0.09939565109708248
0.5117800374273697,0.9695740866503852
0.4036361569142157,1.4283736145245844
0.5326630494414302,0.6715384675449707
0.6444025250267825,-0.17287873846770893
0.629490102112163,0.049988783840558104
0.35627072289465767,1.0572117179407605
0.6446619845755597,-0.3712545017324132
0.4497044203452309,0.8101061239502241
0.5859659088989219,0.7888083287789636
0.765116349008616,1.3918966126702927
0.5143252097058162,0.11614704886430616
0.47929717703791097,-0.06519303668041337
0.5166913807362365,0.8832396151678077
0.2861902335645365,0.907757895892903
0.38331493558157226,0.06804343504353913
0.3814419001138981,0.2870917876259228
0.5053619874022627,0.4209377064125685
0.7532975180008612,-0.28578618822944774
0.536233902250098,1.3096944605664487
0.5217602113054609,0.2164176936558762
0.4149992072268071,-0.4315054872011501
0.6448166607770219,-0.2833407111117356
0.25304677705496825,0.7855507232671781
0.43662267123530774,1.438963742617176
0.416234631404967,0.26493444126979726
0.45570917299802083,0.3130260809948141
0.5113110118245932,0.22715168024366045
0.56566370010109,-0.24661964016671048
0.5456843656312131,-0.21288524930604746
0.6439811970121454,0.1707809404181826
0.5881084440830826,0.08403837968646288
0.4112932813961116,-0.08379207079090686
0.6469184253549563,0.5890442846130048
0.5878491764210798,1.1951955066251547
0.4871746467821145,0.7876395040334869
0.6908645938088158,0.48568413695000645
0.5830504568699074,1.6971039276534314
0.42684321099169065,1.0292383217205718
0.22750348477718665,1.0168449294927628
0.6070187471086795,0.37737373068227403
0.496747893723081,0.34996082688648283
0.4510582810657423,-0.24443465252245622
0.3780714907637023,0.684860027608335
0.5717106370962669,0.3697512862771513
0.5612797236441855,1.2384601029644757
0.4580430310395834,0.5948582892419125
0.6619930070651239,0.32598437068092484
0.3898333226660956,-1.3487120985710885
0.566423170124059,0.5195025243927006
0.5366564069861296,0.16884110664409074
0.4784328955374556,0.9466402292709085
0.4551403843370425,1.3423498055962346
0.615354513986494,0.06225422738350428
0.4754931507456443,0.10899044291052765
0.6549593764911155,1.5540954076193918
0.5098302221008898,1.5219647834747418
0.6380669030451804,0.21930348087091092
0.41919300693437744,0.7899481695298715
0.39691427849934047,0.8244332422093256
0.502617322359955,-0.20628931417107305
0.4009802796893301,0.9657734469999808
0.5303568070844552,-0.6827808707701154
0.3687006391287793,0.3559202840070969
0.4042145290663374,1.0381409928337517
0.503101234064748,1.0370044813412063
0.50384617668216,0.6259857659865318
0.36458230060810026,0.9156767946830117
0.556003114428144,0.6113984147855699
0.44551225842892794,0.5087907588026312
0.4737121285788108,0.8247048044520819
0.4393260696072705,0.346762810147916
0.3647939495540551,1.5246733922234197
0.5007467955966239,0.5994646962606753
0.1978317738852703,0.9500217612693943
0.41042217309094065,-0.2646115277496583
0.5602860004204598,0.9951152365512671
0.36215505757819677,1.011397942880616
0.46813895134732436,1.080348149612539
0.4990107579820447,1.0210200028905958
0.5224907264450791,0.5546999361245174
0.47598179475271285,1.1562680151780222
0.6742771171600597,0.3853119354960693
0.47774169222875806,0.4717828867414012
0.36490544106339384,0.3398138473326494
0.4934601714663032,1.3866575944406798
0.4390467293111831,0.7664946690647501
0.38555382508517816,0.9702996750699976
0.42874571915689147,0.8130448607530242
0.6114121371838119,0.7036202458921733
0.6851841919321316,0.6800915933356503
0.47033625556423814,0.5307205885019469
0.6983309084525102,0.679360530169706
0.4900458747755152,-0.32681004688863563
0.5684719270226171,1.1706974133107706
0.669521267602387,0.47509337134610813
0.35663474740922607,-0.31558818766198365
0.4602651364985691,0.3238760505258802
0.5117533893794902,0.4783968420836309
0.608884030988761,-0.3015212339591215
0.34718205526720947,0.20450321246057473
0.42188385965431224,0.8743133540008649
0.6342647110333635,1.1995193115226495
0.4496837571873271,0.5933532959553726
0.5884877611954907,-0.095905675821432
0.370836489757433,1.8073015919146804
0.6001886549826796,-0.04169790414501107
0.48200069721039274,0.23837368069721943
0.537199688623274,0.01643348231641866
0.5353154187190138,0.4950785172672571
0.5762730219654303,0.4246827757762047
0.4675841136295139,0.6335477162017
0.4814929201721878,0.7872812605301827
0.5335874161809209,0.7945683804501679
0.219031375539856,0.5821733508135916
0.45531815204912696,0.6256959739760347
0.5323947284395693,1.6204065728469552
0.5375169040228656,0.5179612334095041
0.2803527296846983,0.392024015552662
0.4791800917175205,0.06728771954811803
0.6118722294303494,-0.04168516451666624
0.5968439112481926,-0.0205445727277056
0.4134122451204845,0.9941237750093724
0.5143375658875463,0.5230798195427915
0.6369634776265864,0.18267262336218718
0.4454308449695366,0.09223617272379328
0.4857995297034019,0.9093184581494034
0.4465939081438758,0.7469829289414378
0.3548869364079081,0.7093918183226432
0.5122345673343133,0.48316635989194734
0.5129948854396141,-0.8516698376435551
0.5799965981871812,-0.49040087674716315
0.44718780239200856,0.16419975341161838
0.4423175015771899,0.5585219244637175
0.44566404860237113,0.7330205253784358
0.2995083019760325,1.0364930830570216
0.45111370858113836,0.08148935659203596
0.3483382374594499,1.3534725438368846
0.4606410517457502,0.5006345695484875
0.41552197963348647,0.9110906308387209
0.4373460722586457,1.0905719810970762
0.44294689085546424,-0.07458164856918145
0.41547474564413195,0.9532642673630322
0.4574936336296997,0.4027551509504649
0.447830453200878,-0.5849238881315647
0.46424760369674084,0.7518296758842835
0.43394840032494786,0.4244251289868081
0.408198893460175,0.0733728815155482
0.5553251455481114,1.3209769148859227
0.6440522915008315,0.3505373133523141
0.3693850639030887,-0.10154235715913917
0.6786546974553063,0.9873230761727508
0.34148332022607336,1.2121105247447466
0.4624864658714662,-0.009607698043933098
0.5983715171679115,0.13146599362468964
0.5717650662461143,0.5571783829564511
0.46264329749663785,-0.27342766985879147
0.2690780522001243,0.8907334226459005
0.420964615857372,0.9327014149358691
0.5608774459154913,0.9022064631947492
0.5117488062554133,0.7996839768917416
0.6607953699581239,-0.7000623272872747
0.472804282642002,0.49774673230710703
0.5411670693383527,-0.9896989402370343
0.4165503128843765,-0.46437797799487035
0.6159264392825528,0.25400339571381975
0.6028026088585681,-0.16576438926502307
0.6512147822754095,0.4275375433292829
0.590874340234737,1.0454266189803425
0.40517120626028935,0.8694636696886374
0.6104675723285158,0.2562890370174723
0.6275960784476445,0.17753760406989477
0.2837901169571036,1.0870562247428905
0.6477590546016277,0.8798944452690518
0.49678180764122937,0.09764965372928677
0.4070389995161507,-0.04105856329825677
0.6470656350489151,0.31294152311720697
0.5869028151391328,0.16187558465050228
0.6437846253809892,0.4563936327470332
0.42628308693675515,1.0336286177137104
0.6058066369613253,-0.17067156451531315
0.3750880236616984,-0.6304894848590266
0.4515723017945357,1.3596075089837327
0.5278290833040196,1.0311329297825813
0.4167460209831237,-0.5812356487262812
0.3343580897568722,1.120320717422058
0.42697894941227205,0.1292163799109198
0.5513342542309239,1.092130253752056
0.46533362045894,0.2276978404726852
0.34479734821945035,1.2878277439598629
0.5698379716317282,0.4636154017193928
0.439508199652168,-0.603134017618993
0.37230123395489817,-0.07712659906947852
0.37849341559957284,0.7953264868620629
0.2963955196910002,-0.06691604584053187
0.4329517722686844,0.8977853939003664
0.30268888427072266,1.7329974017712677
0.5561527232611277,0.6612254901055464
0.45492340132145176,0.5167573545444579
0.46366711152355694,-0.11239790345793838
0.5175624640738592,0.4154722614909698
0.46951533716300103,0.6252460307706544
0.38930512873240153,0.780175436521393
0.780922426781243,0.23131405977617753
0.6298244501087468,-0.920206693141599
0.4640303558149331,0.4813412320710553
0.5939373471255358,-0.7374210725805692
0.5204228205410909,-0.288637512746628
0.40898646563806046,0.3717967663603324
0.4406619902992243,0.1140510145905419
0.54036608198506,-0.4479381993504015
0.4245847981597092,0.2030675644842413
0.5828165259047591,0.5146488863722376
0.5669899605105718,0.33838452030949867
0.5392594047835347,0.37419167497387656
0.5914092036893351,1.9062321840145757
0.327858378781386,1.062420891784121
0.570333274985148,1.0289523493046957
0.5514008056019385,-0.10707205777423892
0.48558129305585135,0.08604744391185429
0.4791417781055419,0.5460302903979937
0.41600576377533566,0.5839198626367798
0.34267445673508345,0.8147007180701293
0.5913342677405574,0.7216338771165764
0.5918180975230479,-0.1811883458778944
0.454332810725699,1.4029295774442887
0.4835585614647767,0.910572034301865
0.4214495436901527,0.38977777320644413
0.5602663239881316,-0.06587986541959094
0.388844999244733,0.5096761096609611
0.35048115691740706,-0.34082529434629105
0.5166981890029587,0.6137668580224436
0.2235923036761306,0.4967692327179849
0.5538943834279403,0.39626033699662083
0.455762888398431,-0.29713319082174894
0.5283375612734093,0.476375914172638
0.5302742376811717,-0.7197584401584298
0.6307098402548809,0.5082723683618185
0.5903800751133088,0.41955139950631476
0.7339422503513696,1.24327605406789
0.34971768961164507,0.5710468661395383
0.3452876676610822,1.5056291318887929
0.3928868091130337,0.5001578518412899
0.7228331497394043,-0.4031260965372605
0.3641582723432344,0.021969311441220163
0.5759149384828487,-0.0731049041070442
0.30204639496259084,0.8013579811354997
0.46376194807411064,1.4151400582216385
0.6207336587295845,1.2252869617000712
0.5743013694806391,0.31767406854191754
0.6353165906008041,-0.15550987507055716
0.6807112331156925,0.11331903411281577
0.6510156546851469,0.8813598731363615
0.6029470749282887,0.1310139351323801
0.48160370952487014,0.479793352875837
0.47314452270479923,0.5168076124016485
0.470048060918608,0.5531443048542588
0.479244888404979,0.1725274761778236
0.5389770174539297,0.19460959041064232
0.5034321224704503,-0.08581169549470913
0.48031618611025656,-0.06107597821118775
0.38357542441661485,1.0824939922196295
0.5582076564562578,0.5203660422290988
0.3670350289627756,0.07157752951262761
0.4108657148242423,0.029888260078736666
0.5705219262391317,0.4067258386698701
0.50218895075367,0.5847036059210077
0.5031048034129186,-0.1323399670904273
0.43113640430426614,0.26522638861969533
0.7246940661636253,0.2608283006759443
0.37413286090048065,-0.19089603277204897
0.4424264066294115,0.24511281957245776
0.5612137317182604,0.0051156343309674765
0.4195657523175493,0.5018011141765613
0.639595527418843,0.5894508010138427
0.43486412328669044,0.8373687524612778
0.5084881681272978,1.0065986798380335
0.6720127124338242,0.38709236091332916
0.7494617627890016,0.9267754972161282
0.35696949560902813,0.6717734195245456
0.5298449632661235,0.5282470518612248
0.7195747235731496,0.4781392281306457
0.5513799232369874,1.3353353125694536
0.3728273287059723,0.019268858865414087
0.29523550980645014,1.243646152953839
0.39074278509421306,0.560506745108002
0.4733826096974293,-0.1699808674789124
0.5878895529352066,1.5066118684603365
0.44111108522953324,0.3025210923681159
0.46128438111369036,1.0262543540312026
0.4910108559186227,1.0066707459137527
0.5165365140637239,0.8400449316777722
0.35166074696360733,0.786434885523721
0.4474972135599619,1.576840251784683
0.3718946391540747,-0.24300488699052786
0.6184361370545771,0.21946272954903553
0.41327629105207564,0.6281549656184744
0.649255026725548,1.1979601763849306
0.5874385166466443,1.139572732507889
0.42644097783842694,0.2062670319779476
0.5889111873413875,-0.3905891918434478
0.43644577338767543,0.949062101473675
0.48829817488831173,-0.07190347532958706
0.6332247818991029,-0.1726760226103171
0.472992202398887,-0.08232169366044506
0.569745700600606,-0.17991690944976343
0.45378095549705694,1.1791262756620293
0.512912347904115,0.04050212405123217
0.5762496007748001,0.8524799543437267
0.1956750405184334,1.1385860950380344
0.4517688538195597,0.3420978549640057
0.6733139580601761,-0.7682771958095014
0.4089326135166317,0.4405789044831462
0.3778477480314788,1.4597747130896241
0.6226446265570271,0.5052050202786204
0.46178651032524354,0.35223985164037486
0.7164409291880945,0.832615758079745
0.4110765168364992,0.7153969294308387
0.5022399534341357,0.9140456935336768
0.38985136776982027,0.8767190075819664
0.5039445401811561,0.4940926625692207
0.5292784504012855,0.12760368202469402
0.5031111661729658,-0.8387046831338398
0.4891653182152722,0.5376902104235426
0.3358541073008939,0.6518826812954838
0.46003432016397844,-0.03261386351225489
0.3980296391034554,0.11156768642928996
0.5044856197148353,0.5763898968835421
0.5488998055101939,0.8656807846317328
0.7762285335726404,-0.12491696545077217
0.2248963229137028,1.2915352662677018
0.3426966626741307,1.013762965494617
0.7081447232013935,-0.14278909228436684
0.46501171254213663,0.5673892922334607
0.37991854566136524,0.36428353175451395
0.558362376249779,0.16755790960273115
0.5282464978951769,0.8859696635697523
0.5823107773533265,-0.5549388775286216
0.4316863726951065,0.6142589615817493
0.5719146698557881,0.1646125030815391
0.40373909649722367,-0.7723516578132381
0.3355954885621689,1.1689758483932036
0.4873160828993728,0.3346732484376598
0.3094255562170382,-0.2760033979012264
0.4956868292302616,0.07702404528213949
0.40416135915030227,0.29728416705526506
0.45140169446199135,0.29773035332381875
0.6282673794897734,0.8111316114525655
0.6276563940557441,0.8597087083365291
0.5437780027776123,0.3377576934448539
0.2515306059706991,0.8996993531171942
0.4286565535049754,-0.4295083677898572
0.315267153667578,0.5194723061002862
0.6084954053651025,0.22593461104329804
0.567757168677558,0.6989509445052482
0.5194461430818602,1.381924016245551
0.3602956495289671,0.6350733424140977
0.5723463363193501,0.7047888052327066
0.4610558081084323,0.01918280371801522
0.4884325090544547,0.40702683713149823
0.6978639345961117,0.5472887210703645
0.5150498162056476,0.3444147550095336
0.34086796847181194,0.5188118030747141
0.8430498504237066,-0.16901785270030636
0.5161172303392254,0.10984113136472587
0.4411401258444498,0.3391195845062005
0.701562603331319,1.1948800180991113
0.3754176071681892,-0.48636678985732923
0.47274473953152246,0.21195176426927986
0.3767897712271065,0.8793062254013468
0.5578222963764247,0.37205179871607275
0.5058314526793555,0.4684840048808259
0.7046890428773132,0.4617966446462745
0.3304559041190178,-0.5747461494042104
0.2862279616261578,0.27254737574541177
0.4337636840985545,-0.8559447486636221
0.40882047960824625,-0.8408273776552023
0.437202767372879,1.3504674101565524
0.457657165395909,0.1043414205413005
0.360525936728164,0.3034644114571014
0.67884409124057,0.6269635889645007
0.4507622644181561,0.5150483440531243
0.3352492408147875,1.1395575312335318
0.26065393421938216,1.1294851656221994
0.34527122418889933,2.185700610663983
0.48514467347745277,0.37334978842123046
0.5158652672878783,0.11939533319693019
0.5085004321667062,0.7485997354735013
0.631558172828972,0.9655356762132504
0.46472603601526086,-0.8776461710049038
0.4013065357708074,0.002487961728495988
0.6455605195672864,0.600919880568846
0.4037771482946163,1.5076109042384351
0.7181074785456794,-0.19883637855383987
0.4174352394171699,0.3543215262708042
0.6543451928777909,0.3282327229131987
0.45206398070045395,0.25171379578641195
0.5803441360483941,0.8347068044291377
0.5212840274346793,0.1986326079006601
0.42602717392655204,0.4037183765491384
0.6584447388713303,-0.12378547499539742
0.47605756757081763,0.44707550888368464
0.5002575275161516,0.6871928888543447
0.47704940935143764,0.7948732867503028
0.6054744913240899,1.2387640742807662
0.4786384102255842,1.1964505041584652
0.5962853189314572,0.6962943876358318
0.6122894743494922,1.0157017401104924
0.2577374818011705,0.7988349830518522
0.5503479239243998,0.6808116004322389
0.5974463175333701,-0.7150572889491855
0.4403133631945485,0.7808886855556122
0.5680977134967684,0.18446972766329162
0.4427391712931119,-0.23440259378146971
0.40692583314929215,0.0796125552120795
0.6568496040445699,0.7291817601683626
0.4779062147521121,0.6807653165765901
0.46363149416018234,-0.41781663624235277
0.5394334584424065,-0.37400189113465104
0.5413367024906697,0.28055672718853214
0.2186452332444146,-0.45949266254187
0.4988058166041406,0.8675611978083307
0.4739274814362305,1.8760134203260443
0.5895687392529307,0.2691465837993219
0.4463329968672638,0.010934981645381285
0.34783073098101475,0.029135179678261694
0.4823858574720321,1.29728889211409
0.5500834405563643,-0.24497630450682265
0.5041940902542339,0.586015283555822
0.4862090597062154,-0.04133262124883054
0.6787592638342035,0.28991242597313127
0.64241602448065,-0.5164790929797068
0.3403136229568553,0.434490943870128
0.583839961418539,2.57847046478324
0.41712864307119746,-0.3839779779066116
0.7869298437760487,0.6959685338034908
0.624632925447027,0.3298701242953966
0.3822760129603896,0.2383792424957168
0.6009429206117942,0.608998393956858
0.5006525887077421,0.6192135519694891
0.5640909114342826,1.4146909869196318
0.5129366521564427,0.6449539803502377
0.49172069494953824,0.5598785355937749
0.3442938395830982,1.1623552268685788
0.520995959806899,0.5488861810466054
0.3095731072719723,0.6498937447193465
0.5171330420103778,0.09477210954101223
0.41537978187298696,0.21015746848535863
0.398617673983738,-0.6297962108312327
0.36277856319216467,0.039963440309659204
0.5819884693233874,1.3264499351440953
0.5112155840874069,0.057772109429435704
0.5050917217832546,0.1441270391753709
0.7771763069219503,0.9001186212363845
0.36948752908959986,0.07281062185047418
0.28168582764199573,0.24803983679820468
0.48731987280465605,0.0661488124267304
0.4632206932766067,1.0709390736521924
0.1976240969324861,1.2859843087613143
0.4669436145216848,-0.14658738055871404
0.5044872436145266,1.3156439141964529
0.5275828068240634,1.5715882672360364
0.48479685317900245,1.2275319636691693
0.6247340658863374,0.8308766313358964
0.555438329133029,0.44354501571992055
0.32601389912369844,1.5232332640137454
0.5958857397633877,0.05147728425809116
0.5692048190727186,0.24183204044777112
0.42390518010086853,0.5457081938235476
0.41689593302331523,0.014707991085013396
0.38479463921784607,0.18613514922218025
0.3173736417621086,0.06344506235338235
0.36253589730020175,0.4282966406378971
0.42778841699685394,1.2688760563376986
0.40520954233374773,1.3692377646309701
0.5824650113866506,-0.13948498785627444
0.5156381359006453,0.2780740630457941
0.5850483648137552,1.2738085242164217
0.6596211854378883,0.37287975656305705
0.5132344199846764,1.5650750616719464
0.3083555071478395,0.2529621515907556
0.5382937451584499,0.3307927102815602
0.4488306784857977,0.3757927149900781
0.42187048814907013,-0.14268535156826465
0.6143208189007896,0.08632782984797505
0.4889212666062174,0.5956430190333647
0.5135155734705252,0.04592621315873377
0.6776612486063267,0.8162487617572532
0.6198310032820592,-0.21076282409511504
0.48711570845361096,0.4990298617612483
0.45030505278583566,-0.1084044945182473
0.417123488819592,-0.10798476883551603
0.632351590083968,0.20816019523369336
0.44435774784698195,1.504324635083366
0.5155738674814366,-0.9209500327644399
0.38735243394884195,0.28641806987645724
0.45449636455128156,0.608278061713847
0.40985814751089417,0.5780309644509477
0.5673021810474322,-0.3830661156238179
0.3285955886670794,0.917711504268506
0.3862825966792706,1.2115938094620797
0.38291054001726965,0.36970875738539744
0.5220267589548924,0.6893449225039968
0.3815916305292747,0.29588434921817086
0.2746568613787872,0.5058129157494556
0.6166102106965592,1.1041828538990384
0.6453277879328936,0.4734675226060546
0.47863640499837995,0.9872376468012387
0.4731371072472357,0.42794934821256564
0.4753769018030068,-0.025903465425445728
0.3812718787640915,0.5921817156949655
0.6075392844977867,0.7493054886653416
0.48766990042805636,1.6822853858779983
0.524045624991589,-0.23532666251044726
0.6929209062850956,0.7011957492590137
0.5063561823426221,0.8507367230619143
0.5538778532859117,1.346503680573365
0.4312867580794359,0.2638315727557608
0.5173053308619905,0.3327800230706818
0.4987260186165875,-0.6317561621088665
0.48866059402192835,-0.37481002048314244
0.5107765943226777,0.5363606300309007
0.4298875348430714,-0.5582839314613509
0.6336909152817318,-0.5542369908545672
0.29687332570120195,1.1218914513046732
0.5955272405254207,0.798007132491013
0.380862935194331,0.39246653822781874
0.4581760087258592,-0.7828844175540826
0.664267202631915,-0.22225391172416065
0.4491280686703255,0.010274778469236601
0.4468322565146703,0.6112292440001963
0.5774939680449531,-0.4308640258771654
0.6970350787332334,0.39438847463795423
0.533337522500319,0.44411382391567383
0.3008980451080833,0.814729017618974
0.48006322594570783,0.7804100695852704
0.3488123612730428,0.25673928855309786
0.5554795913623928,-0.16998774526904428
0.6356825485268836,0.9523360216141903
0.37069914044371804,-0.71897350287656
0.38065083705484165,-0.6279855268574459
0.4990658479761325,0.7174247058929898
0.5834180386400738,0.7279221976185118
0.4791868514843722,0.2038397819454658
0.5327557420386285,1.0677571517015392
0.6022034876409071,0.4146490300256833
0.6100863131037735,0.11134562309982785
0.45171093074480034,-0.07780520682874598
0.3100185317857776,-0.07445756319540121
0.5982221810690213,0.3747113822126722
0.6221476620524115,1.0738788287583374
0.433001863428688,0.7460742399215585
0.42867433401176464,0.5873541813796734
0.46647995893604477,0.17450938624788928
0.31035954353583783,1.0753287594665695
0.5567778511828346,-0.225971751757915
0.6281782711299676,-0.31425565856199617
0.5660031961767118,-2.5485384514953736e-4
0.30006127943037963,1.1664823630664263
0.5557698630116964,1.2917692501594937
0.3546334092472333,1.3184781871360594
0.4661488312913359,1.168831673490432
0.6418835442830931,1.0352549315341628
0.671315312099462,0.8453199460860202
0.6140722189822267,1.0783792345334646
0.46391317324115766,-0.0938030243807485
0.3416400734938842,0.204040789241621
0.38202384941791867,0.6684876842963688
0.7709660383960856,1.0081316843110846
0.3403076128393896,0.8881714206684483
0.5003524505541376,-0.09563842055379906
0.42426825279536323,0.474960414562584
0.4487218008865132,-0.13830977130277894
0.5783527471105029,-0.024627824127818596
0.6857369479625097,0.42812521528442793
0.2666721832199048,0.46364737854971677
0.44599732907667283,0.6357573986881325
0.6963423134451754,0.4470064533098013
0.4780936716340657,0.2842524877512656
0.7353726223211394,0.28263561735952963
0.457577220674773,1.967718204098229
0.6422724534170129,0.9455544788348118
0.5763736556646928,0.37665736215407275
0.6082557057025918,-0.5289133070471588
0.4242216848127306,0.6688912866660209
0.6733563052742825,0.023433051486666977
0.5271657681472851,1.0232575264303991
0.4149493828881481,0.6870757928263583
0.5233825220096486,0.7924754550917618
0.29812715026602216,0.2494654691210847
0.624411597343042,0.5306754539768394
0.5842321078911822,0.6051748161292749
0.539103242801159,0.38610793395955745
0.6362888445983894,0.10971562449204006
0.3821935686049961,1.3893481505340664
0.26454365986032513,-0.10173091352984036
0.3713729980304684,0.3354512856543568
0.36844564418007747,0.9261015178583216
0.3408016119301357,-0.10256570043958024
0.4034625034790831,0.32251112541936255
0.46371588709810885,0.08770644361825286
0.5502778965370999,-0.27106580606380004
0.5015948948406493,0.45549327725706446
0.5842884390209542,-0.42171726602582926
0.45599118625822566,1.166558247968099
0.4982321445836439,-0.30702091985936975
0.4959377269502754,-0.742530287517328
0.6444670218175079,1.3026882849437413
0.3477934333939615,-0.05794568860022372
0.5554390542122493,-0.5723912637480005
0.7863680307246319,1.3577353128301475
0.5508684885243326,1.0939455404868146
0.714630216795636,-0.11001423558218329
0.47668957905075326,1.4207686512087465
0.6492681383563036,0.5275682630511586
0.4718970936899158,0.27173725303158974
0.4384206961608091,-0.7246526121610015
0.7783015844715735,0.9590462129441873
0.4615497149743891,0.7174820826594058
0.37422618076076186,0.010044135553452307
0.26732065605591887,2.045517867229094
0.2708940830160966,1.0874273971376003
0.3666743055370308,1.3422334951505508
0.25521772641866297,1.4754434969413526
0.4300213791041877,2.0336134697527846
0.5032126778688121,0.5440231451701694
0.48790434583994424,0.11240383525501454
0.5813282431298025,0.05420666042822021
0.3828346973499301,0.15835086121740324
0.48259168413092823,0.07308004093522467
0.32028545961664656,0.8165681690724625
0.5852916031153984,1.2765809010611284
0.4805489624839041,1.638950013958719
0.49677182055265545,0.30357760790483185
0.4245696764394078,-0.21805173318157084
0.5110824645220446,1.5231985262654344
0.3601778302868417,-0.32370406156757436
0.5403641802968367,-0.09663763724858859
0.5477769878986918,-0.11561707357955137
0.582409853321425,0.5725416549302335
0.2335909249539109,0.2584182416240127
0.5015284999435708,0.7024318389901697
0.5378484917697695,0.15787342598770454
0.5911502012842637,0.5269250061255348
0.6350684353851669,0.497197073685471
0.5784764087651285,0.71957211738847
0.5756128994920731,1.2870448205977096
0.5939702522889007,-0.19836840483995277
0.564164006154345,0.19353289474502627
0.5538082242367679,-0.5443112410450395
0.4894694509323531,-0.44985214482873515
0.5597478199518743,1.3243667968775077
0.4210054234069241,0.28832502188773346
0.39503255536168425,0.7071818972768418
0.37164855103700506,0.29699926402249505
0.2084134054449584,-0.23253541453276763
0.559404852824958,0.34711977530971505
0.5228540705551139,-0.1468418752880024
0.5661516123091657,0.9463331132219601
0.27780063655475223,1.4939313784541894
0.6624237121329917,0.7433050166434181
0.4500385491044967,0.38915114889877617
0.5164314521977174,0.4077493694801851
0.26891142280756813,1.8571115963055627
0.3926813802332898,0.41438970273169656
0.3399022525244597,0.2740188214311612
0.4791946357891126,-0.14516320937063878
0.37563157691926446,0.8969769165920736
0.601874103906919,-0.3379242759433025
0.45665271867588514,0.23663868446293426
0.31412815641985703,0.5331122937119088
0.40415867538099226,0.11494611280662342
0.5836820241082886,0.38433763524239783
0.47587588649870904,1.2245387300606225
0.287940433467015,0.18894963524603786
0.5611479582373864,-0.31320349206985826
0.590869723614401,-0.6384233753902552
0.4804586912261303,-0.05336134069334413
0.42975409267583053,0.47729850363220533
0.34573539706757833,0.8628532637067425
0.4079627697791978,-0.6600705795254664
0.6306613749459961,-0.8122968692507696
0.45520501368206706,-0.7901608830620327
0.48266293128101,1.2492394970994054
0.41380006135825725,0.1773856035641346
0.4919364527244954,0.12379150309196173
0.588230207549605,-0.5804287371898943
0.40739767867229265,0.6061707137322232
0.46515463221226594,0.8160718390704158
0.5948002488443092,0.3267774540437746
0.4547429368655695,-0.06419166831904946
0.6551685621291806,1.1606737476613147
0.5342892017663884,0.9370242610687489
0.46613720078693305,0.16611370695583427
0.5059973173480269,0.7141954943991187
0.412809929841121,0.6406966077252382
0.35572008643706415,0.22769298121315026
0.6455184501612221,1.4823773687047064
0.4179125824492201,0.45698790118159094
0.7424416666677811,1.0294989391637392
0.6413636049889195,0.2301074078226581
0.29052903733163954,0.8679601480720073
0.7313220724390367,0.150098972925235
0.49389822553152407,1.2259639247820546
0.34269424425320305,1.0421213183469187
0.6323874581646856,-0.5735283343947972
0.4766544864791704,0.6625567810793107
0.8149554198271932,0.6534630489073444
0.5887045645032644,0.5440572110172842
0.2964714033985221,-0.09545637440286953
0.5288413429481073,0.685438415465453
0.5739846516041566,0.6109574225911972
0.7227069356935214,0.4035297478782315
0.37129395674798665,1.2919163498979893
0.49405288976326517,1.2577512994474969
0.40010378233537724,0.7568447571840234
0.5427307105983532,1.6995157140283734
0.5972731400083687,1.2917943690803138
0.6486463431412791,1.096922927527707
0.5381639811162887,0.2673927778615635
0.5476934043631622,0.8243829285073462
0.5569625604690722,0.8635579370382779
0.36051293320156574,0.8245521039643077
0.6196572880902642,-0.3573221886447807
0.6423533667435344,0.8462640047802087
0.3707451647581917,0.26559651568272596
0.5508213963265771,0.46193738134568046
0.25403879360624665,0.7367815898967547
0.3842284672911214,0.8112810971772757
0.5991031279312855,-0.4423573693857962
0.40708754068362546,0.8354886600347007
0.4729040512293944,0.30252674649182437
0.6613603154873307,1.1017807966007942
0.5315457068537375,0.44679010087646376
0.45611639175179214,0.5177841896503331
0.22406587908053088,1.6106305527789593
0.5029268826985932,0.2923746244882062
0.5653597191663976,1.2568558466165853
0.43004491185962807,0.5675377293950595
0.6000099467026342,1.0269485797505304
0.4932421221062711,0.15725670300649874
0.446342746289042,0.7099444561389789
0.4447605020458578,0.8959006633741292
0.5618541980256843,-0.06577758772877211
0.6769106757789357,-0.3383714627635208
0.5464966194769579,-0.45865520705552293
0.47933316608974097,0.7159303935941547
0.3226323648941991,1.4281323114087403
0.2413667262968371,1.3040241287150123
0.545981777653299,0.27479552323574286
0.49498360389944324,1.3705596084251952
0.4863782133689425,-0.348270650434092
0.622265288300439,-0.26941717854438063
0.7423522057221184,0.41221256773783893
0.38985471689017276,0.6125558893208364
0.3211215181732085,1.2580810506443363
0.5879654695068205,-0.10034425471464424
0.43576576486503416,0.13411903540111167
0.3958517593062004,0.23992961396694698
0.36033749418335137,0.11815998017793711
0.4257624727580672,1.9236873264726513
0.39549269177954904,0.3815383264319712
0.41040876433729667,-6.918576587162479e-4
0.3755120925345283,-0.3025498998254592
0.46807677950818405,1.470788461681176
0.6094952830337032,0.6292948996242875
0.5780214522939764,0.986016848170971
0.3220391882460988,0.048400956520933805
0.813184932296564,0.27158568437638625
0.5542656757590252,0.40358267774786344
0.5351338970769405,0.6549868237928533
0.43828089789666314,0.50537332822591
0.4373081292430819,0.4842762248738854
0.5443481620866355,1.4469859002994652
0.3913486163607854,0.7799451441618739
0.2682758163153279,1.0693956526174409
0.22106930601695374,2.091077288490238
0.4049500829619985,0.30217988709783766
0.2530050525535924,-0.738198903148049
0.5681899161003814,0.05110121898315319
0.4100095431547686,0.9169471086951371
0.7637395882113731,0.8918584782878025
0.5104081973179333,0.07441529573826304
0.5279401333170675,-0.09956804470364004
0.34255116796321305,1.9812403214547412
0.4110330909650813,0.27723372219614656
0.35740138842422703,-0.3289190218304834
0.5636683574409621,0.06305285601717733
0.3687388855077963,1.4395871429105247
0.5286702647823622,0.8172686863932808
0.5364153581721339,-0.20141751320669726
0.5852269454139273,-0.13637575917390618
0.4538283576989084,0.26042511806583557
0.6167654436251263,-0.31911526664266093
0.48314820947237297,-0.11828346726669509
0.4661542670735108,0.99474514214262
0.297636448659613,-0.046813683384436866
0.5926311493127042,0.5309800694542003
0.5506987825329754,0.205585994251038
0.38795370633067655,0.3389403087869504
0.653206142051044,-0.010598297027041518
0.4228754402653591,0.29440485220755647
0.600059244765848,0.25046140842020737
0.2834213400022242,0.2715390119366521
0.4571479004079532,-0.5657401156317272
0.4112033578228721,0.5407306426914656
0.4054365788997539,0.7671886396452684
0.3780542105947519,1.0007288018065426
0.7465930754787292,0.6838316417846495
0.4398610131135776,0.7488714214803285
0.5899124914468089,0.17571307165698707
0.42897763532387667,1.4064751274822298
0.2866223534389056,1.4580220603572758
0.5442510188701958,1.37013077185644
0.481679107504675,-0.09216192483377586
0.49506387852122463,0.38568566639481033
0.38245572406686423,0.3887602229152769
0.43630264445998523,-0.8877571352568319
0.392432740949825,-0.20618958265175158
0.4282461197752731,0.18287096330691355
0.5072051030166866,0.32407089375664083
0.3884348617888777,-0.03678629439057696
0.4721110700797614,0.11732644570910264
0.5215492101306216,1.1129515767731812
0.6817056939910271,-0.2449637961532555
0.7097755381875269,0.5088827086660629
0.40441246468705505,0.5480894356124187
0.498845427892631,0.18829269541489743
0.43499771175324076,0.5917117413986018
0.3649818249102536,0.2277234040870261
0.2750905594398568,0.6340474150145182
0.5739251003570424,0.8899745995867334
0.2854699659031112,0.3435194204639559
0.5863934438726428,1.436048271437973
0.5651252857601825,-0.04220267419533355
0.47214928895377306,0.9577082708441286
0.3045446633061338,1.0414412880867252
0.45837547059010675,0.06746320105558819
0.43328014433857037,0.9665383859476124
0.4936895532158673,0.2940903752182071
0.6671078999411109,-0.026403101002861473
0.28986317373118153,1.0732589831845252
0.5844461626302617,0.43527197704344417
0.4711235155322141,0.7505227129988618
0.6635342302540537,0.2164510810649272
0.46192791500826286,0.5420026474004696
0.7065426704776132,-0.42236186551684596
0.4589859179794181,0.30386944077966305
0.5071259907010591,0.46153810782373955
0.38940354172812963,1.1337159774818368
0.5708973696319937,-0.31057058639214186
0.21132107705427583,1.9745112697095146
0.5371854247603028,0.3033276847609897
0.5611395879021693,-0.8620014044969876
0.2178780324718001,0.36671889267885127
0.6908772748776623,-0.022900903107547506
0.3721523382769676,0.7055925998454187
0.7395979151038303,0.9279929462657777
0.4445103758870778,0.0930455858894543
0.20435150091017767,0.4532230109182555
0.5049915600165844,0.9454085355997868
0.5326591816550843,0.5981195316604008
0.6538272821685004,0.5319201944364202
0.45340936061444403,0.4005552088155649
0.3432726867409449,0.25958411533842124
0.31842682586463833,0.7145424597166277
0.3864893884562249,1.4028765064153907
0.30321109778472194,-0.568000164737965
0.4222664224600639,0.4013977893741241
0.4846582538470317,2.0564587675897705
0.5657006709396603,0.12521394465635705
0.803705804506137,0.9657363559439867
0.5561158404031893,0.076236991171814
0.43916861837582544,1.2498298945670199
0.46925017908082894,1.3759873554345923
0.6573182574104128,0.7760578769910982
0.829157415609851,0.34978515359584705
0.40229610117895515,-0.2713376547747407
0.5347616390775617,1.3181076793482638
0.4046749546081327,1.3458451463165255
0.5376653283869088,0.2804021473797293
0.5730066632537293,0.7233863825715533
0.4538510994761853,-0.15536825039571805
0.44687054269128423,0.1726366592230016
0.6117321613918967,-0.5095825980788424
0.34668945097451226,0.2693647551840877
0.482886571887041,0.6232334505751234
0.5460271631078382,0.15157898566098726
0.34486997764529514,-0.32804249206257535
0.42118686796937793,0.6963483571286613
0.6573023937160747,-0.9011255966353334
0.8496572034608586,0.8000424044506712
0.7055434578457762,1.3709847204268855
0.3300025249215604,1.5663217155681923
0.5506427063829975,1.4272005825088077
0.3585290712145547,0.17480625361681296
0.5688703260214895,1.1485168105866703
0.49309892147074497,0.7434086494289561
0.5616498466473362,0.7329743945164107
0.3780248949836153,1.2733762367126047
0.429386851265516,-0.04625725456395139
0.4118649321148949,1.3738056726944103
0.40751831100485897,1.6677098910379007
0.405965515510733,0.5707788759928404
0.5825055706145926,0.8357203058120034
0.5643536628893696,0.23034742470987685
0.5922586235042169,0.22887393935136094
0.2826813642851733,0.6898098968558037
0.5854271584525716,0.19777920592582032
0.466858145343169,-0.13390033510949106
0.4144318949386378,0.7704451874325311
0.6088962840609493,0.27570126842028925
0.3278703307045285,1.0730118899437784
0.4899259173531489,1.672289533763814
0.5399067687592611,0.502361415310118
0.3351294851623877,0.007948273336942941
0.3601803268846354,0.9384017754083166
0.5787800719162717,0.4981327796673354
0.14932451665899166,0.6084625409625144
0.46681415862622005,1.1400013698651759
0.4238510580243094,1.0423155590259776
0.6473501622606418,-0.1973412499451221
0.32457214388856015,0.6221642708997622
0.3373269964339631,0.7154867713517667
0.44123851438077816,-0.25454245231187267
0.42655764404312485,0.2767738024446891
0.5381440038767075,-0.2408542611368864
0.3621154336537571,-0.39580180618915806
0.5221966208160714,1.0861391202096673
0.6269234645981393,0.1557964735254837
0.4553147608880246,0.5986303667163597
0.5894265070481353,-1.3648815050958598
0.6191597775730882,-0.22164796114170016
0.3900635796737862,0.1136133198750298
0.4171509816825479,1.494466962518299
0.5614378234027021,-0.646570613944789
0.5657005670215731,0.6241769953212205
0.3351908742001061,0.5148388976905368
0.5204510230200239,1.4959151704421092
0.4590872783807634,-0.17155070106679465
0.4330050862082514,0.6537568207668885
0.43590908242426496,0.45627962795430266
0.5259604987345949,0.2082771784513412
0.5698602965821947,1.6402567067872802
0.30006516554331136,0.4741992682442011
0.5790953200010406,0.9110477575241445
0.33948567400033297,1.2715179604850888
0.642422665723488,0.33335496179442753
0.27732814422716445,0.584814150404603
0.8036696513715657,0.8592152659204202
0.4647752638408594,0.5747338100146114
0.4309193268875991,1.1081955935374508
0.3483223673773658,0.7165441226415941
0.3210520100043332,0.693626619919753
0.5853299054471971,0.6648663862544862
0.3682641269848789,0.2515771910408517
0.33193777315796,-1.0846881010865705
0.4970784939009277,0.7449522327286989
0.38756444266639534,1.138520337274874
0.45246010092496547,1.1364459550404256
0.6143943355533592,-0.7159380561242049
0.7154720563821667,0.8745197144977532
0.17739949437493757,0.6008849129107713
0.6531064771917856,0.7940231562345026
0.4035361588460827,0.13636795589706444
0.3304853104205464,0.33443396263189623
0.47315558650817396,0.6782383702461567
0.5751909709390535,0.1354904314977398
0.4361887251010894,0.4069617148519184
0.4751687695793081,-0.4762719302568494
0.30048406633896185,1.4021283099048678
0.6125995073241088,0.7323521807860509
0.6413052519762028,0.37766751204423615
0.5999711946690601,0.6175067074696637
0.377876587829448,-0.10012327011999855
0.6463139490453765,0.49935932758334256
0.6439595014334439,0.10694298457083254
0.27293771630965385,-0.5890716180068171
0.4388399500745886,0.11721335925690997
0.27787047630944667,0.7352501083269046
0.38599116732279065,0.006174887988223708
0.4744423937479602,1.3806461515007236
0.46549519131315575,0.46352450767223413
0.37377606685137105,0.3817504776620868
0.4006084968112886,2.2093310155021793
0.7359324191171096,0.26233163811933496
0.5607058982565162,0.4655112746370633
0.4606103545987034,0.5644991381243173
0.4982903782656363,0.7825108048684073
0.3347860557092977,1.828977249718692
0.7099635039248684,-0.15295308485085105
0.46175524243564386,0.1409640734583212
0.621672356807622,0.8622640469734907
0.35170315815002956,0.2976733991931863
0.3399154350955018,1.0928749874816108
0.2983338920942562,1.7638964466592637
0.2705352196014508,0.8212799661563845
0.424676395540048,-0.12597856443018499
0.6261514232583962,0.3847109539084016
0.1708249445637947,1.1503369661340965
0.5898850920895994,1.0821052091814807
0.7044002094283656,1.0132441547403892
0.6771243517611181,-0.3697012865496417
0.4297385267369689,0.5106199549706971
0.32269354259701255,0.8929082105050641
0.7955530371918732,1.1281830399023152
0.5310159348465083,0.29193967769926077
0.45215411321877624,0.9607560631701305
0.5165229894351484,-0.24194801843061917
0.6336926612307919,0.1740802235649598
0.45326366313452643,-0.11658606512465775
0.6745434630618442,0.23980649125200001
0.45687810938844825,0.26907255252024315
0.39972473680076764,-0.4386539000141373
0.25504596884928016,0.39526688695678036
0.3666272169705437,1.0388183766117152
0.6124869656607806,-0.9110104710394287
0.3614030103819179,0.6197300568054999
0.5771137555882052,0.7514120796140089
0.4407668845864443,1.7600084894747718
0.48407474651052596,1.448502794052684
0.5132905530971712,0.5746453887950811
0.5907098822586765,0.7238212168159817
0.5584146692198998,-0.2974224988442531
0.4869948623017622,-0.22530106579521456
0.6495761813942901,0.913966131716659
0.568501200324313,-0.08834444777653948
0.48680378248775985,0.5050820818551875
0.6309412801246417,0.3430124561772518
0.4936887440681186,-0.7166122547673961
0.3905522464706107,0.5169271236116403
0.5785813708845209,0.0636694843877494
0.37761974229295886,0.8848966333446371
0.28340808784936006,-0.6557093583486282
0.6041797123612259,0.5252308790521524
0.7064381126689064,-0.44598874949603895
0.44874459792302357,1.362216365197724
0.5569815417659036,0.056927981729113036
0.2977300083312481,0.42920792653824763
0.5698230204316992,0.22234018632235225
0.5678073849749635,0.968380059179447
0.5429609325675523,0.15245833108206783
0.6315534206481154,-0.173510357870826
0.6130139056475717,1.2544670293000884
0.3957208243745958,0.5204440298529738
0.5323824604074515,1.2295168071031901
0.40897304877177204,1.7859733631676504
0.685760810333235,0.08710017079064603
0.4927573157816072,0.10598598660921288
0.2913046060172104,1.5279041812036436
0.4757671425948368,0.48788778937694
0.3576219606657762,1.010123498600528
0.2885321172530345,0.23051855857501768
0.48335695236244386,0.17119543005536633
0.5343644840399526,0.7329876785887091
0.23022396708747866,1.7177262443131511
0.5133301259528111,-0.2980493446587312
0.5652351362148406,0.4659185183239964
0.658264802654277,1.831672750302436
0.6826999444404751,0.6681764412499644
0.4758638896791285,1.7485691253704545
0.6173695785719386,0.4531800011685541
0.4336972058075043,0.8974423988272231
0.5455650967564899,-0.1507240462494783
0.4409592667187748,0.5242147092806551
0.3022290283804717,0.6625522116737114
0.4973468203780229,-0.04265956673870812
0.3634471493053367,-0.09170241710379984
0.6043176064524522,0.8092892732494096
0.6243673372521864,0.5132541096153282
0.3484661073992579,1.0062617361048407
0.6174036123431818,0.2151592681518052
0.2796472263595978,1.4435531155401984
0.5118965402243556,0.4554104669124479
0.2977908644058493,0.34255891560052015
0.44087486600702885,1.146806278793429
0.23109023887260408,1.3992338762705536
0.6867533809058544,-0.6291850381923282
0.5375830425565556,1.3720359662335546
0.6248920992849972,0.11477680103716645
0.38418285868840757,0.01863606589711738
0.4668879031881337,2.314224277798613
0.7006233445245684,-0.48258906773563537
0.2649747692552783,1.201891451955084
0.6921258258236914,-0.5552136409486321
0.7417693115365542,-0.2486692221470119
0.5316444670087763,-0.8229625877343704
0.5898968099674315,1.1112876172901363
0.694903781420468,0.4066197228500816
0.6665463252144994,0.4447285178062905
0.7536350876036583,-0.3052243515819298
0.5777730122918602,0.1770942579978522
0.43531487762745463,0.08864532760446543
0.5217727199242325,0.683480990281602
0.495955604499711,-0.06390923231955362
0.5216200888625016,1.4972517986007483
0.2625492267945844,0.8425158294747392
0.603118504359316,0.49666960274472643
0.4560621541601079,0.6759453980735312
0.47444538570101924,0.5578349031101696
0.8260961932837876,0.9487495680052466
0.6680526432181628,1.4378899035329449
0.5163090195779391,0.8957128921956053
0.3504769909850235,-0.3526784095670015
0.4741818857637398,0.07159068231651039
0.4308777102660255,0.9253952223544462
0.31272269817489673,0.19337825738139788
0.45830134942981154,0.4674615485349289
0.25259736931215393,0.1698194381674721
0.44654296296235835,0.4806862354803289
0.46203348049243026,-0.012383247317070224
0.4877791022273346,1.575967679562858
0.5655147615775574,0.15809806753377748
0.5536135411429152,0.9658045033874817
0.36770463398568654,0.38589038053302627
0.5012403228713543,0.8254236754688964
0.4448067451780185,-0.6230813372278563
0.6642057417798274,0.2382970953009181
0.3777787045477712,0.427014867977044
0.4792371558846978,0.3426086482363521
0.3448742576654385,0.8155997334539531
0.40193805430635676,1.8992920539216707
0.4338750498008667,0.3473029294373572
0.6122116026817501,-0.24188706785721154
0.5626055557099627,-0.7530496922950725
0.25870236212756376,0.1163704027144653
0.5057147325462158,0.12336757121765834
0.5358841475079752,0.3057194125089836
0.5785896942101242,0.017198372339709223
0.46523073457544967,1.255299328424718
0.6008199365607384,-0.3544295682722227
0.7137820577216045,0.533119935042659
0.5961666271208867,0.5729937527529272
0.3911482701538998,0.22292066059225307
0.46405579648073153,0.16701708242210322
0.32372395429718376,1.6814253452892325
0.44597337507643064,0.9820091447180733
0.4091744517346399,0.5405185768888444
0.5950913167512061,0.608436953670293
0.3941541873704821,0.9986126033028838
0.638508937357257,-0.5390218920304253
0.6489054736292306,0.7911713099315013
0.6167017250039671,0.2662767164347518
0.5129688588613895,0.4404686432044992
0.7006243024760919,0.035986944065957385
0.6915620540836606,0.3004143351277607
0.42206076211267707,-0.6176505389216557
0.45004567146876717,0.3629794133499938
0.5925905698309798,0.23508491554690342
0.49486127812303926,1.0658254715953999
0.40959080703600453,0.5899106320375024
0.5792185893284418,-0.6902050933743754
0.28233247783410936,1.0830334343094683
0.46847223704161234,-0.3549379701421028
0.5029490606119486,1.135284760721917
0.5406204402287532,0.8062410509926582
0.31703637261902906,1.1007263077691607
0.4352486295427174,-0.8074355073574622
0.510546778261534,-0.21536994152919314
0.5579851401043601,0.3283385227921613
0.5672738029331695,0.6481909870522964
0.6612197096095326,0.5316627759014455
0.4976115173841176,-0.040938885773305504
0.47347223419082146,0.9969690914234526
0.5546176973934371,0.4243904006087798
0.3134106888780271,1.2634298350497148
0.7134522667868326,1.5875795513268292
0.4421562843303219,0.6303835907942825
0.5684422065341366,1.0299008157785345
0.5992401842078726,0.09842165612261326
0.27945999549778827,0.09558324059934652
0.5712000094136493,-0.057586091685772
0.3763905356713898,0.4337475890315042
0.4215137518848126,0.6853708762445672
0.46557795881841657,0.6218982842803685
0.53213432677339,-0.4638422234606392
0.3600516084986659,-1.433102936007461
0.578427059110983,0.40849253144110936
0.5107179025848547,1.1802835911432803
0.48701954066274766,2.4265205060513173
0.4723350816940264,1.8298921149595073
0.5776364615901757,0.08592311608617129
0.5127631246744925,0.20089688091121244
0.41870047417180883,1.1295744832684387
0.6089407708928384,1.0147090754313113
0.4956000888757098,0.6270973462743529
0.37083886885136,0.5893051861840737
0.4664995308273853,0.07363012328763811
0.4183911204988431,0.4147955320903977
0.39581773362620115,1.1334252397073938
0.4907337367406044,0.8683999717001722
0.550704787956808,0.059214474167638344
0.6489631255835034,0.3884606802164625
0.5034242308827145,-0.051017867938923635
0.43431279023828384,0.11328575964188273
0.6622230979306064,0.8379791904264625
0.4481850562220403,1.232679445380434
0.3629880441486526,-0.16814080467941572
0.46843960501522885,-0.42155863042000696
0.18005803682676727,1.2210199425820842
0.41212163195668255,0.23575727492156354
0.32189868194156807,-0.15718517830293022
0.49320467848388977,0.07464817789547716
0.5502342644783189,-0.3814512640197296
0.3776361574980958,0.6519673972174385
0.34486609721110517,0.7152172303918226
0.5155068624357411,0.4170398614086237
0.4008719250040966,0.7801131663185736
0.636196345852153,-0.14184420352578092
0.47607132941793795,0.37465603322752
0.4508434356712744,0.5735683125439903
0.4679344290874353,0.6236923878021012
0.5989804858493688,0.23974060295660968
0.4827418879274183,0.12592725910939523
0.44729263240650163,1.5853198306217537
0.5997245742755621,0.7954604015315635
0.23951513874871522,1.810599894263882
0.4556904474927141,0.8299760260774407
0.4621053637059395,1.1311171725971416
0.4287491761240888,0.9162557076819948
0.7133698058035549,0.8207280561637095
0.5916443078631484,-0.18756652644214983
0.3955636762013834,-0.468270177759981
0.7926051131261901,0.7259055470060423
0.5467220464755104,0.11087880062350494
0.5269722557759284,-0.29682914286509643
0.5048503802168857,0.6832759789118411
0.4762714193861857,0.9102328533730947
0.20004568035931444,0.944367803355092
0.4712050277778047,0.016467974443213372
0.32331159475893834,0.9910090745358394
0.2185076607205152,0.4486145420325825
0.5958483129970764,0.31529349169532683
0.49318968467176677,0.44548284760624474
0.6046227843655048,-0.37866988097308274
0.6242048309292346,0.5191745674854933
0.7195784115840438,1.4662304512036812
0.3843890078816927,0.09881280793246097
0.5380759941405489,0.08471291290302518
0.6358772313682687,-0.3833540144521739
0.4668300554134021,0.04071299909936089
0.6109785341015591,0.8875856937256855
0.4507162243059612,0.7944105020860367
0.4455888198293023,0.24580195643769187
0.7030723815727224,-0.14290835875277547
0.5715558542836963,0.6225345775351689
0.4653393169581634,2.197442430378347
0.4769304054221753,1.4073181537520423
0.22611424981561037,0.11219758488347756
0.6469761113049739,0.38219740052740003
0.536165255968788,0.685132882716969
0.2868433624958113,0.2831802526267304
0.47767511656010314,0.409780491553776
0.4456172455780702,0.49338699875084674
0.4338215031839918,1.3030147039364102
0.6936375916209346,0.43599043398824405
0.49683672823303926,0.7338704228978302
0.4523104212005067,-0.8454408725181817
0.5555163405151865,1.9635610510902022
0.5868582996817265,0.5732481073361069
0.2096752485439757,1.2159245013461453
0.4404590605588479,0.1048413214760762
0.8164308644622809,0.3862652556190746
0.6174455095116773,0.3296982459358723
0.5510120374985904,0.4071787404154115
0.4329633474285778,1.011357117267858
0.5741868722592525,0.2843802958314094
0.519072872649229,1.6019311647480294
0.5188741930543685,0.9377164378442011
0.6737100551296726,0.512160994542134
0.6036995394122051,0.30805305842792235
0.5079228737028665,-0.7087753175308378
0.2737114697300879,0.25808967356275214
0.639834992782617,1.3176682318701056
0.5323637770162466,-0.17485665475866255
0.4373448471093804,0.9055130626171949
0.4229867331640187,0.8820885979023422
0.5446940001354955,0.5466156826198257
0.3827313321167239,0.1973544176331373
0.38920503379957916,0.2584567902419031
0.5588232870876563,-0.022163624594667548
0.29868913930189894,1.16189500002601
0.7296116941797601,-0.06555243616535861
0.35197398092314136,0.24648296831258165
0.6726533132422874,0.5236174819867989
0.40130205716793327,1.405801765839568
0.6399430705803718,-0.05440102051258456
0.5394137047929591,0.30739224131821985
0.6637569570812455,-0.17977960771127593
0.4822269112126108,0.2603830804071467
0.25548752050641804,2.375915773548975
0.6238446556173457,0.4313097893705732
0.4097947172097329,1.2268062799409345
0.3301520168031606,0.9777576483455036
0.5804646684177197,0.6087878169202852
0.665621322090059,-0.48348308926996736
0.7523932767740258,1.2023133212928123
0.358743692395516,1.1799633957165203
0.5281414153292521,0.7044050014491186
0.6993785977958291,-0.030449260268491443
0.5162867574617855,1.1769112166734712
0.4743698051552243,1.073731924242841
0.23584723230815516,0.7303382407607679
0.5531435580140843,0.6594782237294975
0.6235561844634072,0.8369402651480238
0.475582171573593,0.5837925076878298
0.41310137003156755,2.1475714480791517
0.6072938838731184,-0.06593061954874414
0.33498830353859055,1.0380120927770573
0.11336065656453913,0.7659813634566675
0.48891330675061884,1.4530752653376267
0.5673299665004331,0.3859372609997016
0.5794806333019975,0.27333351568373015
0.6151174161607011,0.5381262340555809
0.6907221601810133,0.830153471822991
0.49370043252662027,0.7906460334400507
0.43993833017315237,0.9524249066211471
0.523435707584982,0.3453118438775673
0.2574902263455609,-0.32458656810347486
0.5981116480863827,0.565558106746536
0.2284272250445577,1.9546126876090486
0.5611424030894404,-0.20105359447573187
0.24557427585905137,-0.9353051321458736
0.6778394799172343,0.9814480013924112
0.5394546995677995,0.7165780648446218
0.47240916576017017,-0.6433571488261959
0.34154387002967385,0.7989603551627561
0.3761574201602244,0.3369472171377099
0.5200930767360603,0.4847973557788588
0.33067808565711837,1.619129917773822
0.4579140945785591,0.6318848936998175
0.44538714261722057,0.5044486034768023
0.44537675861599146,0.7355793114561652
0.6298589244287531,0.25686044865486807
0.5247508229674842,0.24060424063741784
0.6462130724807065,0.5804642188459426
0.4504390884382888,0.4383723773477956
0.364384048855191,0.8180781586920854
0.6787505322722872,-0.1369792726718498
0.5553593630907906,1.9896586702156498
0.5202267262520968,0.3494472312200343
0.7145795746220555,0.5049880058702141
0.6495232612552058,0.9369475382039587
0.455609715909024,-0.411597550208541
0.5399514943387999,0.8731773260650688
0.5359539657270398,1.190883001665457
0.4918196785692874,-0.23524256287953127
0.5130757499196463,0.08204977775074951
0.5469386307972043,0.6730920048020382
0.35076738452922274,-0.8156863880040054
0.5739443720287551,0.029393030625384724
0.32044571104971015,-0.5272373244362177
0.3079744594506647,0.053667017705622704
0.517669683134925,0.04935354900375931
0.6893349100656879,0.90993515809287
0.7173745683240168,0.2652284105238994
0.35734605877992026,-0.44584511540775795
0.45975589059993593,-0.5186634310898622
0.5411515455967727,0.18176389950872193
0.494870608951785,0.2745204649515796
0.4371183754344764,1.603996463145364
0.5379644886886529,-0.4163431154674662
0.459805023371224,0.6827069616542784
0.6701937223867465,0.3717947148892795
0.4657421121349522,1.1824151136234586
0.5289892806164055,-0.1137897232193332
0.26117157706032473,1.6635382126390856
0.6078900429161871,1.4795905091020007
0.36266178959957035,0.821454963814164
0.5453986364990154,0.22971872391838016
0.3149878112991691,0.6276657337639518
0.5728669700504639,0.7963520403382793
0.37290506494877357,-0.2191722389532784
0.5729927093976834,0.3377440936710111
0.6000302807581296,1.7976843491541987
0.5644437757853836,0.7058097890564549
0.5550546654739346,0.4277810053766737
0.5488048699048658,0.7316157134071861
0.5494183911936329,0.6407338982832783
0.6257039252446479,0.7656539925756953
0.20738438973127693,0.8684583083430472
0.6695342012130473,0.12444205986335644
0.42572218429774944,-0.1850831050576803
0.7482660852193217,-0.44997052238902385
0.5585915870041408,0.2509103932223717
0.4207655729872345,0.7226930940940807
0.6799457081655486,0.5594444314521912
0.2997836836739415,0.8813990402722393
0.38751831621259053,0.8603477473306196
0.48354442344466514,-0.18137448990075533
0.4986211823202392,-0.12102532892884102
0.5876163347867028,-0.7135536782877276
0.5374435577469808,0.9488066430641708
0.45985338158575123,1.9304477756120066
0.42961852181489546,0.1050041042410072
0.49380415906441016,0.039762549973649766
0.2971607195539257,0.8536902319363853
0.5952157083463373,-0.3881104744333427
0.44784612356068687,0.01655241075543937
0.6145789685598164,0.38477480088362553
0.5399298760034694,-0.03334164035293162
0.6039372227732565,0.36357940260932153
0.40768124560825114,0.07235606278363657
0.6567920159383215,0.17287985996373095
0.3957871161942991,-0.07720500623526326
0.33597237691629966,0.5381980386592178
0.5104827507574504,0.5013255917900202
0.6913565700321341,0.5681702952790484
0.3667893532289136,1.8507009659139864
0.5935817410125714,-0.06161400749686728
0.6256677683250854,0.9136643793702943
0.2745238836747735,1.055214671961437
0.49794762691134586,0.27747045470633375
0.5679356465421798,1.0230148265374666
0.5985704577302021,-0.42287882033341334
0.3286244584450954,0.0851440135722148
0.4520535509180703,0.4000817605162026
0.5061200995411158,-0.4125958660860115
0.5624968596880556,-0.06820327032212425
0.4084360464468974,0.6997095881974102
0.4547420213350391,-0.034802733375169356
0.5814528448258365,-0.7324385305627807
0.2528623293896894,0.8602751782764066
0.47930755031086797,-0.3536787772021578
0.23651922732317773,0.8239717268503344
0.5655320096787899,-0.04737485585877882
0.59086126483621,0.39565023015638395
0.4574751787433168,-0.226718024521372
0.25760240785531885,0.5437351006496115
0.29686915016183923,-0.2179698362027736
0.3993871235773601,0.9649305704301036
0.6765027753487182,-0.04459419222226675
0.4951010438054869,0.3966242690856664
0.4759911416206518,0.812370297506339
0.40407174176415,0.2560526739323055
0.2722186126368254,0.5329819232180087
0.5008723752942951,-0.15566702370729082
0.42769390632860405,0.8878843064512888
0.7829046690283622,-0.5533406585571399
0.5176014256917542,1.5648322702369355
0.2514063987565997,-0.37367714006573555
0.3846251327735017,-0.2753871414682771
0.24489512287861734,0.15478702713577885
0.3790641457076653,-0.332548718454756
0.6240618711206938,-0.08916279347531289
0.5651192683794273,2.29214488795207
0.4047141698328747,0.2887722314209693
0.34041584942922926,0.10673884207335188
0.5726331442133269,-0.4426082195559383
0.38733514335541286,0.22462901528898765
0.5364688334370851,0.4999608624616174
0.4580687916168524,0.0733362634044419
0.5920954531923754,0.2605775597860407
0.5703394894434197,-0.043137496411039436
0.6559261564708362,-0.3889547985479487
0.6102554190742883,0.5033223378040516
0.534856559515337,-0.2036283397570786
0.6260021681046887,0.11149973261213902
0.3694519589715701,0.8357694887154183
0.6044265055723487,0.2972206107968174
0.5762844101602226,-0.21518237320778752
0.30492107396143925,0.003803490318374521
0.3765848205409566,0.7669016820150589
0.4042866198003506,1.5634542922698567
0.5462222515450554,0.5206823497148236
0.6364487721480586,0.37073933725152897
0.755147964693696,0.8923536860098382
0.20675108486720675,1.3569940561194775
0.6085622127781015,0.6499062635520603
0.35840337777372994,0.35861686576027585
0.547494034577219,0.3398418787908125
0.5193676694006497,0.2051608418821449
0.3974330319596912,0.8127854157275224
0.34028613355872595,0.3750849877812502
0.4536268241124017,0.1614343711236989
0.20043053087877463,0.8245461604695008
0.4114761052135047,1.179726242707927
0.5078585127238368,1.6827873017150996
0.6602837907192572,0.2733147542996217
0.3049475228710946,0.9118748801228599
0.6169544399646069,0.39879705242571645
0.4092930221246978,0.007468973994478829
0.6456587205151277,0.6794372797347918
0.45704307212658823,0.5276485860201944
0.24533491075510422,0.592162166881829
0.5836656870057337,0.7079087039204393
0.6005029316456625,-0.19640833572873448
0.2444870796963986,1.3532081313943434
0.6847835364650288,-0.409532192596477
0.501347766063122,0.2313291914342621
0.628666086302352,0.6615834571797138
0.5191495348945261,1.41988555610096
0.5891124713674463,0.21195889949565475
0.3497690673082179,1.386332689948633
0.5716170902042782,0.8203980445644184
0.32179186855220304,1.342555105178007
0.6021331834351717,0.23719191332117995
0.34380369925019394,0.33196791262138176
0.36807948290087583,0.8381329694500614
0.6096387966898228,0.05731449121286229
0.4922074715370259,-0.47558558425009323
0.49397036729972876,0.699581893959521
0.4843149070552397,-0.2140154736410716
0.439593290867076,0.5972313996276833
0.6831470549453305,1.2464454109707752
0.486521579581008,0.6196665021493977
0.561765552813446,1.2549289390042464
0.41198833908327837,0.06701608387243366
0.4940432042991701,-0.017869088201553186
0.44778248470429044,0.34209035540927724
0.4146955877672891,0.1240101058440244
0.6996162828730265,1.2603884179979403
0.32192092921085563,0.9626581919350424
0.315875170322987,1.0172734131943113
0.3113315662152758,1.3481013702123283
0.38650701479230604,0.3685431764303855
0.39290011123223134,0.42710534694617486
0.6858755486411469,0.17797735929118497
0.5504458821019009,0.47794312063542294
0.7503821128664295,1.1376076954797147
0.4991797964394988,0.5711668320210542
0.2990188790201682,-0.014596635611321615
0.6817793103954631,1.236117299361802
0.8274464257040683,-0.10406842357984096
0.5158462869774436,1.0872132426688965
0.5958600734839861,-0.44804600379428516
0.31090946478335335,-0.2563384613165628
0.49582531520668305,0.5240776563757655
0.410100432277558,0.2051062436139567
0.5450597000129401,1.0694300620230628
0.436098886613692,0.3676291777999858
0.5879486622152593,0.06090893709747581
0.3993260456978786,-0.4717886096001938
0.5222737394163414,0.15642967997559482
0.477676251053055,-0.29192111240738744
0.4193264176936999,0.5424848703987057
0.47808096521698,0.2104028972705329
0.5176531041115878,0.16087121934998358
0.30728598084003456,-1.6593192879715448
0.7226073428569997,0.34991079772275213
0.33855768115332097,1.6374008721555993
0.6389236435002531,0.09948671520438575
0.30927315032029695,-0.03546642935665467
0.5174319481079397,0.3431180590802452
0.5756377836300378,0.42007342368581274
0.6443740628745127,0.7256459929933742
0.4762476916755555,0.4568903002963871
0.5791856053319769,1.0329871720167372
0.3606992409200243,0.7067175138487266
0.4264678452727815,0.2339957915595538
0.6041371727761479,0.5579749458721436
0.5066122657500916,0.7165820604364215
0.4802023704816404,0.5283225794106055
0.4498029861321003,-0.04007465738427658
0.5697288905899338,1.108264222100988
0.2786362785806145,1.4504546095861053
0.46445084572278966,0.34127336025490357
0.6078847575926732,0.09894834684316733
0.6521732182088789,-0.05285764190413363
0.4003012668018859,0.4222523529680336
0.27071584804243554,0.2193940913819479
0.4696653250486472,0.5376497807344667
0.5186479009593026,0.36333027366401427
0.6189322801790507,1.009391160359863
0.4420681545983557,0.7834757236174994
0.460446340244163,1.9613797238573103
0.46796353221732406,0.27194856307479814
0.7246168180605564,0.3826483788573668
0.3714639197927374,0.7706586988001027
0.6325264315181646,0.48698149563251153
0.228636935624273,0.18905126971634298
0.6009424989466797,0.18658097815276448
0.6512692870513453,1.6234704786689074
0.45081034315072405,0.15706377281925654
0.49368850529888497,1.3986855383579795
0.4591324270405263,2.176168739727212
0.4967431283481241,0.4302632717038655
0.35222963123013684,-0.766597372183952
0.5403625200894676,-0.03723051210502697
0.4942633732738415,-0.13226069938073293
0.7507225393660677,0.47930145820207315
0.44528614524040294,1.6288220609337705
0.5401591519208089,0.8007754276387048
0.48725079363106927,0.4549820896036539
0.48217375801747225,1.0545971569240202
0.2387726557508183,0.15727962804532047
0.5033502976797244,0.45857297924865215
0.505039807377077,0.02529809546906594
0.5165581467415497,0.38504793165796314
0.49427491233598486,1.5654550739420598
0.5539778308631613,0.2257769466133359
0.4311570332675541,-0.32249332199393793
0.5496867384014229,0.5517456881511175
0.45299202640693376,0.6749360509222706
0.6901008660963831,-0.6505217396721253
0.4611986194921664,-0.17286213466310166
0.42024815870798915,0.5902034558611235
0.47209228929299885,1.3439564004390354
0.47753020175092553,-0.22486077418856473
0.5464011682726948,-0.5376842028326064
0.6182106294377012,-0.09838102484579389
0.3596334796217328,1.3726599197148117
0.5813762723987458,-0.44735769218160293
0.3387831494523168,0.8088671307820128
0.6731536780795897,-0.0837126121299319
0.4507432387869603,1.1445158355777671
0.4144305239168934,0.7771601027275189
0.4935643599159623,-0.6117798504928431
0.49382949893165634,0.7447018768738279
0.3659972689013955,0.36883076948612264
0.4306193588885908,0.9465222771455064
0.5091477923305274,0.8727971806259638
0.5096521183226095,0.14498569151242055
0.4754756835292323,-0.5287516688557782
0.512851477812738,0.9117255685187813
0.40807432808804023,0.7066109851281246
0.5160900726662024,0.4258658241419012
0.5120761390217674,0.5217269492324753
0.4762993703847637,1.0019827652850877
0.6031346553542267,-0.47290471312636173
0.4696757741102559,0.5612277088460443
0.5032230137577941,0.44168910244397325
0.4131214099015244,0.21337642404876578
0.5274966587728004,1.1067743224698878
0.5292632563926271,-0.19520404639806405
0.6116790765728756,0.1288309119322922
0.3702354996388487,0.8671883898986388
0.49271436829241333,0.5737076447078023
0.4689126591683946,0.3495556577884551
0.15093092340677372,-0.6646482379878187
0.6484540386986964,-0.14868665965912314
0.4762555698111533,0.3756733611123657
0.5260086053940524,0.15913219547543658
0.5321986831575352,0.8481774204409547
0.5033610737040665,0.00664189977157913
0.6936692638094439,0.6154237153918197
0.3281957040106003,-0.7736021550954716
0.28451124941369543,0.8659697043855219
0.5944423490280625,0.333249436857381
0.7420029775063606,0.36861279932883695
0.3861513869350142,0.1452194685625513
0.6255898759412835,0.0939342931502263
0.21929765061990078,1.0503509989690276
0.33283841545541476,0.044814207221452663
0.5483143372799169,1.1823412264716369
0.5056123981086247,0.9611931205765498
0.4644811106397371,0.6353415555402784
0.48088729099331023,0.02120645597489251
0.4148553792407597,0.25799842010237745
0.3615830344348775,0.2850868576631214
0.6244493493104205,0.11353807127809498
0.5434322311880929,1.092637410822242
0.3998081326933043,0.21056571829518275
0.6480044682985199,1.4307767907486153
0.47252511987259305,-0.7180902798500124
0.5991608039800174,1.2961428915402082
0.31337426054400647,0.8380122544487602
0.49482510547188985,0.6186573882615463
0.545432322031604,0.4225254586967402
0.6633245341771555,-0.5295291300864089
0.3799020555826807,0.7032837529870514
0.6224538214306372,-0.3308823133868234
0.36604091604805217,-0.3929939314147527
0.3788071142634964,0.39906184362527325
0.39566067537472166,0.40981833010893465
0.42347641859793655,0.5237214832307818
0.2888191241336321,0.9764872209880973
0.3424884453649703,0.5634061080237565
0.5948909014191661,1.2538233602194278
0.5929497397945975,-0.3172773039146448
0.7373774354567576,0.6049230035757865
0.6620109810081521,-0.41854442370104294
0.4312205637076998,-0.7675797617802803
0.4564467623860906,0.8272378253271729
0.3308309905955405,0.48040184938680514
0.7367131068096556,0.8669265088406717
0.4154410966283385,0.1768627980542955
0.47515014274060396,0.40329612939655696
0.44956797288465045,0.7796657158730337
0.4895413687427424,1.3366022585841673
0.490583239883034,1.4194722113699367
0.6772355764507805,0.4323031566523385
0.6761732034895694,1.0832618752255279
0.362755811024242,0.1490952276136775
0.5147064929417539,-0.09780762118233718
0.3443003690491037,-0.30176166824292594
0.6344811740543213,0.31062144973891453
0.4279697318660877,0.7874875979455489
0.47835604568721074,0.2883496386040978
0.6410142725698469,-0.17098507770239013
0.6362358431469436,0.10833698861382426
0.20006909742904194,1.539572629799391
0.437765535700566,0.5959037917237918
0.4630472990117275,2.201911317999462
0.5555836933970794,-0.42439977091936854
0.38256195689425787,0.7820662875138442
0.4182618426089545,0.4082603255100021
0.5559289017305954,0.39480089652097555
0.24014996295934424,0.6679369685743086
0.4096388918265346,0.0833806595706555
0.31839181567450703,1.4617208106768709
0.5032185948152875,0.336810989410718
0.5230244648055133,1.1299434472626162
0.22955081301476837,0.495162322019332
0.5200096672280211,0.41179780748139466
0.39045939504259214,1.7259636836380394
0.347128395451121,0.9408697096081078
0.27462262020086725,1.245944977430927
0.28775253230043046,0.5069131265212932
0.6281614762729676,0.5856231699833984
0.5657178876314113,-0.7248327715017656
0.5222710029272806,0.31911907241519966
0.4484642632055233,0.2104638034824164
0.43024060200466585,0.38561565694715944
0.39446630138409544,0.19525280903110115
0.47424420980463994,-0.22166655981229588
0.39187294726483746,1.4629961732738523
0.45437615881892857,0.02504069016611665
0.19019900616563257,0.46309247636515594
0.35752093921136646,0.38655711502976936
0.5748619786130137,0.5041195512657535
0.4083260782097753,0.20431149398419954
0.4374383820436635,0.9422048020867176
0.42705307739885956,-0.019307094151165403
0.5550745749647372,0.012103369560521006
0.4871898104481689,-0.11308621236724234
0.4931654259114594,0.43506405365659595
0.5401659367724374,0.506389125898539
0.625814477538896,0.2363272271874387
0.518043246795327,0.4331321063386588
0.4606906485325551,0.13845758430734031
0.46267034387200073,0.520885339128578
0.6758583734030523,0.6384465602739343
0.6557825703556842,-0.3213482694127858
0.26379664770561745,0.3288390338759472
0.5116526005314801,-0.7205965471653121
0.6656679492665695,-0.03018821101893008
0.5714042509071303,0.15397015816022624
0.33417263534559566,1.0008873446089608
0.5045275956589222,0.24872931195263293
0.2993617872400814,1.3340837142151498
0.5181988000022607,0.7126890459662162
0.47008447407957227,0.23385197673178287
0.5052305302588466,-0.23617356913026943
0.48065813738223656,-0.2405275510994264
0.26417285920277245,0.154387194177
0.4367634954675399,-0.3728123114038013
0.5039159523522603,0.2672780413789755
0.5719252696786653,1.2896264996730917
0.3784955025961093,0.73803952650745
0.3918040438880844,0.07868750880024727
0.46662740603328134,-0.2045442017535147
0.7183481422941211,1.2171325637761465
0.3633076591769133,0.5497858248636994
0.42492987481609606,0.7954709025124693
0.40850332377079557,0.4269994413219488
0.5345473340911863,0.4421621693551253
0.4565921397467996,0.4560174989409738
0.2732474079310398,0.37215347417464784
0.5544478280726669,0.49976351360328086
0.6123928348592185,0.8740485491949989
0.2979941785826699,0.44799553435661965
0.40020800526560596,0.09705387116069092
0.4762655549906384,0.025518045184778952
0.5751292990809004,0.3920755190891188
0.49870088195487033,-0.13214874052473452
0.43574358463725155,0.7847087807559394
0.43697255352421593,0.7242948668350576
0.37141021905082033,-0.5589493005561766
0.5595479131448985,0.27421717015991137
0.4959324268102058,1.0054511265049273
0.4867001602014946,0.03820562732151805
0.5682017396848136,0.5070399846252189
0.7110432705027308,1.100423313955059
0.45640166061975895,1.0328651718588755
0.4261503625472683,0.19268976323761255
0.3205055049047941,0.8979922729162804
0.7287761619110226,0.174524897493201
0.48920251681876065,0.3799283390010868
0.48469649243122215,0.023943610657715185
0.2462786632748941,0.47902759372768167
0.42739361185685437,1.1975526834999066
0.6531130104909942,1.0201096015323305
0.7067678186454023,1.072623329202909
0.3645236401591038,-0.400385014025842
0.549458555291001,0.006837913848262975
0.3799446447604244,0.12926136598844062
0.4352603509773141,0.25322441667392726
0.48311249318249827,-0.2481935664966205
0.6542537268886697,0.2418657562744506
0.4177085563592513,0.5285765921159256
0.5147016313704673,-0.21086181063865095
0.5483110339086035,0.07506896591603798
0.47729579210860157,1.2838050332325408
0.4856099117131675,0.08882801645096915
0.4763463159936383,0.4661144034328333
0.6869772330107227,0.05792534521944853
0.6819505985672014,-0.05298553171494674
0.6926202853866869,-0.3359285000312526
0.395376089169025,0.8338308901139547
0.7229105307602633,0.8482796927759265
0.6844817785453263,1.6351289656592245
0.5354359088449312,-0.4305377162485056
0.5507759855448863,-0.24851828724155428
0.6633526738845122,0.001806684678868846
0.3955498633833574,0.8940141170685068
0.5898585665594027,0.15401312724086216
0.5420888143884821,1.8894393674725392
0.4768311189082316,0.3164186159444653
0.7162850881125363,0.3648556443258092
0.3768032202154591,0.5505343409001574
0.4065518692795374,0.4072883912721392
0.4547363469268624,1.9369750858623893
0.6065633474923504,0.4280473475584795
0.4397773262291042,0.5195261176641587
0.3206790791268003,1.0788638831867776
0.46258988407542956,0.0685216130941084
0.40809115558836084,1.382599729407869
0.5788310530605745,0.06508010276497675
0.4846063713109077,1.038081625615729
0.4872435258211138,1.4604760822470793
0.32839319089422475,0.4967194328578123
0.2989106406227359,0.8679814595552561
0.6660072888966594,1.00899383793978
0.3810614171164599,0.43705335308026605
0.32470530690799415,0.621648334156825
0.47380041823338354,-0.5415788675427087
0.41455249730133753,1.7729895872053978
0.22889094137331828,2.1233942734620466
0.5659349277885339,0.17053099278866812
0.28855279241296383,0.7855629823789679
0.45053027165595644,-0.25237768401272626
0.3880998300523229,-0.14713489446480588
0.6883787744319761,-0.2511506038301421
0.5617132823188437,2.0020713175680487
0.6254532949988281,-0.15541574197133978
0.4778093323776704,0.013107053815116964
0.6118686151558923,0.949037000774158
0.4628250736877827,0.7229103747366113
0.5786728621230364,-0.2609097164278539
0.41007478891827165,0.17126993379279984
0.527229040817735,-0.09310805434800455
0.39800811475344794,0.4438583479467137
0.5257902001136708,1.7356460040003383
0.49965333201146456,0.17530156938508745
0.5647809524693583,0.18693219268091965
0.4000557045355704,0.07807802286102478
0.5202096614287783,0.0647286369058068
0.6763309262912711,-0.6473535278152055
0.5815119024834049,0.45716644378695814
0.4133785908421237,0.465964752117614
0.296478961071701,-0.7112206794093668
0.41384271375394505,0.1684904189358105
0.5281866712906593,0.13155620427991754
0.2542017850216315,-0.026069095069267717
0.47190710974369965,1.055790603573563
0.5429082941789216,0.3244615982821309
0.6414561690355065,0.755664310401958
0.32274417593135946,0.7364100123121939
0.6504163038628578,-0.3315140839529739
0.3289278574214228,0.1037281997651538
0.6554665901994747,0.23512770150874907
0.7475865446678635,0.5656864822245268
0.5657651773224507,-0.3412741320666344
0.41804878140255824,1.2788191093547572
0.48170690192594645,0.6538901575576035
0.48220241633063665,0.1881585955924276
0.47119876902202606,-0.1728207069396148
0.33228895550585336,0.7562912861718585
0.31768809250733815,0.23011864958276043
0.47523248851651057,0.22945702905885074
0.309173226290456,0.4320404369568202
0.3217074995480736,0.6726433780296582
0.5460599671456706,0.6135063026005275
0.7719409522619605,0.9774946883422476
0.6030307420537463,0.34134771503106004
0.5700902681708805,0.4530899654262569
0.7297404410126983,1.0014302164472713
0.6117156420603456,0.7007761197882298
0.49603733475953576,0.5276605848745445
0.609070084393448,-0.0316640955146662
0.3208007208339622,1.07493354683072
0.6470567182254718,-0.3471016112773707
0.4834677426785203,0.8939742078344861
0.5889367059991341,0.481331932480325
0.5595523565130587,0.40369852781811993
0.46728051549546884,0.3310028814017229
0.5261362376697282,0.23101501420432127
0.3224155189137346,0.3006540447068626
0.41994427977839266,1.4261797233113447
0.4429708431377267,0.6773177606321684
0.395066491132565,-0.06754168102454118
0.603997153408977,-0.5566007630848621
0.47710902321342474,-0.4311792816076378
0.49741231172872524,1.1097493280202102
0.39295781919379763,-0.3612934140502159
0.4907271263579285,0.37042316630462985
0.46308490568799177,0.22658665422632757
0.5252461161364252,0.49359833895995325
0.16484432136933766,0.8430661297655977
0.4856346851271769,0.17544367008937597
0.6396827302366385,0.027781890768418926
0.7457903062918203,0.14219561001532857
0.5221085584087242,0.5520578371440412
0.3285781329710757,0.1857130855606168
0.37178822626547536,-0.17737097494936416
0.4675050398980839,0.7982564261210182
0.47536246039742625,-0.03686871802600178
0.5594613332508344,-0.28027148812918934
0.43938725479226015,1.403227964298438
0.41230972763193086,0.785801596327498
0.38725910572518074,0.7132752344863005
0.4328042825801529,-0.2835813724564435
0.5203773848177211,-0.3110002708202451
0.6343039879950836,1.6561058933822868
0.765039772896476,1.0239368271341374
0.32009362830716853,-0.1710476832378057
0.5137105415432324,0.6874091952889244
0.43314811436805845,0.8135785697383723
0.4928308940427721,1.3775305203279036
0.34008278768415884,0.04008920267368284
0.6861358823521991,-0.08382954796329785
0.1471520531681994,-0.23633576847408333
0.44220732598268664,0.6404772151204359
0.397360531477381,0.15400459580506448
0.6095969457393962,0.38038167328701517
0.5203954401571907,0.9183172478186872
0.356852136245826,0.42496669902502976
0.7427778918388719,0.37800428498297195
0.25467570022452296,0.8329451868079031
0.30315306063418485,0.9539332616573083
0.3127580366660473,1.4625187220580624
0.4981400262554169,0.1267306246322983
0.35441792383508375,0.7724463680846336
0.5856272578991611,0.11820163424516622
0.27742422952150725,0.4897509580444834
0.24621471233220427,-0.04661888667508647
0.3812787938098496,0.47356834440424356
0.6073093093385287,0.250932998691275
0.5549963580139333,-0.34131066994528936
0.42070547872614644,0.5604348360533438
0.47736849324749436,0.27262808593368876
0.6794235952894133,-0.5301521851126904
0.4228945757952957,0.5030394221531951
0.5822184016383122,0.3199230434816817
0.4347487183212094,-0.9417590740655318
0.6446751516508343,-0.5967766353013719
0.6695112715506296,1.138630602010411
0.4099555652774511,0.2793968608603206
0.6683910564960475,1.0458281143070167
0.7421642921479757,-0.239138893054671
0.5950818364247776,-0.3899926496461699
0.4839301430711611,1.0658839066105064
0.44194024940129223,0.52390202055558
0.3263846970745965,-0.414303673006685
0.616723034198773,0.8185467277131075
0.2145177651746822,1.4700588933849204
0.4582597839208367,-0.530180088470393
0.5870651436373405,0.33545908850177025
0.3373003017620098,0.0036045440747545926
0.41884515051985177,0.06213632888057939
0.48507788996158113,-0.2959044652030415
0.4095128835973909,0.047988263633416545
0.44477928770922187,1.0147990796722985
0.46538562861588123,1.0984206920009203
0.4798169474588548,-6.482732298629841e-4
0.33776220272893315,0.3003468533003229
0.580352970465477,0.42249827470167295
0.6477905921977318,0.7355423533413916
0.2455989003988196,1.363368098678781
0.588466047996365,-0.101485782117828
0.4543543999607119,0.317806301189992
0.2794084539894627,0.5542737430527851
0.5125537096907934,-0.128743826984311
0.5313169298575419,-0.47715401951256625
0.3724350459011537,1.1286302142449391
0.3884062976309212,0.9776563546120371
0.4273777249956216,0.780990500031293
0.45574595375426175,0.27117093752042765
0.5241058653675299,0.2542074125955606
0.5757660060903035,0.43444675843840613
0.5556258313032828,0.719799519574005
0.42376355919762104,0.6487050386712304
0.5338944279967923,0.44560049166205895
0.5370243384062492,-0.3824496131558354
0.34235251206029127,0.504893441858186
0.5478453466530352,0.04733199235674281
0.4933546551446425,0.7472037032249254
0.4741216397920639,0.8568549212721053
0.6206675130841947,0.22570252874157448
0.4213011797142954,0.10298222098513787
0.3209931371768068,-0.03738011853405253
0.43584111673051174,1.5318707128127678
0.49097078123864357,1.7516603320193074
0.5391027485710843,0.8200183558403707
0.496200805561709,1.2183804999567496
0.5364986454044164,1.1169158209622705
0.409940753073049,-0.2747245772882072
0.3237423742006819,-0.2809108139689598
0.29241386384878876,-0.01686250192973894
0.5340820538897202,1.1294983247143722
0.7000686108289962,0.4228686216331219
0.7765946781588691,0.5155151798288402
0.3750320013887806,0.2952594813681245
0.677508800855845,0.223246658841675
0.40203522478481996,0.7869406131053964
0.5219705548957183,1.2311225428551904
0.6825149215038642,-0.8047176575996198
0.35695731528197633,-0.15564846202970406
0.509212755097552,-0.5684883375848124
0.5748903455352675,0.8236884568980657
0.5674508245594055,-0.31665970999395665
0.4022999157633432,1.7619092894649262
0.5837425034043169,-0.34440062383510195
0.5255425934797602,1.408560597581086
0.4293120918811958,0.8517869500683114
0.6403476417938265,0.7280498167150781
0.6277931509008773,0.48424049819814935
0.5581491044329586,0.6242906109520963
0.6279100927194201,0.8447947370371256
0.33122479651248377,1.3183048891583726
0.4758166931916224,0.3653673225818922
0.5480099008946087,0.2580496937132726
0.3971622501370582,-0.7261988935035825
0.46618355413763946,0.05665277196060956
0.49703478482284214,0.7900965200818124
0.548401844171614,-0.10481007519945125
0.5364007120475374,0.6053444897690264
0.35432454670161256,0.3078947589737719
0.5304107922745992,0.8612694321952158
0.34303440348367686,1.4411962887923027
0.41892957589491187,0.4207286289435764
0.5424100279948678,0.23120309061938935
0.47984652929444477,-0.09627886052767747
0.27408755684552544,0.09823515014246051
0.31119435835860154,0.9389566100825453
0.42732576496891805,0.4840461958508676
0.331461043993773,0.3168799988277601
0.5617661885347416,0.5954909374494844
0.3802210633086889,0.10220156261841423
0.6518004217773908,0.5342478220821131
0.5788605886280173,-0.3648274797777236
0.43261138523794085,0.07263110336677409
0.3764952739992527,0.7262208017336599
0.452379376037534,-0.30785899706720526
0.6992695908328667,-0.4175960365422531
0.3850131431467385,0.803622391439681
0.3476803096829584,0.485917749852281
0.34854449388842246,0.1835789845505517
0.3701651407410314,0.7938545538239816
0.47716480795177435,1.155716596477196
0.4395026078025905,0.7640643634971337
0.3296661324734852,0.16975584470361516
0.6952533038295161,0.08281130755334176
0.3201038944122511,1.6515999400488872
0.6499750676641659,0.014638548498324558
0.38393316492851937,0.5680228826658674
0.5973706094745558,0.8518990670127409
0.5376684969410276,1.6218154279430685
0.3976943816345939,0.7540232198847417
0.2083744815594356,0.4282997774901735
0.44762621139918746,1.036342991112383
0.41308618053441676,-0.5195106419135708
0.459849573546912,0.3374973576896376
0.6497820953863583,0.9995920715322213
0.4879989539157829,0.3268115598596528
0.6535447924736377,0.21847605783526802
0.32639662406747505,1.2268200272797134
0.21743935962392466,0.18165324709015868
0.5317816740260868,-0.24042254803902324
0.3900546745262602,-0.04567733439842164
0.2689920018514026,-0.9228691664033593
0.40098519449511816,1.19115186651889
0.4327072347443358,1.2859806492747692
0.35892597805580767,1.0905835945428985
0.5571026010274273,-0.16446936130222634
0.4268691165565445,1.0472143083531287
0.8113662474080263,0.15725280317830911
0.40596188671901007,1.6828256493733018
0.4500825947684834,0.6110099255745894
0.4179241301746593,-0.0046236529831934926
0.5019007239939693,0.3529898339582475
0.4834703905538162,-0.5026214888765069
0.5554649318747127,0.1143686929569494
0.45539901532849975,0.011430270031905887
0.42107868789083003,1.0343152066348562
0.46061560966594367,0.25238069118493617
0.35663379489687613,0.45044625577777114
0.6973685084368163,0.9411409780424502
0.6701062245102741,-0.17285894516270742
0.4887154975921986,-1.2972589129925627
0.5529469696076428,2.042881600621911
0.7019041127014188,-0.4926880479331637
0.6240016474265077,-0.2885916353037368
0.5577340613321058,-0.7215106564400626
0.49130845324423883,1.162853301236086
0.29794245784107304,0.0368939080235996
0.3848126661734526,-0.36555316721346937
0.8058427211453555,1.4069145737672044
0.3772297988973388,0.8003606493899635
0.47578310014348757,0.4309917040791791
0.6531482062442282,0.5939281637754728
0.527480761057145,0.49908453875661796
0.6294982489355332,1.586686651840341
0.5105846113445468,0.16360253315565657
0.35779666121663317,-0.04332927087767811
0.7668052357349135,0.27482328135973155
0.4786513016498301,0.18471470119440173
0.28090761772566525,-0.3806527263655143
0.23221207599859778,0.5754793101410979
0.5574593899645036,-0.2185448897355726
0.516502511512304,0.5296514866631383
0.3380023752319754,-0.4626045596178667
0.5260645576772366,0.1153183793391487
0.5138504678646141,0.4768012303450928
0.44364908614426124,0.6788099985237744
0.6020879822701504,2.1540792707692895
0.5518823311600262,0.14866190359766027
0.33091256903672595,-0.3598129304988653
0.4608720016242225,-0.10313240416695357
0.6084251420447935,0.2634100462675645
0.4014202797521126,1.2169305341346053
0.6225568505074932,0.16462426764555774
0.43505086236935664,-0.027559670354485213
0.6606413934747629,0.5361882513359836
0.5628260591407337,-1.0195466166485123
0.37809964270241386,0.4018099471574975
0.5500206186885765,0.5302308107752095
0.2580711273885243,0.8066716683544284
0.6097995755100238,0.15987602482333188
0.3719488541793333,0.03129431841890992
0.12206587216495168,-0.386117653573665
0.3357724158195164,1.30590662859974
0.3228156538868668,0.22187278801190083
0.6654604030390495,0.6795521629178053
0.48398050102397716,0.4688899648735368
0.33840590972949247,0.6659917730944045
0.4412159956763344,1.0335777308695233
0.2851957947160076,0.8850794182383529
0.4604530178497654,-0.062321693958428764
0.3634475317854002,0.4484163579575276
0.5781598617603674,0.19817425831162847
0.3353879489629447,0.8714482615706908
0.3747994240837327,0.2980614788983342
0.44333805486567257,1.4153428034066726
0.6314980695049117,-0.5522433374818297
0.5388439069397523,0.11088959561875092
0.37329641533106667,-0.07911261663082178
0.4493348384743171,0.335401625835867
0.47412254234890416,-0.5148052449998763
0.30178757282174506,-0.26217011343128926
0.6754088502704985,-0.7815571203528682
0.3618529326730274,-0.004171223895190947
0.33816985998671145,0.04790135016075049
0.345565557340717,1.5632205980291216
0.37958441879427873,-0.06766108477956927
0.6492678931281675,0.6208526530154859
0.5251674629876577,0.8837623717926185
0.48496021596911215,1.1255308387297336
0.5648201818394065,1.263474735011906
0.5125361525235645,0.3993192369523852
0.5283175271770489,0.27991635270228377
0.3505339102267865,-0.29945918875631555
0.6763541105915364,0.7099049551864629
0.47958288825453266,-0.2142543732102905
0.39962101300839675,-0.2943560329050363
0.47756001693122196,-0.24832362445932538
0.3327817989441407,-0.06536277658628076
0.5743193337873468,0.879611059361033
0.42464758472632513,0.21519312362264068
0.3029222450923192,1.4283063908951033
0.42016253010206517,1.8070070778596241
0.5202637348307375,0.34253467816639566
0.5164503831835155,0.8890269787587295
0.43309438408893397,-0.22908609179038897
0.5342259085969199,0.20715305451890215
0.5027525416461869,0.49788650674503077
0.35372372062162494,0.17260217350893878
0.566561578976432,0.5741151006635093
0.30153485873734714,-0.006713630793122562
0.50978898158968,0.7804421428728819
0.4578578621120081,-0.3575882056130881
0.44490109506444087,0.6479765165771899
0.45186946538679873,0.33435182817928283
0.4477613795784569,-0.08712771321095712
0.342047278329819,1.4704621899149175
0.5931345190735283,1.346969015181512
0.45767124999199005,0.2793052523550662
0.3628129039159486,-0.7992532335447016
0.4001188588057166,-0.49575315699093075
0.3906809389389178,0.270524540773722
0.40484037146171403,0.4888680005771645
0.5851837500520842,0.5184236932552422
0.3760318778491022,0.8859619215496111
0.49289666063319104,-0.5507785873458252
0.589673570225517,0.4587866832127382
0.6593097993929125,0.4315189321610178
0.6072213515130346,0.4193791382330071
0.43062775101201806,-0.020573403141390622
0.5176388339972274,0.20787412036680603
0.3412460322127428,0.6912529146644493
0.25276283271400823,0.9346719290192025
0.26845960389719775,0.9399116800013514
0.3554762097899349,-0.5478239232163633
0.4356283277591268,0.4097362614916176
0.4998023521068135,-0.447534998964738
0.6758943352483862,0.14411501202336333
0.25384089451823005,0.49635935151604926
0.6362449049734006,0.15597414298848977
0.45131749851636466,0.010359408185635854
0.44726411094117313,1.2315137055917222
0.15546660553364366,-0.1283198619083803
0.5264818924486282,0.4896894479420704
0.6614237727244726,0.4862905852708142
0.4239466464642921,0.3490777230122934
0.432382707367406,0.9905272166620509
0.6831679005179677,-0.27248089933968495
0.6991531468791907,0.816577430361328
0.643996547369208,0.8712948871804059
0.500952204988678,-0.9837584368968149
0.5264319428448551,0.27308276856628355
0.4861077564636941,-0.15879403818285084
0.37183343383835615,-0.0957495692397612
0.39162992766695637,0.9253072499731987
0.5512562662551987,0.5108051666814679
0.49622278049543184,0.3834562740556711
0.5803738036846157,0.3070726420019159
0.4473777932602071,0.20812874680267776
0.5238480359011565,0.7564914432111247
0.6359540101087726,1.7598345183095907
0.5644685258099315,0.9246455715831602
0.5926056304127464,1.1537848916590867
0.3918899059340338,0.15675741829406453
0.30276897476956177,1.3417881090462966
0.5641518541400721,0.26445294194136726
0.850820982907536,0.4176505369419141
0.544737863815035,0.7712171480498458
0.5627721718204621,0.24188625139936346
0.3263318567593361,0.30080742954966927
0.54791555540328,0.5798892916175529
0.5260797131860324,0.2398310041954491
0.7002157992996249,0.1694860247407443
0.4033645564011655,0.022527906053225483
0.4228022390109678,0.30660321400631874
0.39264732674876085,-0.11662929785059119
0.4990892739854749,0.164141915511318
0.508413853573497,-0.10626777265785976
0.4739966334771209,0.15109288978768048
0.5783646681248267,1.711961065333972
0.23649676627889366,0.06223053575575193
0.5053384982278676,0.09115620459830703
0.3211623367162531,0.8977325724274506
0.44274236732525163,0.3601793883215908
0.46741630815926277,-0.8440030890381383
0.3618274637253618,0.5201593270331644
0.49794187571591697,0.6211052607331079
0.25122744545403064,0.5007072138476257
0.47032132956605754,0.7590816228364674
0.5452852102259829,0.6453934154774303
0.4264016323429262,1.5754352511060523
0.5176887310928013,0.02482712632733724
0.3934904603017592,1.2720214757956891
0.4066504928056464,0.0011421662965488185
0.5137862237580503,-0.37428440687082837
0.6004723709534346,-0.0748454208820464
0.6523604142800583,-0.22334447150586434
0.5155571117670444,0.634821178963322
0.5574211351653697,0.5130597181792798
0.49351697452952775,0.5084063856471385
0.6829182608955751,0.21090690024451758
0.35377776933831795,0.2789244008972534
0.5330017339430504,0.26118047704726166
0.41011686738255765,0.9122704720964783
0.40029823123921093,0.319299417686383
0.6210575491620549,-0.09306076304963345
0.5791672107327597,0.20233360063009065
0.5274887534441425,0.2625042188209267
0.5490998636360931,0.6138080913105339
0.3187408904955329,-0.3120724510267092
0.34843363784704756,0.38787750168359103
0.5398029196808187,0.9984212177649862
0.35210020620860466,-0.5120290142464284
0.4612609457078469,0.948860951282058
0.3903748476263827,0.3757597879846315
0.37576425573323846,0.37983715738383134
0.5608738880427597,-0.08369691006810398
0.6779342400594691,0.4408266774631486
0.13994542919252004,0.08525688539791329
0.22477634923770146,0.40646306086171724
0.6553426488512234,0.4282628707945547
0.47255287196820267,0.08958233915734092
0.4129024423417194,0.5980795308125736
0.4931348684639919,0.8712491928968703
0.47582723717487657,0.6050762656056733
0.3006441075995016,1.0429687460000132
0.4941070650115291,0.34174079271086244
0.6741400879014319,1.3037687779931668
0.489726107672909,0.4997641780711945
0.34839028640811137,2.26341554505723
0.5786087780838438,-0.713795303139386
0.4631232091057799,0.537923258406426
0.5903629878474836,0.07274909666893577
0.636405028987226,-0.5633048005514445
0.3819030835975933,0.39694654673361235
0.20348180748436334,0.35721273084369165
0.23819478088343668,-0.6571594719507298
0.3789780164986321,0.14331561628657008
0.5779302410774376,-0.2519864893639454
0.5118550367876401,0.4998965777050778
0.30629924522523605,-0.23417841897627273
0.4809465489687399,0.4575100255032405
0.5315827174066022,0.033118264142689674
0.3662407162912698,1.699384993833217
0.5340664562914814,-0.2040169076494511
0.22820499943737962,-0.7851655781159173
0.6919169943351808,-0.29414610574629313
0.4316201813097759,0.8743375260616061
0.5755476399923767,0.41256019006084
0.4045131206641284,0.24300607269251254
0.7507436651816782,0.2702309074709134
0.6294681364510262,-0.6412810981029357
0.6879020986988087,0.20221344035817077
0.43422835426364537,0.19885362119568245
0.3686937633891789,0.20002307227518856
0.21990475615116292,0.08190829164306547
0.4095346990551086,-0.18412416699515705
0.33647317956422984,0.12257295918274955
0.19277697584432457,0.8287349816365565
0.5160966069987449,0.6360823929872425
0.5961189303223267,0.08120187995377447
0.551575869701371,0.47531658976985214
0.49166082007767803,1.2330104434611382
0.5121911710973016,0.9200668100913835
0.45707336774141333,0.1299351359109282
0.5659930420565004,-0.34169239592601613
0.44595332746537897,0.10921384934149347
0.4544492160116112,1.4181835606781115
0.4062680420013129,0.9138891493647042
0.5662764212519998,1.211946678531402
0.5535706242955153,1.0953022222519377
0.5042980045976233,0.7668512140539003
0.6277317822185494,0.3221243389037731
0.5303526669195494,0.6355717072951261
0.5162316271358515,0.12219826885531823
0.6037723947955578,0.5929256662380534
0.4444769843397828,0.047252404835593224
0.5361945215602788,-0.5319836199265989
0.46757410847836756,-0.19729254233651386
0.34604923721632036,0.005474058798663615
0.6273005681856896,-0.10466132915605908
0.6383346089005835,0.03949060889409994
0.6495193387935829,0.041955654811548025
0.3400992287790914,1.1153189005162374
0.6938566319997685,0.8127895358362524
0.5432147537795095,1.8115278033627435
0.4726042565264389,1.1107467480266153
0.49686694039985213,0.37236004202280354
0.5895453162341908,0.5504825414528226
0.34197190703261265,0.5247894065646849
0.37394883907019133,0.12746534656684463
0.5028048223271937,0.6125470520748646
0.37539806184671204,0.5685393591793415
0.2144098787372717,0.011202480492685556
0.6290270188638937,0.5042010294607827
0.21300141540978862,0.4811207285794265
0.15671660564840023,0.9948810377456039
0.43692566732104215,1.7181875344712023
0.584494414035084,-0.11653761561539618
0.3920072194193224,0.8955665744340751
0.39886904949544477,1.648058554434128
0.6122472556781472,-0.12906685364308118
0.5917433586658378,1.6843420290989262
0.5943836912115278,-0.22554401601844784
0.5584988996846975,1.2523880575629265
0.5313711134704732,-1.0929119626941681
0.45871272707722177,0.8633420711880813
0.6191886061528104,0.5946530868614638
0.6004035923911586,0.7279126792520693
0.49146575971896306,0.8829763625732121
0.37393110099635624,-0.6626810998763708
0.5360247949827118,-0.6523326433653069
0.4625139512370927,1.6165472804313397
0.5186362946931182,-0.052333368184242834
0.6167811151130822,-0.4260530266857023
0.23147334611946055,0.3788651595384827
0.48954479074059015,0.7125617216960527
0.5224779739579457,0.4227206826051129
0.5174447259414441,-0.726970813586768
0.3996419077147347,0.6620609901715186
0.6983173307894431,0.7191277571454016
0.30149823983532115,1.221802612378148
0.40280396626075166,1.2363923969499087
0.5958012811219189,1.42635413366945
0.3918244477975945,1.3135200629610542
0.588165010193706,0.5953793016913513
0.3730101689873705,0.24958916411954613
0.4548977336424046,0.711219662041668
0.3251648948196868,0.1804251352580551
0.7006337868070565,0.09280904037121443
0.4055914002478632,0.7796592437743662
0.5484284192980705,0.9711737826960274
0.6991818552564856,-0.32513149797135404
0.5546715347179862,0.6043676306589311
0.30681038959368806,1.3078159157293674
0.44306350386610455,-1.0028681796334251
0.5634453796333657,0.4312482774427938
0.5476391185870174,0.5176918030401019
0.449269668394906,-0.040928082017077566
0.6009114551145941,0.3334533484715038
0.4167357508607756,0.45322058037086316
0.5098521453182338,0.3909530354912877
0.4728346217664089,0.7665031361488657
0.524925260246348,-0.03174636991018104
0.5504815732789621,0.8427047867212653
0.28478587723776655,0.3258715672134694
0.3411792577317024,-0.03138268002144506
0.4511762046630653,1.2843937651405404
0.6274222221527159,-0.5196590281148094
0.589029437260387,0.857384716907579
0.6822443272606165,0.6522693401197606
0.546504935694642,0.8187277468325213
0.5683550094578993,-0.7288770901086852
0.6419759325700938,0.4696343834523446
0.7593860508364068,-0.7215372528394319
0.6078176213418488,-0.8933351419992944
0.2618918998819427,0.7015884494042436
0.3883446626520344,-0.10095232450566469
0.4044617374841492,-0.0849655931757155
0.46403672870305235,0.47758458795950737
0.2595538931084766,0.8240857157553307
0.7419716199140035,0.29766120075993613
0.45426479486781346,0.06083378967560907
0.5018372868423365,0.24110228330692757
0.4780969910580592,0.899465349164764
0.6008037813888417,-0.6094499498816054
0.3043582076991446,-0.06909122766799897
0.5133558026833672,0.3669865025569532
0.5547246344197114,0.9366612276417343
0.4096377419618548,-0.07962907438762183
0.31391258249297543,0.9170158590012182
0.35758580037074006,0.2287770557277688
0.4024905653774664,1.4972558831111142
0.3640505000681459,0.4450664361921731
0.708330256463707,1.2744374819138031
0.42755522011073926,-0.12971920306588816
0.6258130864022924,-0.2859976569213558
0.5329265287829289,0.15934593181668613
0.4575426672226809,-0.8990385161375438
0.5084584855254167,-0.5000127924022465
0.5857916046949762,0.542882485219683
0.4640347012017475,-0.2857372259195886
0.6652910517105414,0.47290304112712206
0.5034330182134031,1.90640698671266
0.29240772993652786,0.12523395442834123
0.6670643025308883,0.2777404100388727
0.2568858122424157,0.9740406246650704
0.4395689552037763,1.4559189176244003
0.4395803716871942,0.7936546023811232
0.5516823005330448,-0.3488846256568
0.3701363598179992,1.0046312948291685
0.3749822607817381,0.4191785977557958
0.5693803464420251,0.41153758007426444
0.5227274497641942,-0.10234774047317496
0.795673924185393,-0.27170669356231414
0.5391349677227921,0.9976198233341556
0.5516116654991124,-0.7952497848183574
0.5962084757409888,-0.37278331339822807
0.5938511781060006,0.03203888913863997
0.40246353282277947,0.9348356796759701
0.2676994275364546,1.3961218685899728
0.5326264882851194,1.1338729609730311
0.6193217783012077,0.36586139071212925
0.44843112540372576,-0.00912622634585631
0.46193973301518876,0.8989421754841636
0.5533429070410302,1.1824499002667364
0.5142412842051013,0.7214435408585581
0.5978735553557544,0.9972573431752472
0.4698573936529552,0.8003399199340773
0.7906857982973334,1.1603681137272381
0.5759633404361802,-0.041716528656884425
0.5265594362980655,0.2095585181176733
0.37675674934700193,0.9053490873295387
0.19345709515756654,0.945912891042851
0.38839141336905975,0.3163034883871003
0.6082481821911213,0.36246970929874006
0.6162027060112358,-0.9846624854725525
0.7074835248580229,0.11217102806039124
0.41813510515271685,0.4882435882656945
0.5571953466135041,0.8989179511865381
0.7660788938088249,0.37154107581866463
0.3832647848947043,0.9432289611698024
0.5624023398439428,0.20605219444232512
0.5240253284646216,0.2160871798423309
0.5743337341750415,0.007511873229446234
0.4437081406819491,0.7148361484040724
0.4447172434479094,0.32062167582723106
0.505667729201782,0.3401900576551745
0.5865407066771625,0.23090528454990814
0.49326282790403053,1.1965372546185737
0.5943308918624479,0.3530518157636971
0.6687100030375289,0.2824110461455362
0.4438554245949822,0.5733972092889469
0.614434773874416,-0.05029546364215453
0.4261864997191582,0.6309559169565376
0.5348225381057243,1.0197657607362725
0.7263588854330171,-0.2780607087564403
0.5893957768675198,0.21291446571368436
0.5891887784117691,1.5851553846184612
0.39871222267068,0.16936093066022373
0.5468605309660097,1.049893211765743
0.45154634860034887,0.8611603254431526
0.40623156672972616,0.5993864043245589
0.5975733756691538,0.5356675858172508
0.7033370817644029,0.5226558874288322
0.43771446524464647,0.2775955143083293
0.4548609512270218,1.4919536125195136
0.360084504149605,-0.007313140695905655
0.7052446969939286,0.3407587374878262
0.47354956471320736,0.31722739307400677
0.5182535611389611,0.3388884461177539
0.6082246084324735,0.16286978919226544
0.5079793527884716,0.9500531492392748
0.6013609072493528,-0.42767145575016013
0.6519574537435602,0.3690383613433443
0.6256879806377763,0.34330905679091533
0.4409403589559332,0.41067381612707493
0.5591235501097087,0.5158762427361959
0.3805169999679977,0.6154994585980758
0.4809222241769371,0.23772045876047532
0.6183014094648807,-0.03161634339255144
0.5424105594680296,0.45742042152455614
0.4282492199831625,-0.13315852637544812
0.5648962759383283,1.4246729363621617
0.6880068121862234,0.6150268785678604
0.4821650273605476,0.30443053910519463
0.5728241710014044,0.6705092593085235
0.6035656604714303,-0.1838567856980304
0.4234148489932376,0.3584652275027181
0.5589270725595779,-0.5478817284605721
0.5472039154543066,0.5983091579729717
0.4326336403202598,0.26991020582463215
0.5587324091020227,-0.033437198917747164
0.5675835889124188,-0.34745841653286247
0.5276514015348148,0.8184626919948741
0.5210707730805116,0.5930570792628781
0.4750040790466733,0.773860970428305
0.6815404817380665,0.45451845458448226
0.6104217556346728,0.7277438030506196
0.48982206662399347,0.012976041549112728
0.6240239404853924,-0.3567131273167008
0.44896756153021816,0.4946210133454638
0.4712361431799959,0.8251007197543914
0.4862453036952506,0.5062314987480289
0.25378499095030455,1.8436042655278662
0.5695283385710794,0.6913144463906331
0.4498886467228621,-0.01580897538581544
0.5620506479298245,0.16905028041543585
0.551069540039023,0.9647089167561651
0.6729143125285664,0.6660860315044336
0.34718726008264617,0.19013056205093948
0.6631838766204927,0.7991942290337074
0.5804234898184261,0.6615160294595871
0.2999887542111661,-0.46137013376008174
0.45530540792066543,1.0203512824870937
0.35164378820215775,-0.7070436518509685
0.46895345173380126,-0.7251440745272418
0.49536138941031527,-0.19936452154560202
0.5412483432266472,0.6117547273182589
0.43014397979357033,1.9501737069990976
0.20810390878996787,1.0640285981759725
0.4972034366404739,0.8984779120472812
0.4800313304627344,0.045131624931819284
0.6087414970238265,1.2472569400859832
0.6252881431499057,0.19810924541497324
0.5987879210706022,0.2963677920426805
0.6416545404850903,0.6315631055772153
0.3138135960693318,0.1853579915597394
0.5611479757902893,0.8493426741434387
0.37898463068093224,0.4389640696693031
0.5886854660071918,1.8395935002351087
0.5817622357233089,0.23082837830667935
0.36404998559710816,-0.19541994707468183
0.7934025774767125,-0.08270690248912539
0.4181866845133975,-0.09561418329624682
0.267807693545204,-0.3666360759814178
0.6424171336461287,0.8942423360292938
0.3948079666103793,0.44258560912556194
0.4461568896072541,0.6648930090725537
0.7285985372976297,0.3265144390141639
0.40989820999148435,1.3193848748619732
0.5542129714516688,0.5190041642966996
0.5036154937958752,0.7492256622305027
0.5062103230399602,0.6224575154331218
0.610514347064805,0.23871709018489
0.45415343306057687,-0.035008266511824954
0.45173923453497167,-0.5684460419938798
0.5722228490320331,0.7890291891536696
0.5684912966665824,1.8221257199600691
0.6802952021713693,0.5377848319421629
0.4250385010241528,0.797247400720449
0.5793846291255054,-0.07865280037209661
0.2860427306751809,0.25259975642614513
0.44933968097709986,0.2900648108679126
0.7103739390506926,-0.24634503096235807
0.45632741082786743,-0.6086790086604084
0.3482713538633558,-0.22807040263017675
0.4083660471321285,-0.2033932328941589
0.610172090374727,0.6769892395555187
0.5380208485393849,1.072445695656381
0.39664346394314104,0.7227436384719199
0.5028222477792125,0.5076414535125253
0.47027077197752404,2.3145174027387805
0.57501240891724,0.24045927440980172
0.6886108678073344,1.0632782954063709
0.7388152940110425,0.446659117326924
0.38620586197152834,0.24299015661068488
0.5457000808489729,0.31061406632624977
0.3847059421257472,0.8904955440958863
0.4672698693311933,-0.015584930250779276
0.36050402313295554,0.06831227089900778
0.31073732031595414,0.27236592016573014
0.8338061499196489,0.09356696938310066
0.47243013721422344,-0.011196595936957704
0.4453347615547726,1.438936488174232
0.5610932058616509,1.0340487967126468
0.7460235383708814,0.5392611073780833
0.6133708982979361,0.18468075353820412
0.5980017441132455,0.24685324881513837
0.7647607396099162,-0.09018983214184635
0.62682551521632,0.6000334147380701
0.7132204728978332,-0.43009056711694693
0.43279859167349416,-0.5192830787031067
0.5759968374875191,0.6931204120268286
0.4465581469468917,-0.48748830044922487
0.5485695717637644,-0.028506848775130808
0.6163008308229079,0.11627658318023879
0.44915139100920726,0.32678330394174665
0.3297127459570099,1.357075945007606
0.363101330137529,0.7565969171250678
0.46465907564018655,1.710054860202228
0.3548822537038677,0.819467523617423
0.6174030573400502,0.2833835061404555
0.5244261994497273,0.10526627206130912
0.668971785682286,0.10505288355231529
0.6068823236066245,0.6680674647704226
0.6345954785397375,0.1767096510948509
0.4961280443351187,-0.30712685832730435
0.499743109572795,0.6542939884447831
0.6481948325771565,0.517682920541749
0.5384633452812351,-0.38515578437613307
0.7138909126239251,0.604408698626888
0.5354540289915333,-0.2828065553770863
0.5088843862319234,1.11907081809866
0.4410982542078482,0.8510335327747045
0.6851376716097144,1.4090153773326601
0.6352935694772532,0.30014660079105626
0.395082954829412,-0.13643207970268426
0.284449008292429,0.4272227784535084
0.7235884322847398,0.366086656485871
0.3088167764901143,0.6780009994842789
0.4040054510732231,0.4765013367934929
0.6576968185797393,0.8658551759129747
0.382023427107828,0.4934691656312269
0.564043682302629,-0.07553733347405772
0.542788562200664,0.6207806564901184
0.5850615758916243,-0.27642478245412083
0.6183691823890615,0.969379521986099
0.3265241859473985,0.4907071938185937
0.7237298329605328,0.4923080208177341
0.6221997280070208,-0.24658988366581516
0.4602502294954824,-0.23372670946771545
0.4998889575607625,0.9875123016189173
0.4655482488124259,0.5057494713018699
0.5236729246588036,0.32422722268164283
0.47617791916014085,0.7190076342745909
0.5769512261004132,0.17242240636854733
0.41529184514125456,0.1016725191284823
0.2945722845070451,1.4536318317859278
0.5136142416891163,-0.21677227462279614
0.7027471760219848,0.33935341113665973
0.4926725339318465,0.62913422024954
0.47415891464149557,-0.6133637243557086
0.3625375461021907,1.2941262336502595
0.6562704397993334,0.2902082890362495
0.6374966461514965,0.9177359688910428
0.6150543799383104,0.30322629969927756
0.7011003213788427,-0.43820161229129406
0.6074029293225575,0.24326410952200364
0.6714305843095368,0.33260038237232764
0.4601507645334617,-0.20599826051931883
0.3571412896649581,1.85740684014819
0.6149082245287705,-0.07177422162579544
0.4912073020129519,0.65739299866531975
0.31068209376505856,1.8133091903286225
0.40566523111961533,1.0115260001670399
0.6587153057954462,-0.6535164456024003
0.7077524617948451,0.11050935142781787
0.5817780043822948,-0.5686408460492949
0.5443746499903662,0.8928186082412791
0.4691083850134954,-0.1112716836176732
0.436572437831459,0.449875965374017
0.5716610121748129,1.5153674746982202
0.6931002598717123,0.2799144407322648
0.446801801581549,-0.23348154199881485
0.47854497524372774,0.3499922265503449
0.4720533870705545,0.3382054110731308
0.6006681919855702,0.12931844004127568
0.41834542442578043,0.6026254876652831
0.16062525497187252,0.09449391217407738
0.4959433230084697,-0.021259734790310604
0.40679732235247207,1.1834910301791128
0.5351113432467215,0.24416872021066083
0.3793153478217667,1.1551990181060536
0.5866882081612227,-0.595127977230835
0.536728261370175,1.3421723064119893
0.4527477759130898,-0.10892710717244057
0.5133795044047099,0.11936077951073232
0.32278402797992267,0.6854551107359093
0.6439290189192134,0.5205816445060076
0.4080953981185568,0.05672677392706202
0.42368432959277386,-0.47418822931736104
0.7003881554749656,0.20213147141793894
0.43923434124970495,0.5150024391154803
0.6742973323088483,0.18117646880921026
0.42640434891692996,0.11168953351332638
0.6105322423217079,1.039705491898933
0.5023525705332389,-0.3072622340123165
0.5398214513021625,0.239597211641889
0.7934780614995575,0.01928361505088417
0.35569824717683557,0.14949815938102837
0.5212758938255078,0.31615894928040933
0.5249493432072047,0.6309267380660015
0.5336006327384479,0.7117505575324973
0.595448719868451,0.4796353568274397
0.4682684334202737,0.06906228433755789
0.5203291044688206,-0.5471575161097623
0.588681130762767,0.4085440090037743
0.45043082876880564,0.6413208534446043
0.28587125813848246,0.07546816291978822
0.36780719835577613,-0.013545842326275849
0.5620541708096188,0.2470966797157452
0.43515582491200944,-0.44847679603272356
0.5523920746201654,-0.8947379631481303
0.4550070300892555,0.1389808806738879
0.5013752508904642,0.5199120260177036
0.5289328560945111,-0.08068598441614226
0.5365630768842062,1.2340994080376264
0.5630433817861593,0.24948850191285715
0.3266064733017061,0.24444791918346595
0.437914288669685,0.7684424562361586
0.4261371779369546,1.1282887757990008
0.515500264493546,0.36111725651844484
0.4175749099852263,-0.2125234017969416
0.3265122276806209,0.35627952636019
0.48207886746246037,-1.2679106454469498
0.4326016241428107,0.6220992903482897
0.6528005758849111,0.36953249281636685
0.6884650834409978,0.32913391426206046
0.43932209538114303,1.227756577562283
0.4741705777222611,1.1310980947090894
0.3090211246066505,0.43891580228664095
0.5638441879613345,0.9227624122704466
0.6334834038052266,0.6374720514574805
0.3385299758274938,-0.1485579119270514
0.5276502759798052,0.7713970296724644
0.5122068945913484,0.017573783377719178
0.6105737303761352,1.328889225230832
0.46684998379640386,-0.10459926122110887
0.6000415132482695,0.5639187220381888
0.4841702466399311,0.85528265755441
0.48808809999962016,1.3081729830886737
0.5048996007783965,0.11555217063034355
0.5473185169942568,0.43260127333531134
0.5743393716208252,-0.2001645708944925
0.5727561161136491,0.1690462495022922
0.5566041732635142,-0.15152706174115924
0.5157588052442936,-0.15394072920257942
0.5017895329610167,1.8113799976615932
0.6645851238293801,0.3543801308546819
0.37723946667146685,1.0133403771208715
0.36558978707599843,0.5021669146959175
0.4266091265704212,0.2072775852340074
0.6517446771144829,0.7516975399258001
0.7148496617902269,-0.7422769230937449
0.6058510991363446,0.9436814677801026
0.679752531413171,0.016313175626278476
0.5865041444567356,0.5541747402701931
0.33056507014267944,-0.03223418924424934
0.44907686836377664,0.9930897223195126
0.41751271291639613,1.218656113814485
0.6888840503433845,0.253244781581131
0.7336878438091363,0.5055970754242868
0.6707015206183174,0.2558942378188014
0.7549264492093586,-0.26560810195988116
0.4054882162188356,-0.4542921334034402
0.4597601504064543,0.599647943647863
0.4753508700319494,0.5880788262053953
0.33792973612655114,0.374453668815657
0.35060762081933916,-0.4484512713082435
0.5020589962746912,0.0544770278089945
0.463286254268065,0.30469599929084024
0.7356456450667684,-0.22770865443838534
0.5158063741906286,0.1286208071896589
0.38259814036916073,0.6030797107794168
0.6635624179328595,0.20654253234087733
0.20845634146415748,-0.5929432805088478
0.3434533241316215,-0.003660737982162719
0.5399947620130302,0.5472933892600155
0.43931919492609706,1.5105793247006942
0.6479488620811215,-0.040523907429938597
0.7345407539585852,0.43323686303486225
0.8141707061105669,1.1485739991025121
0.6417207010270611,0.14144703573422956
0.2587764361105397,0.18068445044296866
0.5803350138109237,0.2237113962278728
0.5476034800442977,1.545160376202679
0.6197855920927896,-0.10659646737345926
0.5016326048197695,-0.40641127001467675
0.45196686258313623,0.6372762656546026
0.5391255854426223,-0.21099367920153903
0.4060623699172817,0.5676991737087712
0.5574201380972443,-0.08984435502907881
0.7511210622827389,0.7169870030850419
0.36762248224693095,1.3248085798892701
0.5550801840735767,0.30190687495124396
0.5877964160244565,0.3440921212443244
0.3254418766088724,-0.036166192084918516
0.5418995073003146,0.780057386558145
0.3682550025093142,0.4253329366434896
0.43003948647783136,-0.17214454738732338
0.6745778043938376,-0.6172863016853966
0.5877675242886564,0.5014041687608054
0.43518690279300837,0.8419818895633753
0.3082082984066403,0.8246833958562598
0.44227902910780054,-0.6989633380883236
0.4113814019530023,0.2229908520360736
0.7908842227294177,0.23812513535922966
0.41005735161412343,1.0712873884942236
0.5938555538865589,0.6033205378699888
0.450371825180433,0.2537991196317523
0.569691777457938,0.7108434121425871
0.6068723496439309,0.573770098620725
0.4246995964272814,0.42076286851937966
0.545006474108921,0.05177660805898546
0.43737642749888017,1.0001915992947592
0.3886654933538567,0.7207501426563777
0.4549927474185085,0.3227563554900579
0.40233458623373486,0.4667439486441472
0.22780185702497194,1.3011720966610485
0.43063285951562247,0.8159493543039192
0.6679573872396471,0.7005408817312971
0.5969641194321852,0.2469907062872968
0.4423129060084608,0.7192102681804985
0.4748461466289436,-0.6060810693352044
0.5601265685638896,0.6640640074862446
0.6321532044727578,-0.5018818136735439
0.34521134054403974,0.21100003205044401
0.5537751721780666,0.7856348851179669
0.6579456022345496,-0.08310023847772208
0.2976772854123485,1.6484489137292118
0.5569497870706415,-0.9013670976061081
0.4370371035326228,-0.024118474332184323
0.5525638283821026,-0.27410096549474955
0.4550591373268168,-0.06559222758030156
0.39232735518715794,0.2885720009289411
0.5996065379715096,0.5952789204633905
0.38182659408158015,1.1065653528033526
0.34524117792847303,0.16614501391425882
0.5145448019455908,1.3165714541949542
0.7252850033429792,-0.2018593826929633
0.5847035034640047,0.2504781441371669
0.19175800442618157,1.2599162688276515
0.36508647775905534,0.7616436503157963
0.39860573002141686,0.09765381526672558
0.516822053944583,-0.1751488903779818
0.5760371813849369,0.7249579226949044
0.5833283089651639,-0.10799014747316615
0.5019467578653201,0.8548691311063227
0.5897745044151177,-0.32156031155910786
0.8062396357081794,0.28237232882608926
0.5649156865637284,-0.16561455352807467
0.34028265827375326,1.323712446167224
0.6518698100758568,-0.46003384974029066
0.48262557813392704,-0.07774132619553736
0.48881509983095306,0.6073295158481182
0.6385290846043916,-0.3109131239144309
0.42770720059182465,0.2016523242702218
0.46304376466861896,0.7146650378523227
0.6599073032729741,1.1196130850171302
0.4597739463829664,-0.19460955005872746
0.4847834453966733,0.7243985958257467
0.4938970721572835,0.10261626590099018
0.5689591428795212,-0.19495169640836701
0.4473704688772431,0.3811153477644563
0.505502992357842,0.5354899699454648
0.7538183719294343,0.28806937410452294
0.31597779751034577,1.1511275742703424
0.539894521810838,0.7736376286921167
0.3764192623437629,-0.3651581806438755
0.4616530055252637,0.42065224203634155
0.4341784096281006,0.5814169511363881
0.55878771329253,0.5341770725929086
0.5950171288953103,0.026632661232391455
0.5600167413966628,0.7498849920761682
0.4485504070648417,0.4558435700830873
0.4231787028567606,1.826177482566507
0.5472214155462174,-0.4696693694751567
0.44928222758832426,0.6199054821588161
0.3158217835967662,-0.0476352349443611
0.5680941807045268,0.916284807483944
0.3271986796520348,0.4487885126458073
0.5528660999591836,0.8474282109581328
0.6089980400841057,-0.7870806409260127
0.6541754370813339,0.21625521901216968
0.4758613063802288,0.7227919035216436
0.6893431729412155,0.06911882802955252
0.5536929209172894,0.24378190149634993
0.5783617668552805,0.5003851070125391
0.5755748662376549,1.6927418806268193
0.36750959436754455,-0.06455363074971442
0.5142782554283805,0.38367255570243336
0.48976737195638054,0.0640717089585485
0.6722829195759563,0.6194107938536025
0.18009478447728988,-0.35042206571809026
0.6769586014540702,-0.29046969915511095
0.6869065137730903,0.1870538802762049
0.653715892212177,-0.3174200842746727
0.6912519287764377,-0.2514677313518987
0.5338377563940031,0.16023673075671324
0.6518084749827829,0.26592143669526896
0.7321115452524616,0.016848886889613446
0.6864044647035353,0.8884305723555467
0.649860896794104,0.45669932790247414
0.3755924952883227,0.041737631059168924
0.44083928084802587,1.3639904858797571
0.38021747797580135,0.794981930432154
0.54386003805938965,1.9251552789980388
0.36174766309825335,0.6457250685619256
0.5434343775925284,-0.7082937817015135
0.4365584237570123,0.16246218262634468
0.4608385111681091,-0.2735065807233962
0.48909331991855753,0.2481553175964345
0.5668154639154575,0.5785969870982474
0.6481731559714,0.201537346963367
0.6244700700267976,1.4547109867363126
0.5789026528937187,0.6675938580849391
0.6531592278768418,0.9157937671154887
0.5399790407770179,1.209002699417954
0.3903715828800177,0.5011460990454178
0.5281222631612266,0.2547116420843558
0.5702734404687666,-0.17892341589451102
0.5477272421267394,-0.7119626048864718
0.7488078690368207,0.2969723771897655
0.38831226993787316,0.3224479351735338
0.4971766571436434,1.0825038409299033
0.35049402373262994,-0.005039131693933942
0.5410076140772889,-0.05541272969388813
0.5571138364651087,0.6129764456036884
0.3868022048084683,0.7553374320117723
0.5746569100874415,1.0496379481040412
0.6913521800324193,0.6277875288005692
0.6208093335734476,0.5882308943924252
0.46771750831197106,0.36982837728224366
0.6074145117323738,0.5754678388813173
0.4814757237649698,1.4157372260901049
0.7267744204540194,-0.07112779100844244
0.5961942186450461,0.6373389715933582
0.5851596027573657,1.2889209300816233
0.5245373273426446,-0.01004308182489834
0.40496682455825767,1.7801541607525073
0.4380673359986568,0.5865842174828687
0.6840936355731951,-0.3044290959225357
0.4805426059079453,0.650527749925581
0.6918806009853634,0.4266969819781913
0.6939038381892028,0.6797938852883315
0.24185983423345353,0.2868596916915331
0.5658005036173082,-0.3726714474893415
0.4008382101084027,0.8603117412599037
0.445848949059363,0.0789091486122852
0.35796649675767495,0.5257199651336744
0.7147136040142561,0.66042163121054
0.40456105462526515,0.6082087815702589
0.5089766154872477,0.7445131985741186
0.31883497053834153,1.3742566010983088
0.45322711191670123,-0.6040474847445134
0.362354173936172,-0.087642656085436
0.3458341767517789,-0.14874561416161142
0.47507646537523873,0.8760883805310399
0.764507336003006,0.32832445522914494
0.719373825280828,0.8227555546358744
0.4699805990575689,0.3968638545028893
0.6317945099961016,-0.07027477263605696
0.46787561184219406,0.9764974483034832
0.48555340094598703,1.1680396072699715
0.555213433322101,0.74746020542659
0.6025394858348345,0.5806970183213189
0.3692379915060721,0.8974983080231154
0.22227575135183483,0.4706729863486002
0.3962349733526599,0.8297975192651211
0.5851141888387696,0.75735804849564
0.3538850133752431,0.5849091218906521
0.5266030543705508,0.9525363525885262
0.6492155949726762,0.7728571003532482
0.6000024986695967,0.3122149362248884
0.6723155185691547,0.05699006469230648
0.6922104902507873,1.0881767069947241
0.42970135154215733,0.8729108169157124
0.40216918041123634,1.2811362353713915
0.706601222984941,1.2952236860848365
0.5854903134123339,0.4191229912651733
0.8192161874806272,0.4176903026820304
0.4960479560222005,-0.0710046818731671
0.43489754076933956,1.0567814455452318
0.6042865761535917,0.5970286196454667
0.4134051675412412,0.10716105060900769
0.4084114917735286,0.21037623857655385
0.3941568124057959,1.1019804901131753
0.817972234039122,1.1845148268536514
0.3778541542488291,0.5863340143757558
0.5872179401269144,-0.13609819619404098
0.6590901326540823,1.3482510855871777
0.402272033462428,0.8775127627359551
0.43208812803400987,0.8362902873235785
0.36000009272710304,0.769041940065763
0.6112033118222192,0.6729799199315072
0.4191883405745888,0.9278066053590975
0.6972708606059753,0.6014565665650043
0.5289040811130248,0.41391959838701486
0.4755126524533806,0.2545428981403524
0.43160867227819383,0.8761453314825075
0.5365119820103589,2.0182264900475406
0.7172034657760666,0.5985587140815372
0.5421023783380712,1.1259525485477655
0.514545947022574,0.5555899646649586
0.496886380156646,-0.01635065904774942
0.40662172062754093,0.1511180257218407
0.44032354711391963,0.6841884141265919
0.4482551494803854,-0.17916134696943986
0.6446098362671375,-0.4389094307054411
0.6709154510668993,-0.6130097981776326
0.6464997249911777,0.3437181363572115
0.4736835903925125,0.3344565149403402
0.5210381618726344,0.5626948779242383
0.6287743654763286,0.3266540946210472
0.3863171975118918,0.5691603977527666
0.41081064598584893,-0.35768512281615156
0.5330730920753238,0.28235766850015337
0.5355356069795214,0.7889256571888511
0.6001234824430273,-0.6733315984290777
0.42020792634744175,0.3013749075830331
0.7395067920065143,0.678841201866518
0.5974934720562075,0.48042098093793245
0.6649139100962119,0.061220089120887486
0.3708660109486941,0.4543075706726662
0.6547576460102683,0.0733027869799559
0.5728248045089828,-0.4440044341865053
0.6218165277103548,-0.3782088129209786
0.680223744282144,0.5652768097167999
0.4439383501034924,0.5251104770965888
0.5517209243622754,0.4039651528245097
0.6809293829315766,0.02212454154966066
0.4447388980497677,1.6505648788583396
0.5176137341902751,0.571860336677727
0.5440788635340725,0.38842326013936246
0.6115840470952189,-0.6319339743793393
0.6883850272599191,0.431038143177873
0.4592244419627759,0.2529932368850746
0.6453094841631221,0.06643657508878908
0.6923057371304746,0.10246840697523582
0.617972317766738,0.2084009706331051
0.5546214702365007,1.2441287848547773
0.46038088355294576,1.4343029661799784
0.4498073228677682,-0.9949876195251662
0.6080803110471888,-0.07793817158459052
0.6358805964650298,0.49589956741461666
0.6138897629941983,0.2081714567006172
0.2799480983727186,0.6710176249906027
0.4480960876408515,0.03590908032646532
0.37931674683564665,0.22701392875599005
0.46569619000877227,-0.2735096597350051
0.41900033987943547,0.8138581728549773
0.4739288554942591,-0.33923061700712054
0.38089629858165386,0.11906345039676661
0.5362989941970047,-0.3843309143622672
0.603220200250934,0.9759639369021085
0.5292969591429986,-0.13949536664273518
0.3322134492446748,0.41292857579569037
0.5816854366689201,0.8791461967433719
0.6009253448258751,0.5953517701675847
0.44213263803742225,0.3808855352691515
0.5630599502484598,0.7022704956032689
0.4964334150193428,-0.23425228425994357
0.5017308724443312,0.5804625095030765
0.5965549565913049,0.4102825637350812
0.6843223967185199,0.999203170938169
0.4075332078160543,-0.4980896924299371
0.5168172752385213,0.194728244290134
0.4669214767230725,0.5713275988603791
0.566152921972165,0.5859636172973923
0.5982239050624503,0.5257142014774758
0.52299825697591,0.8980522157666636
0.6784754707868679,0.6207795548573276
0.4594371094890166,-0.13852556204905495
0.41556110360923376,0.9063022348905772
0.6704596888140886,0.5843688954724873
0.7491276777857714,-0.024020450538228547
0.28386181081395145,0.5875334990951051
0.47076123899178957,0.1276373546294565
0.34063375465247187,0.5509053590794899
0.6761738526927358,0.12557714011174528
0.5502058181591842,-0.5584020429572973
0.5136813337078947,1.2779764155169957
0.34932988690665906,0.39564571518500957
0.48805583097772237,0.3987677169964069
0.5288520547890604,1.7183364831114354
0.5315990242007479,-0.5965678640395878
0.47187712938282134,0.7578551538084594
0.4818336792967399,0.1750452338089713
0.6518108118327615,0.18490423234177886
0.562234242200784,1.4913581497014121
0.6684638214416676,0.49417120186581726
0.6868359659696908,0.17518260182127054
0.6143087761746744,0.37842637868656237
0.4770305277887442,0.9695241599501075
0.41263491667452407,1.002669354973656
0.3837605760095499,1.2640778874638539
0.43315121642830917,-0.04719296284449813
0.5472002397062867,0.5280822990859158
0.5088608024025322,0.026072025647672192
0.45789468212939444,-0.9180065920218324
0.5410962224752754,-0.24001509300672788
0.5130331748283417,-0.02267422604952889
0.6105159331646278,0.1172655767206839
0.30894077250739227,0.9495816164965056
0.5198404977468762,-0.03785776667194159
0.46069840475073626,0.40606345253514525
0.540902773907265,-1.2825286726629117
0.5432820049315656,-0.2565885772698618
0.602812439775553,0.22487911015433937
0.45074206887210033,0.8173075717540389
0.6589194564029848,0.19049313414302455
0.5239813840790125,0.5661301310211904
0.6136603247667922,0.28249857462673406
0.5826099920066847,-0.04197863103164154
0.439959802953082,0.463358765389203
0.6081340105960453,-0.6416845849826583
0.6725156055338012,0.390934800188175
0.6011267710758058,1.1263617807239126
0.622739816379873,0.19534542340711258
0.47270075512506887,0.5934014155779656
0.43299269186637396,0.5304974634714028
0.592856659813404,-0.27559651174439154
0.2954762958601576,1.5677238545426349
0.4769167407057877,1.0774419140660831
0.5469894225421995,0.8066932041506109
0.6601975965594327,-0.045101652085942634
0.4623330990824225,0.20682479972227827
0.46163302217129804,1.2599808557874923
0.4492415323830062,-0.520894939707991
0.5587383403145421,1.537472472849247
0.6264702689771817,0.16796664203925002
0.419924514435037,0.958699153878765
0.49022618088496694,0.40830978545998503
0.46242880540597203,0.5751633549109502
0.4594586792435595,-0.04046273430140919
0.3378856021476063,0.323019755598769
0.3494106943729847,0.865665144620514
0.42718383069396076,0.790055011080191
0.3629059893916585,-0.014731831112787998
0.6269705042566,1.4785824234747666
0.618340894422905,0.14035463439942272
0.6094139312891046,0.4483458146177886
0.4350657984376815,-0.08005059135389664
0.40897842591213573,0.07752557564625306
0.5756763441888046,1.017159555983748
0.49608151053589855,-0.3776654542257374
0.6527833614416583,0.7232299848373844
0.7346682975380454,0.2609939013730082
0.5035018974588619,-0.7569756406328575
0.5619660267215444,0.07401170150921668
0.5168096305972254,-0.1419655442545182
0.800950891055974,0.43310269059906803
0.6514917545291212,0.4027977544062051
0.4354190561700483,0.9498893388305014
0.6126398567767618,0.46478335025959494
0.41602908645874803,0.19887702744413382
0.5603836891766572,0.8828323559937066
0.5420797100126488,0.20748776544996583
0.5125130773766475,-0.25608420520854747
0.5117138742767179,1.1062350837679291
0.6688156566775101,0.9616442963413485
0.37570500959765596,1.6298064357994142
0.5952842497305142,0.8326779353737975
0.5258708478608477,0.9319990060507042
0.5777617817766229,1.0341928317385605
0.7451028873534853,0.37129196703857004
0.7454683264505201,-0.4574010998545741
0.6187478792632564,0.2979751497164393
0.5439705014927342,-0.0884315447769731
0.4990062981491765,-0.053631102498432226
0.3498843641015481,0.6797234366372813
0.5544640977436959,0.7637337363757097
0.5282878968364568,0.03439649232511122
0.2810034893091813,0.4498717011531459
0.3164111261773189,0.5973247136615167
0.5020018349322581,0.8799537346591815
0.7256511654322272,-0.06681608362324903
0.5732640390895053,0.7141032982750816
0.6180922905417113,0.01923371579219646
0.6057119673315198,0.4556751247607058
0.393495985472046,-0.08149957303757593
0.6240814587278152,-0.053046381001405934
0.4265098432325169,0.9862647827750683
0.3927425558739438,0.914724648014277
0.4405922222626551,0.65220248389738
0.5789267978334851,-0.2365929665274275
0.5916096460116911,0.3314395255308601
0.37150327202821903,0.9142647133744473
0.6948585768830577,0.8388867186942167
0.4019466853775931,0.6551129334064222
0.6912496502018466,0.2270240720865769
0.550082072761575,0.5418187880019889
0.27733742343009876,-0.06052290484181807
0.7107647476252739,-0.22051167863907425
0.3810599689756531,0.8716874111234426
0.4953175163641057,-0.328433710279404
0.6928993486669225,-0.19431897544473425
0.35119740593299986,-0.17574367089312248
0.38120439839387793,0.42014006634066536
0.5149511349798052,0.6280131455487821
0.5147917897201245,1.2283525488643077
0.6357695096733847,0.6520845530185202
0.6317490998831153,-0.41752038509586303
0.33093937640520926,0.5325901320199483
0.3035011801200511,0.9223602794224959
0.490116711255506,0.6424052614683275
0.3769227058693109,0.8297046485586196
0.6487820173693752,0.27132016184788044
0.32054733866923285,0.3457649456347055
0.5955959673060599,1.2392024423357173
0.32777390325877515,1.0092780471536786
0.7213186422426368,0.5719696524005548
0.4290628740053024,0.8664570029890653
0.4797081901939725,1.2437489139485214
0.519691393667575,-0.3655123976621595
0.29276319023429004,0.009978108337665156
0.5035854656143998,-0.3670216236114838
0.3387891428802455,0.9902366309138076
0.46183447332848293,0.42274539181324894
0.508111449759567,0.029546613724666125
0.7243586516912633,0.047090831777138624
0.36823300914806745,-0.03537736597814256
0.593717382551695,0.5515326024438421
0.5841424128996184,0.7273984947131786
0.44366572703134166,0.13379276097998175
0.7539453558599152,0.5865574178005604
0.3640606110842646,1.2684064252980636
0.5058994042499969,-0.3148495390885598
0.4902291437471003,-0.3079230322746152
0.6199892750767414,1.180970960949162
0.5595652593503823,0.48155417018379787
0.5220409370355658,-0.041512047202741965
0.48189347714216124,0.9960661156504139
0.6579467990647295,-0.07208384832494807
0.3554545830366887,1.1489444580133141
0.5851642363608724,-0.36455075223048616
0.5836458953075313,0.7335270165995638
0.4147632554195907,0.32003138632117706
0.6177421900059649,0.9036705080153228
0.6503030881500644,0.3664376774463446
0.6483498076951935,0.4288973251468241
0.579658460822049,0.6604378830408412
0.3207713343933625,-0.024062053599402597
0.4508656728275301,0.5379486804274572
0.6387191554070896,0.37426728123356784
0.5561609755759069,-0.9827719363400049
0.6301960290207943,0.38327003666801734
0.6891731220522153,-0.11668557006443035
0.5527280573971103,0.2485661625679823
0.4598692132661461,0.48610932331086204
0.7093431143166676,0.33450409466851144
0.4913188653116899,0.3462683374880363
0.5242407172715647,0.13664833764652914
0.5422571900986888,0.0566800333818904
0.35003092761540167,-1.0272331163300252
0.4062401110265993,0.2817046701837141
0.5727508535268868,1.2724912394839025
0.47674963487451516,0.661052275935525
0.548201437419949,0.3999136682373665
0.6165370796416327,1.4253190221791188
0.6179084751928123,-0.2803345461509936
0.323017674027793,0.5204638960387191
0.5177694615886652,1.1344627142617536
0.6186276117243403,-0.11143794475974281
0.5860959983248686,-0.06916399260370255
0.49501100420051825,0.532114385305345
0.5667686531561108,0.7688920757471922
0.49142503310819774,0.9598180004319965
0.4325827723194857,1.3161949927722736
0.4466502709047574,0.09194219693626683
0.38533801242888616,0.6453349692252909
0.6394161492330914,-0.594354009750421
0.5593062183123528,0.17198793199374635
0.3574602331743884,0.763698563536248
0.49100373569037165,0.7039220728189237
0.5375392456816306,-0.2258539674855383
0.24345793369415172,0.9984729848684881
0.519863446676284,0.382773229072253
0.6260187526477673,0.36745838997544755
0.5677103579454368,0.7611733645100397
0.27613625148227167,0.10580596109951251
0.49602740268826767,-0.9805043216497149
0.547123075244142,0.18858713588343437
0.4525262803101542,1.617277112676927
0.4794542722073955,-0.4705012350142264
0.5279953254313811,0.4128820939488998
0.6325938721188049,0.20860721572404636
0.47904559217062176,0.09135945055280162
0.5542363470089412,1.2781831002777135
0.6291374365092226,-0.6893370445483301
0.6510993009465329,0.46867248513875037
0.5624238566290106,1.143847550983533
0.5973480012715782,0.6362158486224954
0.4980474279417776,0.5517810518201534
0.5215198134167432,-0.6736274433547852
0.6958667398829161,0.6282393900268204
0.33672093126896685,2.0437582919651325
0.5023270986265104,-0.4163859102912537
0.6163499684838071,-0.11766018609200098
0.5994202420042055,0.6950859873282094
0.4665730005896781,-0.18906463962520834
0.37968195769190133,1.317434910320852
0.3727544202133662,0.9685780451914612
0.45862974296408776,0.5776613307955938
0.569604957450961,0.7716035266856915
0.5410420096915487,0.26918965375209575
0.5234725222489098,0.665528782389144
0.5990456838858439,0.30738732740402097
0.5893899449588514,-0.4374654668671621
0.7097009207979018,0.4810049872634548
0.4613850520862901,-0.033085226686490034
0.45438581138535944,-0.43097756725929115
0.6097579751920339,0.22436671503379474
0.7686263729190489,0.5719517049772951
0.5202235690529451,0.7914627258527174
0.6920131411415059,-0.3020841228879534
0.3925481025963849,-0.42925012953360026
0.5859851145286017,-0.08233477611429711
0.48843483610212385,1.3491862555111607
0.40280676154524053,-0.19729569922426346
0.5039689640093995,0.7481054110096377
0.6391174264757163,0.5745302691737836
0.6536169072115519,0.9319667450001263
0.3518691334561948,0.45449172026956497
0.5507410539039951,0.7915986991332371
0.40735530661004676,0.2298883181750807
0.6208462214852121,0.6611174858535416
0.46281677484431794,1.3361960301065583
0.6243270764023758,0.7612179915686595
0.5471030773554806,0.05085214273066005
0.6421675074902992,0.5903586275298099
0.5534165482053252,-0.25514281022665386
0.41163140439521206,0.5734276952541837
0.40754798961296484,-0.4359535653385565
0.5937053191948408,-0.131313449581285
0.49129305865365913,-1.8322066391601715
0.32718537505817014,0.34629193035625117
0.5032277472714637,0.30158733938627136
0.4961919595169697,1.633696829623664
0.4667078651688056,-0.8427471622678722
0.4201373575797591,0.41809890357141577
0.5007236214733135,-0.592878269937379
